paragraph_uri,concept_uri,mention,score,origin
http://ns.inria.fr/zoomathia/CASSIANUS_BASSUS/geoponica/e/15/1/text/1,https://opentheso.huma-num.fr/?idc=105516&idt=th310,sympathy,1,zoomathia_match
http://ns.inria.fr/zoomathia/CASSIANUS_BASSUS/geoponica/e/15/1/text/1,https://opentheso.huma-num.fr/?idc=105517&idt=th310,antipathy,1,zoomathia_match
http://ns.inria.fr/zoomathia/CASSIANUS_BASSUS/geoponica/e/15/1/text/1,https://opentheso.huma-num.fr/?idc=pcrtG2HK8LR5sq&idt=th310,Plutarch,1,zoomathia_match
http://ns.inria.fr/zoomathia/CASSIANUS_BASSUS/geoponica/e/15/1/text/1,https://opentheso.huma-num.fr/?idc=pcrtK3Ric1GReJ&idt=th310,book,1,zoomathia_match
http://ns.inria.fr/zoomathia/CASSIANUS_BASSUS/geoponica/e/15/1/text/1,https://opentheso.huma-num.fr/?idc=106953&idt=th310,pains,1,zoomathia_match
http://ns.inria.fr/zoomathia/CASSIANUS_BASSUS/geoponica/e/15/1/text/1,https://opentheso.huma-num.fr/?idc=pcrtuDGmtyntVb&idt=th310,agriculture,1,zoomathia_match
http://ns.inria.fr/zoomathia/CASSIANUS_BASSUS/geoponica/e/15/1/text/1,https://opentheso.huma-num.fr/?idc=pcrth4ik1YqDS1&idt=th310,elephant,1,zoomathia_match
http://ns.inria.fr/zoomathia/CASSIANUS_BASSUS/geoponica/e/15/1/text/1,https://opentheso.huma-num.fr/?idc=pcrtgvgiRrKLfQ&idt=th310,fury,1,zoomathia_match
http://ns.inria.fr/zoomathia/CASSIANUS_BASSUS/geoponica/e/15/1/text/1,https://opentheso.huma-num.fr/?idc=105403&idt=th310,sight,1,zoomathia_match
http://ns.inria.fr/zoomathia/CASSIANUS_BASSUS/geoponica/e/15/1/text/1,https://opentheso.huma-num.fr/?idc=pcrtLywf8Y5k0n&idt=th310,ram,1,zoomathia_match
http://ns.inria.fr/zoomathia/CASSIANUS_BASSUS/geoponica/e/15/1/text/1,https://opentheso.huma-num.fr/?idc=pcrtamWjqMqPWT&idt=th310,pig,1,zoomathia_match
http://ns.inria.fr/zoomathia/CASSIANUS_BASSUS/geoponica/e/15/1/text/1,https://opentheso.huma-num.fr/?idc=106004&idt=th310,wild,1,zoomathia_match
http://ns.inria.fr/zoomathia/CASSIANUS_BASSUS/geoponica/e/15/1/text/1,https://opentheso.huma-num.fr/?idc=105898&idt=th310,wild bull,1,zoomathia_match
http://ns.inria.fr/zoomathia/CASSIANUS_BASSUS/geoponica/e/15/1/text/1,https://opentheso.huma-num.fr/?idc=107538&idt=th310,tree,1,zoomathia_match
http://ns.inria.fr/zoomathia/CASSIANUS_BASSUS/geoponica/e/15/1/text/1,https://opentheso.huma-num.fr/?idc=pcrt6i8AcPBoY2&idt=th310,horse,1,zoomathia_match
http://ns.inria.fr/zoomathia/CASSIANUS_BASSUS/geoponica/e/15/1/text/1,https://opentheso.huma-num.fr/?idc=pcrtnvLSUa7dJG&idt=th310,wolf,1,zoomathia_match
http://ns.inria.fr/zoomathia/CASSIANUS_BASSUS/geoponica/e/15/1/text/1,https://opentheso.huma-num.fr/?idc=pcrtDtJwUVaZ0I&idt=th310,sheep,1,zoomathia_match
http://ns.inria.fr/zoomathia/CASSIANUS_BASSUS/geoponica/e/15/1/text/1,https://opentheso.huma-num.fr/?idc=pcrtnvLSUa7dJG&idt=th310,wolves,1,zoomathia_match
http://ns.inria.fr/zoomathia/CASSIANUS_BASSUS/geoponica/e/15/1/text/1,https://opentheso.huma-num.fr/?idc=105975&idt=th310,flesh,1,zoomathia_match
http://ns.inria.fr/zoomathia/CASSIANUS_BASSUS/geoponica/e/15/1/text/1,https://opentheso.huma-num.fr/?idc=pcrtDfHvvnBWz7&idt=th310,wool,1,zoomathia_match
http://ns.inria.fr/zoomathia/CASSIANUS_BASSUS/geoponica/e/15/1/text/1,https://opentheso.huma-num.fr/?idc=pcrtG2HK8LR5sq&idt=th310,Plutarch,1,zoomathia_match
http://ns.inria.fr/zoomathia/CASSIANUS_BASSUS/geoponica/e/15/1/text/1,https://opentheso.huma-num.fr/?idc=pcrt6i8AcPBoY2&idt=th310,horses,1,zoomathia_match
http://ns.inria.fr/zoomathia/CASSIANUS_BASSUS/geoponica/e/15/1/text/1,https://opentheso.huma-num.fr/?idc=pcrtnvLSUa7dJG&idt=th310,wolves,1,zoomathia_match
http://ns.inria.fr/zoomathia/CASSIANUS_BASSUS/geoponica/e/15/1/text/1,https://opentheso.huma-num.fr/?idc=pcrtnvLSUa7dJG&idt=th310,wolf,1,zoomathia_match
http://ns.inria.fr/zoomathia/CASSIANUS_BASSUS/geoponica/e/15/1/text/1,https://opentheso.huma-num.fr/?idc=105406&idt=th310,touches,1,zoomathia_match
http://ns.inria.fr/zoomathia/CASSIANUS_BASSUS/geoponica/e/15/1/text/1,https://opentheso.huma-num.fr/?idc=105428&idt=th310,reason,1,zoomathia_match
http://ns.inria.fr/zoomathia/CASSIANUS_BASSUS/geoponica/e/15/1/text/1,https://opentheso.huma-num.fr/?idc=pcrtSGYXpNbhwF&idt=th310,foxes,1,zoomathia_match
http://ns.inria.fr/zoomathia/CASSIANUS_BASSUS/geoponica/e/15/1/text/1,https://opentheso.huma-num.fr/?idc=pcrtnvLSUa7dJG&idt=th310,wolves,1,zoomathia_match
http://ns.inria.fr/zoomathia/CASSIANUS_BASSUS/geoponica/e/15/1/text/1,https://opentheso.huma-num.fr/?idc=pcrtnvLSUa7dJG&idt=th310,wolf,1,zoomathia_match
http://ns.inria.fr/zoomathia/CASSIANUS_BASSUS/geoponica/e/15/1/text/1,https://opentheso.huma-num.fr/?idc=pcrtLnUS9cADfI&idt=th310,sees,1,zoomathia_match
http://ns.inria.fr/zoomathia/CASSIANUS_BASSUS/geoponica/e/15/1/text/1,https://opentheso.huma-num.fr/?idc=pcrt0WrjgPTs33&idt=th310,man,1,zoomathia_match
http://ns.inria.fr/zoomathia/CASSIANUS_BASSUS/geoponica/e/15/1/text/1,https://opentheso.huma-num.fr/?idc=pcrtepvW8S9Ma2&idt=th310,Plato,1,zoomathia_match
http://ns.inria.fr/zoomathia/CASSIANUS_BASSUS/geoponica/e/15/1/text/1,https://opentheso.huma-num.fr/?idc=pcrtnvLSUa7dJG&idt=th310,wolf,1,zoomathia_match
http://ns.inria.fr/zoomathia/CASSIANUS_BASSUS/geoponica/e/15/1/text/1,https://opentheso.huma-num.fr/?idc=pcrtLnUS9cADfI&idt=th310,seen,1,zoomathia_match
http://ns.inria.fr/zoomathia/CASSIANUS_BASSUS/geoponica/e/15/1/text/1,https://opentheso.huma-num.fr/?idc=105627&idt=th310,desert,1,zoomathia_match
http://ns.inria.fr/zoomathia/CASSIANUS_BASSUS/geoponica/e/15/1/text/1,https://opentheso.huma-num.fr/?idc=pcrt5TAeZsO7W4&idt=th310,lion,1,zoomathia_match
http://ns.inria.fr/zoomathia/CASSIANUS_BASSUS/geoponica/e/15/1/text/1,https://opentheso.huma-num.fr/?idc=107596&idt=th310,leaves,1,zoomathia_match
http://ns.inria.fr/zoomathia/CASSIANUS_BASSUS/geoponica/e/15/1/text/1,https://opentheso.huma-num.fr/?idc=107598&idt=th310,oak,1,zoomathia_match
http://ns.inria.fr/zoomathia/CASSIANUS_BASSUS/geoponica/e/15/1/text/1,https://opentheso.huma-num.fr/?idc=pcrtLnUS9cADfI&idt=th310,sees,1,zoomathia_match
http://ns.inria.fr/zoomathia/CASSIANUS_BASSUS/geoponica/e/15/1/text/1,https://opentheso.huma-num.fr/?idc=105121&idt=th310,flies,1,zoomathia_match
http://ns.inria.fr/zoomathia/CASSIANUS_BASSUS/geoponica/e/15/1/text/1,https://opentheso.huma-num.fr/?idc=105383&idt=th310,flies,1,zoomathia_match
http://ns.inria.fr/zoomathia/CASSIANUS_BASSUS/geoponica/e/15/1/text/1,https://opentheso.huma-num.fr/?idc=pcrt4v7jKE3TVw&idt=th310,dog,1,zoomathia_match
http://ns.inria.fr/zoomathia/CASSIANUS_BASSUS/geoponica/e/15/1/text/1,https://opentheso.huma-num.fr/?idc=pcrtZSukuWlnHA&idt=th310,moon,1,zoomathia_match
http://ns.inria.fr/zoomathia/CASSIANUS_BASSUS/geoponica/e/15/1/text/1,https://opentheso.huma-num.fr/?idc=pcrtoTsrSWBiRm&idt=th310,rope,1,zoomathia_match
http://ns.inria.fr/zoomathia/CASSIANUS_BASSUS/geoponica/e/15/1/text/1,https://opentheso.huma-num.fr/?idc=pcrtEG5eAkeX6Y&idt=th310,Nestor,1,zoomathia_match
http://ns.inria.fr/zoomathia/CASSIANUS_BASSUS/geoponica/e/15/1/text/1,https://opentheso.huma-num.fr/?idc=pcrtLnUS9cADfI&idt=th310,sees,1,zoomathia_match
http://ns.inria.fr/zoomathia/CASSIANUS_BASSUS/geoponica/e/15/1/text/1,https://opentheso.huma-num.fr/?idc=pcrt0WrjgPTs33&idt=th310,man,1,zoomathia_match
http://ns.inria.fr/zoomathia/CASSIANUS_BASSUS/geoponica/e/15/1/text/1,https://opentheso.huma-num.fr/?idc=pcrt4v7jKE3TVw&idt=th310,dog,1,zoomathia_match
http://ns.inria.fr/zoomathia/CASSIANUS_BASSUS/geoponica/e/15/1/text/1,https://opentheso.huma-num.fr/?idc=105270&idt=th310,size,1,zoomathia_match
http://ns.inria.fr/zoomathia/CASSIANUS_BASSUS/geoponica/e/15/1/text/1,https://opentheso.huma-num.fr/?idc=105255&idt=th310,sleeping,1,zoomathia_match
http://ns.inria.fr/zoomathia/CASSIANUS_BASSUS/geoponica/e/15/1/text/1,https://opentheso.huma-num.fr/?idc=105997&idt=th310,hands,1,zoomathia_match
http://ns.inria.fr/zoomathia/CASSIANUS_BASSUS/geoponica/e/15/1/text/1,https://opentheso.huma-num.fr/?idc=105387&idt=th310,speed,1,zoomathia_match
http://ns.inria.fr/zoomathia/CASSIANUS_BASSUS/geoponica/e/15/1/text/1,https://opentheso.huma-num.fr/?idc=105614&idt=th310,attack,1,zoomathia_match
http://ns.inria.fr/zoomathia/CASSIANUS_BASSUS/geoponica/e/15/1/text/1,https://opentheso.huma-num.fr/?idc=105135&idt=th310,tongue,1,zoomathia_match
http://ns.inria.fr/zoomathia/CASSIANUS_BASSUS/geoponica/e/15/1/text/1,https://opentheso.huma-num.fr/?idc=105997&idt=th310,hand,1,zoomathia_match
http://ns.inria.fr/zoomathia/CASSIANUS_BASSUS/geoponica/e/15/1/text/1,https://opentheso.huma-num.fr/?idc=105614&idt=th310,attack,1,zoomathia_match
http://ns.inria.fr/zoomathia/CASSIANUS_BASSUS/geoponica/e/15/1/text/1,https://opentheso.huma-num.fr/?idc=pcrt4v7jKE3TVw&idt=th310,dogs,1,zoomathia_match
http://ns.inria.fr/zoomathia/CASSIANUS_BASSUS/geoponica/e/15/1/text/1,https://opentheso.huma-num.fr/?idc=105950&idt=th310,crab,1,zoomathia_match
http://ns.inria.fr/zoomathia/CASSIANUS_BASSUS/geoponica/e/15/1/text/1,https://opentheso.huma-num.fr/?idc=pcrtc1ReiRiJUd&idt=th310,casts,1,zoomathia_match
http://ns.inria.fr/zoomathia/CASSIANUS_BASSUS/geoponica/e/15/1/text/1,https://opentheso.huma-num.fr/?idc=105162&idt=th310,claws,1,zoomathia_match
http://ns.inria.fr/zoomathia/CASSIANUS_BASSUS/geoponica/e/15/1/text/1,https://opentheso.huma-num.fr/?idc=105921&idt=th310,ivy,1,zoomathia_match
http://ns.inria.fr/zoomathia/CASSIANUS_BASSUS/geoponica/e/15/1/text/1,https://opentheso.huma-num.fr/?idc=5047&idt=th310,bats,1,zoomathia_match
http://ns.inria.fr/zoomathia/CASSIANUS_BASSUS/geoponica/e/15/1/text/1,https://opentheso.huma-num.fr/?idc=108042&idt=th310,Vultures,1,zoomathia_match
http://ns.inria.fr/zoomathia/CASSIANUS_BASSUS/geoponica/e/15/1/text/1,https://opentheso.huma-num.fr/?idc=105402&idt=th310,smell,1,zoomathia_match
http://ns.inria.fr/zoomathia/CASSIANUS_BASSUS/geoponica/e/15/1/text/1,https://opentheso.huma-num.fr/?idc=107596&idt=th310,leaves,1,zoomathia_match
http://ns.inria.fr/zoomathia/CASSIANUS_BASSUS/geoponica/e/15/1/text/1,https://opentheso.huma-num.fr/?idc=107598&idt=th310,oak,1,zoomathia_match
http://ns.inria.fr/zoomathia/CASSIANUS_BASSUS/geoponica/e/15/1/text/1,https://opentheso.huma-num.fr/?idc=pcrt3L8yViugRX&idt=th310,thrown,1,zoomathia_match
http://ns.inria.fr/zoomathia/CASSIANUS_BASSUS/geoponica/e/15/1/text/1,https://opentheso.huma-num.fr/?idc=105910&idt=th310,ibis,1,zoomathia_match
http://ns.inria.fr/zoomathia/CASSIANUS_BASSUS/geoponica/e/15/1/text/1,https://opentheso.huma-num.fr/?idc=pcrt3L8yViugRX&idt=th310,thrown,1,zoomathia_match
http://ns.inria.fr/zoomathia/CASSIANUS_BASSUS/geoponica/e/15/1/text/1,https://opentheso.huma-num.fr/?idc=105974&idt=th310,viper,1,zoomathia_match
http://ns.inria.fr/zoomathia/CASSIANUS_BASSUS/geoponica/e/15/1/text/1,https://opentheso.huma-num.fr/?idc=106580&idt=th310,reed,1,zoomathia_match
http://ns.inria.fr/zoomathia/CASSIANUS_BASSUS/geoponica/e/15/1/text/1,https://opentheso.huma-num.fr/?idc=pcrteddANclva4&idt=th310,gathers,1,zoomathia_match
http://ns.inria.fr/zoomathia/CASSIANUS_BASSUS/geoponica/e/15/1/text/1,https://opentheso.huma-num.fr/?idc=105280&idt=th310,strength,1,zoomathia_match
http://ns.inria.fr/zoomathia/CASSIANUS_BASSUS/geoponica/e/15/1/text/1,https://opentheso.huma-num.fr/?idc=105974&idt=th310,viper,1,zoomathia_match
http://ns.inria.fr/zoomathia/CASSIANUS_BASSUS/geoponica/e/15/1/text/1,https://opentheso.huma-num.fr/?idc=105919&idt=th310,Storks,1,zoomathia_match
http://ns.inria.fr/zoomathia/CASSIANUS_BASSUS/geoponica/e/15/1/text/1,https://opentheso.huma-num.fr/?idc=107596&idt=th310,leaves,1,zoomathia_match
http://ns.inria.fr/zoomathia/CASSIANUS_BASSUS/geoponica/e/15/1/text/1,https://opentheso.huma-num.fr/?idc=pcrtIVF3NWOSKU&idt=th310,plane,1,zoomathia_match
http://ns.inria.fr/zoomathia/CASSIANUS_BASSUS/geoponica/e/15/1/text/1,https://opentheso.huma-num.fr/?idc=107538&idt=th310,tree,1,zoomathia_match
http://ns.inria.fr/zoomathia/CASSIANUS_BASSUS/geoponica/e/15/1/text/1,https://opentheso.huma-num.fr/?idc=105468&idt=th310,nests,1,zoomathia_match
http://ns.inria.fr/zoomathia/CASSIANUS_BASSUS/geoponica/e/15/1/text/1,https://opentheso.huma-num.fr/?idc=5047&idt=th310,bats,1,zoomathia_match
http://ns.inria.fr/zoomathia/CASSIANUS_BASSUS/geoponica/e/15/1/text/1,https://opentheso.huma-num.fr/?idc=pcrtL41Ddfw4XO&idt=th310,ring,1,zoomathia_match
http://ns.inria.fr/zoomathia/CASSIANUS_BASSUS/geoponica/e/15/1/text/1,https://opentheso.huma-num.fr/?idc=105935&idt=th310,doves,1,zoomathia_match
http://ns.inria.fr/zoomathia/CASSIANUS_BASSUS/geoponica/e/15/1/text/1,https://opentheso.huma-num.fr/?idc=105921&idt=th310,ivy,1,zoomathia_match
http://ns.inria.fr/zoomathia/CASSIANUS_BASSUS/geoponica/e/15/1/text/1,https://opentheso.huma-num.fr/?idc=108181&idt=th310,crows,1,zoomathia_match
http://ns.inria.fr/zoomathia/CASSIANUS_BASSUS/geoponica/e/15/1/text/1,https://opentheso.huma-num.fr/?idc=pcrtva7NUywIgB&idt=th310,ravens,1,zoomathia_match
http://ns.inria.fr/zoomathia/CASSIANUS_BASSUS/geoponica/e/15/1/text/1,https://opentheso.huma-num.fr/?idc=105468&idt=th310,nest,1,zoomathia_match
http://ns.inria.fr/zoomathia/CASSIANUS_BASSUS/geoponica/e/15/1/text/1,https://opentheso.huma-num.fr/?idc=108261&idt=th310,Thrushes,1,zoomathia_match
http://ns.inria.fr/zoomathia/CASSIANUS_BASSUS/geoponica/e/15/1/text/1,https://opentheso.huma-num.fr/?idc=108311&idt=th310,partridge,1,zoomathia_match
http://ns.inria.fr/zoomathia/CASSIANUS_BASSUS/geoponica/e/15/1/text/1,https://opentheso.huma-num.fr/?idc=106580&idt=th310,reeds,1,zoomathia_match
http://ns.inria.fr/zoomathia/CASSIANUS_BASSUS/geoponica/e/15/1/text/1,https://opentheso.huma-num.fr/?idc=105950&idt=th310,crab,1,zoomathia_match
http://ns.inria.fr/zoomathia/CASSIANUS_BASSUS/geoponica/e/15/1/text/1,https://opentheso.huma-num.fr/?idc=pcrttto0QeS1er&idt=th310,eagle,1,zoomathia_match
http://ns.inria.fr/zoomathia/CASSIANUS_BASSUS/geoponica/e/15/1/text/1,https://opentheso.huma-num.fr/?idc=105173&idt=th310,hair,1,zoomathia_match
http://ns.inria.fr/zoomathia/CASSIANUS_BASSUS/geoponica/e/15/1/text/1,https://www.wikidata.org/wiki/Q41523,Plutarch,0.9165,wikidata
http://ns.inria.fr/zoomathia/CASSIANUS_BASSUS/geoponica/e/15/1/text/1,https://www.wikidata.org/wiki/Q41523,Plutarch,0.9165,wikidata
http://ns.inria.fr/zoomathia/CASSIANUS_BASSUS/geoponica/e/15/1/text/1,https://www.wikidata.org/wiki/Q7836881,Treatise,0.3605,wikidata
http://ns.inria.fr/zoomathia/CASSIANUS_BASSUS/geoponica/e/15/1/text/1,https://www.wikidata.org/wiki/Q859,Plato,0.4534,wikidata
http://ns.inria.fr/zoomathia/CASSIANUS_BASSUS/geoponica/e/15/1/text/1,https://www.wikidata.org/wiki/Q193267,Nestor,0.4173,wikidata
http://ns.inria.fr/zoomathia/CASSIANUS_BASSUS/geoponica/e/15/1/text/1,https://www.wikidata.org/wiki/Q754863,partridge,0.4493,wikidata
http://ns.inria.fr/zoomathia/CASSIANUS_BASSUS/geoponica/e/15/1/text/1,http://dbpedia.org/resource/Nature_(journal),NATURE,0.9605181239783075,DBpedia
http://ns.inria.fr/zoomathia/CASSIANUS_BASSUS/geoponica/e/15/1/text/1,http://dbpedia.org/resource/Sympathy,sympathy,0.9999999999995453,DBpedia
http://ns.inria.fr/zoomathia/CASSIANUS_BASSUS/geoponica/e/15/1/text/1,http://dbpedia.org/resource/Antipathy,antipathy,1.0,DBpedia
http://ns.inria.fr/zoomathia/CASSIANUS_BASSUS/geoponica/e/15/1/text/1,http://dbpedia.org/resource/Respect,respect,0.9999999970523277,DBpedia
http://ns.inria.fr/zoomathia/CASSIANUS_BASSUS/geoponica/e/15/1/text/1,http://dbpedia.org/resource/Plutarch,Plutarch,1.0,DBpedia
http://ns.inria.fr/zoomathia/CASSIANUS_BASSUS/geoponica/e/15/1/text/1,http://dbpedia.org/resource/Tract_(liturgy),Tracts,0.9835374714649515,DBpedia
http://ns.inria.fr/zoomathia/CASSIANUS_BASSUS/geoponica/e/15/1/text/1,http://dbpedia.org/resource/Arrangement,arrange,0.5527294114945066,DBpedia
http://ns.inria.fr/zoomathia/CASSIANUS_BASSUS/geoponica/e/15/1/text/1,http://dbpedia.org/resource/Wonderful_(Beach_Boys_song),wonderful,0.4357628638963902,DBpedia
http://ns.inria.fr/zoomathia/CASSIANUS_BASSUS/geoponica/e/15/1/text/1,http://dbpedia.org/resource/Treatise,treatise,1.0,DBpedia
http://ns.inria.fr/zoomathia/CASSIANUS_BASSUS/geoponica/e/15/1/text/1,http://dbpedia.org/resource/Pan-assay_interference_compounds,pains,0.9988346082194394,DBpedia
http://ns.inria.fr/zoomathia/CASSIANUS_BASSUS/geoponica/e/15/1/text/1,http://dbpedia.org/resource/Intimate_relationship,lovers,0.8473173896937545,DBpedia
http://ns.inria.fr/zoomathia/CASSIANUS_BASSUS/geoponica/e/15/1/text/1,http://dbpedia.org/resource/Agriculture,agriculture,0.9999999886135812,DBpedia
http://ns.inria.fr/zoomathia/CASSIANUS_BASSUS/geoponica/e/15/1/text/1,http://dbpedia.org/resource/Collect,collect,0.9999816426759619,DBpedia
http://ns.inria.fr/zoomathia/CASSIANUS_BASSUS/geoponica/e/15/1/text/1,http://dbpedia.org/resource/Labours_of_Hercules,labours,1.0,DBpedia
http://ns.inria.fr/zoomathia/CASSIANUS_BASSUS/geoponica/e/15/1/text/1,http://dbpedia.org/resource/Sermon,discourse,0.9955544810215432,DBpedia
http://ns.inria.fr/zoomathia/CASSIANUS_BASSUS/geoponica/e/15/1/text/1,http://dbpedia.org/resource/Adaptation,adapted,0.9999999988181116,DBpedia
http://ns.inria.fr/zoomathia/CASSIANUS_BASSUS/geoponica/e/15/1/text/1,http://dbpedia.org/resource/Intimate_relationship,lovers,0.8473173896937545,DBpedia
http://ns.inria.fr/zoomathia/CASSIANUS_BASSUS/geoponica/e/15/1/text/1,http://dbpedia.org/resource/Literature,literature,0.9953278291427373,DBpedia
http://ns.inria.fr/zoomathia/CASSIANUS_BASSUS/geoponica/e/15/1/text/1,http://dbpedia.org/resource/Elephant,elephant,0.9999999091473951,DBpedia
http://ns.inria.fr/zoomathia/CASSIANUS_BASSUS/geoponica/e/15/1/text/1,http://dbpedia.org/resource/Consummation,consummate,1.0,DBpedia
http://ns.inria.fr/zoomathia/CASSIANUS_BASSUS/geoponica/e/15/1/text/1,http://dbpedia.org/resource/Erinyes,fury,0.9999999998562998,DBpedia
http://ns.inria.fr/zoomathia/CASSIANUS_BASSUS/geoponica/e/15/1/text/1,http://dbpedia.org/resource/Cat,tame,0.9999992118617606,DBpedia
http://ns.inria.fr/zoomathia/CASSIANUS_BASSUS/geoponica/e/15/1/text/1,http://dbpedia.org/resource/Visual_perception,sight,0.9999997868667606,DBpedia
http://ns.inria.fr/zoomathia/CASSIANUS_BASSUS/geoponica/e/15/1/text/1,http://dbpedia.org/resource/Sheep,ram,0.9999999997812665,DBpedia
http://ns.inria.fr/zoomathia/CASSIANUS_BASSUS/geoponica/e/15/1/text/1,http://dbpedia.org/resource/Grunting_in_tennis,grunting,0.9999999999995453,DBpedia
http://ns.inria.fr/zoomathia/CASSIANUS_BASSUS/geoponica/e/15/1/text/1,http://dbpedia.org/resource/Pig,pig,0.9999612363213572,DBpedia
http://ns.inria.fr/zoomathia/CASSIANUS_BASSUS/geoponica/e/15/1/text/1,http://dbpedia.org/resource/Cattle,wild bull,1.0,DBpedia
http://ns.inria.fr/zoomathia/CASSIANUS_BASSUS/geoponica/e/15/1/text/1,http://dbpedia.org/resource/Samadhi,composed,0.9998764008047877,DBpedia
http://ns.inria.fr/zoomathia/CASSIANUS_BASSUS/geoponica/e/15/1/text/1,http://dbpedia.org/resource/Animal_welfare,gentle,0.9999999680903789,DBpedia
http://ns.inria.fr/zoomathia/CASSIANUS_BASSUS/geoponica/e/15/1/text/1,http://dbpedia.org/resource/Fly_tying,tied,0.9999995701829008,DBpedia
http://ns.inria.fr/zoomathia/CASSIANUS_BASSUS/geoponica/e/15/1/text/1,http://dbpedia.org/resource/Bit_(horse),horse bit,0.9999998399062079,DBpedia
http://ns.inria.fr/zoomathia/CASSIANUS_BASSUS/geoponica/e/15/1/text/1,http://dbpedia.org/resource/Good_and_evil,good,0.7134722700064394,DBpedia
http://ns.inria.fr/zoomathia/CASSIANUS_BASSUS/geoponica/e/15/1/text/1,http://dbpedia.org/resource/Common_swift,swift,1.0,DBpedia
http://ns.inria.fr/zoomathia/CASSIANUS_BASSUS/geoponica/e/15/1/text/1,http://dbpedia.org/resource/Sheep,sheep,0.9999999997271516,DBpedia
http://ns.inria.fr/zoomathia/CASSIANUS_BASSUS/geoponica/e/15/1/text/1,http://dbpedia.org/resource/Horse_tack,bit,0.9657900281897376,DBpedia
http://ns.inria.fr/zoomathia/CASSIANUS_BASSUS/geoponica/e/15/1/text/1,http://dbpedia.org/resource/Fish_as_food,flesh,0.8340676769624483,DBpedia
http://ns.inria.fr/zoomathia/CASSIANUS_BASSUS/geoponica/e/15/1/text/1,http://dbpedia.org/resource/Sweetness,sweeter,0.9999999436390696,DBpedia
http://ns.inria.fr/zoomathia/CASSIANUS_BASSUS/geoponica/e/15/1/text/1,http://dbpedia.org/resource/Flavor,flavour,1.0,DBpedia
http://ns.inria.fr/zoomathia/CASSIANUS_BASSUS/geoponica/e/15/1/text/1,http://dbpedia.org/resource/Wool,wool,0.9999999995047801,DBpedia
http://ns.inria.fr/zoomathia/CASSIANUS_BASSUS/geoponica/e/15/1/text/1,http://dbpedia.org/resource/Record_producer,produces,0.9993991431845498,DBpedia
http://ns.inria.fr/zoomathia/CASSIANUS_BASSUS/geoponica/e/15/1/text/1,http://dbpedia.org/resource/Vermin,vermin,1.0,DBpedia
http://ns.inria.fr/zoomathia/CASSIANUS_BASSUS/geoponica/e/15/1/text/1,http://dbpedia.org/resource/Plutarch,Plutarch,1.0,DBpedia
http://ns.inria.fr/zoomathia/CASSIANUS_BASSUS/geoponica/e/15/1/text/1,http://dbpedia.org/resource/Pamphilus_of_Caesarea,Pamphilus,0.9999999999581632,DBpedia
http://ns.inria.fr/zoomathia/CASSIANUS_BASSUS/geoponica/e/15/1/text/1,http://dbpedia.org/resource/Treatise,Treatise,0.999993751372554,DBpedia
http://ns.inria.fr/zoomathia/CASSIANUS_BASSUS/geoponica/e/15/1/text/1,http://dbpedia.org/resource/Philosophy,Philosophy,0.9999999627020777,DBpedia
http://ns.inria.fr/zoomathia/CASSIANUS_BASSUS/geoponica/e/15/1/text/1,http://dbpedia.org/resource/Nature,Nature,0.9999999999126885,DBpedia
http://ns.inria.fr/zoomathia/CASSIANUS_BASSUS/geoponica/e/15/1/text/1,http://dbpedia.org/resource/Horse,horses,1.0,DBpedia
http://ns.inria.fr/zoomathia/CASSIANUS_BASSUS/geoponica/e/15/1/text/1,http://dbpedia.org/resource/Walking,steps,0.9986032747207473,DBpedia
http://ns.inria.fr/zoomathia/CASSIANUS_BASSUS/geoponica/e/15/1/text/1,http://dbpedia.org/resource/Torpor,torpid,1.0,DBpedia
http://ns.inria.fr/zoomathia/CASSIANUS_BASSUS/geoponica/e/15/1/text/1,http://dbpedia.org/resource/Branch,limbs,0.983442264538838,DBpedia
http://ns.inria.fr/zoomathia/CASSIANUS_BASSUS/geoponica/e/15/1/text/1,http://dbpedia.org/resource/Drimia_maritima,squill,0.9804864319884461,DBpedia
http://ns.inria.fr/zoomathia/CASSIANUS_BASSUS/geoponica/e/15/1/text/1,http://dbpedia.org/resource/Wisdom,reason,0.598143858274705,DBpedia
http://ns.inria.fr/zoomathia/CASSIANUS_BASSUS/geoponica/e/15/1/text/1,http://dbpedia.org/resource/Fox,foxes,0.9999999999504325,DBpedia
http://ns.inria.fr/zoomathia/CASSIANUS_BASSUS/geoponica/e/15/1/text/1,http://dbpedia.org/resource/Golf_course,holes,0.999308602994795,DBpedia
http://ns.inria.fr/zoomathia/CASSIANUS_BASSUS/geoponica/e/15/1/text/1,http://dbpedia.org/resource/Wikipedia,account,0.9727467865406908,DBpedia
http://ns.inria.fr/zoomathia/CASSIANUS_BASSUS/geoponica/e/15/1/text/1,http://dbpedia.org/resource/Human,man,0.9999999999972715,DBpedia
http://ns.inria.fr/zoomathia/CASSIANUS_BASSUS/geoponica/e/15/1/text/1,http://dbpedia.org/resource/Browser_engine,renders,0.9999999971582838,DBpedia
http://ns.inria.fr/zoomathia/CASSIANUS_BASSUS/geoponica/e/15/1/text/1,http://dbpedia.org/resource/Speechless_(TV_series),speechless,0.7515273986946969,DBpedia
http://ns.inria.fr/zoomathia/CASSIANUS_BASSUS/geoponica/e/15/1/text/1,http://dbpedia.org/resource/Plato,Plato,1.0,DBpedia
http://ns.inria.fr/zoomathia/CASSIANUS_BASSUS/geoponica/e/15/1/text/1,http://dbpedia.org/resource/Treatise,Treatise,0.999993751372554,DBpedia
http://ns.inria.fr/zoomathia/CASSIANUS_BASSUS/geoponica/e/15/1/text/1,http://dbpedia.org/resource/Politics,Politics,0.9999898541510368,DBpedia
http://ns.inria.fr/zoomathia/CASSIANUS_BASSUS/geoponica/e/15/1/text/1,http://dbpedia.org/resource/Human,human,0.999999999872216,DBpedia
http://ns.inria.fr/zoomathia/CASSIANUS_BASSUS/geoponica/e/15/1/text/1,http://dbpedia.org/resource/Lion,creature,0.9999999616661633,DBpedia
http://ns.inria.fr/zoomathia/CASSIANUS_BASSUS/geoponica/e/15/1/text/1,http://dbpedia.org/resource/Magic_in_fiction,powers,0.9999999784809008,DBpedia
http://ns.inria.fr/zoomathia/CASSIANUS_BASSUS/geoponica/e/15/1/text/1,http://dbpedia.org/resource/Leaf,leaves,0.9999999999995453,DBpedia
http://ns.inria.fr/zoomathia/CASSIANUS_BASSUS/geoponica/e/15/1/text/1,http://dbpedia.org/resource/Quercus_ilex,holm-oak,1.0,DBpedia
http://ns.inria.fr/zoomathia/CASSIANUS_BASSUS/geoponica/e/15/1/text/1,http://dbpedia.org/resource/Chicken,cock,1.0,DBpedia
http://ns.inria.fr/zoomathia/CASSIANUS_BASSUS/geoponica/e/15/1/text/1,http://dbpedia.org/resource/Chicken,crowing,1.0,DBpedia
http://ns.inria.fr/zoomathia/CASSIANUS_BASSUS/geoponica/e/15/1/text/1,http://dbpedia.org/resource/Hyaena,hyaena,1.0,DBpedia
http://ns.inria.fr/zoomathia/CASSIANUS_BASSUS/geoponica/e/15/1/text/1,http://dbpedia.org/resource/Nature,natural,0.9999976224117816,DBpedia
http://ns.inria.fr/zoomathia/CASSIANUS_BASSUS/geoponica/e/15/1/text/1,http://dbpedia.org/resource/Instinct,instinct,1.0,DBpedia
http://ns.inria.fr/zoomathia/CASSIANUS_BASSUS/geoponica/e/15/1/text/1,http://dbpedia.org/resource/Tire,treads,0.9999972150747124,DBpedia
http://ns.inria.fr/zoomathia/CASSIANUS_BASSUS/geoponica/e/15/1/text/1,http://dbpedia.org/resource/Nocturnality,nocturnal,1.0,DBpedia
http://ns.inria.fr/zoomathia/CASSIANUS_BASSUS/geoponica/e/15/1/text/1,http://dbpedia.org/resource/Shadow,shade,0.99999993104939,DBpedia
http://ns.inria.fr/zoomathia/CASSIANUS_BASSUS/geoponica/e/15/1/text/1,http://dbpedia.org/resource/Dog,dog,1.0,DBpedia
http://ns.inria.fr/zoomathia/CASSIANUS_BASSUS/geoponica/e/15/1/text/1,http://dbpedia.org/resource/Partition_of_India,formed,0.9998811800721012,DBpedia
http://ns.inria.fr/zoomathia/CASSIANUS_BASSUS/geoponica/e/15/1/text/1,http://dbpedia.org/resource/Moon,moon,0.9999999987749106,DBpedia
http://ns.inria.fr/zoomathia/CASSIANUS_BASSUS/geoponica/e/15/1/text/1,http://dbpedia.org/resource/Human_height,height,0.9870571273118947,DBpedia
http://ns.inria.fr/zoomathia/CASSIANUS_BASSUS/geoponica/e/15/1/text/1,http://dbpedia.org/resource/Rope,rope,0.9872237224366672,DBpedia
http://ns.inria.fr/zoomathia/CASSIANUS_BASSUS/geoponica/e/15/1/text/1,http://dbpedia.org/resource/Daniel_Nestor,Nestor,0.7206406235472151,DBpedia
http://ns.inria.fr/zoomathia/CASSIANUS_BASSUS/geoponica/e/15/1/text/1,http://dbpedia.org/resource/Panacea,Panacea,0.9999999999913598,DBpedia
http://ns.inria.fr/zoomathia/CASSIANUS_BASSUS/geoponica/e/15/1/text/1,http://dbpedia.org/resource/Hyaena,hyaena,1.0,DBpedia
http://ns.inria.fr/zoomathia/CASSIANUS_BASSUS/geoponica/e/15/1/text/1,http://dbpedia.org/resource/Human,man,0.9999999999972715,DBpedia
http://ns.inria.fr/zoomathia/CASSIANUS_BASSUS/geoponica/e/15/1/text/1,http://dbpedia.org/resource/Dog,dog,1.0,DBpedia
http://ns.inria.fr/zoomathia/CASSIANUS_BASSUS/geoponica/e/15/1/text/1,http://dbpedia.org/resource/Cadaver,body,0.8215342571640145,DBpedia
http://ns.inria.fr/zoomathia/CASSIANUS_BASSUS/geoponica/e/15/1/text/1,http://dbpedia.org/resource/Lion,creature,0.9999999616661633,DBpedia
http://ns.inria.fr/zoomathia/CASSIANUS_BASSUS/geoponica/e/15/1/text/1,http://dbpedia.org/resource/Greater_flamingo,greater,1.0,DBpedia
http://ns.inria.fr/zoomathia/CASSIANUS_BASSUS/geoponica/e/15/1/text/1,http://dbpedia.org/resource/Sizing,size,0.9830710046550801,DBpedia
http://ns.inria.fr/zoomathia/CASSIANUS_BASSUS/geoponica/e/15/1/text/1,http://dbpedia.org/resource/Lion,creature,0.9999999616661633,DBpedia
http://ns.inria.fr/zoomathia/CASSIANUS_BASSUS/geoponica/e/15/1/text/1,http://dbpedia.org/resource/Sexual_intercourse,sleeping,0.9999978362707896,DBpedia
http://ns.inria.fr/zoomathia/CASSIANUS_BASSUS/geoponica/e/15/1/text/1,http://dbpedia.org/resource/Nature,naturally,0.744642183738665,DBpedia
http://ns.inria.fr/zoomathia/CASSIANUS_BASSUS/geoponica/e/15/1/text/1,http://dbpedia.org/resource/Horse_length,length,0.9981591792302509,DBpedia
http://ns.inria.fr/zoomathia/CASSIANUS_BASSUS/geoponica/e/15/1/text/1,http://dbpedia.org/resource/Browser_engine,renders,0.9999999971582838,DBpedia
http://ns.inria.fr/zoomathia/CASSIANUS_BASSUS/geoponica/e/15/1/text/1,http://dbpedia.org/resource/Delirium,delirious,1.0,DBpedia
http://ns.inria.fr/zoomathia/CASSIANUS_BASSUS/geoponica/e/15/1/text/1,http://dbpedia.org/resource/Tributary,feeds,0.9998728509759408,DBpedia
http://ns.inria.fr/zoomathia/CASSIANUS_BASSUS/geoponica/e/15/1/text/1,http://dbpedia.org/resource/Magnetic_reluctance,reluctance,0.9999999451356432,DBpedia
http://ns.inria.fr/zoomathia/CASSIANUS_BASSUS/geoponica/e/15/1/text/1,http://dbpedia.org/resource/URL_shortening,shorter,0.9999999999977263,DBpedia
http://ns.inria.fr/zoomathia/CASSIANUS_BASSUS/geoponica/e/15/1/text/1,http://dbpedia.org/resource/Glossary_of_music_terminology,runs,0.9739861668726493,DBpedia
http://ns.inria.fr/zoomathia/CASSIANUS_BASSUS/geoponica/e/15/1/text/1,http://dbpedia.org/resource/Speed,speed,0.9930906522730197,DBpedia
http://ns.inria.fr/zoomathia/CASSIANUS_BASSUS/geoponica/e/15/1/text/1,http://dbpedia.org/resource/Hyaena,hyaena,1.0,DBpedia
http://ns.inria.fr/zoomathia/CASSIANUS_BASSUS/geoponica/e/15/1/text/1,http://dbpedia.org/resource/Advance_payment,advances,0.6617358990918247,DBpedia
http://ns.inria.fr/zoomathia/CASSIANUS_BASSUS/geoponica/e/15/1/text/1,http://dbpedia.org/resource/Beware_(EP),beware,0.6073386301127098,DBpedia
http://ns.inria.fr/zoomathia/CASSIANUS_BASSUS/geoponica/e/15/1/text/1,http://dbpedia.org/resource/Electric_power,power,0.8176699410211137,DBpedia
http://ns.inria.fr/zoomathia/CASSIANUS_BASSUS/geoponica/e/15/1/text/1,http://dbpedia.org/resource/Attack_on_Pearl_Harbor,attack,0.9996714730860794,DBpedia
http://ns.inria.fr/zoomathia/CASSIANUS_BASSUS/geoponica/e/15/1/text/1,http://dbpedia.org/resource/Confidence_trick,confidence,0.9976568907340794,DBpedia
http://ns.inria.fr/zoomathia/CASSIANUS_BASSUS/geoponica/e/15/1/text/1,http://dbpedia.org/resource/Death,kill,0.9999999922101779,DBpedia
http://ns.inria.fr/zoomathia/CASSIANUS_BASSUS/geoponica/e/15/1/text/1,http://dbpedia.org/resource/Human,person,0.999999999821739,DBpedia
http://ns.inria.fr/zoomathia/CASSIANUS_BASSUS/geoponica/e/15/1/text/1,http://dbpedia.org/resource/Professional_wrestling_holds,holds,0.9804223082341575,DBpedia
http://ns.inria.fr/zoomathia/CASSIANUS_BASSUS/geoponica/e/15/1/text/1,http://dbpedia.org/resource/Tongue,tongue,1.0,DBpedia
http://ns.inria.fr/zoomathia/CASSIANUS_BASSUS/geoponica/e/15/1/text/1,http://dbpedia.org/resource/Hyaena,hyaena,1.0,DBpedia
http://ns.inria.fr/zoomathia/CASSIANUS_BASSUS/geoponica/e/15/1/text/1,http://dbpedia.org/resource/Attack_on_Pearl_Harbor,attack,0.9996714730860794,DBpedia
http://ns.inria.fr/zoomathia/CASSIANUS_BASSUS/geoponica/e/15/1/text/1,http://dbpedia.org/resource/Dog,dogs,1.0,DBpedia
http://ns.inria.fr/zoomathia/CASSIANUS_BASSUS/geoponica/e/15/1/text/1,http://dbpedia.org/resource/Polypus,polypus,0.6694456024658498,DBpedia
http://ns.inria.fr/zoomathia/CASSIANUS_BASSUS/geoponica/e/15/1/text/1,http://dbpedia.org/resource/Crab,crab,1.0,DBpedia
http://ns.inria.fr/zoomathia/CASSIANUS_BASSUS/geoponica/e/15/1/text/1,http://dbpedia.org/resource/Casting,casts,0.9989326891524279,DBpedia
http://ns.inria.fr/zoomathia/CASSIANUS_BASSUS/geoponica/e/15/1/text/1,http://dbpedia.org/resource/Claw,claws,1.0,DBpedia
http://ns.inria.fr/zoomathia/CASSIANUS_BASSUS/geoponica/e/15/1/text/1,http://dbpedia.org/resource/Incense,fumigation,0.9999807734977589,DBpedia
http://ns.inria.fr/zoomathia/CASSIANUS_BASSUS/geoponica/e/15/1/text/1,http://dbpedia.org/resource/Hedera,ivy,0.9999999999881766,DBpedia
http://ns.inria.fr/zoomathia/CASSIANUS_BASSUS/geoponica/e/15/1/text/1,http://dbpedia.org/resource/Bat,bats,0.9999999999877218,DBpedia
http://ns.inria.fr/zoomathia/CASSIANUS_BASSUS/geoponica/e/15/1/text/1,http://dbpedia.org/resource/Perishing,perish,0.9999985801069746,DBpedia
http://ns.inria.fr/zoomathia/CASSIANUS_BASSUS/geoponica/e/15/1/text/1,http://dbpedia.org/resource/Vulture,Vultures,1.0,DBpedia
http://ns.inria.fr/zoomathia/CASSIANUS_BASSUS/geoponica/e/15/1/text/1,http://dbpedia.org/resource/Perishing,perish,0.9999985801069746,DBpedia
http://ns.inria.fr/zoomathia/CASSIANUS_BASSUS/geoponica/e/15/1/text/1,http://dbpedia.org/resource/Dog,smell,0.9999960026487174,DBpedia
http://ns.inria.fr/zoomathia/CASSIANUS_BASSUS/geoponica/e/15/1/text/1,http://dbpedia.org/resource/Perfume,perfume,1.0,DBpedia
http://ns.inria.fr/zoomathia/CASSIANUS_BASSUS/geoponica/e/15/1/text/1,http://dbpedia.org/resource/Snake,serpent,1.0,DBpedia
http://ns.inria.fr/zoomathia/CASSIANUS_BASSUS/geoponica/e/15/1/text/1,http://dbpedia.org/resource/Death,dies,1.0,DBpedia
http://ns.inria.fr/zoomathia/CASSIANUS_BASSUS/geoponica/e/15/1/text/1,http://dbpedia.org/resource/Leaf,leaves,0.9999999999995453,DBpedia
http://ns.inria.fr/zoomathia/CASSIANUS_BASSUS/geoponica/e/15/1/text/1,http://dbpedia.org/resource/Throwing,thrown,0.5092986208114317,DBpedia
http://ns.inria.fr/zoomathia/CASSIANUS_BASSUS/geoponica/e/15/1/text/1,http://dbpedia.org/resource/Snake,serpent,1.0,DBpedia
http://ns.inria.fr/zoomathia/CASSIANUS_BASSUS/geoponica/e/15/1/text/1,http://dbpedia.org/resource/Throwing,thrown,0.5092986208114317,DBpedia
http://ns.inria.fr/zoomathia/CASSIANUS_BASSUS/geoponica/e/15/1/text/1,http://dbpedia.org/resource/Viperidae,viper,0.999694933059703,DBpedia
http://ns.inria.fr/zoomathia/CASSIANUS_BASSUS/geoponica/e/15/1/text/1,http://dbpedia.org/resource/Phragmites,reed,0.9999934474509286,DBpedia
http://ns.inria.fr/zoomathia/CASSIANUS_BASSUS/geoponica/e/15/1/text/1,http://dbpedia.org/resource/Viperidae,viper,0.999694933059703,DBpedia
http://ns.inria.fr/zoomathia/CASSIANUS_BASSUS/geoponica/e/15/1/text/1,http://dbpedia.org/resource/Intimidation,intimidated,0.9999992189339858,DBpedia
http://ns.inria.fr/zoomathia/CASSIANUS_BASSUS/geoponica/e/15/1/text/1,http://dbpedia.org/resource/Siege_engine,testudo,0.9999999989554453,DBpedia
http://ns.inria.fr/zoomathia/CASSIANUS_BASSUS/geoponica/e/15/1/text/1,http://dbpedia.org/resource/Cannibalism,eats,0.9999999997799023,DBpedia
http://ns.inria.fr/zoomathia/CASSIANUS_BASSUS/geoponica/e/15/1/text/1,http://dbpedia.org/resource/Snake,serpents,1.0,DBpedia
http://ns.inria.fr/zoomathia/CASSIANUS_BASSUS/geoponica/e/15/1/text/1,http://dbpedia.org/resource/Cannibalism,eats,0.9999999997799023,DBpedia
http://ns.inria.fr/zoomathia/CASSIANUS_BASSUS/geoponica/e/15/1/text/1,http://dbpedia.org/resource/Origanum,origanum,1.0,DBpedia
http://ns.inria.fr/zoomathia/CASSIANUS_BASSUS/geoponica/e/15/1/text/1,http://dbpedia.org/resource/Convalescence,convalescent,1.0,DBpedia
http://ns.inria.fr/zoomathia/CASSIANUS_BASSUS/geoponica/e/15/1/text/1,http://dbpedia.org/resource/Stork,Storks,1.0,DBpedia
http://ns.inria.fr/zoomathia/CASSIANUS_BASSUS/geoponica/e/15/1/text/1,http://dbpedia.org/resource/Leaf,leaves,0.9999999999995453,DBpedia
http://ns.inria.fr/zoomathia/CASSIANUS_BASSUS/geoponica/e/15/1/text/1,http://dbpedia.org/resource/Platanus,plane-tree,1.0,DBpedia
http://ns.inria.fr/zoomathia/CASSIANUS_BASSUS/geoponica/e/15/1/text/1,http://dbpedia.org/resource/Bird_nest,nests,0.9870413040784445,DBpedia
http://ns.inria.fr/zoomathia/CASSIANUS_BASSUS/geoponica/e/15/1/text/1,http://dbpedia.org/resource/Wikipedia,account,0.9727467865406908,DBpedia
http://ns.inria.fr/zoomathia/CASSIANUS_BASSUS/geoponica/e/15/1/text/1,http://dbpedia.org/resource/Bat,bats,0.9999999999877218,DBpedia
http://ns.inria.fr/zoomathia/CASSIANUS_BASSUS/geoponica/e/15/1/text/1,http://dbpedia.org/resource/Swallow,Swallows,1.0,DBpedia
http://ns.inria.fr/zoomathia/CASSIANUS_BASSUS/geoponica/e/15/1/text/1,http://dbpedia.org/resource/Parsley,parsley,1.0,DBpedia
http://ns.inria.fr/zoomathia/CASSIANUS_BASSUS/geoponica/e/15/1/text/1,http://dbpedia.org/resource/Wikipedia,account,0.9727467865406908,DBpedia
http://ns.inria.fr/zoomathia/CASSIANUS_BASSUS/geoponica/e/15/1/text/1,http://dbpedia.org/resource/Beetle,beetles,0.9999994052352071,DBpedia
http://ns.inria.fr/zoomathia/CASSIANUS_BASSUS/geoponica/e/15/1/text/1,http://dbpedia.org/resource/Lettuce,lettuce,1.0,DBpedia
http://ns.inria.fr/zoomathia/CASSIANUS_BASSUS/geoponica/e/15/1/text/1,http://dbpedia.org/resource/Hedera,ivy,0.9999999999881766,DBpedia
http://ns.inria.fr/zoomathia/CASSIANUS_BASSUS/geoponica/e/15/1/text/1,http://dbpedia.org/resource/Crow,crows,0.9995250999556679,DBpedia
http://ns.inria.fr/zoomathia/CASSIANUS_BASSUS/geoponica/e/15/1/text/1,http://dbpedia.org/resource/Agnus_Dei,agnus,0.999999995701728,DBpedia
http://ns.inria.fr/zoomathia/CASSIANUS_BASSUS/geoponica/e/15/1/text/1,http://dbpedia.org/resource/Raven,ravens,0.9994153072892674,DBpedia
http://ns.inria.fr/zoomathia/CASSIANUS_BASSUS/geoponica/e/15/1/text/1,http://dbpedia.org/resource/Verbena,vervain,1.0,DBpedia
http://ns.inria.fr/zoomathia/CASSIANUS_BASSUS/geoponica/e/15/1/text/1,http://dbpedia.org/resource/Lark,larks,1.0,DBpedia
http://ns.inria.fr/zoomathia/CASSIANUS_BASSUS/geoponica/e/15/1/text/1,http://dbpedia.org/resource/Agrostis,agrostis,1.0,DBpedia
http://ns.inria.fr/zoomathia/CASSIANUS_BASSUS/geoponica/e/15/1/text/1,http://dbpedia.org/resource/Adage,adage,0.9999957818320416,DBpedia
http://ns.inria.fr/zoomathia/CASSIANUS_BASSUS/geoponica/e/15/1/text/1,http://dbpedia.org/resource/Bird_nest,nest,0.9511456854144611,DBpedia
http://ns.inria.fr/zoomathia/CASSIANUS_BASSUS/geoponica/e/15/1/text/1,http://dbpedia.org/resource/Perversion,perverse,0.9999667971543024,DBpedia
http://ns.inria.fr/zoomathia/CASSIANUS_BASSUS/geoponica/e/15/1/text/1,http://dbpedia.org/resource/Agrostis,agrostis,1.0,DBpedia
http://ns.inria.fr/zoomathia/CASSIANUS_BASSUS/geoponica/e/15/1/text/1,http://dbpedia.org/resource/Sexual_intercourse,laid,0.999973387909309,DBpedia
http://ns.inria.fr/zoomathia/CASSIANUS_BASSUS/geoponica/e/15/1/text/1,http://dbpedia.org/resource/Thrush_(bird),Thrushes,0.9994872517733132,DBpedia
http://ns.inria.fr/zoomathia/CASSIANUS_BASSUS/geoponica/e/15/1/text/1,http://dbpedia.org/resource/Shirt,tops,0.9999963648208584,DBpedia
http://ns.inria.fr/zoomathia/CASSIANUS_BASSUS/geoponica/e/15/1/text/1,http://dbpedia.org/resource/Phragmites,reeds,0.9999942732279394,DBpedia
http://ns.inria.fr/zoomathia/CASSIANUS_BASSUS/geoponica/e/15/1/text/1,http://dbpedia.org/resource/Lancia_Ardea,ardea,0.9995091414700075,DBpedia
http://ns.inria.fr/zoomathia/CASSIANUS_BASSUS/geoponica/e/15/1/text/1,http://dbpedia.org/resource/Crab,crab,1.0,DBpedia
http://ns.inria.fr/zoomathia/CASSIANUS_BASSUS/geoponica/e/15/1/text/2,https://opentheso.huma-num.fr/?idc=pcrt6ccLQhgjJq&idt=th310,Aristotle,1,zoomathia_match
http://ns.inria.fr/zoomathia/CASSIANUS_BASSUS/geoponica/e/15/1/text/2,https://opentheso.huma-num.fr/?idc=pcrt98n6h95hof&idt=th310,mould,1,zoomathia_match
http://ns.inria.fr/zoomathia/CASSIANUS_BASSUS/geoponica/e/15/1/text/2,https://opentheso.huma-num.fr/?idc=107727&idt=th310,caterpillar,1,zoomathia_match
http://ns.inria.fr/zoomathia/CASSIANUS_BASSUS/geoponica/e/15/1/text/2,https://opentheso.huma-num.fr/?idc=106753&idt=th310,winged,1,zoomathia_match
http://ns.inria.fr/zoomathia/CASSIANUS_BASSUS/geoponica/e/15/1/text/2,https://opentheso.huma-num.fr/?idc=107741&idt=th310,butterfly,1,zoomathia_match
http://ns.inria.fr/zoomathia/CASSIANUS_BASSUS/geoponica/e/15/1/text/2,https://opentheso.huma-num.fr/?idc=107538&idt=th310,tree,1,zoomathia_match
http://ns.inria.fr/zoomathia/CASSIANUS_BASSUS/geoponica/e/15/1/text/2,https://opentheso.huma-num.fr/?idc=107986&idt=th310,cantharides,1,zoomathia_match
http://ns.inria.fr/zoomathia/CASSIANUS_BASSUS/geoponica/e/15/1/text/2,https://opentheso.huma-num.fr/?idc=105974&idt=th310,viper,1,zoomathia_match
http://ns.inria.fr/zoomathia/CASSIANUS_BASSUS/geoponica/e/15/1/text/2,https://opentheso.huma-num.fr/?idc=pcrtmFiiOHIboO&idt=th310,dried,1,zoomathia_match
http://ns.inria.fr/zoomathia/CASSIANUS_BASSUS/geoponica/e/15/1/text/2,https://opentheso.huma-num.fr/?idc=pcrtlYKAB2mIuy&idt=th310,seasons,1,zoomathia_match
http://ns.inria.fr/zoomathia/CASSIANUS_BASSUS/geoponica/e/15/1/text/2,https://opentheso.huma-num.fr/?idc=108333&idt=th310,erithacus,1,zoomathia_match
http://ns.inria.fr/zoomathia/CASSIANUS_BASSUS/geoponica/e/15/1/text/2,https://opentheso.huma-num.fr/?idc=105656&idt=th310,summer,1,zoomathia_match
http://ns.inria.fr/zoomathia/CASSIANUS_BASSUS/geoponica/e/15/1/text/2,https://opentheso.huma-num.fr/?idc=108325&idt=th310,ficedula,1,zoomathia_match
http://ns.inria.fr/zoomathia/CASSIANUS_BASSUS/geoponica/e/15/1/text/2,https://opentheso.huma-num.fr/?idc=108325&idt=th310,ficedula,1,zoomathia_match
http://ns.inria.fr/zoomathia/CASSIANUS_BASSUS/geoponica/e/15/1/text/2,https://opentheso.huma-num.fr/?idc=105654&idt=th310,autumn,1,zoomathia_match
http://ns.inria.fr/zoomathia/CASSIANUS_BASSUS/geoponica/e/15/1/text/2,https://opentheso.huma-num.fr/?idc=105692&idt=th310,sea,1,zoomathia_match
http://ns.inria.fr/zoomathia/CASSIANUS_BASSUS/geoponica/e/15/1/text/2,https://opentheso.huma-num.fr/?idc=105137&idt=th310,beaks,1,zoomathia_match
http://ns.inria.fr/zoomathia/CASSIANUS_BASSUS/geoponica/e/15/1/text/2,https://opentheso.huma-num.fr/?idc=pcrtmwjz8S1ZgH&idt=th310,cured,1,zoomathia_match
http://ns.inria.fr/zoomathia/CASSIANUS_BASSUS/geoponica/e/15/1/text/2,https://opentheso.huma-num.fr/?idc=107960&idt=th310,radish,1,zoomathia_match
http://ns.inria.fr/zoomathia/CASSIANUS_BASSUS/geoponica/e/15/1/text/2,https://opentheso.huma-num.fr/?idc=pcrt2t2EtFSnPv&idt=th310,scorpion,1,zoomathia_match
http://ns.inria.fr/zoomathia/CASSIANUS_BASSUS/geoponica/e/15/1/text/2,https://opentheso.huma-num.fr/?idc=105184&idt=th310,stung,1,zoomathia_match
http://ns.inria.fr/zoomathia/CASSIANUS_BASSUS/geoponica/e/15/1/text/2,https://opentheso.huma-num.fr/?idc=pcrt2t2EtFSnPv&idt=th310,scorpion,1,zoomathia_match
http://ns.inria.fr/zoomathia/CASSIANUS_BASSUS/geoponica/e/15/1/text/2,https://opentheso.huma-num.fr/?idc=pcrt1eSDN7pc4r&idt=th310,ass,1,zoomathia_match
http://ns.inria.fr/zoomathia/CASSIANUS_BASSUS/geoponica/e/15/1/text/2,https://opentheso.huma-num.fr/?idc=105164&idt=th310,tail,1,zoomathia_match
http://ns.inria.fr/zoomathia/CASSIANUS_BASSUS/geoponica/e/15/1/text/2,https://opentheso.huma-num.fr/?idc=pcrt1eSDN7pc4r&idt=th310,ass,1,zoomathia_match
http://ns.inria.fr/zoomathia/CASSIANUS_BASSUS/geoponica/e/15/1/text/2,https://opentheso.huma-num.fr/?idc=105184&idt=th310,stung,1,zoomathia_match
http://ns.inria.fr/zoomathia/CASSIANUS_BASSUS/geoponica/e/15/1/text/2,https://opentheso.huma-num.fr/?idc=pcrt2t2EtFSnPv&idt=th310,scorpion,1,zoomathia_match
http://ns.inria.fr/zoomathia/CASSIANUS_BASSUS/geoponica/e/15/1/text/2,https://opentheso.huma-num.fr/?idc=pcrt1eSDN7pc4r&idt=th310,ass,1,zoomathia_match
http://ns.inria.fr/zoomathia/CASSIANUS_BASSUS/geoponica/e/15/1/text/2,https://opentheso.huma-num.fr/?idc=pcrt2t2EtFSnPv&idt=th310,scorpion,1,zoomathia_match
http://ns.inria.fr/zoomathia/CASSIANUS_BASSUS/geoponica/e/15/1/text/2,https://opentheso.huma-num.fr/?idc=105184&idt=th310,stung,1,zoomathia_match
http://ns.inria.fr/zoomathia/CASSIANUS_BASSUS/geoponica/e/15/1/text/2,https://opentheso.huma-num.fr/?idc=106953&idt=th310,pain,1,zoomathia_match
http://ns.inria.fr/zoomathia/CASSIANUS_BASSUS/geoponica/e/15/1/text/2,https://opentheso.huma-num.fr/?idc=pcrt1eSDN7pc4r&idt=th310,ass,1,zoomathia_match
http://ns.inria.fr/zoomathia/CASSIANUS_BASSUS/geoponica/e/15/1/text/2,https://opentheso.huma-num.fr/?idc=105927&idt=th310,Ants,1,zoomathia_match
http://ns.inria.fr/zoomathia/CASSIANUS_BASSUS/geoponica/e/15/1/text/2,https://opentheso.huma-num.fr/?idc=pcrtLieaANMAud&idt=th310,wheat,1,zoomathia_match
http://ns.inria.fr/zoomathia/CASSIANUS_BASSUS/geoponica/e/15/1/text/2,https://opentheso.huma-num.fr/?idc=105406&idt=th310,touch,1,zoomathia_match
http://ns.inria.fr/zoomathia/CASSIANUS_BASSUS/geoponica/e/15/1/text/2,https://opentheso.huma-num.fr/?idc=105127&idt=th310,horn,1,zoomathia_match
http://ns.inria.fr/zoomathia/CASSIANUS_BASSUS/geoponica/e/15/1/text/2,https://opentheso.huma-num.fr/?idc=pcrtmhUStm5T6Y&idt=th310,fire,1,zoomathia_match
http://ns.inria.fr/zoomathia/CASSIANUS_BASSUS/geoponica/e/15/1/text/2,https://opentheso.huma-num.fr/?idc=pcrtJWWucnutA0&idt=th310,iron,1,zoomathia_match
http://ns.inria.fr/zoomathia/CASSIANUS_BASSUS/geoponica/e/15/1/text/2,https://opentheso.huma-num.fr/?idc=108723&idt=th310,garlic,1,zoomathia_match
http://ns.inria.fr/zoomathia/CASSIANUS_BASSUS/geoponica/e/15/1/text/2,https://opentheso.huma-num.fr/?idc=105186&idt=th310,blood,1,zoomathia_match
http://ns.inria.fr/zoomathia/CASSIANUS_BASSUS/geoponica/e/15/1/text/2,https://opentheso.huma-num.fr/?idc=pcrt3jcrAaRENB&idt=th310,goat,1,zoomathia_match
http://ns.inria.fr/zoomathia/CASSIANUS_BASSUS/geoponica/e/15/1/text/2,https://opentheso.huma-num.fr/?idc=pcrt3SWbm6EV00&idt=th310,light,1,zoomathia_match
http://ns.inria.fr/zoomathia/CASSIANUS_BASSUS/geoponica/e/15/1/text/2,https://opentheso.huma-num.fr/?idc=108054&idt=th310,aetites,1,zoomathia_match
http://ns.inria.fr/zoomathia/CASSIANUS_BASSUS/geoponica/e/15/1/text/2,https://opentheso.huma-num.fr/?idc=pcrt3SWbm6EV00&idt=th310,light,1,zoomathia_match
http://ns.inria.fr/zoomathia/CASSIANUS_BASSUS/geoponica/e/15/1/text/2,https://opentheso.huma-num.fr/?idc=105290&idt=th310,females,1,zoomathia_match
http://ns.inria.fr/zoomathia/CASSIANUS_BASSUS/geoponica/e/15/1/text/2,https://opentheso.huma-num.fr/?idc=107340&idt=th310,growth,1,zoomathia_match
http://ns.inria.fr/zoomathia/CASSIANUS_BASSUS/geoponica/e/15/1/text/2,https://opentheso.huma-num.fr/?idc=pcrtaGBUR5Ekx1&idt=th310,house,1,zoomathia_match
http://ns.inria.fr/zoomathia/CASSIANUS_BASSUS/geoponica/e/15/1/text/2,https://opentheso.huma-num.fr/?idc=pcrtOQj6KuEbn2&idt=th310,keeps,1,zoomathia_match
http://ns.inria.fr/zoomathia/CASSIANUS_BASSUS/geoponica/e/15/1/text/2,https://opentheso.huma-num.fr/?idc=106518&idt=th310,violence,1,zoomathia_match
http://ns.inria.fr/zoomathia/CASSIANUS_BASSUS/geoponica/e/15/1/text/2,https://opentheso.huma-num.fr/?idc=107387&idt=th310,roots,1,zoomathia_match
http://ns.inria.fr/zoomathia/CASSIANUS_BASSUS/geoponica/e/15/1/text/2,https://opentheso.huma-num.fr/?idc=pcrtmFiiOHIboO&idt=th310,dried,1,zoomathia_match
http://ns.inria.fr/zoomathia/CASSIANUS_BASSUS/geoponica/e/15/1/text/2,https://opentheso.huma-num.fr/?idc=pcrtaGBUR5Ekx1&idt=th310,house,1,zoomathia_match
http://ns.inria.fr/zoomathia/CASSIANUS_BASSUS/geoponica/e/15/1/text/2,https://opentheso.huma-num.fr/?idc=105645&idt=th310,cold,1,zoomathia_match
http://ns.inria.fr/zoomathia/CASSIANUS_BASSUS/geoponica/e/15/1/text/2,https://opentheso.huma-num.fr/?idc=107576&idt=th310,water,1,zoomathia_match
http://ns.inria.fr/zoomathia/CASSIANUS_BASSUS/geoponica/e/15/1/text/2,https://opentheso.huma-num.fr/?idc=pcrtmhUStm5T6Y&idt=th310,fire,1,zoomathia_match
http://ns.inria.fr/zoomathia/CASSIANUS_BASSUS/geoponica/e/15/1/text/2,https://opentheso.huma-num.fr/?idc=pcrtEG5eAkeX6Y&idt=th310,Nestor,1,zoomathia_match
http://ns.inria.fr/zoomathia/CASSIANUS_BASSUS/geoponica/e/15/1/text/2,https://opentheso.huma-num.fr/?idc=pcrttvE2YZwZu6&idt=th310,oil,1,zoomathia_match
http://ns.inria.fr/zoomathia/CASSIANUS_BASSUS/geoponica/e/15/1/text/2,https://opentheso.huma-num.fr/?idc=pcrtmhUStm5T6Y&idt=th310,fire,1,zoomathia_match
http://ns.inria.fr/zoomathia/CASSIANUS_BASSUS/geoponica/e/15/1/text/2,https://opentheso.huma-num.fr/?idc=105649&idt=th310,time,1,zoomathia_match
http://ns.inria.fr/zoomathia/CASSIANUS_BASSUS/geoponica/e/15/1/text/2,https://opentheso.huma-num.fr/?idc=pcrtmhUStm5T6Y&idt=th310,fire,1,zoomathia_match
http://ns.inria.fr/zoomathia/CASSIANUS_BASSUS/geoponica/e/15/1/text/2,https://opentheso.huma-num.fr/?idc=108767&idt=th310,salamander,1,zoomathia_match
http://ns.inria.fr/zoomathia/CASSIANUS_BASSUS/geoponica/e/15/1/text/2,https://opentheso.huma-num.fr/?idc=pcrtmhUStm5T6Y&idt=th310,fire,1,zoomathia_match
http://ns.inria.fr/zoomathia/CASSIANUS_BASSUS/geoponica/e/15/1/text/2,https://opentheso.huma-num.fr/?idc=pcrtmhUStm5T6Y&idt=th310,fire,1,zoomathia_match
http://ns.inria.fr/zoomathia/CASSIANUS_BASSUS/geoponica/e/15/1/text/2,https://opentheso.huma-num.fr/?idc=105779&idt=th310,nostrils,1,zoomathia_match
http://ns.inria.fr/zoomathia/CASSIANUS_BASSUS/geoponica/e/15/1/text/2,https://opentheso.huma-num.fr/?idc=pcrt3jcrAaRENB&idt=th310,goat,1,zoomathia_match
http://ns.inria.fr/zoomathia/CASSIANUS_BASSUS/geoponica/e/15/1/text/2,https://opentheso.huma-num.fr/?idc=106592&idt=th310,beard,1,zoomathia_match
http://ns.inria.fr/zoomathia/CASSIANUS_BASSUS/geoponica/e/15/1/text/2,https://www.wikidata.org/wiki/Q160362,Theophrastus,0.911,wikidata
http://ns.inria.fr/zoomathia/CASSIANUS_BASSUS/geoponica/e/15/1/text/2,https://www.wikidata.org/wiki/Q868,Aristotle,0.9027,wikidata
http://ns.inria.fr/zoomathia/CASSIANUS_BASSUS/geoponica/e/15/1/text/2,https://www.wikidata.org/wiki/Q16956983,the seasons,0.5666,wikidata
http://ns.inria.fr/zoomathia/CASSIANUS_BASSUS/geoponica/e/15/1/text/2,https://www.wikidata.org/wiki/Q193267,Nestor,0.4173,wikidata
http://ns.inria.fr/zoomathia/CASSIANUS_BASSUS/geoponica/e/15/1/text/2,http://dbpedia.org/resource/Theophrastus,Theophrastus,1.0,DBpedia
http://ns.inria.fr/zoomathia/CASSIANUS_BASSUS/geoponica/e/15/1/text/2,http://dbpedia.org/resource/Aristotle,Aristotle,1.0,DBpedia
http://ns.inria.fr/zoomathia/CASSIANUS_BASSUS/geoponica/e/15/1/text/2,http://dbpedia.org/resource/Animal,animals,0.9997865860425245,DBpedia
http://ns.inria.fr/zoomathia/CASSIANUS_BASSUS/geoponica/e/15/1/text/2,http://dbpedia.org/resource/Electric_generator,generated,0.8255633548727536,DBpedia
http://ns.inria.fr/zoomathia/CASSIANUS_BASSUS/geoponica/e/15/1/text/2,http://dbpedia.org/resource/Spontaneous_symmetry_breaking,spontaneously,0.9476056819289592,DBpedia
http://ns.inria.fr/zoomathia/CASSIANUS_BASSUS/geoponica/e/15/1/text/2,http://dbpedia.org/resource/Record_producer,produced,0.9998979665484067,DBpedia
http://ns.inria.fr/zoomathia/CASSIANUS_BASSUS/geoponica/e/15/1/text/2,http://dbpedia.org/resource/Earthworm,mould,0.9993750146555229,DBpedia
http://ns.inria.fr/zoomathia/CASSIANUS_BASSUS/geoponica/e/15/1/text/2,http://dbpedia.org/resource/Animal,animals,0.9997865860425245,DBpedia
http://ns.inria.fr/zoomathia/CASSIANUS_BASSUS/geoponica/e/15/1/text/2,http://dbpedia.org/resource/Plant,plants,0.9584111020093797,DBpedia
http://ns.inria.fr/zoomathia/CASSIANUS_BASSUS/geoponica/e/15/1/text/2,http://dbpedia.org/resource/Shapeshifting,changed,0.9999973913800123,DBpedia
http://ns.inria.fr/zoomathia/CASSIANUS_BASSUS/geoponica/e/15/1/text/2,http://dbpedia.org/resource/Caterpillar,caterpillar,1.0,DBpedia
http://ns.inria.fr/zoomathia/CASSIANUS_BASSUS/geoponica/e/15/1/text/2,http://dbpedia.org/resource/Shapeshifting,changed,0.9999973913800123,DBpedia
http://ns.inria.fr/zoomathia/CASSIANUS_BASSUS/geoponica/e/15/1/text/2,http://dbpedia.org/resource/Glossary_of_botanical_terms,winged,0.9994241350846226,DBpedia
http://ns.inria.fr/zoomathia/CASSIANUS_BASSUS/geoponica/e/15/1/text/2,http://dbpedia.org/resource/Animal,creature,0.9999484189754474,DBpedia
http://ns.inria.fr/zoomathia/CASSIANUS_BASSUS/geoponica/e/15/1/text/2,http://dbpedia.org/resource/Port,called,0.9939676544835654,DBpedia
http://ns.inria.fr/zoomathia/CASSIANUS_BASSUS/geoponica/e/15/1/text/2,http://dbpedia.org/resource/Butterfly,butterfly,0.9999977675442914,DBpedia
http://ns.inria.fr/zoomathia/CASSIANUS_BASSUS/geoponica/e/15/1/text/2,http://dbpedia.org/resource/Worm,worms,0.999961933359968,DBpedia
http://ns.inria.fr/zoomathia/CASSIANUS_BASSUS/geoponica/e/15/1/text/2,http://dbpedia.org/resource/Shapeshifting,changed,0.9999973913800123,DBpedia
http://ns.inria.fr/zoomathia/CASSIANUS_BASSUS/geoponica/e/15/1/text/2,http://dbpedia.org/resource/Cantharidin,cantharides,1.0,DBpedia
http://ns.inria.fr/zoomathia/CASSIANUS_BASSUS/geoponica/e/15/1/text/2,http://dbpedia.org/resource/Hydrus,hydrus,0.9999999999913598,DBpedia
http://ns.inria.fr/zoomathia/CASSIANUS_BASSUS/geoponica/e/15/1/text/2,http://dbpedia.org/resource/Viperidae,viper,0.9999999978767846,DBpedia
http://ns.inria.fr/zoomathia/CASSIANUS_BASSUS/geoponica/e/15/1/text/2,http://dbpedia.org/resource/Pond,ponds,0.9999999225242421,DBpedia
http://ns.inria.fr/zoomathia/CASSIANUS_BASSUS/geoponica/e/15/1/text/2,http://dbpedia.org/resource/Food_drying,dried,0.577581543058043,DBpedia
http://ns.inria.fr/zoomathia/CASSIANUS_BASSUS/geoponica/e/15/1/text/2,http://dbpedia.org/resource/Animal,animals,0.9997865860425245,DBpedia
http://ns.inria.fr/zoomathia/CASSIANUS_BASSUS/geoponica/e/15/1/text/2,http://dbpedia.org/resource/Shapeshifting,transformed,0.9999999738377031,DBpedia
http://ns.inria.fr/zoomathia/CASSIANUS_BASSUS/geoponica/e/15/1/text/2,http://dbpedia.org/resource/Season,seasons,1.0,DBpedia
http://ns.inria.fr/zoomathia/CASSIANUS_BASSUS/geoponica/e/15/1/text/2,http://dbpedia.org/resource/Shapeshifting,changed,0.9999973913800123,DBpedia
http://ns.inria.fr/zoomathia/CASSIANUS_BASSUS/geoponica/e/15/1/text/2,http://dbpedia.org/resource/Hoopoe,upupa,1.0,DBpedia
http://ns.inria.fr/zoomathia/CASSIANUS_BASSUS/geoponica/e/15/1/text/2,http://dbpedia.org/resource/European_robin,erithacus,1.0,DBpedia
http://ns.inria.fr/zoomathia/CASSIANUS_BASSUS/geoponica/e/15/1/text/2,http://dbpedia.org/resource/Summer,summer,0.9842529205091047,DBpedia
http://ns.inria.fr/zoomathia/CASSIANUS_BASSUS/geoponica/e/15/1/text/2,http://dbpedia.org/resource/Shapeshifting,transformed,0.9999999738377031,DBpedia
http://ns.inria.fr/zoomathia/CASSIANUS_BASSUS/geoponica/e/15/1/text/2,http://dbpedia.org/resource/Ficedula,ficedula,1.0,DBpedia
http://ns.inria.fr/zoomathia/CASSIANUS_BASSUS/geoponica/e/15/1/text/2,http://dbpedia.org/resource/Metamorphosis,metamorphosed,1.0,DBpedia
http://ns.inria.fr/zoomathia/CASSIANUS_BASSUS/geoponica/e/15/1/text/2,http://dbpedia.org/resource/Ficedula,ficedula,1.0,DBpedia
http://ns.inria.fr/zoomathia/CASSIANUS_BASSUS/geoponica/e/15/1/text/2,http://dbpedia.org/resource/Autumn,autumn,1.0,DBpedia
http://ns.inria.fr/zoomathia/CASSIANUS_BASSUS/geoponica/e/15/1/text/2,http://dbpedia.org/resource/Vintage,vintage,0.9984171740767868,DBpedia
http://ns.inria.fr/zoomathia/CASSIANUS_BASSUS/geoponica/e/15/1/text/2,http://dbpedia.org/resource/Seabird,sea-birds,1.0,DBpedia
http://ns.inria.fr/zoomathia/CASSIANUS_BASSUS/geoponica/e/15/1/text/2,http://dbpedia.org/resource/Suffering,hurt,0.9399954956740705,DBpedia
http://ns.inria.fr/zoomathia/CASSIANUS_BASSUS/geoponica/e/15/1/text/2,http://dbpedia.org/resource/Beak,beaks,0.999999997427949,DBpedia
http://ns.inria.fr/zoomathia/CASSIANUS_BASSUS/geoponica/e/15/1/text/2,http://dbpedia.org/resource/Ham,cured,0.9999860056285947,DBpedia
http://ns.inria.fr/zoomathia/CASSIANUS_BASSUS/geoponica/e/15/1/text/2,http://dbpedia.org/resource/Origanum,origanum,1.0,DBpedia
http://ns.inria.fr/zoomathia/CASSIANUS_BASSUS/geoponica/e/15/1/text/2,http://dbpedia.org/resource/Radish,radish,0.9999999999445208,DBpedia
http://ns.inria.fr/zoomathia/CASSIANUS_BASSUS/geoponica/e/15/1/text/2,http://dbpedia.org/resource/Oviparity,laid,0.9999999999783995,DBpedia
http://ns.inria.fr/zoomathia/CASSIANUS_BASSUS/geoponica/e/15/1/text/2,http://dbpedia.org/resource/Scorpion,scorpion,1.0,DBpedia
http://ns.inria.fr/zoomathia/CASSIANUS_BASSUS/geoponica/e/15/1/text/2,http://dbpedia.org/resource/Sri_Lankan_Civil_War,kills,0.9735728760829192,DBpedia
http://ns.inria.fr/zoomathia/CASSIANUS_BASSUS/geoponica/e/15/1/text/2,http://dbpedia.org/resource/Human,person,0.9999980453527318,DBpedia
http://ns.inria.fr/zoomathia/CASSIANUS_BASSUS/geoponica/e/15/1/text/2,http://dbpedia.org/resource/Scorpion,scorpion,1.0,DBpedia
http://ns.inria.fr/zoomathia/CASSIANUS_BASSUS/geoponica/e/15/1/text/2,http://dbpedia.org/resource/Sitting,sit,1.0,DBpedia
http://ns.inria.fr/zoomathia/CASSIANUS_BASSUS/geoponica/e/15/1/text/2,http://dbpedia.org/resource/Erection,erect,0.9967191726505651,DBpedia
http://ns.inria.fr/zoomathia/CASSIANUS_BASSUS/geoponica/e/15/1/text/2,http://dbpedia.org/resource/Neutral_spine,posture,0.9671689422266959,DBpedia
http://ns.inria.fr/zoomathia/CASSIANUS_BASSUS/geoponica/e/15/1/text/2,http://dbpedia.org/resource/Anus,ass,0.5509276926375334,DBpedia
http://ns.inria.fr/zoomathia/CASSIANUS_BASSUS/geoponica/e/15/1/text/2,http://dbpedia.org/resource/Tail,tail,0.9999621879378849,DBpedia
http://ns.inria.fr/zoomathia/CASSIANUS_BASSUS/geoponica/e/15/1/text/2,http://dbpedia.org/resource/Anus,ass,0.5509276926375334,DBpedia
http://ns.inria.fr/zoomathia/CASSIANUS_BASSUS/geoponica/e/15/1/text/2,http://dbpedia.org/resource/Suffering,suffer,0.9993599888670756,DBpedia
http://ns.inria.fr/zoomathia/CASSIANUS_BASSUS/geoponica/e/15/1/text/2,http://dbpedia.org/resource/Alcohol_proof,proof,0.9999998706155194,DBpedia
http://ns.inria.fr/zoomathia/CASSIANUS_BASSUS/geoponica/e/15/1/text/2,http://dbpedia.org/resource/Human,person,0.9999980453527318,DBpedia
http://ns.inria.fr/zoomathia/CASSIANUS_BASSUS/geoponica/e/15/1/text/2,http://dbpedia.org/resource/Scorpion,scorpion,1.0,DBpedia
http://ns.inria.fr/zoomathia/CASSIANUS_BASSUS/geoponica/e/15/1/text/2,http://dbpedia.org/resource/Anus,ass,0.5509276926375334,DBpedia
http://ns.inria.fr/zoomathia/CASSIANUS_BASSUS/geoponica/e/15/1/text/2,http://dbpedia.org/resource/Scorpion,scorpion,1.0,DBpedia
http://ns.inria.fr/zoomathia/CASSIANUS_BASSUS/geoponica/e/15/1/text/2,http://dbpedia.org/resource/Suffering,suffer,0.9993599888670756,DBpedia
http://ns.inria.fr/zoomathia/CASSIANUS_BASSUS/geoponica/e/15/1/text/2,http://dbpedia.org/resource/Pain,pain,0.9982258570058866,DBpedia
http://ns.inria.fr/zoomathia/CASSIANUS_BASSUS/geoponica/e/15/1/text/2,http://dbpedia.org/resource/Horizontal_gene_transfer,transferred,0.9994905560784559,DBpedia
http://ns.inria.fr/zoomathia/CASSIANUS_BASSUS/geoponica/e/15/1/text/2,http://dbpedia.org/resource/Anus,ass,0.5509276926375334,DBpedia
http://ns.inria.fr/zoomathia/CASSIANUS_BASSUS/geoponica/e/15/1/text/2,http://dbpedia.org/resource/Ant,Ants,1.0,DBpedia
http://ns.inria.fr/zoomathia/CASSIANUS_BASSUS/geoponica/e/15/1/text/2,http://dbpedia.org/resource/Wheat,wheat,0.9999999999790816,DBpedia
http://ns.inria.fr/zoomathia/CASSIANUS_BASSUS/geoponica/e/15/1/text/2,http://dbpedia.org/resource/Capital_accumulation,accumulated,1.0,DBpedia
http://ns.inria.fr/zoomathia/CASSIANUS_BASSUS/geoponica/e/15/1/text/2,http://dbpedia.org/resource/Plant_propagation,grow,0.9999985942227672,DBpedia
http://ns.inria.fr/zoomathia/CASSIANUS_BASSUS/geoponica/e/15/1/text/2,http://dbpedia.org/resource/Cannibalism,eat,0.6438652218258624,DBpedia
http://ns.inria.fr/zoomathia/CASSIANUS_BASSUS/geoponica/e/15/1/text/2,http://dbpedia.org/resource/Interior_design,interior,0.9512980363829329,DBpedia
http://ns.inria.fr/zoomathia/CASSIANUS_BASSUS/geoponica/e/15/1/text/2,http://dbpedia.org/resource/Grain,grain,0.57436101641762,DBpedia
http://ns.inria.fr/zoomathia/CASSIANUS_BASSUS/geoponica/e/15/1/text/2,http://dbpedia.org/resource/The_Seeds,The seeds,1.0,DBpedia
http://ns.inria.fr/zoomathia/CASSIANUS_BASSUS/geoponica/e/15/1/text/2,http://dbpedia.org/resource/Sowing,sowing,1.0,DBpedia
http://ns.inria.fr/zoomathia/CASSIANUS_BASSUS/geoponica/e/15/1/text/2,http://dbpedia.org/resource/Ox,ox,0.9801825867563223,DBpedia
http://ns.inria.fr/zoomathia/CASSIANUS_BASSUS/geoponica/e/15/1/text/2,http://dbpedia.org/resource/Fire,fire,0.999999965031521,DBpedia
http://ns.inria.fr/zoomathia/CASSIANUS_BASSUS/geoponica/e/15/1/text/2,http://dbpedia.org/resource/Port,called,0.9939676544835654,DBpedia
http://ns.inria.fr/zoomathia/CASSIANUS_BASSUS/geoponica/e/15/1/text/2,http://dbpedia.org/resource/The_Magnet,The magnet,0.9999996749298208,DBpedia
http://ns.inria.fr/zoomathia/CASSIANUS_BASSUS/geoponica/e/15/1/text/2,http://dbpedia.org/resource/Sideritis,sideritis,1.0,DBpedia
http://ns.inria.fr/zoomathia/CASSIANUS_BASSUS/geoponica/e/15/1/text/2,http://dbpedia.org/resource/Iron,iron,0.9999814445518821,DBpedia
http://ns.inria.fr/zoomathia/CASSIANUS_BASSUS/geoponica/e/15/1/text/2,http://dbpedia.org/resource/Divestment,divested,0.9999999972403657,DBpedia
http://ns.inria.fr/zoomathia/CASSIANUS_BASSUS/geoponica/e/15/1/text/2,http://dbpedia.org/resource/Electricity,power,0.9873816352693097,DBpedia
http://ns.inria.fr/zoomathia/CASSIANUS_BASSUS/geoponica/e/15/1/text/2,http://dbpedia.org/resource/Stone_rubbing,rubbed,0.9999999999997726,DBpedia
http://ns.inria.fr/zoomathia/CASSIANUS_BASSUS/geoponica/e/15/1/text/2,http://dbpedia.org/resource/Garlic,garlic,1.0,DBpedia
http://ns.inria.fr/zoomathia/CASSIANUS_BASSUS/geoponica/e/15/1/text/2,http://dbpedia.org/resource/Electricity,power,0.9873816352693097,DBpedia
http://ns.inria.fr/zoomathia/CASSIANUS_BASSUS/geoponica/e/15/1/text/2,http://dbpedia.org/resource/Blood,blood,0.9999939979075453,DBpedia
http://ns.inria.fr/zoomathia/CASSIANUS_BASSUS/geoponica/e/15/1/text/2,http://dbpedia.org/resource/Goat,goat,0.9999999852836937,DBpedia
http://ns.inria.fr/zoomathia/CASSIANUS_BASSUS/geoponica/e/15/1/text/2,http://dbpedia.org/resource/Amber,Amber,1.0,DBpedia
http://ns.inria.fr/zoomathia/CASSIANUS_BASSUS/geoponica/e/15/1/text/2,http://dbpedia.org/resource/Chaff,chaff,1.0,DBpedia
http://ns.inria.fr/zoomathia/CASSIANUS_BASSUS/geoponica/e/15/1/text/2,http://dbpedia.org/resource/Light,light,0.9999988069514825,DBpedia
http://ns.inria.fr/zoomathia/CASSIANUS_BASSUS/geoponica/e/15/1/text/2,http://dbpedia.org/resource/Basil,basil,1.0,DBpedia
http://ns.inria.fr/zoomathia/CASSIANUS_BASSUS/geoponica/e/15/1/text/2,http://dbpedia.org/resource/Sorting,sorts,0.9995196864796393,DBpedia
http://ns.inria.fr/zoomathia/CASSIANUS_BASSUS/geoponica/e/15/1/text/2,http://dbpedia.org/resource/Aetites,aetites,0.9101212739917202,DBpedia
http://ns.inria.fr/zoomathia/CASSIANUS_BASSUS/geoponica/e/15/1/text/2,http://dbpedia.org/resource/Solid,solid,0.9868357282966741,DBpedia
http://ns.inria.fr/zoomathia/CASSIANUS_BASSUS/geoponica/e/15/1/text/2,http://dbpedia.org/resource/Light,light,0.9999988069514825,DBpedia
http://ns.inria.fr/zoomathia/CASSIANUS_BASSUS/geoponica/e/15/1/text/2,http://dbpedia.org/resource/Solid,solid,0.9868357282966741,DBpedia
http://ns.inria.fr/zoomathia/CASSIANUS_BASSUS/geoponica/e/15/1/text/2,http://dbpedia.org/resource/Fly_tying,tied,0.9964101965525359,DBpedia
http://ns.inria.fr/zoomathia/CASSIANUS_BASSUS/geoponica/e/15/1/text/2,http://dbpedia.org/resource/Female,females,0.9999999999715783,DBpedia
http://ns.inria.fr/zoomathia/CASSIANUS_BASSUS/geoponica/e/15/1/text/2,http://dbpedia.org/resource/Lobbying,promotes,0.8928116640248701,DBpedia
http://ns.inria.fr/zoomathia/CASSIANUS_BASSUS/geoponica/e/15/1/text/2,http://dbpedia.org/resource/Fetus,foetus,1.0,DBpedia
http://ns.inria.fr/zoomathia/CASSIANUS_BASSUS/geoponica/e/15/1/text/2,http://dbpedia.org/resource/Coral,Coral,0.9999738118517959,DBpedia
http://ns.inria.fr/zoomathia/CASSIANUS_BASSUS/geoponica/e/15/1/text/2,http://dbpedia.org/resource/House,house,0.865529409937413,DBpedia
http://ns.inria.fr/zoomathia/CASSIANUS_BASSUS/geoponica/e/15/1/text/2,http://dbpedia.org/resource/Violence,violence,0.9999999346496246,DBpedia
http://ns.inria.fr/zoomathia/CASSIANUS_BASSUS/geoponica/e/15/1/text/2,http://dbpedia.org/resource/Shoot,shoots,0.9999622160461205,DBpedia
http://ns.inria.fr/zoomathia/CASSIANUS_BASSUS/geoponica/e/15/1/text/2,http://dbpedia.org/resource/Ebony,ebony,0.9917239547945501,DBpedia
http://ns.inria.fr/zoomathia/CASSIANUS_BASSUS/geoponica/e/15/1/text/2,http://dbpedia.org/resource/Root,roots,1.0,DBpedia
http://ns.inria.fr/zoomathia/CASSIANUS_BASSUS/geoponica/e/15/1/text/2,http://dbpedia.org/resource/Aspalathus,aspalathus,1.0,DBpedia
http://ns.inria.fr/zoomathia/CASSIANUS_BASSUS/geoponica/e/15/1/text/2,http://dbpedia.org/resource/Food_drying,dried,0.577581543058043,DBpedia
http://ns.inria.fr/zoomathia/CASSIANUS_BASSUS/geoponica/e/15/1/text/2,http://dbpedia.org/resource/Scilla,squill,0.7719461623132428,DBpedia
http://ns.inria.fr/zoomathia/CASSIANUS_BASSUS/geoponica/e/15/1/text/2,http://dbpedia.org/resource/Supine_position,lying,0.9676585413570358,DBpedia
http://ns.inria.fr/zoomathia/CASSIANUS_BASSUS/geoponica/e/15/1/text/2,http://dbpedia.org/resource/Human_mouth,vestibule,0.9999997583127261,DBpedia
http://ns.inria.fr/zoomathia/CASSIANUS_BASSUS/geoponica/e/15/1/text/2,http://dbpedia.org/resource/House,house,0.865529409937413,DBpedia
http://ns.inria.fr/zoomathia/CASSIANUS_BASSUS/geoponica/e/15/1/text/2,http://dbpedia.org/resource/Incense,fumigation,0.9999998859434592,DBpedia
http://ns.inria.fr/zoomathia/CASSIANUS_BASSUS/geoponica/e/15/1/text/2,http://dbpedia.org/resource/Sandstone,stone,0.9713463213560747,DBpedia
http://ns.inria.fr/zoomathia/CASSIANUS_BASSUS/geoponica/e/15/1/text/2,http://dbpedia.org/resource/Port,called,0.9939676544835654,DBpedia
http://ns.inria.fr/zoomathia/CASSIANUS_BASSUS/geoponica/e/15/1/text/2,http://dbpedia.org/resource/Optical_disc_drive,drives,0.389644442781201,DBpedia
http://ns.inria.fr/zoomathia/CASSIANUS_BASSUS/geoponica/e/15/1/text/2,http://dbpedia.org/resource/Reptile,reptiles,1.0,DBpedia
http://ns.inria.fr/zoomathia/CASSIANUS_BASSUS/geoponica/e/15/1/text/2,http://dbpedia.org/resource/Sandstone,stone,0.9713463213560747,DBpedia
http://ns.inria.fr/zoomathia/CASSIANUS_BASSUS/geoponica/e/15/1/text/2,http://dbpedia.org/resource/Ice_diving,cold water,0.9999986020328145,DBpedia
http://ns.inria.fr/zoomathia/CASSIANUS_BASSUS/geoponica/e/15/1/text/2,http://dbpedia.org/resource/Fire,fire,0.999999965031521,DBpedia
http://ns.inria.fr/zoomathia/CASSIANUS_BASSUS/geoponica/e/15/1/text/2,http://dbpedia.org/resource/Fire,burns,0.9999989261078863,DBpedia
http://ns.inria.fr/zoomathia/CASSIANUS_BASSUS/geoponica/e/15/1/text/2,http://dbpedia.org/resource/Nestor_the_Chronicler,Nestor,0.970609392816161,DBpedia
http://ns.inria.fr/zoomathia/CASSIANUS_BASSUS/geoponica/e/15/1/text/2,http://dbpedia.org/resource/Panacea,Panacea,1.0,DBpedia
http://ns.inria.fr/zoomathia/CASSIANUS_BASSUS/geoponica/e/15/1/text/2,http://dbpedia.org/resource/Vegetable_oil,oil,0.9986225837908278,DBpedia
http://ns.inria.fr/zoomathia/CASSIANUS_BASSUS/geoponica/e/15/1/text/2,http://dbpedia.org/resource/Combustibility_and_flammability,burn,0.7419674676725398,DBpedia
http://ns.inria.fr/zoomathia/CASSIANUS_BASSUS/geoponica/e/15/1/text/2,http://dbpedia.org/resource/Anatomical_terms_of_location,superior,1.0,DBpedia
http://ns.inria.fr/zoomathia/CASSIANUS_BASSUS/geoponica/e/15/1/text/2,http://dbpedia.org/resource/Electricity,power,0.9873816352693097,DBpedia
http://ns.inria.fr/zoomathia/CASSIANUS_BASSUS/geoponica/e/15/1/text/2,http://dbpedia.org/resource/Fire,fire,0.999999965031521,DBpedia
http://ns.inria.fr/zoomathia/CASSIANUS_BASSUS/geoponica/e/15/1/text/2,http://dbpedia.org/resource/Britain_Stronger_in_Europe,remain,0.9996773433491994,DBpedia
http://ns.inria.fr/zoomathia/CASSIANUS_BASSUS/geoponica/e/15/1/text/2,http://dbpedia.org/resource/Long_hair,long,0.928058179325597,DBpedia
http://ns.inria.fr/zoomathia/CASSIANUS_BASSUS/geoponica/e/15/1/text/2,http://dbpedia.org/resource/Time,time,0.9999598851358696,DBpedia
http://ns.inria.fr/zoomathia/CASSIANUS_BASSUS/geoponica/e/15/1/text/2,http://dbpedia.org/resource/Fire,fire,0.999999965031521,DBpedia
http://ns.inria.fr/zoomathia/CASSIANUS_BASSUS/geoponica/e/15/1/text/2,http://dbpedia.org/resource/Salamander,salamander,0.9999999998960902,DBpedia
http://ns.inria.fr/zoomathia/CASSIANUS_BASSUS/geoponica/e/15/1/text/2,http://dbpedia.org/resource/Animal,animal,0.9999976062917085,DBpedia
http://ns.inria.fr/zoomathia/CASSIANUS_BASSUS/geoponica/e/15/1/text/2,http://dbpedia.org/resource/Record_producer,produced,0.9998979665484067,DBpedia
http://ns.inria.fr/zoomathia/CASSIANUS_BASSUS/geoponica/e/15/1/text/2,http://dbpedia.org/resource/Fire,fire,0.999999965031521,DBpedia
http://ns.inria.fr/zoomathia/CASSIANUS_BASSUS/geoponica/e/15/1/text/2,http://dbpedia.org/resource/Life,lives,0.9999998156495337,DBpedia
http://ns.inria.fr/zoomathia/CASSIANUS_BASSUS/geoponica/e/15/1/text/2,http://dbpedia.org/resource/Fire,fire,0.999999965031521,DBpedia
http://ns.inria.fr/zoomathia/CASSIANUS_BASSUS/geoponica/e/15/1/text/2,http://dbpedia.org/resource/Scavenger,consumed,0.9999993813143742,DBpedia
http://ns.inria.fr/zoomathia/CASSIANUS_BASSUS/geoponica/e/15/1/text/2,http://dbpedia.org/resource/Chicago_Bulls,Bulls,0.9937340127630363,DBpedia
http://ns.inria.fr/zoomathia/CASSIANUS_BASSUS/geoponica/e/15/1/text/2,http://dbpedia.org/resource/Nostril,nostrils,0.9999999999633928,DBpedia
http://ns.inria.fr/zoomathia/CASSIANUS_BASSUS/geoponica/e/15/1/text/2,http://dbpedia.org/resource/Stone_rubbing,rubbed,0.9999999999997726,DBpedia
http://ns.inria.fr/zoomathia/CASSIANUS_BASSUS/geoponica/e/15/1/text/2,http://dbpedia.org/resource/Food_processing,preparation,0.9861944550299847,DBpedia
http://ns.inria.fr/zoomathia/CASSIANUS_BASSUS/geoponica/e/15/1/text/2,http://dbpedia.org/resource/Rose,roses,0.9999999982776444,DBpedia
http://ns.inria.fr/zoomathia/CASSIANUS_BASSUS/geoponica/e/15/1/text/2,http://dbpedia.org/resource/Goat,he-goat,1.0,DBpedia
http://ns.inria.fr/zoomathia/CASSIANUS_BASSUS/geoponica/e/15/1/text/2,http://dbpedia.org/resource/Cutting,cut,0.9999995955925806,DBpedia
http://ns.inria.fr/zoomathia/CASSIANUS_BASSUS/geoponica/e/15/2/text/1,https://opentheso.huma-num.fr/?idc=pcrtnpPag9iONJ&idt=th310,bees,1,zoomathia_match
http://ns.inria.fr/zoomathia/CASSIANUS_BASSUS/geoponica/e/15/2/text/1,https://opentheso.huma-num.fr/?idc=pcrtbnf4dSz1IR&idt=th310,sun,1,zoomathia_match
http://ns.inria.fr/zoomathia/CASSIANUS_BASSUS/geoponica/e/15/2/text/1,https://opentheso.huma-num.fr/?idc=105657&idt=th310,winter,1,zoomathia_match
http://ns.inria.fr/zoomathia/CASSIANUS_BASSUS/geoponica/e/15/2/text/1,https://opentheso.huma-num.fr/?idc=105655&idt=th310,spring,1,zoomathia_match
http://ns.inria.fr/zoomathia/CASSIANUS_BASSUS/geoponica/e/15/2/text/1,https://opentheso.huma-num.fr/?idc=105657&idt=th310,winter,1,zoomathia_match
http://ns.inria.fr/zoomathia/CASSIANUS_BASSUS/geoponica/e/15/2/text/1,https://opentheso.huma-num.fr/?idc=107586&idt=th310,air,1,zoomathia_match
http://ns.inria.fr/zoomathia/CASSIANUS_BASSUS/geoponica/e/15/2/text/1,https://opentheso.huma-num.fr/?idc=107576&idt=th310,water,1,zoomathia_match
http://ns.inria.fr/zoomathia/CASSIANUS_BASSUS/geoponica/e/15/2/text/1,https://opentheso.huma-num.fr/?idc=pcrtnpPag9iONJ&idt=th310,bees,1,zoomathia_match
http://ns.inria.fr/zoomathia/CASSIANUS_BASSUS/geoponica/e/15/2/text/1,https://opentheso.huma-num.fr/?idc=pcrtalmpL9IBGx&idt=th310,gravel,1,zoomathia_match
http://ns.inria.fr/zoomathia/CASSIANUS_BASSUS/geoponica/e/15/2/text/1,https://opentheso.huma-num.fr/?idc=pcrtnpPag9iONJ&idt=th310,bees,1,zoomathia_match
http://ns.inria.fr/zoomathia/CASSIANUS_BASSUS/geoponica/e/15/2/text/1,https://opentheso.huma-num.fr/?idc=pcrtsPauzzRS5z&idt=th310,honey,1,zoomathia_match
http://ns.inria.fr/zoomathia/CASSIANUS_BASSUS/geoponica/e/15/2/text/1,https://opentheso.huma-num.fr/?idc=pcrtWUyge94a85&idt=th310,set,1,zoomathia_match
http://ns.inria.fr/zoomathia/CASSIANUS_BASSUS/geoponica/e/15/2/text/1,https://opentheso.huma-num.fr/?idc=pcrtTgttY2SfBr&idt=th310,pebbles,1,zoomathia_match
http://ns.inria.fr/zoomathia/CASSIANUS_BASSUS/geoponica/e/15/2/text/1,https://opentheso.huma-num.fr/?idc=pcrtMr3tb79bV8&idt=th310,wood,1,zoomathia_match
http://ns.inria.fr/zoomathia/CASSIANUS_BASSUS/geoponica/e/15/2/text/1,https://opentheso.huma-num.fr/?idc=107576&idt=th310,water,1,zoomathia_match
http://ns.inria.fr/zoomathia/CASSIANUS_BASSUS/geoponica/e/15/2/text/1,https://opentheso.huma-num.fr/?idc=pcrt6z097U6IUf&idt=th310,drink,1,zoomathia_match
http://ns.inria.fr/zoomathia/CASSIANUS_BASSUS/geoponica/e/15/2/text/1,https://opentheso.huma-num.fr/?idc=105655&idt=th310,spring,1,zoomathia_match
http://ns.inria.fr/zoomathia/CASSIANUS_BASSUS/geoponica/e/15/2/text/1,https://opentheso.huma-num.fr/?idc=107576&idt=th310,water,1,zoomathia_match
http://ns.inria.fr/zoomathia/CASSIANUS_BASSUS/geoponica/e/15/2/text/1,https://opentheso.huma-num.fr/?idc=107576&idt=th310,water,1,zoomathia_match
http://ns.inria.fr/zoomathia/CASSIANUS_BASSUS/geoponica/e/15/2/text/1,https://opentheso.huma-num.fr/?idc=pcrtfv4IrNiWE8&idt=th310,vessels,1,zoomathia_match
http://ns.inria.fr/zoomathia/CASSIANUS_BASSUS/geoponica/e/15/2/text/1,https://opentheso.huma-num.fr/?idc=pcrtnpPag9iONJ&idt=th310,bees,1,zoomathia_match
http://ns.inria.fr/zoomathia/CASSIANUS_BASSUS/geoponica/e/15/2/text/1,https://opentheso.huma-num.fr/?idc=107576&idt=th310,water,1,zoomathia_match
http://ns.inria.fr/zoomathia/CASSIANUS_BASSUS/geoponica/e/15/2/text/1,https://opentheso.huma-num.fr/?idc=107604&idt=th310,thyme,1,zoomathia_match
http://ns.inria.fr/zoomathia/CASSIANUS_BASSUS/geoponica/e/15/2/text/1,https://opentheso.huma-num.fr/?idc=pcrtsPauzzRS5z&idt=th310,honey,1,zoomathia_match
http://ns.inria.fr/zoomathia/CASSIANUS_BASSUS/geoponica/e/15/2/text/1,https://opentheso.huma-num.fr/?idc=pcrtnpPag9iONJ&idt=th310,bees,1,zoomathia_match
http://ns.inria.fr/zoomathia/CASSIANUS_BASSUS/geoponica/e/15/2/text/1,https://opentheso.huma-num.fr/?idc=pcrtc6RmFQxFuS&idt=th310,pitch,1,zoomathia_match
http://ns.inria.fr/zoomathia/CASSIANUS_BASSUS/geoponica/e/15/2/text/1,https://opentheso.huma-num.fr/?idc=105246&idt=th310,nourishment,1,zoomathia_match
http://ns.inria.fr/zoomathia/CASSIANUS_BASSUS/geoponica/e/15/2/text/1,https://opentheso.huma-num.fr/?idc=105470&idt=th310,hives,1,zoomathia_match
http://ns.inria.fr/zoomathia/CASSIANUS_BASSUS/geoponica/e/15/2/text/1,https://opentheso.huma-num.fr/?idc=pcrtfv4IrNiWE8&idt=th310,vessels,1,zoomathia_match
http://ns.inria.fr/zoomathia/CASSIANUS_BASSUS/geoponica/e/15/2/text/1,https://opentheso.huma-num.fr/?idc=pcrtnpPag9iONJ&idt=th310,bees,1,zoomathia_match
http://ns.inria.fr/zoomathia/CASSIANUS_BASSUS/geoponica/e/15/2/text/1,https://opentheso.huma-num.fr/?idc=107538&idt=th310,tree,1,zoomathia_match
http://ns.inria.fr/zoomathia/CASSIANUS_BASSUS/geoponica/e/15/2/text/1,https://opentheso.huma-num.fr/?idc=pcrtX2GZDDmfz4&idt=th310,cubit,1,zoomathia_match
http://ns.inria.fr/zoomathia/CASSIANUS_BASSUS/geoponica/e/15/2/text/1,https://opentheso.huma-num.fr/?idc=pcrtX2GZDDmfz4&idt=th310,cubits,1,zoomathia_match
http://ns.inria.fr/zoomathia/CASSIANUS_BASSUS/geoponica/e/15/2/text/1,https://opentheso.huma-num.fr/?idc=106536&idt=th310,cow,1,zoomathia_match
http://ns.inria.fr/zoomathia/CASSIANUS_BASSUS/geoponica/e/15/2/text/1,https://opentheso.huma-num.fr/?idc=107586&idt=th310,air,1,zoomathia_match
http://ns.inria.fr/zoomathia/CASSIANUS_BASSUS/geoponica/e/15/2/text/1,https://opentheso.huma-num.fr/?idc=pcrtmFiiOHIboO&idt=th310,dry,1,zoomathia_match
http://ns.inria.fr/zoomathia/CASSIANUS_BASSUS/geoponica/e/15/2/text/1,https://opentheso.huma-num.fr/?idc=pcrtnpPag9iONJ&idt=th310,bees,1,zoomathia_match
http://ns.inria.fr/zoomathia/CASSIANUS_BASSUS/geoponica/e/15/2/text/1,https://opentheso.huma-num.fr/?idc=105428&idt=th310,reason,1,zoomathia_match
http://ns.inria.fr/zoomathia/CASSIANUS_BASSUS/geoponica/e/15/2/text/1,https://opentheso.huma-num.fr/?idc=pcrtnpPag9iONJ&idt=th310,bee,1,zoomathia_match
http://ns.inria.fr/zoomathia/CASSIANUS_BASSUS/geoponica/e/15/2/text/1,https://opentheso.huma-num.fr/?idc=pcrtIxHmbVwDYW&idt=th310,wall,1,zoomathia_match
http://ns.inria.fr/zoomathia/CASSIANUS_BASSUS/geoponica/e/15/2/text/1,https://opentheso.huma-num.fr/?idc=105121&idt=th310,flying,1,zoomathia_match
http://ns.inria.fr/zoomathia/CASSIANUS_BASSUS/geoponica/e/15/2/text/1,https://opentheso.huma-num.fr/?idc=105383&idt=th310,flying,1,zoomathia_match
http://ns.inria.fr/zoomathia/CASSIANUS_BASSUS/geoponica/e/15/2/text/1,https://opentheso.huma-num.fr/?idc=107608&idt=th310,dew,1,zoomathia_match
http://ns.inria.fr/zoomathia/CASSIANUS_BASSUS/geoponica/e/15/2/text/1,https://opentheso.huma-num.fr/?idc=105428&idt=th310,reason,1,zoomathia_match
http://ns.inria.fr/zoomathia/CASSIANUS_BASSUS/geoponica/e/15/2/text/1,https://opentheso.huma-num.fr/?idc=105428&idt=th310,reason,1,zoomathia_match
http://ns.inria.fr/zoomathia/CASSIANUS_BASSUS/geoponica/e/15/2/text/1,https://opentheso.huma-num.fr/?idc=105470&idt=th310,hives,1,zoomathia_match
http://ns.inria.fr/zoomathia/CASSIANUS_BASSUS/geoponica/e/15/2/text/1,https://opentheso.huma-num.fr/?idc=pcrtn5zR6bBN39&idt=th310,leather,1,zoomathia_match
http://ns.inria.fr/zoomathia/CASSIANUS_BASSUS/geoponica/e/15/2/text/1,https://opentheso.huma-num.fr/?idc=pcrtGSslMASdGf&idt=th310,day,1,zoomathia_match
http://ns.inria.fr/zoomathia/CASSIANUS_BASSUS/geoponica/e/15/2/text/1,https://opentheso.huma-num.fr/?idc=105139&idt=th310,combs,1,zoomathia_match
http://ns.inria.fr/zoomathia/CASSIANUS_BASSUS/geoponica/e/15/2/text/1,https://opentheso.huma-num.fr/?idc=pcrtnpPag9iONJ&idt=th310,bees,1,zoomathia_match
http://ns.inria.fr/zoomathia/CASSIANUS_BASSUS/geoponica/e/15/2/text/1,https://opentheso.huma-num.fr/?idc=105404&idt=th310,taste,1,zoomathia_match
http://ns.inria.fr/zoomathia/CASSIANUS_BASSUS/geoponica/e/15/2/text/1,https://opentheso.huma-num.fr/?idc=pcrtmwjz8S1ZgH&idt=th310,cure,1,zoomathia_match
http://ns.inria.fr/zoomathia/CASSIANUS_BASSUS/geoponica/e/15/2/text/1,https://opentheso.huma-num.fr/?idc=pcrtDFvOrje3j0&idt=th310,fruit,1,zoomathia_match
http://ns.inria.fr/zoomathia/CASSIANUS_BASSUS/geoponica/e/15/2/text/1,https://opentheso.huma-num.fr/?idc=pcrtX1X3PUJHwQ&idt=th310,sieve,1,zoomathia_match
http://ns.inria.fr/zoomathia/CASSIANUS_BASSUS/geoponica/e/15/2/text/1,https://opentheso.huma-num.fr/?idc=pcrtsPauzzRS5z&idt=th310,honey,1,zoomathia_match
http://ns.inria.fr/zoomathia/CASSIANUS_BASSUS/geoponica/e/15/2/text/1,https://opentheso.huma-num.fr/?idc=pcrt3mTg9h3RFE&idt=th310,wine,1,zoomathia_match
http://ns.inria.fr/zoomathia/CASSIANUS_BASSUS/geoponica/e/15/2/text/1,https://opentheso.huma-num.fr/?idc=pcrtWUyge94a85&idt=th310,set,1,zoomathia_match
http://ns.inria.fr/zoomathia/CASSIANUS_BASSUS/geoponica/e/15/2/text/1,https://opentheso.huma-num.fr/?idc=pcrtmwjz8S1ZgH&idt=th310,cure,1,zoomathia_match
http://ns.inria.fr/zoomathia/CASSIANUS_BASSUS/geoponica/e/15/2/text/1,https://opentheso.huma-num.fr/?idc=107538&idt=th310,tree,1,zoomathia_match
http://ns.inria.fr/zoomathia/CASSIANUS_BASSUS/geoponica/e/15/2/text/1,https://opentheso.huma-num.fr/?idc=106004&idt=th310,wild,1,zoomathia_match
http://ns.inria.fr/zoomathia/CASSIANUS_BASSUS/geoponica/e/15/2/text/1,https://opentheso.huma-num.fr/?idc=107538&idt=th310,tree,1,zoomathia_match
http://ns.inria.fr/zoomathia/CASSIANUS_BASSUS/geoponica/e/15/2/text/1,https://opentheso.huma-num.fr/?idc=pcrtmwjz8S1ZgH&idt=th310,cure,1,zoomathia_match
http://ns.inria.fr/zoomathia/CASSIANUS_BASSUS/geoponica/e/15/2/text/1,https://opentheso.huma-num.fr/?idc=105403&idt=th310,sight,1,zoomathia_match
http://ns.inria.fr/zoomathia/CASSIANUS_BASSUS/geoponica/e/15/2/text/1,https://opentheso.huma-num.fr/?idc=107634&idt=th310,smoke,1,zoomathia_match
http://ns.inria.fr/zoomathia/CASSIANUS_BASSUS/geoponica/e/15/2/text/1,https://opentheso.huma-num.fr/?idc=107596&idt=th310,leaves,1,zoomathia_match
http://ns.inria.fr/zoomathia/CASSIANUS_BASSUS/geoponica/e/15/2/text/1,https://www.wikidata.org/wiki/Q65060966,the spring,0.4256,wikidata
http://ns.inria.fr/zoomathia/CASSIANUS_BASSUS/geoponica/e/15/2/text/1,https://www.wikidata.org/wiki/Q18701652,the winter,0.3713,wikidata
http://ns.inria.fr/zoomathia/CASSIANUS_BASSUS/geoponica/e/15/2/text/1,https://www.wikidata.org/wiki/Q2258275,Sage,0.3915,wikidata
http://ns.inria.fr/zoomathia/CASSIANUS_BASSUS/geoponica/e/15/2/text/1,http://dbpedia.org/resource/Wikipedia,place,0.5775093767406696,DBpedia
http://ns.inria.fr/zoomathia/CASSIANUS_BASSUS/geoponica/e/15/2/text/1,http://dbpedia.org/resource/Bee,bees,0.9999178173125083,DBpedia
http://ns.inria.fr/zoomathia/CASSIANUS_BASSUS/geoponica/e/15/2/text/1,http://dbpedia.org/resource/Shapeshifting,turned,0.9999977498187341,DBpedia
http://ns.inria.fr/zoomathia/CASSIANUS_BASSUS/geoponica/e/15/2/text/1,http://dbpedia.org/resource/Railway_signal,aspect,0.9767372169434874,DBpedia
http://ns.inria.fr/zoomathia/CASSIANUS_BASSUS/geoponica/e/15/2/text/1,http://dbpedia.org/resource/Sunlight,sun,0.9999950387810091,DBpedia
http://ns.inria.fr/zoomathia/CASSIANUS_BASSUS/geoponica/e/15/2/text/1,http://dbpedia.org/resource/River_source,rises,0.9996217028821704,DBpedia
http://ns.inria.fr/zoomathia/CASSIANUS_BASSUS/geoponica/e/15/2/text/1,http://dbpedia.org/resource/Winter,winter,0.9826942724026905,DBpedia
http://ns.inria.fr/zoomathia/CASSIANUS_BASSUS/geoponica/e/15/2/text/1,http://dbpedia.org/resource/Karst_spring,spring,0.9688669649458534,DBpedia
http://ns.inria.fr/zoomathia/CASSIANUS_BASSUS/geoponica/e/15/2/text/1,http://dbpedia.org/resource/Cherished,cherished,0.9999960689426602,DBpedia
http://ns.inria.fr/zoomathia/CASSIANUS_BASSUS/geoponica/e/15/2/text/1,http://dbpedia.org/resource/Winter,winter,0.9826942724026905,DBpedia
http://ns.inria.fr/zoomathia/CASSIANUS_BASSUS/geoponica/e/15/2/text/1,http://dbpedia.org/resource/Equinox,vernal,0.9997859422519944,DBpedia
http://ns.inria.fr/zoomathia/CASSIANUS_BASSUS/geoponica/e/15/2/text/1,http://dbpedia.org/resource/Glassblowing,blowing,1.0,DBpedia
http://ns.inria.fr/zoomathia/CASSIANUS_BASSUS/geoponica/e/15/2/text/1,http://dbpedia.org/resource/Refresh_rate,refresh,0.9999999994531663,DBpedia
http://ns.inria.fr/zoomathia/CASSIANUS_BASSUS/geoponica/e/15/2/text/1,http://dbpedia.org/resource/Water,water,0.9999999958681656,DBpedia
http://ns.inria.fr/zoomathia/CASSIANUS_BASSUS/geoponica/e/15/2/text/1,http://dbpedia.org/resource/Bee,bees,0.9999178173125083,DBpedia
http://ns.inria.fr/zoomathia/CASSIANUS_BASSUS/geoponica/e/15/2/text/1,http://dbpedia.org/resource/Glossary_of_cricket_terms,runs,0.9743273191713193,DBpedia
http://ns.inria.fr/zoomathia/CASSIANUS_BASSUS/geoponica/e/15/2/text/1,http://dbpedia.org/resource/Golf_course,rough,0.9999440098385938,DBpedia
http://ns.inria.fr/zoomathia/CASSIANUS_BASSUS/geoponica/e/15/2/text/1,http://dbpedia.org/resource/Gravel,gravel,1.0,DBpedia
http://ns.inria.fr/zoomathia/CASSIANUS_BASSUS/geoponica/e/15/2/text/1,http://dbpedia.org/resource/Turbidity,turbid,1.0,DBpedia
http://ns.inria.fr/zoomathia/CASSIANUS_BASSUS/geoponica/e/15/2/text/1,http://dbpedia.org/resource/Browser_engine,renders,0.9999999956385182,DBpedia
http://ns.inria.fr/zoomathia/CASSIANUS_BASSUS/geoponica/e/15/2/text/1,http://dbpedia.org/resource/Bee,bees,0.9999178173125083,DBpedia
http://ns.inria.fr/zoomathia/CASSIANUS_BASSUS/geoponica/e/15/2/text/1,http://dbpedia.org/resource/Goods,good,0.6173740966931125,DBpedia
http://ns.inria.fr/zoomathia/CASSIANUS_BASSUS/geoponica/e/15/2/text/1,http://dbpedia.org/resource/Honey,honey,1.0,DBpedia
http://ns.inria.fr/zoomathia/CASSIANUS_BASSUS/geoponica/e/15/2/text/1,http://dbpedia.org/resource/Subset,proper,0.8193503358603453,DBpedia
http://ns.inria.fr/zoomathia/CASSIANUS_BASSUS/geoponica/e/15/2/text/1,http://dbpedia.org/resource/Set_construction,set,0.8267623859352404,DBpedia
http://ns.inria.fr/zoomathia/CASSIANUS_BASSUS/geoponica/e/15/2/text/1,http://dbpedia.org/resource/Pebble,pebbles,1.0,DBpedia
http://ns.inria.fr/zoomathia/CASSIANUS_BASSUS/geoponica/e/15/2/text/1,http://dbpedia.org/resource/Millstone,stones,0.9997430574906471,DBpedia
http://ns.inria.fr/zoomathia/CASSIANUS_BASSUS/geoponica/e/15/2/text/1,http://dbpedia.org/resource/Wood,wood,0.9909806444280427,DBpedia
http://ns.inria.fr/zoomathia/CASSIANUS_BASSUS/geoponica/e/15/2/text/1,http://dbpedia.org/resource/Sunrise,rising,0.9999999954027317,DBpedia
http://ns.inria.fr/zoomathia/CASSIANUS_BASSUS/geoponica/e/15/2/text/1,http://dbpedia.org/resource/Water,water,0.9999999958681656,DBpedia
http://ns.inria.fr/zoomathia/CASSIANUS_BASSUS/geoponica/e/15/2/text/1,http://dbpedia.org/resource/Sleep,rest,0.972139391464339,DBpedia
http://ns.inria.fr/zoomathia/CASSIANUS_BASSUS/geoponica/e/15/2/text/1,http://dbpedia.org/resource/Water,water,0.9999999958681656,DBpedia
http://ns.inria.fr/zoomathia/CASSIANUS_BASSUS/geoponica/e/15/2/text/1,http://dbpedia.org/resource/Singing,clean,0.6062114690613724,DBpedia
http://ns.inria.fr/zoomathia/CASSIANUS_BASSUS/geoponica/e/15/2/text/1,http://dbpedia.org/resource/Cistern,cisterns,1.0,DBpedia
http://ns.inria.fr/zoomathia/CASSIANUS_BASSUS/geoponica/e/15/2/text/1,http://dbpedia.org/resource/Bee,bees,0.9999178173125083,DBpedia
http://ns.inria.fr/zoomathia/CASSIANUS_BASSUS/geoponica/e/15/2/text/1,http://dbpedia.org/resource/Fatigue,fatigued,1.0,DBpedia
http://ns.inria.fr/zoomathia/CASSIANUS_BASSUS/geoponica/e/15/2/text/1,http://dbpedia.org/resource/Water,water,0.9999999958681656,DBpedia
http://ns.inria.fr/zoomathia/CASSIANUS_BASSUS/geoponica/e/15/2/text/1,http://dbpedia.org/resource/Thyme,thyme,1.0,DBpedia
http://ns.inria.fr/zoomathia/CASSIANUS_BASSUS/geoponica/e/15/2/text/1,http://dbpedia.org/resource/Nectarivore,fed,0.9300087316265893,DBpedia
http://ns.inria.fr/zoomathia/CASSIANUS_BASSUS/geoponica/e/15/2/text/1,http://dbpedia.org/resource/Concentration,quantity,0.9971952124017852,DBpedia
http://ns.inria.fr/zoomathia/CASSIANUS_BASSUS/geoponica/e/15/2/text/1,http://dbpedia.org/resource/Honey,honey,1.0,DBpedia
http://ns.inria.fr/zoomathia/CASSIANUS_BASSUS/geoponica/e/15/2/text/1,http://dbpedia.org/resource/Sheep,breed,0.9999875064825674,DBpedia
http://ns.inria.fr/zoomathia/CASSIANUS_BASSUS/geoponica/e/15/2/text/1,http://dbpedia.org/resource/Salvia_officinalis,Sage,1.0,DBpedia
http://ns.inria.fr/zoomathia/CASSIANUS_BASSUS/geoponica/e/15/2/text/1,http://dbpedia.org/resource/Cytisus,cytisus,1.0,DBpedia
http://ns.inria.fr/zoomathia/CASSIANUS_BASSUS/geoponica/e/15/2/text/1,http://dbpedia.org/resource/Gratitude,grateful,1.0,DBpedia
http://ns.inria.fr/zoomathia/CASSIANUS_BASSUS/geoponica/e/15/2/text/1,http://dbpedia.org/resource/Food,food,0.9999881168051905,DBpedia
http://ns.inria.fr/zoomathia/CASSIANUS_BASSUS/geoponica/e/15/2/text/1,http://dbpedia.org/resource/Bee,bees,0.9999178173125083,DBpedia
http://ns.inria.fr/zoomathia/CASSIANUS_BASSUS/geoponica/e/15/2/text/1,http://dbpedia.org/resource/Fruit,fresh,1.0,DBpedia
http://ns.inria.fr/zoomathia/CASSIANUS_BASSUS/geoponica/e/15/2/text/1,http://dbpedia.org/resource/Swarm_behaviour,swarms,0.9999999995256985,DBpedia
http://ns.inria.fr/zoomathia/CASSIANUS_BASSUS/geoponica/e/15/2/text/1,http://dbpedia.org/resource/APT_(software),apt,0.9951349394810807,DBpedia
http://ns.inria.fr/zoomathia/CASSIANUS_BASSUS/geoponica/e/15/2/text/1,http://dbpedia.org/resource/Cricket_pitch,pitch,0.9996516180413966,DBpedia
http://ns.inria.fr/zoomathia/CASSIANUS_BASSUS/geoponica/e/15/2/text/1,http://dbpedia.org/resource/Cytisus,cytisus,1.0,DBpedia
http://ns.inria.fr/zoomathia/CASSIANUS_BASSUS/geoponica/e/15/2/text/1,http://dbpedia.org/resource/Radio_receiver,receive,0.7341369874754669,DBpedia
http://ns.inria.fr/zoomathia/CASSIANUS_BASSUS/geoponica/e/15/2/text/1,http://dbpedia.org/resource/Childbirth,labour,0.9968181010127244,DBpedia
http://ns.inria.fr/zoomathia/CASSIANUS_BASSUS/geoponica/e/15/2/text/1,http://dbpedia.org/resource/Radio_receiver,receive,0.7341369874754669,DBpedia
http://ns.inria.fr/zoomathia/CASSIANUS_BASSUS/geoponica/e/15/2/text/1,http://dbpedia.org/resource/Bee,bees,0.9999178173125083,DBpedia
http://ns.inria.fr/zoomathia/CASSIANUS_BASSUS/geoponica/e/15/2/text/1,http://dbpedia.org/resource/Surfboard,boards,0.9988664981921993,DBpedia
http://ns.inria.fr/zoomathia/CASSIANUS_BASSUS/geoponica/e/15/2/text/1,http://dbpedia.org/resource/Rowan,mountain ash,0.99999831258157,DBpedia
http://ns.inria.fr/zoomathia/CASSIANUS_BASSUS/geoponica/e/15/2/text/1,http://dbpedia.org/resource/Let_Kunovice,Let,0.9999999999979536,DBpedia
http://ns.inria.fr/zoomathia/CASSIANUS_BASSUS/geoponica/e/15/2/text/1,http://dbpedia.org/resource/Cubit,cubit,1.0,DBpedia
http://ns.inria.fr/zoomathia/CASSIANUS_BASSUS/geoponica/e/15/2/text/1,http://dbpedia.org/resource/Length,length,0.9938982335965763,DBpedia
http://ns.inria.fr/zoomathia/CASSIANUS_BASSUS/geoponica/e/15/2/text/1,http://dbpedia.org/resource/Cubit,cubits,1.0,DBpedia
http://ns.inria.fr/zoomathia/CASSIANUS_BASSUS/geoponica/e/15/2/text/1,http://dbpedia.org/resource/Mating,covered,0.9999999024214551,DBpedia
http://ns.inria.fr/zoomathia/CASSIANUS_BASSUS/geoponica/e/15/2/text/1,http://dbpedia.org/resource/Food_processing,preparation,0.9993795778894327,DBpedia
http://ns.inria.fr/zoomathia/CASSIANUS_BASSUS/geoponica/e/15/2/text/1,http://dbpedia.org/resource/Plaster,plaster,1.0,DBpedia
http://ns.inria.fr/zoomathia/CASSIANUS_BASSUS/geoponica/e/15/2/text/1,http://dbpedia.org/resource/Cow_dung,cow-dung,1.0,DBpedia
http://ns.inria.fr/zoomathia/CASSIANUS_BASSUS/geoponica/e/15/2/text/1,http://dbpedia.org/resource/APT_(software),apt,0.9951349394810807,DBpedia
http://ns.inria.fr/zoomathia/CASSIANUS_BASSUS/geoponica/e/15/2/text/1,http://dbpedia.org/resource/Decomposition,rot,0.9977097439115772,DBpedia
http://ns.inria.fr/zoomathia/CASSIANUS_BASSUS/geoponica/e/15/2/text/1,http://dbpedia.org/resource/Subset,proper,0.8193503358603453,DBpedia
http://ns.inria.fr/zoomathia/CASSIANUS_BASSUS/geoponica/e/15/2/text/1,http://dbpedia.org/resource/Perforation,perforate,0.9999999995718554,DBpedia
http://ns.inria.fr/zoomathia/CASSIANUS_BASSUS/geoponica/e/15/2/text/1,http://dbpedia.org/resource/Angle,obliquely,1.0,DBpedia
http://ns.inria.fr/zoomathia/CASSIANUS_BASSUS/geoponica/e/15/2/text/1,http://dbpedia.org/resource/Dirk_Gently,gently,0.999999993625579,DBpedia
http://ns.inria.fr/zoomathia/CASSIANUS_BASSUS/geoponica/e/15/2/text/1,http://dbpedia.org/resource/Glassblowing,blowing,1.0,DBpedia
http://ns.inria.fr/zoomathia/CASSIANUS_BASSUS/geoponica/e/15/2/text/1,http://dbpedia.org/resource/Dry_season,dry,0.9981318391820688,DBpedia
http://ns.inria.fr/zoomathia/CASSIANUS_BASSUS/geoponica/e/15/2/text/1,http://dbpedia.org/resource/Spider_web,cobweb,1.0,DBpedia
http://ns.inria.fr/zoomathia/CASSIANUS_BASSUS/geoponica/e/15/2/text/1,http://dbpedia.org/resource/Refresh_rate,refresh,0.9999999994531663,DBpedia
http://ns.inria.fr/zoomathia/CASSIANUS_BASSUS/geoponica/e/15/2/text/1,http://dbpedia.org/resource/Bee,bees,0.9999178173125083,DBpedia
http://ns.inria.fr/zoomathia/CASSIANUS_BASSUS/geoponica/e/15/2/text/1,http://dbpedia.org/resource/Animal,animal,0.9999999995316102,DBpedia
http://ns.inria.fr/zoomathia/CASSIANUS_BASSUS/geoponica/e/15/2/text/1,http://dbpedia.org/resource/Human,human,0.9999999962130914,DBpedia
http://ns.inria.fr/zoomathia/CASSIANUS_BASSUS/geoponica/e/15/2/text/1,http://dbpedia.org/resource/Animal,creatures,0.9999999897461294,DBpedia
http://ns.inria.fr/zoomathia/CASSIANUS_BASSUS/geoponica/e/15/2/text/1,http://dbpedia.org/resource/Reason,reason,0.8868965861376723,DBpedia
http://ns.inria.fr/zoomathia/CASSIANUS_BASSUS/geoponica/e/15/2/text/1,http://dbpedia.org/resource/Beekeeper,bee-keeper,1.0,DBpedia
http://ns.inria.fr/zoomathia/CASSIANUS_BASSUS/geoponica/e/15/2/text/1,http://dbpedia.org/resource/Wall,wall,0.9999998976604781,DBpedia
http://ns.inria.fr/zoomathia/CASSIANUS_BASSUS/geoponica/e/15/2/text/1,http://dbpedia.org/resource/Tree_hollow,hollow,0.9872071882776912,DBpedia
http://ns.inria.fr/zoomathia/CASSIANUS_BASSUS/geoponica/e/15/2/text/1,http://dbpedia.org/resource/Millstone,stones,0.9997430574906471,DBpedia
http://ns.inria.fr/zoomathia/CASSIANUS_BASSUS/geoponica/e/15/2/text/1,http://dbpedia.org/resource/Flight,flying,0.9997640302680453,DBpedia
http://ns.inria.fr/zoomathia/CASSIANUS_BASSUS/geoponica/e/15/2/text/1,http://dbpedia.org/resource/Golf_course,holes,0.999850413155342,DBpedia
http://ns.inria.fr/zoomathia/CASSIANUS_BASSUS/geoponica/e/15/2/text/1,http://dbpedia.org/resource/Electric_power,power,0.8331055723366685,DBpedia
http://ns.inria.fr/zoomathia/CASSIANUS_BASSUS/geoponica/e/15/2/text/1,http://dbpedia.org/resource/Straitjacket,escape,0.897511859483374,DBpedia
http://ns.inria.fr/zoomathia/CASSIANUS_BASSUS/geoponica/e/15/2/text/1,http://dbpedia.org/resource/Chicken,birds,0.6175070051361087,DBpedia
http://ns.inria.fr/zoomathia/CASSIANUS_BASSUS/geoponica/e/15/2/text/1,http://dbpedia.org/resource/Lie,lie,0.9935886722386426,DBpedia
http://ns.inria.fr/zoomathia/CASSIANUS_BASSUS/geoponica/e/15/2/text/1,http://dbpedia.org/resource/All-Ireland_Senior_Football_Championship,wait,0.9999250489358898,DBpedia
http://ns.inria.fr/zoomathia/CASSIANUS_BASSUS/geoponica/e/15/2/text/1,http://dbpedia.org/resource/Connective_tissue,attached,0.9017178261374553,DBpedia
http://ns.inria.fr/zoomathia/CASSIANUS_BASSUS/geoponica/e/15/2/text/1,http://dbpedia.org/resource/Pasture,pastures,1.0,DBpedia
http://ns.inria.fr/zoomathia/CASSIANUS_BASSUS/geoponica/e/15/2/text/1,http://dbpedia.org/resource/Willingly,willingly,0.9999892805466707,DBpedia
http://ns.inria.fr/zoomathia/CASSIANUS_BASSUS/geoponica/e/15/2/text/1,http://dbpedia.org/resource/Doctor_Strange,strange,0.9999994017341094,DBpedia
http://ns.inria.fr/zoomathia/CASSIANUS_BASSUS/geoponica/e/15/2/text/1,http://dbpedia.org/resource/Coffee_preparation,grounds,0.9999998881057826,DBpedia
http://ns.inria.fr/zoomathia/CASSIANUS_BASSUS/geoponica/e/15/2/text/1,http://dbpedia.org/resource/Reason,reason,0.8868965861376723,DBpedia
http://ns.inria.fr/zoomathia/CASSIANUS_BASSUS/geoponica/e/15/2/text/1,http://dbpedia.org/resource/Subset,proper,0.8193503358603453,DBpedia
http://ns.inria.fr/zoomathia/CASSIANUS_BASSUS/geoponica/e/15/2/text/1,http://dbpedia.org/resource/Reason,reason,0.8868965861376723,DBpedia
http://ns.inria.fr/zoomathia/CASSIANUS_BASSUS/geoponica/e/15/2/text/1,http://dbpedia.org/resource/Thinning,removed,0.9999920795501005,DBpedia
http://ns.inria.fr/zoomathia/CASSIANUS_BASSUS/geoponica/e/15/2/text/1,http://dbpedia.org/resource/Human,person,0.9317406863305923,DBpedia
http://ns.inria.fr/zoomathia/CASSIANUS_BASSUS/geoponica/e/15/2/text/1,http://dbpedia.org/resource/Railroad_tie,tie,0.9999999134940973,DBpedia
http://ns.inria.fr/zoomathia/CASSIANUS_BASSUS/geoponica/e/15/2/text/1,http://dbpedia.org/resource/Night,night,0.9999998474757038,DBpedia
http://ns.inria.fr/zoomathia/CASSIANUS_BASSUS/geoponica/e/15/2/text/1,http://dbpedia.org/resource/Dried_fruit,leather,0.9999999919996299,DBpedia
http://ns.inria.fr/zoomathia/CASSIANUS_BASSUS/geoponica/e/15/2/text/1,http://dbpedia.org/resource/Diurnality,day,0.9999999626672895,DBpedia
http://ns.inria.fr/zoomathia/CASSIANUS_BASSUS/geoponica/e/15/2/text/1,http://dbpedia.org/resource/Private_property,private,0.8733452318311431,DBpedia
http://ns.inria.fr/zoomathia/CASSIANUS_BASSUS/geoponica/e/15/2/text/1,http://dbpedia.org/resource/Manner_of_articulation,manner,0.9620070552781478,DBpedia
http://ns.inria.fr/zoomathia/CASSIANUS_BASSUS/geoponica/e/15/2/text/1,http://dbpedia.org/resource/Honeycomb,combs,0.9999999999995453,DBpedia
http://ns.inria.fr/zoomathia/CASSIANUS_BASSUS/geoponica/e/15/2/text/1,http://dbpedia.org/resource/Harassment,harass,0.9989968909751481,DBpedia
http://ns.inria.fr/zoomathia/CASSIANUS_BASSUS/geoponica/e/15/2/text/1,http://dbpedia.org/resource/Bee,bees,0.9999178173125083,DBpedia
http://ns.inria.fr/zoomathia/CASSIANUS_BASSUS/geoponica/e/15/2/text/1,http://dbpedia.org/resource/Fodder,feed,0.999999994748805,DBpedia
http://ns.inria.fr/zoomathia/CASSIANUS_BASSUS/geoponica/e/15/2/text/1,http://dbpedia.org/resource/Euphorbia,spurge,0.9999999998528892,DBpedia
http://ns.inria.fr/zoomathia/CASSIANUS_BASSUS/geoponica/e/15/2/text/1,http://dbpedia.org/resource/Taste,taste,0.9984543119675897,DBpedia
http://ns.inria.fr/zoomathia/CASSIANUS_BASSUS/geoponica/e/15/2/text/1,http://dbpedia.org/resource/Juice,juice,0.9813308604422573,DBpedia
http://ns.inria.fr/zoomathia/CASSIANUS_BASSUS/geoponica/e/15/2/text/1,http://dbpedia.org/resource/Contract,contract,0.9926531050582442,DBpedia
http://ns.inria.fr/zoomathia/CASSIANUS_BASSUS/geoponica/e/15/2/text/1,http://dbpedia.org/resource/Subset,proper,0.8193503358603453,DBpedia
http://ns.inria.fr/zoomathia/CASSIANUS_BASSUS/geoponica/e/15/2/text/1,http://dbpedia.org/resource/Appendectomy,remove,0.9912596102186432,DBpedia
http://ns.inria.fr/zoomathia/CASSIANUS_BASSUS/geoponica/e/15/2/text/1,http://dbpedia.org/resource/Local_extinction,extirpate,1.0,DBpedia
http://ns.inria.fr/zoomathia/CASSIANUS_BASSUS/geoponica/e/15/2/text/1,http://dbpedia.org/resource/Saxicolous_lichen,grows,0.6748560910820987,DBpedia
http://ns.inria.fr/zoomathia/CASSIANUS_BASSUS/geoponica/e/15/2/text/1,http://dbpedia.org/resource/Werewolf,cure,0.9999999580243193,DBpedia
http://ns.inria.fr/zoomathia/CASSIANUS_BASSUS/geoponica/e/15/2/text/1,http://dbpedia.org/resource/Cheese,rind,0.9999999999977263,DBpedia
http://ns.inria.fr/zoomathia/CASSIANUS_BASSUS/geoponica/e/15/2/text/1,http://dbpedia.org/resource/Fruit,fruit,0.9999999999997726,DBpedia
http://ns.inria.fr/zoomathia/CASSIANUS_BASSUS/geoponica/e/15/2/text/1,http://dbpedia.org/resource/Pomegranate,pomegranate,1.0,DBpedia
http://ns.inria.fr/zoomathia/CASSIANUS_BASSUS/geoponica/e/15/2/text/1,http://dbpedia.org/resource/Integument,integument,0.9998078199719865,DBpedia
http://ns.inria.fr/zoomathia/CASSIANUS_BASSUS/geoponica/e/15/2/text/1,http://dbpedia.org/resource/Sieve,sifted,1.0,DBpedia
http://ns.inria.fr/zoomathia/CASSIANUS_BASSUS/geoponica/e/15/2/text/1,http://dbpedia.org/resource/Screw_thread,fine,0.9835691853188814,DBpedia
http://ns.inria.fr/zoomathia/CASSIANUS_BASSUS/geoponica/e/15/2/text/1,http://dbpedia.org/resource/Sieve,sieve,1.0,DBpedia
http://ns.inria.fr/zoomathia/CASSIANUS_BASSUS/geoponica/e/15/2/text/1,http://dbpedia.org/resource/Temperate_broadleaf_and_mixed_forests,mixed,0.9999999989909156,DBpedia
http://ns.inria.fr/zoomathia/CASSIANUS_BASSUS/geoponica/e/15/2/text/1,http://dbpedia.org/resource/Honey,honey,1.0,DBpedia
http://ns.inria.fr/zoomathia/CASSIANUS_BASSUS/geoponica/e/15/2/text/1,http://dbpedia.org/resource/Golf_course,rough,0.9999440098385938,DBpedia
http://ns.inria.fr/zoomathia/CASSIANUS_BASSUS/geoponica/e/15/2/text/1,http://dbpedia.org/resource/Wine,wine,0.9999999999997726,DBpedia
http://ns.inria.fr/zoomathia/CASSIANUS_BASSUS/geoponica/e/15/2/text/1,http://dbpedia.org/resource/Set_construction,set,0.8267623859352404,DBpedia
http://ns.inria.fr/zoomathia/CASSIANUS_BASSUS/geoponica/e/15/2/text/1,http://dbpedia.org/resource/Werewolf,cure,0.9999999580243193,DBpedia
http://ns.inria.fr/zoomathia/CASSIANUS_BASSUS/geoponica/e/15/2/text/1,http://dbpedia.org/resource/Vermin,vermin,1.0,DBpedia
http://ns.inria.fr/zoomathia/CASSIANUS_BASSUS/geoponica/e/15/2/text/1,http://dbpedia.org/resource/Fire,burning,0.9991278809065872,DBpedia
http://ns.inria.fr/zoomathia/CASSIANUS_BASSUS/geoponica/e/15/2/text/1,http://dbpedia.org/resource/Wildlife,wild,0.9948093931934451,DBpedia
http://ns.inria.fr/zoomathia/CASSIANUS_BASSUS/geoponica/e/15/2/text/1,http://dbpedia.org/resource/Winemaking,making,0.9999991899543245,DBpedia
http://ns.inria.fr/zoomathia/CASSIANUS_BASSUS/geoponica/e/15/2/text/1,http://dbpedia.org/resource/Werewolf,cure,0.9999999580243193,DBpedia
http://ns.inria.fr/zoomathia/CASSIANUS_BASSUS/geoponica/e/15/2/text/1,http://dbpedia.org/resource/Iron_sights,sight,0.8882712961201353,DBpedia
http://ns.inria.fr/zoomathia/CASSIANUS_BASSUS/geoponica/e/15/2/text/1,http://dbpedia.org/resource/Smoke,smoke,0.9999999999938609,DBpedia
http://ns.inria.fr/zoomathia/CASSIANUS_BASSUS/geoponica/e/15/2/text/1,http://dbpedia.org/resource/Leaf,leaves,0.9999999999381544,DBpedia
http://ns.inria.fr/zoomathia/CASSIANUS_BASSUS/geoponica/e/15/2/text/1,http://dbpedia.org/resource/Origanum,origanum,1.0,DBpedia
http://ns.inria.fr/zoomathia/CASSIANUS_BASSUS/geoponica/e/15/2/text/2,https://opentheso.huma-num.fr/?idc=pcrtnpPag9iONJ&idt=th310,bees,1,zoomathia_match
http://ns.inria.fr/zoomathia/CASSIANUS_BASSUS/geoponica/e/15/2/text/2,https://opentheso.huma-num.fr/?idc=pcrtGSslMASdGf&idt=th310,day,1,zoomathia_match
http://ns.inria.fr/zoomathia/CASSIANUS_BASSUS/geoponica/e/15/2/text/2,https://opentheso.huma-num.fr/?idc=pcrtGSslMASdGf&idt=th310,days,1,zoomathia_match
http://ns.inria.fr/zoomathia/CASSIANUS_BASSUS/geoponica/e/15/2/text/2,https://opentheso.huma-num.fr/?idc=105139&idt=th310,combs,1,zoomathia_match
http://ns.inria.fr/zoomathia/CASSIANUS_BASSUS/geoponica/e/15/2/text/2,https://opentheso.huma-num.fr/?idc=105470&idt=th310,hive,1,zoomathia_match
http://ns.inria.fr/zoomathia/CASSIANUS_BASSUS/geoponica/e/15/2/text/2,https://opentheso.huma-num.fr/?idc=pcrtnpPag9iONJ&idt=th310,bees,1,zoomathia_match
http://ns.inria.fr/zoomathia/CASSIANUS_BASSUS/geoponica/e/15/2/text/2,https://opentheso.huma-num.fr/?idc=107519&idt=th310,work,1,zoomathia_match
http://ns.inria.fr/zoomathia/CASSIANUS_BASSUS/geoponica/e/15/2/text/2,https://opentheso.huma-num.fr/?idc=105270&idt=th310,size,1,zoomathia_match
http://ns.inria.fr/zoomathia/CASSIANUS_BASSUS/geoponica/e/15/2/text/2,https://opentheso.huma-num.fr/?idc=pcrtnpPag9iONJ&idt=th310,bee,1,zoomathia_match
http://ns.inria.fr/zoomathia/CASSIANUS_BASSUS/geoponica/e/15/2/text/2,https://opentheso.huma-num.fr/?idc=105270&idt=th310,size,1,zoomathia_match
http://ns.inria.fr/zoomathia/CASSIANUS_BASSUS/geoponica/e/15/2/text/2,https://opentheso.huma-num.fr/?idc=106019&idt=th310,hellebore,1,zoomathia_match
http://ns.inria.fr/zoomathia/CASSIANUS_BASSUS/geoponica/e/15/2/text/2,https://opentheso.huma-num.fr/?idc=106004&idt=th310,wild,1,zoomathia_match
http://ns.inria.fr/zoomathia/CASSIANUS_BASSUS/geoponica/e/15/2/text/2,https://opentheso.huma-num.fr/?idc=pcrtnpPag9iONJ&idt=th310,bees,1,zoomathia_match
http://ns.inria.fr/zoomathia/CASSIANUS_BASSUS/geoponica/e/15/2/text/2,https://opentheso.huma-num.fr/?idc=pcrtsPauzzRS5z&idt=th310,honey,1,zoomathia_match
http://ns.inria.fr/zoomathia/CASSIANUS_BASSUS/geoponica/e/15/2/text/2,https://opentheso.huma-num.fr/?idc=107660&idt=th310,wasps,1,zoomathia_match
http://ns.inria.fr/zoomathia/CASSIANUS_BASSUS/geoponica/e/15/2/text/2,https://opentheso.huma-num.fr/?idc=pcrtnpPag9iONJ&idt=th310,bee,1,zoomathia_match
http://ns.inria.fr/zoomathia/CASSIANUS_BASSUS/geoponica/e/15/2/text/2,https://opentheso.huma-num.fr/?idc=pcrtYSaMriYJvU&idt=th310,crocodiles,1,zoomathia_match
http://ns.inria.fr/zoomathia/CASSIANUS_BASSUS/geoponica/e/15/2/text/2,https://opentheso.huma-num.fr/?idc=5045&idt=th310,lizards,1,zoomathia_match
http://ns.inria.fr/zoomathia/CASSIANUS_BASSUS/geoponica/e/15/2/text/2,https://opentheso.huma-num.fr/?idc=pcrtnpPag9iONJ&idt=th310,bee,1,zoomathia_match
http://ns.inria.fr/zoomathia/CASSIANUS_BASSUS/geoponica/e/15/2/text/2,https://opentheso.huma-num.fr/?idc=105402&idt=th310,smell,1,zoomathia_match
http://ns.inria.fr/zoomathia/CASSIANUS_BASSUS/geoponica/e/15/2/text/2,https://opentheso.huma-num.fr/?idc=pcrt3mTg9h3RFE&idt=th310,wine,1,zoomathia_match
http://ns.inria.fr/zoomathia/CASSIANUS_BASSUS/geoponica/e/15/2/text/2,https://opentheso.huma-num.fr/?idc=105470&idt=th310,hives,1,zoomathia_match
http://ns.inria.fr/zoomathia/CASSIANUS_BASSUS/geoponica/e/15/2/text/2,https://opentheso.huma-num.fr/?idc=pcrtnpPag9iONJ&idt=th310,bees,1,zoomathia_match
http://ns.inria.fr/zoomathia/CASSIANUS_BASSUS/geoponica/e/15/2/text/2,https://opentheso.huma-num.fr/?idc=107604&idt=th310,thyme,1,zoomathia_match
http://ns.inria.fr/zoomathia/CASSIANUS_BASSUS/geoponica/e/15/2/text/2,https://opentheso.huma-num.fr/?idc=108030&idt=th310,white,1,zoomathia_match
http://ns.inria.fr/zoomathia/CASSIANUS_BASSUS/geoponica/e/15/2/text/2,https://opentheso.huma-num.fr/?idc=107548&idt=th310,poplar,1,zoomathia_match
http://ns.inria.fr/zoomathia/CASSIANUS_BASSUS/geoponica/e/15/2/text/2,https://opentheso.huma-num.fr/?idc=105470&idt=th310,hives,1,zoomathia_match
http://ns.inria.fr/zoomathia/CASSIANUS_BASSUS/geoponica/e/15/2/text/2,https://opentheso.huma-num.fr/?idc=pcrtsPauzzRS5z&idt=th310,honey,1,zoomathia_match
http://ns.inria.fr/zoomathia/CASSIANUS_BASSUS/geoponica/e/15/2/text/2,https://opentheso.huma-num.fr/?idc=105470&idt=th310,hives,1,zoomathia_match
http://ns.inria.fr/zoomathia/CASSIANUS_BASSUS/geoponica/e/15/2/text/2,http://dbpedia.org/resource/Bee,bees,0.9991317824013242,DBpedia
http://ns.inria.fr/zoomathia/CASSIANUS_BASSUS/geoponica/e/15/2/text/2,http://dbpedia.org/resource/Record_producer,produced,0.9998126229832393,DBpedia
http://ns.inria.fr/zoomathia/CASSIANUS_BASSUS/geoponica/e/15/2/text/2,http://dbpedia.org/resource/Ox,ox,0.9996332598186326,DBpedia
http://ns.inria.fr/zoomathia/CASSIANUS_BASSUS/geoponica/e/15/2/text/2,http://dbpedia.org/resource/Extraterrestrial_life,life,0.9856072882363663,DBpedia
http://ns.inria.fr/zoomathia/CASSIANUS_BASSUS/geoponica/e/15/2/text/2,http://dbpedia.org/resource/Diurnality,day,0.9999995094715426,DBpedia
http://ns.inria.fr/zoomathia/CASSIANUS_BASSUS/geoponica/e/15/2/text/2,http://dbpedia.org/resource/Swarm_behaviour,swarms,0.9999995781481382,DBpedia
http://ns.inria.fr/zoomathia/CASSIANUS_BASSUS/geoponica/e/15/2/text/2,http://dbpedia.org/resource/Record_producer,produced,0.9998126229832393,DBpedia
http://ns.inria.fr/zoomathia/CASSIANUS_BASSUS/geoponica/e/15/2/text/2,http://dbpedia.org/resource/Number,number,0.994868433591853,DBpedia
http://ns.inria.fr/zoomathia/CASSIANUS_BASSUS/geoponica/e/15/2/text/2,http://dbpedia.org/resource/Day,days,0.7036751400701635,DBpedia
http://ns.inria.fr/zoomathia/CASSIANUS_BASSUS/geoponica/e/15/2/text/2,http://dbpedia.org/resource/Pharaoh,kings,0.9999027944597253,DBpedia
http://ns.inria.fr/zoomathia/CASSIANUS_BASSUS/geoponica/e/15/2/text/2,http://dbpedia.org/resource/Shoe,upper,0.3953621006104779,DBpedia
http://ns.inria.fr/zoomathia/CASSIANUS_BASSUS/geoponica/e/15/2/text/2,http://dbpedia.org/resource/Schizocarp,parts,0.9999761335175443,DBpedia
http://ns.inria.fr/zoomathia/CASSIANUS_BASSUS/geoponica/e/15/2/text/2,http://dbpedia.org/resource/Honeycomb,combs,0.9999999999746478,DBpedia
http://ns.inria.fr/zoomathia/CASSIANUS_BASSUS/geoponica/e/15/2/text/2,http://dbpedia.org/resource/Subset,proper,0.5727256998696478,DBpedia
http://ns.inria.fr/zoomathia/CASSIANUS_BASSUS/geoponica/e/15/2/text/2,http://dbpedia.org/resource/Leaf,leave,1.0,DBpedia
http://ns.inria.fr/zoomathia/CASSIANUS_BASSUS/geoponica/e/15/2/text/2,http://dbpedia.org/resource/Beehive,hive,0.9999999973795184,DBpedia
http://ns.inria.fr/zoomathia/CASSIANUS_BASSUS/geoponica/e/15/2/text/2,http://dbpedia.org/resource/Habitat_destruction,destroy,0.5169370224423294,DBpedia
http://ns.inria.fr/zoomathia/CASSIANUS_BASSUS/geoponica/e/15/2/text/2,http://dbpedia.org/resource/Invariant_mass,rest,0.7654101522377348,DBpedia
http://ns.inria.fr/zoomathia/CASSIANUS_BASSUS/geoponica/e/15/2/text/2,http://dbpedia.org/resource/Bee,bees,0.9991317824013242,DBpedia
http://ns.inria.fr/zoomathia/CASSIANUS_BASSUS/geoponica/e/15/2/text/2,http://dbpedia.org/resource/Division_of_the_field,divided,0.692765920303684,DBpedia
http://ns.inria.fr/zoomathia/CASSIANUS_BASSUS/geoponica/e/15/2/text/2,http://dbpedia.org/resource/Betting_in_poker,raise,0.9382885535532968,DBpedia
http://ns.inria.fr/zoomathia/CASSIANUS_BASSUS/geoponica/e/15/2/text/2,http://dbpedia.org/resource/Sedition,sedition,0.9999997406289703,DBpedia
http://ns.inria.fr/zoomathia/CASSIANUS_BASSUS/geoponica/e/15/2/text/2,http://dbpedia.org/resource/Pharaoh,kings,0.9999027944597253,DBpedia
http://ns.inria.fr/zoomathia/CASSIANUS_BASSUS/geoponica/e/15/2/text/2,http://dbpedia.org/resource/Yellow,yellow,0.999999980751568,DBpedia
http://ns.inria.fr/zoomathia/CASSIANUS_BASSUS/geoponica/e/15/2/text/2,http://dbpedia.org/resource/Human_skin_color,colour,0.7109656273547789,DBpedia
http://ns.inria.fr/zoomathia/CASSIANUS_BASSUS/geoponica/e/15/2/text/2,http://dbpedia.org/resource/Sizing,size,0.8421337771170454,DBpedia
http://ns.inria.fr/zoomathia/CASSIANUS_BASSUS/geoponica/e/15/2/text/2,http://dbpedia.org/resource/Variegation,variegated,1.0,DBpedia
http://ns.inria.fr/zoomathia/CASSIANUS_BASSUS/geoponica/e/15/2/text/2,http://dbpedia.org/resource/Evil,dark,0.6099390269695236,DBpedia
http://ns.inria.fr/zoomathia/CASSIANUS_BASSUS/geoponica/e/15/2/text/2,http://dbpedia.org/resource/Human_skin_color,colour,0.7109656273547789,DBpedia
http://ns.inria.fr/zoomathia/CASSIANUS_BASSUS/geoponica/e/15/2/text/2,http://dbpedia.org/resource/Double-precision_floating-point_format,double,0.4902933045438251,DBpedia
http://ns.inria.fr/zoomathia/CASSIANUS_BASSUS/geoponica/e/15/2/text/2,http://dbpedia.org/resource/Sizing,size,0.8421337771170454,DBpedia
http://ns.inria.fr/zoomathia/CASSIANUS_BASSUS/geoponica/e/15/2/text/2,http://dbpedia.org/resource/Subset,proper,0.5727256998696478,DBpedia
http://ns.inria.fr/zoomathia/CASSIANUS_BASSUS/geoponica/e/15/2/text/2,http://dbpedia.org/resource/Indian_removal,remove,0.729102502929982,DBpedia
http://ns.inria.fr/zoomathia/CASSIANUS_BASSUS/geoponica/e/15/2/text/2,http://dbpedia.org/resource/Euphorbia,spurge,0.9999942325120283,DBpedia
http://ns.inria.fr/zoomathia/CASSIANUS_BASSUS/geoponica/e/15/2/text/2,http://dbpedia.org/resource/Hellebore,hellebore,1.0,DBpedia
http://ns.inria.fr/zoomathia/CASSIANUS_BASSUS/geoponica/e/15/2/text/2,http://dbpedia.org/resource/Thapsia_(plant),thapsia,0.9726737040555815,DBpedia
http://ns.inria.fr/zoomathia/CASSIANUS_BASSUS/geoponica/e/15/2/text/2,http://dbpedia.org/resource/Cucumber,cucumber,0.9999999735933901,DBpedia
http://ns.inria.fr/zoomathia/CASSIANUS_BASSUS/geoponica/e/15/2/text/2,http://dbpedia.org/resource/Bee,bees,0.9991317824013242,DBpedia
http://ns.inria.fr/zoomathia/CASSIANUS_BASSUS/geoponica/e/15/2/text/2,http://dbpedia.org/resource/Death,bad,0.998912154296285,DBpedia
http://ns.inria.fr/zoomathia/CASSIANUS_BASSUS/geoponica/e/15/2/text/2,http://dbpedia.org/resource/Honey,honey,1.0,DBpedia
http://ns.inria.fr/zoomathia/CASSIANUS_BASSUS/geoponica/e/15/2/text/2,http://dbpedia.org/resource/Habitat_destruction,destroy,0.5169370224423294,DBpedia
http://ns.inria.fr/zoomathia/CASSIANUS_BASSUS/geoponica/e/15/2/text/2,http://dbpedia.org/resource/Animal,creatures,0.989086577186328,DBpedia
http://ns.inria.fr/zoomathia/CASSIANUS_BASSUS/geoponica/e/15/2/text/2,http://dbpedia.org/resource/Lie,lie,0.9707309354778304,DBpedia
http://ns.inria.fr/zoomathia/CASSIANUS_BASSUS/geoponica/e/15/2/text/2,http://dbpedia.org/resource/All-Ireland_Senior_Football_Championship,wait,0.9999964993961492,DBpedia
http://ns.inria.fr/zoomathia/CASSIANUS_BASSUS/geoponica/e/15/2/text/2,http://dbpedia.org/resource/Wasp,wasps,0.999980830577119,DBpedia
http://ns.inria.fr/zoomathia/CASSIANUS_BASSUS/geoponica/e/15/2/text/2,http://dbpedia.org/resource/Baeolophus,titmouse,0.9999999999886313,DBpedia
http://ns.inria.fr/zoomathia/CASSIANUS_BASSUS/geoponica/e/15/2/text/2,http://dbpedia.org/resource/Barn_swallow,swallows,0.9572382399600071,DBpedia
http://ns.inria.fr/zoomathia/CASSIANUS_BASSUS/geoponica/e/15/2/text/2,http://dbpedia.org/resource/Crocodile,crocodiles,0.9734501712880878,DBpedia
http://ns.inria.fr/zoomathia/CASSIANUS_BASSUS/geoponica/e/15/2/text/2,http://dbpedia.org/resource/Lizard,lizards,0.9999999956576175,DBpedia
http://ns.inria.fr/zoomathia/CASSIANUS_BASSUS/geoponica/e/15/2/text/2,http://dbpedia.org/resource/Drive_theory,drive,0.7274111489912747,DBpedia
http://ns.inria.fr/zoomathia/CASSIANUS_BASSUS/geoponica/e/15/2/text/2,http://dbpedia.org/resource/Habitat_destruction,destroy,0.5169370224423294,DBpedia
http://ns.inria.fr/zoomathia/CASSIANUS_BASSUS/geoponica/e/15/2/text/2,http://dbpedia.org/resource/Human,human,0.9996624779089799,DBpedia
http://ns.inria.fr/zoomathia/CASSIANUS_BASSUS/geoponica/e/15/2/text/2,http://dbpedia.org/resource/Animal,creatures,0.989086577186328,DBpedia
http://ns.inria.fr/zoomathia/CASSIANUS_BASSUS/geoponica/e/15/2/text/2,http://dbpedia.org/resource/Autumn,fall,0.9986274003519795,DBpedia
http://ns.inria.fr/zoomathia/CASSIANUS_BASSUS/geoponica/e/15/2/text/2,http://dbpedia.org/resource/Malaria,severe,0.7023265373206334,DBpedia
http://ns.inria.fr/zoomathia/CASSIANUS_BASSUS/geoponica/e/15/2/text/2,http://dbpedia.org/resource/Pheromone,smell,0.8789601776683881,DBpedia
http://ns.inria.fr/zoomathia/CASSIANUS_BASSUS/geoponica/e/15/2/text/2,http://dbpedia.org/resource/Wine,wine,0.9999906942090164,DBpedia
http://ns.inria.fr/zoomathia/CASSIANUS_BASSUS/geoponica/e/15/2/text/2,http://dbpedia.org/resource/Perfume,perfume,1.0,DBpedia
http://ns.inria.fr/zoomathia/CASSIANUS_BASSUS/geoponica/e/15/2/text/2,http://dbpedia.org/resource/Autumn,fall,0.9986274003519795,DBpedia
http://ns.inria.fr/zoomathia/CASSIANUS_BASSUS/geoponica/e/15/2/text/2,http://dbpedia.org/resource/Intimate_relationship,amorous,0.9999999999998863,DBpedia
http://ns.inria.fr/zoomathia/CASSIANUS_BASSUS/geoponica/e/15/2/text/2,http://dbpedia.org/resource/Bee,bees,0.9991317824013242,DBpedia
http://ns.inria.fr/zoomathia/CASSIANUS_BASSUS/geoponica/e/15/2/text/2,http://dbpedia.org/resource/Stone_rubbing,rubbed,0.9999999999994316,DBpedia
http://ns.inria.fr/zoomathia/CASSIANUS_BASSUS/geoponica/e/15/2/text/2,http://dbpedia.org/resource/Thyme,thyme,1.0,DBpedia
http://ns.inria.fr/zoomathia/CASSIANUS_BASSUS/geoponica/e/15/2/text/2,http://dbpedia.org/resource/Populus_alba,white poplar,0.9927038682898923,DBpedia
http://ns.inria.fr/zoomathia/CASSIANUS_BASSUS/geoponica/e/15/2/text/2,http://dbpedia.org/resource/Britain_Stronger_in_Europe,remain,0.977138934557433,DBpedia
http://ns.inria.fr/zoomathia/CASSIANUS_BASSUS/geoponica/e/15/2/text/2,http://dbpedia.org/resource/Pound_sterling,pound,0.9924482369894815,DBpedia
http://ns.inria.fr/zoomathia/CASSIANUS_BASSUS/geoponica/e/15/2/text/2,http://dbpedia.org/resource/Egalitarianism,equal,0.9062827448207436,DBpedia
http://ns.inria.fr/zoomathia/CASSIANUS_BASSUS/geoponica/e/15/2/text/2,http://dbpedia.org/resource/Quantity,quantity,0.9839041585262038,DBpedia
http://ns.inria.fr/zoomathia/CASSIANUS_BASSUS/geoponica/e/15/2/text/2,http://dbpedia.org/resource/Myrrh,myrrh,1.0,DBpedia
http://ns.inria.fr/zoomathia/CASSIANUS_BASSUS/geoponica/e/15/2/text/2,http://dbpedia.org/resource/Remix,mix,0.8974130039639084,DBpedia
http://ns.inria.fr/zoomathia/CASSIANUS_BASSUS/geoponica/e/15/2/text/2,http://dbpedia.org/resource/Ratio,proportion,0.7938036795629524,DBpedia
http://ns.inria.fr/zoomathia/CASSIANUS_BASSUS/geoponica/e/15/2/text/2,http://dbpedia.org/resource/Honey,honey,1.0,DBpedia
http://ns.inria.fr/zoomathia/CASSIANUS_BASSUS/geoponica/e/15/2/text/2,http://dbpedia.org/resource/Date_honey,rub,0.997800721879923,DBpedia
http://ns.inria.fr/zoomathia/CASSIANUS_BASSUS/geoponica/e/15/2/text/3,https://opentheso.huma-num.fr/?idc=pcrtnpPag9iONJ&idt=th310,bees,1,zoomathia_match
http://ns.inria.fr/zoomathia/CASSIANUS_BASSUS/geoponica/e/15/2/text/3,https://opentheso.huma-num.fr/?idc=pcrty1af1lU8Dc&idt=th310,Democritus,1,zoomathia_match
http://ns.inria.fr/zoomathia/CASSIANUS_BASSUS/geoponica/e/15/2/text/3,https://opentheso.huma-num.fr/?idc=105135&idt=th310,tongue,1,zoomathia_match
http://ns.inria.fr/zoomathia/CASSIANUS_BASSUS/geoponica/e/15/2/text/3,https://opentheso.huma-num.fr/?idc=pcrtnpPag9iONJ&idt=th310,bees,1,zoomathia_match
http://ns.inria.fr/zoomathia/CASSIANUS_BASSUS/geoponica/e/15/2/text/3,https://opentheso.huma-num.fr/?idc=pcrtaGBUR5Ekx1&idt=th310,house,1,zoomathia_match
http://ns.inria.fr/zoomathia/CASSIANUS_BASSUS/geoponica/e/15/2/text/3,https://opentheso.huma-num.fr/?idc=pcrtX2GZDDmfz4&idt=th310,cubits,1,zoomathia_match
http://ns.inria.fr/zoomathia/CASSIANUS_BASSUS/geoponica/e/15/2/text/3,https://opentheso.huma-num.fr/?idc=pcrtX2GZDDmfz4&idt=th310,cubits,1,zoomathia_match
http://ns.inria.fr/zoomathia/CASSIANUS_BASSUS/geoponica/e/15/2/text/3,https://opentheso.huma-num.fr/?idc=pcrtylFLKbzFds&idt=th310,entrance,1,zoomathia_match
http://ns.inria.fr/zoomathia/CASSIANUS_BASSUS/geoponica/e/15/2/text/3,https://opentheso.huma-num.fr/?idc=pcrtSR6GJ72lOD&idt=th310,windows,1,zoomathia_match
http://ns.inria.fr/zoomathia/CASSIANUS_BASSUS/geoponica/e/15/2/text/3,https://opentheso.huma-num.fr/?idc=pcrtSR6GJ72lOD&idt=th310,window,1,zoomathia_match
http://ns.inria.fr/zoomathia/CASSIANUS_BASSUS/geoponica/e/15/2/text/3,https://opentheso.huma-num.fr/?idc=pcrtIxHmbVwDYW&idt=th310,wall,1,zoomathia_match
http://ns.inria.fr/zoomathia/CASSIANUS_BASSUS/geoponica/e/15/2/text/3,https://opentheso.huma-num.fr/?idc=pcrtpWT5t7kRx6&idt=th310,years,1,zoomathia_match
http://ns.inria.fr/zoomathia/CASSIANUS_BASSUS/geoponica/e/15/2/text/3,https://opentheso.huma-num.fr/?idc=105983&idt=th310,fat,1,zoomathia_match
http://ns.inria.fr/zoomathia/CASSIANUS_BASSUS/geoponica/e/15/2/text/3,https://opentheso.huma-num.fr/?idc=pcrtWUyge94a85&idt=th310,set,1,zoomathia_match
http://ns.inria.fr/zoomathia/CASSIANUS_BASSUS/geoponica/e/15/2/text/3,https://opentheso.huma-num.fr/?idc=107519&idt=th310,work,1,zoomathia_match
http://ns.inria.fr/zoomathia/CASSIANUS_BASSUS/geoponica/e/15/2/text/3,https://opentheso.huma-num.fr/?idc=pcrt0WrjgPTs33&idt=th310,men,1,zoomathia_match
http://ns.inria.fr/zoomathia/CASSIANUS_BASSUS/geoponica/e/15/2/text/3,https://opentheso.huma-num.fr/?idc=pcrt448yYmVDuT&idt=th310,bones,1,zoomathia_match
http://ns.inria.fr/zoomathia/CASSIANUS_BASSUS/geoponica/e/15/2/text/3,https://opentheso.huma-num.fr/?idc=105975&idt=th310,flesh,1,zoomathia_match
http://ns.inria.fr/zoomathia/CASSIANUS_BASSUS/geoponica/e/15/2/text/3,https://opentheso.huma-num.fr/?idc=105550&idt=th310,care,1,zoomathia_match
http://ns.inria.fr/zoomathia/CASSIANUS_BASSUS/geoponica/e/15/2/text/3,https://opentheso.huma-num.fr/?idc=pcrtnpPag9iONJ&idt=th310,bee,1,zoomathia_match
http://ns.inria.fr/zoomathia/CASSIANUS_BASSUS/geoponica/e/15/2/text/3,https://opentheso.huma-num.fr/?idc=105186&idt=th310,blood,1,zoomathia_match
http://ns.inria.fr/zoomathia/CASSIANUS_BASSUS/geoponica/e/15/2/text/3,https://opentheso.huma-num.fr/?idc=106518&idt=th310,violence,1,zoomathia_match
http://ns.inria.fr/zoomathia/CASSIANUS_BASSUS/geoponica/e/15/2/text/3,https://opentheso.huma-num.fr/?idc=pcrtc6RmFQxFuS&idt=th310,pitch,1,zoomathia_match
http://ns.inria.fr/zoomathia/CASSIANUS_BASSUS/geoponica/e/15/2/text/3,https://opentheso.huma-num.fr/?idc=105128&idt=th310,eyes,1,zoomathia_match
http://ns.inria.fr/zoomathia/CASSIANUS_BASSUS/geoponica/e/15/2/text/3,https://opentheso.huma-num.fr/?idc=105131&idt=th310,mouth,1,zoomathia_match
http://ns.inria.fr/zoomathia/CASSIANUS_BASSUS/geoponica/e/15/2/text/3,https://opentheso.huma-num.fr/?idc=107604&idt=th310,thyme,1,zoomathia_match
http://ns.inria.fr/zoomathia/CASSIANUS_BASSUS/geoponica/e/15/2/text/3,https://opentheso.huma-num.fr/?idc=pcrtaGBUR5Ekx1&idt=th310,house,1,zoomathia_match
http://ns.inria.fr/zoomathia/CASSIANUS_BASSUS/geoponica/e/15/2/text/3,https://opentheso.huma-num.fr/?idc=pcrt4otVkR3bqD&idt=th310,door,1,zoomathia_match
http://ns.inria.fr/zoomathia/CASSIANUS_BASSUS/geoponica/e/15/2/text/3,https://opentheso.huma-num.fr/?idc=pcrtSR6GJ72lOD&idt=th310,windows,1,zoomathia_match
http://ns.inria.fr/zoomathia/CASSIANUS_BASSUS/geoponica/e/15/2/text/3,https://opentheso.huma-num.fr/?idc=pcrto44p1SaKFn&idt=th310,clay,1,zoomathia_match
http://ns.inria.fr/zoomathia/CASSIANUS_BASSUS/geoponica/e/15/2/text/3,https://opentheso.huma-num.fr/?idc=pcrtylFLKbzFds&idt=th310,entrance,1,zoomathia_match
http://ns.inria.fr/zoomathia/CASSIANUS_BASSUS/geoponica/e/15/2/text/3,https://opentheso.huma-num.fr/?idc=107586&idt=th310,air,1,zoomathia_match
http://ns.inria.fr/zoomathia/CASSIANUS_BASSUS/geoponica/e/15/2/text/3,https://opentheso.huma-num.fr/?idc=105642&idt=th310,wind,1,zoomathia_match
http://ns.inria.fr/zoomathia/CASSIANUS_BASSUS/geoponica/e/15/2/text/3,https://opentheso.huma-num.fr/?idc=pcrtx72BOMXZ2d&idt=th310,open,1,zoomathia_match
http://ns.inria.fr/zoomathia/CASSIANUS_BASSUS/geoponica/e/15/2/text/3,https://opentheso.huma-num.fr/?idc=pcrt3SWbm6EV00&idt=th310,light,1,zoomathia_match
http://ns.inria.fr/zoomathia/CASSIANUS_BASSUS/geoponica/e/15/2/text/3,https://opentheso.huma-num.fr/?idc=107586&idt=th310,air,1,zoomathia_match
http://ns.inria.fr/zoomathia/CASSIANUS_BASSUS/geoponica/e/15/2/text/3,https://opentheso.huma-num.fr/?idc=105642&idt=th310,wind,1,zoomathia_match
http://ns.inria.fr/zoomathia/CASSIANUS_BASSUS/geoponica/e/15/2/text/3,https://opentheso.huma-num.fr/?idc=pcrtSR6GJ72lOD&idt=th310,windows,1,zoomathia_match
http://ns.inria.fr/zoomathia/CASSIANUS_BASSUS/geoponica/e/15/2/text/3,https://opentheso.huma-num.fr/?idc=pcrtIMsuG0RWTs&idt=th310,materials,1,zoomathia_match
http://ns.inria.fr/zoomathia/CASSIANUS_BASSUS/geoponica/e/15/2/text/3,https://opentheso.huma-num.fr/?idc=107586&idt=th310,air,1,zoomathia_match
http://ns.inria.fr/zoomathia/CASSIANUS_BASSUS/geoponica/e/15/2/text/3,https://opentheso.huma-num.fr/?idc=pcrto44p1SaKFn&idt=th310,clay,1,zoomathia_match
http://ns.inria.fr/zoomathia/CASSIANUS_BASSUS/geoponica/e/15/2/text/3,https://opentheso.huma-num.fr/?idc=pcrtx72BOMXZ2d&idt=th310,opened,1,zoomathia_match
http://ns.inria.fr/zoomathia/CASSIANUS_BASSUS/geoponica/e/15/2/text/3,https://opentheso.huma-num.fr/?idc=pcrtGSslMASdGf&idt=th310,day,1,zoomathia_match
http://ns.inria.fr/zoomathia/CASSIANUS_BASSUS/geoponica/e/15/2/text/3,https://opentheso.huma-num.fr/?idc=105331&idt=th310,period,1,zoomathia_match
http://ns.inria.fr/zoomathia/CASSIANUS_BASSUS/geoponica/e/15/2/text/3,https://opentheso.huma-num.fr/?idc=pcrtnpPag9iONJ&idt=th310,bees,1,zoomathia_match
http://ns.inria.fr/zoomathia/CASSIANUS_BASSUS/geoponica/e/15/2/text/3,https://opentheso.huma-num.fr/?idc=105127&idt=th310,horns,1,zoomathia_match
http://ns.inria.fr/zoomathia/CASSIANUS_BASSUS/geoponica/e/15/2/text/3,https://opentheso.huma-num.fr/?idc=pcrt448yYmVDuT&idt=th310,bones,1,zoomathia_match
http://ns.inria.fr/zoomathia/CASSIANUS_BASSUS/geoponica/e/15/2/text/3,https://opentheso.huma-num.fr/?idc=105173&idt=th310,hair,1,zoomathia_match
http://ns.inria.fr/zoomathia/CASSIANUS_BASSUS/geoponica/e/15/2/text/3,https://opentheso.huma-num.fr/?idc=105201&idt=th310,brain,1,zoomathia_match
http://ns.inria.fr/zoomathia/CASSIANUS_BASSUS/geoponica/e/15/2/text/3,https://opentheso.huma-num.fr/?idc=pcrtnpPag9iONJ&idt=th310,bees,1,zoomathia_match
http://ns.inria.fr/zoomathia/CASSIANUS_BASSUS/geoponica/e/15/2/text/3,https://opentheso.huma-num.fr/?idc=105975&idt=th310,flesh,1,zoomathia_match
http://ns.inria.fr/zoomathia/CASSIANUS_BASSUS/geoponica/e/15/2/text/3,https://opentheso.huma-num.fr/?idc=105201&idt=th310,brain,1,zoomathia_match
http://ns.inria.fr/zoomathia/CASSIANUS_BASSUS/geoponica/e/15/2/text/3,https://opentheso.huma-num.fr/?idc=105270&idt=th310,size,1,zoomathia_match
http://ns.inria.fr/zoomathia/CASSIANUS_BASSUS/geoponica/e/15/2/text/3,https://opentheso.huma-num.fr/?idc=105280&idt=th310,strength,1,zoomathia_match
http://ns.inria.fr/zoomathia/CASSIANUS_BASSUS/geoponica/e/15/2/text/3,https://www.wikidata.org/wiki/Q1016,Libya,0.4526,wikidata
http://ns.inria.fr/zoomathia/CASSIANUS_BASSUS/geoponica/e/15/2/text/3,https://www.wikidata.org/wiki/Q41980,Democritus,0.4343,wikidata
http://ns.inria.fr/zoomathia/CASSIANUS_BASSUS/geoponica/e/15/2/text/3,https://www.wikidata.org/wiki/Q206119,Varro,0.4575,wikidata
http://ns.inria.fr/zoomathia/CASSIANUS_BASSUS/geoponica/e/15/2/text/3,https://www.wikidata.org/wiki/Q1747689,Roman,0.41,wikidata
http://ns.inria.fr/zoomathia/CASSIANUS_BASSUS/geoponica/e/15/2/text/3,https://www.wikidata.org/wiki/Q6502030,cubits,0.4369,wikidata
http://ns.inria.fr/zoomathia/CASSIANUS_BASSUS/geoponica/e/15/2/text/3,http://dbpedia.org/resource/Pharaoh,king,0.9890620690988723,DBpedia
http://ns.inria.fr/zoomathia/CASSIANUS_BASSUS/geoponica/e/15/2/text/3,http://dbpedia.org/resource/Ancient_Libya,Libya,0.9990122864513787,DBpedia
http://ns.inria.fr/zoomathia/CASSIANUS_BASSUS/geoponica/e/15/2/text/3,http://dbpedia.org/resource/Bee,bees,0.8843564155184345,DBpedia
http://ns.inria.fr/zoomathia/CASSIANUS_BASSUS/geoponica/e/15/2/text/3,http://dbpedia.org/resource/Resurrection,raised,0.9720638436523452,DBpedia
http://ns.inria.fr/zoomathia/CASSIANUS_BASSUS/geoponica/e/15/2/text/3,http://dbpedia.org/resource/Coffer,coffer,0.9800898492666286,DBpedia
http://ns.inria.fr/zoomathia/CASSIANUS_BASSUS/geoponica/e/15/2/text/3,http://dbpedia.org/resource/Democritus,Democritus,1.0,DBpedia
http://ns.inria.fr/zoomathia/CASSIANUS_BASSUS/geoponica/e/15/2/text/3,http://dbpedia.org/resource/Marcus_Terentius_Varro,Varro,0.9999995600663683,DBpedia
http://ns.inria.fr/zoomathia/CASSIANUS_BASSUS/geoponica/e/15/2/text/3,http://dbpedia.org/resource/Ancient_Rome,Roman,0.9986627657491387,DBpedia
http://ns.inria.fr/zoomathia/CASSIANUS_BASSUS/geoponica/e/15/2/text/3,http://dbpedia.org/resource/Tongue,tongue,0.9999999999104148,DBpedia
http://ns.inria.fr/zoomathia/CASSIANUS_BASSUS/geoponica/e/15/2/text/3,http://dbpedia.org/resource/Bee,bees,0.8843564155184345,DBpedia
http://ns.inria.fr/zoomathia/CASSIANUS_BASSUS/geoponica/e/15/2/text/3,http://dbpedia.org/resource/Resurrection,raised,0.9720638436523452,DBpedia
http://ns.inria.fr/zoomathia/CASSIANUS_BASSUS/geoponica/e/15/2/text/3,http://dbpedia.org/resource/House,house,0.9943652712840905,DBpedia
http://ns.inria.fr/zoomathia/CASSIANUS_BASSUS/geoponica/e/15/2/text/3,http://dbpedia.org/resource/Scientific_method,method,0.9999937162417223,DBpedia
http://ns.inria.fr/zoomathia/CASSIANUS_BASSUS/geoponica/e/15/2/text/3,http://dbpedia.org/resource/Cubit,cubits,1.0,DBpedia
http://ns.inria.fr/zoomathia/CASSIANUS_BASSUS/geoponica/e/15/2/text/3,http://dbpedia.org/resource/Euphoria,high,0.4797882173060804,DBpedia
http://ns.inria.fr/zoomathia/CASSIANUS_BASSUS/geoponica/e/15/2/text/3,http://dbpedia.org/resource/Number,number,0.9999806907801275,DBpedia
http://ns.inria.fr/zoomathia/CASSIANUS_BASSUS/geoponica/e/15/2/text/3,http://dbpedia.org/resource/Cubit,cubits,1.0,DBpedia
http://ns.inria.fr/zoomathia/CASSIANUS_BASSUS/geoponica/e/15/2/text/3,http://dbpedia.org/resource/Egalitarianism,equal,0.841558147505815,DBpedia
http://ns.inria.fr/zoomathia/CASSIANUS_BASSUS/geoponica/e/15/2/text/3,http://dbpedia.org/resource/Dimension,dimensions,0.941477336585858,DBpedia
http://ns.inria.fr/zoomathia/CASSIANUS_BASSUS/geoponica/e/15/2/text/3,http://dbpedia.org/resource/A-side_and_B-side,sides,0.9690957288278029,DBpedia
http://ns.inria.fr/zoomathia/CASSIANUS_BASSUS/geoponica/e/15/2/text/3,http://dbpedia.org/resource/Window,windows,0.9999824216419037,DBpedia
http://ns.inria.fr/zoomathia/CASSIANUS_BASSUS/geoponica/e/15/2/text/3,http://dbpedia.org/resource/Window,window,0.9999911467114911,DBpedia
http://ns.inria.fr/zoomathia/CASSIANUS_BASSUS/geoponica/e/15/2/text/3,http://dbpedia.org/resource/Wall,wall,0.9999866714912646,DBpedia
http://ns.inria.fr/zoomathia/CASSIANUS_BASSUS/geoponica/e/15/2/text/3,http://dbpedia.org/resource/Ox,bullock,0.9999996900192426,DBpedia
http://ns.inria.fr/zoomathia/CASSIANUS_BASSUS/geoponica/e/15/2/text/3,http://dbpedia.org/resource/Fruit,fleshy,1.0,DBpedia
http://ns.inria.fr/zoomathia/CASSIANUS_BASSUS/geoponica/e/15/2/text/3,http://dbpedia.org/resource/Fat,fat,0.9931650484568558,DBpedia
http://ns.inria.fr/zoomathia/CASSIANUS_BASSUS/geoponica/e/15/2/text/3,http://dbpedia.org/resource/Theatrical_scenery,set,0.8828917854062975,DBpedia
http://ns.inria.fr/zoomathia/CASSIANUS_BASSUS/geoponica/e/15/2/text/3,http://dbpedia.org/resource/Number,number,0.9999806907801275,DBpedia
http://ns.inria.fr/zoomathia/CASSIANUS_BASSUS/geoponica/e/15/2/text/3,http://dbpedia.org/resource/Pederasty,young men,0.9999999999990905,DBpedia
http://ns.inria.fr/zoomathia/CASSIANUS_BASSUS/geoponica/e/15/2/text/3,http://dbpedia.org/resource/Death,kill,0.9993794927449237,DBpedia
http://ns.inria.fr/zoomathia/CASSIANUS_BASSUS/geoponica/e/15/2/text/3,http://dbpedia.org/resource/Bone,bones,0.999538044673983,DBpedia
http://ns.inria.fr/zoomathia/CASSIANUS_BASSUS/geoponica/e/15/2/text/3,http://dbpedia.org/resource/Flesh,flesh,0.9999991811142706,DBpedia
http://ns.inria.fr/zoomathia/CASSIANUS_BASSUS/geoponica/e/15/2/text/3,http://dbpedia.org/resource/Child_care,care,0.6363725201790322,DBpedia
http://ns.inria.fr/zoomathia/CASSIANUS_BASSUS/geoponica/e/15/2/text/3,http://dbpedia.org/resource/Animal,beast,0.9999804768656702,DBpedia
http://ns.inria.fr/zoomathia/CASSIANUS_BASSUS/geoponica/e/15/2/text/3,http://dbpedia.org/resource/Record_producer,produced,0.9913142644046,DBpedia
http://ns.inria.fr/zoomathia/CASSIANUS_BASSUS/geoponica/e/15/2/text/3,http://dbpedia.org/resource/Blood,blood,0.9999968774571791,DBpedia
http://ns.inria.fr/zoomathia/CASSIANUS_BASSUS/geoponica/e/15/2/text/3,http://dbpedia.org/resource/Terminal_velocity,falling,0.4705606598822493,DBpedia
http://ns.inria.fr/zoomathia/CASSIANUS_BASSUS/geoponica/e/15/2/text/3,http://dbpedia.org/resource/Violence,violence,0.9998960920072967,DBpedia
http://ns.inria.fr/zoomathia/CASSIANUS_BASSUS/geoponica/e/15/2/text/3,http://dbpedia.org/resource/Professional_wrestling_strikes,blows,0.9999999990961896,DBpedia
http://ns.inria.fr/zoomathia/CASSIANUS_BASSUS/geoponica/e/15/2/text/3,http://dbpedia.org/resource/Aperture,apertures,0.9961733360511299,DBpedia
http://ns.inria.fr/zoomathia/CASSIANUS_BASSUS/geoponica/e/15/2/text/3,http://dbpedia.org/resource/Sustainable_energy,clean,0.806002731631163,DBpedia
http://ns.inria.fr/zoomathia/CASSIANUS_BASSUS/geoponica/e/15/2/text/3,http://dbpedia.org/resource/Grain_size,fine,0.8371774394365461,DBpedia
http://ns.inria.fr/zoomathia/CASSIANUS_BASSUS/geoponica/e/15/2/text/3,http://dbpedia.org/resource/Altar_cloth,cloths,0.9630047869700619,DBpedia
http://ns.inria.fr/zoomathia/CASSIANUS_BASSUS/geoponica/e/15/2/text/3,http://dbpedia.org/resource/Strike_and_dip,dipped,0.9999999999990905,DBpedia
http://ns.inria.fr/zoomathia/CASSIANUS_BASSUS/geoponica/e/15/2/text/3,http://dbpedia.org/resource/Screw_thread,pitch,0.7638589321998576,DBpedia
http://ns.inria.fr/zoomathia/CASSIANUS_BASSUS/geoponica/e/15/2/text/3,http://dbpedia.org/resource/Eye,eyes,0.9963068063627911,DBpedia
http://ns.inria.fr/zoomathia/CASSIANUS_BASSUS/geoponica/e/15/2/text/3,http://dbpedia.org/resource/Mouth,mouth,0.9986608505474488,DBpedia
http://ns.inria.fr/zoomathia/CASSIANUS_BASSUS/geoponica/e/15/2/text/3,http://dbpedia.org/resource/Phase_transition,formed,0.8857818300370284,DBpedia
http://ns.inria.fr/zoomathia/CASSIANUS_BASSUS/geoponica/e/15/2/text/3,http://dbpedia.org/resource/Nature,nature,0.9999993409444312,DBpedia
http://ns.inria.fr/zoomathia/CASSIANUS_BASSUS/geoponica/e/15/2/text/3,http://dbpedia.org/resource/Emergency_evacuation,evacuation,0.9992577371378657,DBpedia
http://ns.inria.fr/zoomathia/CASSIANUS_BASSUS/geoponica/e/15/2/text/3,http://dbpedia.org/resource/Scattering,scattered,0.9991354879703397,DBpedia
http://ns.inria.fr/zoomathia/CASSIANUS_BASSUS/geoponica/e/15/2/text/3,http://dbpedia.org/resource/Goods,good,0.8589501213181675,DBpedia
http://ns.inria.fr/zoomathia/CASSIANUS_BASSUS/geoponica/e/15/2/text/3,http://dbpedia.org/resource/Quantity,quantity,0.9914750107782901,DBpedia
http://ns.inria.fr/zoomathia/CASSIANUS_BASSUS/geoponica/e/15/2/text/3,http://dbpedia.org/resource/Thyme,thyme,0.9999997693207927,DBpedia
http://ns.inria.fr/zoomathia/CASSIANUS_BASSUS/geoponica/e/15/2/text/3,http://dbpedia.org/resource/Rope,laid,0.9677713285132408,DBpedia
http://ns.inria.fr/zoomathia/CASSIANUS_BASSUS/geoponica/e/15/2/text/3,http://dbpedia.org/resource/Ox,bullock,0.9999996900192426,DBpedia
http://ns.inria.fr/zoomathia/CASSIANUS_BASSUS/geoponica/e/15/2/text/3,http://dbpedia.org/resource/House,house,0.9943652712840905,DBpedia
http://ns.inria.fr/zoomathia/CASSIANUS_BASSUS/geoponica/e/15/2/text/3,http://dbpedia.org/resource/Groundcover,cover,0.9188535067661354,DBpedia
http://ns.inria.fr/zoomathia/CASSIANUS_BASSUS/geoponica/e/15/2/text/3,http://dbpedia.org/resource/Door,door,1.0,DBpedia
http://ns.inria.fr/zoomathia/CASSIANUS_BASSUS/geoponica/e/15/2/text/3,http://dbpedia.org/resource/Window,windows,0.9999824216419037,DBpedia
http://ns.inria.fr/zoomathia/CASSIANUS_BASSUS/geoponica/e/15/2/text/3,http://dbpedia.org/resource/Strength_of_materials,strong,0.9999934043611718,DBpedia
http://ns.inria.fr/zoomathia/CASSIANUS_BASSUS/geoponica/e/15/2/text/3,http://dbpedia.org/resource/Clay,clay,0.9999996425465908,DBpedia
http://ns.inria.fr/zoomathia/CASSIANUS_BASSUS/geoponica/e/15/2/text/3,http://dbpedia.org/resource/Cloaca,vent,0.9989116792612288,DBpedia
http://ns.inria.fr/zoomathia/CASSIANUS_BASSUS/geoponica/e/15/2/text/3,http://dbpedia.org/resource/Wind,wind,0.9491729250129118,DBpedia
http://ns.inria.fr/zoomathia/CASSIANUS_BASSUS/geoponica/e/15/2/text/3,http://dbpedia.org/resource/Week,week,0.9998688805041233,DBpedia
http://ns.inria.fr/zoomathia/CASSIANUS_BASSUS/geoponica/e/15/2/text/3,http://dbpedia.org/resource/Subset,proper,0.7499923296030715,DBpedia
http://ns.inria.fr/zoomathia/CASSIANUS_BASSUS/geoponica/e/15/2/text/3,http://dbpedia.org/resource/Musical_tuning,open,0.7711617053242515,DBpedia
http://ns.inria.fr/zoomathia/CASSIANUS_BASSUS/geoponica/e/15/2/text/3,http://dbpedia.org/resource/A-side_and_B-side,sides,0.9690957288278029,DBpedia
http://ns.inria.fr/zoomathia/CASSIANUS_BASSUS/geoponica/e/15/2/text/3,http://dbpedia.org/resource/Light,light,0.9987810720074866,DBpedia
http://ns.inria.fr/zoomathia/CASSIANUS_BASSUS/geoponica/e/15/2/text/3,http://dbpedia.org/resource/Pure_Air,pure air,0.999999999975671,DBpedia
http://ns.inria.fr/zoomathia/CASSIANUS_BASSUS/geoponica/e/15/2/text/3,http://dbpedia.org/resource/Strength_of_materials,strong,0.9999934043611718,DBpedia
http://ns.inria.fr/zoomathia/CASSIANUS_BASSUS/geoponica/e/15/2/text/3,http://dbpedia.org/resource/Wind,wind,0.9491729250129118,DBpedia
http://ns.inria.fr/zoomathia/CASSIANUS_BASSUS/geoponica/e/15/2/text/3,http://dbpedia.org/resource/Professional_wrestling_strikes,blows,0.9999999990961896,DBpedia
http://ns.inria.fr/zoomathia/CASSIANUS_BASSUS/geoponica/e/15/2/text/3,http://dbpedia.org/resource/Grammatical_case,case,0.9585778723276002,DBpedia
http://ns.inria.fr/zoomathia/CASSIANUS_BASSUS/geoponica/e/15/2/text/3,http://dbpedia.org/resource/Subset,proper,0.7499923296030715,DBpedia
http://ns.inria.fr/zoomathia/CASSIANUS_BASSUS/geoponica/e/15/2/text/3,http://dbpedia.org/resource/Window,windows,0.9999824216419037,DBpedia
http://ns.inria.fr/zoomathia/CASSIANUS_BASSUS/geoponica/e/15/2/text/3,http://dbpedia.org/resource/Animation,animated,0.8840254482630945,DBpedia
http://ns.inria.fr/zoomathia/CASSIANUS_BASSUS/geoponica/e/15/2/text/3,http://dbpedia.org/resource/Sexual_attraction,attracted,0.9583725448592867,DBpedia
http://ns.inria.fr/zoomathia/CASSIANUS_BASSUS/geoponica/e/15/2/text/3,http://dbpedia.org/resource/Subset,proper,0.7499923296030715,DBpedia
http://ns.inria.fr/zoomathia/CASSIANUS_BASSUS/geoponica/e/15/2/text/3,http://dbpedia.org/resource/Knot,secure,0.9918553304109272,DBpedia
http://ns.inria.fr/zoomathia/CASSIANUS_BASSUS/geoponica/e/15/2/text/3,http://dbpedia.org/resource/Clay,clay,0.9999996425465908,DBpedia
http://ns.inria.fr/zoomathia/CASSIANUS_BASSUS/geoponica/e/15/2/text/3,http://dbpedia.org/resource/Scientific_method,method,0.9999937162417223,DBpedia
http://ns.inria.fr/zoomathia/CASSIANUS_BASSUS/geoponica/e/15/2/text/3,http://dbpedia.org/resource/Fall_of_the_Berlin_Wall,opened,0.7832904546214139,DBpedia
http://ns.inria.fr/zoomathia/CASSIANUS_BASSUS/geoponica/e/15/2/text/3,http://dbpedia.org/resource/Rib_cage,eleventh,0.9999999638566812,DBpedia
http://ns.inria.fr/zoomathia/CASSIANUS_BASSUS/geoponica/e/15/2/text/3,http://dbpedia.org/resource/Diurnality,day,0.9472674589827336,DBpedia
http://ns.inria.fr/zoomathia/CASSIANUS_BASSUS/geoponica/e/15/2/text/3,http://dbpedia.org/resource/Frequency,period,0.5316030375238592,DBpedia
http://ns.inria.fr/zoomathia/CASSIANUS_BASSUS/geoponica/e/15/2/text/3,http://dbpedia.org/resource/Bee,bees,0.8843564155184345,DBpedia
http://ns.inria.fr/zoomathia/CASSIANUS_BASSUS/geoponica/e/15/2/text/3,http://dbpedia.org/resource/Consonant_cluster,clusters,0.545757611502387,DBpedia
http://ns.inria.fr/zoomathia/CASSIANUS_BASSUS/geoponica/e/15/2/text/3,http://dbpedia.org/resource/Horn_loudspeaker,horns,0.9913128414174441,DBpedia
http://ns.inria.fr/zoomathia/CASSIANUS_BASSUS/geoponica/e/15/2/text/3,http://dbpedia.org/resource/Bone,bones,0.999538044673983,DBpedia
http://ns.inria.fr/zoomathia/CASSIANUS_BASSUS/geoponica/e/15/2/text/3,http://dbpedia.org/resource/Hair,hair,0.9999797705249698,DBpedia
http://ns.inria.fr/zoomathia/CASSIANUS_BASSUS/geoponica/e/15/2/text/3,http://dbpedia.org/resource/Ox,bullock,0.9999996900192426,DBpedia
http://ns.inria.fr/zoomathia/CASSIANUS_BASSUS/geoponica/e/15/2/text/3,http://dbpedia.org/resource/Pharaoh,kings,0.9931688663593753,DBpedia
http://ns.inria.fr/zoomathia/CASSIANUS_BASSUS/geoponica/e/15/2/text/3,http://dbpedia.org/resource/Record_producer,produced,0.9913142644046,DBpedia
http://ns.inria.fr/zoomathia/CASSIANUS_BASSUS/geoponica/e/15/2/text/3,http://dbpedia.org/resource/Brain,brain,0.81758062682885,DBpedia
http://ns.inria.fr/zoomathia/CASSIANUS_BASSUS/geoponica/e/15/2/text/3,http://dbpedia.org/resource/Bee,bees,0.8843564155184345,DBpedia
http://ns.inria.fr/zoomathia/CASSIANUS_BASSUS/geoponica/e/15/2/text/3,http://dbpedia.org/resource/Flesh,flesh,0.9999991811142706,DBpedia
http://ns.inria.fr/zoomathia/CASSIANUS_BASSUS/geoponica/e/15/2/text/3,http://dbpedia.org/resource/Books_of_Kings,Kings,0.99992526664194,DBpedia
http://ns.inria.fr/zoomathia/CASSIANUS_BASSUS/geoponica/e/15/2/text/3,http://dbpedia.org/resource/Record_producer,produced,0.9913142644046,DBpedia
http://ns.inria.fr/zoomathia/CASSIANUS_BASSUS/geoponica/e/15/2/text/3,http://dbpedia.org/resource/Vertebral_column,spinal,0.9999894415857736,DBpedia
http://ns.inria.fr/zoomathia/CASSIANUS_BASSUS/geoponica/e/15/2/text/3,http://dbpedia.org/resource/Bone_marrow,marrow,0.9999993073283929,DBpedia
http://ns.inria.fr/zoomathia/CASSIANUS_BASSUS/geoponica/e/15/2/text/3,http://dbpedia.org/resource/Record_producer,produced,0.9913142644046,DBpedia
http://ns.inria.fr/zoomathia/CASSIANUS_BASSUS/geoponica/e/15/2/text/3,http://dbpedia.org/resource/Brain,brain,0.81758062682885,DBpedia
http://ns.inria.fr/zoomathia/CASSIANUS_BASSUS/geoponica/e/15/2/text/3,http://dbpedia.org/resource/Anatomical_terms_of_location,superior,0.999999999992724,DBpedia
http://ns.inria.fr/zoomathia/CASSIANUS_BASSUS/geoponica/e/15/2/text/3,http://dbpedia.org/resource/Sizing,size,0.9496827575257603,DBpedia
http://ns.inria.fr/zoomathia/CASSIANUS_BASSUS/geoponica/e/15/2/text/3,http://dbpedia.org/resource/Beauty,beauty,0.9991512991844017,DBpedia
http://ns.inria.fr/zoomathia/CASSIANUS_BASSUS/geoponica/e/15/2/text/4,https://opentheso.huma-num.fr/?idc=105975&idt=th310,flesh,1,zoomathia_match
http://ns.inria.fr/zoomathia/CASSIANUS_BASSUS/geoponica/e/15/2/text/4,https://opentheso.huma-num.fr/?idc=105367&idt=th310,birth,1,zoomathia_match
http://ns.inria.fr/zoomathia/CASSIANUS_BASSUS/geoponica/e/15/2/text/4,https://opentheso.huma-num.fr/?idc=pcrtx72BOMXZ2d&idt=th310,opened,1,zoomathia_match
http://ns.inria.fr/zoomathia/CASSIANUS_BASSUS/geoponica/e/15/2/text/4,https://opentheso.huma-num.fr/?idc=108030&idt=th310,white,1,zoomathia_match
http://ns.inria.fr/zoomathia/CASSIANUS_BASSUS/geoponica/e/15/2/text/4,https://opentheso.huma-num.fr/?idc=105270&idt=th310,size,1,zoomathia_match
http://ns.inria.fr/zoomathia/CASSIANUS_BASSUS/geoponica/e/15/2/text/4,https://opentheso.huma-num.fr/?idc=105865&idt=th310,wings,1,zoomathia_match
http://ns.inria.fr/zoomathia/CASSIANUS_BASSUS/geoponica/e/15/2/text/4,https://opentheso.huma-num.fr/?idc=pcrtnpPag9iONJ&idt=th310,bees,1,zoomathia_match
http://ns.inria.fr/zoomathia/CASSIANUS_BASSUS/geoponica/e/15/2/text/4,https://opentheso.huma-num.fr/?idc=pcrtRTgYjwVFzT&idt=th310,seated,1,zoomathia_match
http://ns.inria.fr/zoomathia/CASSIANUS_BASSUS/geoponica/e/15/2/text/4,https://opentheso.huma-num.fr/?idc=105121&idt=th310,flying,1,zoomathia_match
http://ns.inria.fr/zoomathia/CASSIANUS_BASSUS/geoponica/e/15/2/text/4,https://opentheso.huma-num.fr/?idc=105383&idt=th310,flying,1,zoomathia_match
http://ns.inria.fr/zoomathia/CASSIANUS_BASSUS/geoponica/e/15/2/text/4,https://opentheso.huma-num.fr/?idc=105865&idt=th310,wings,1,zoomathia_match
http://ns.inria.fr/zoomathia/CASSIANUS_BASSUS/geoponica/e/15/2/text/4,https://opentheso.huma-num.fr/?idc=pcrtSR6GJ72lOD&idt=th310,windows,1,zoomathia_match
http://ns.inria.fr/zoomathia/CASSIANUS_BASSUS/geoponica/e/15/2/text/4,https://opentheso.huma-num.fr/?idc=pcrt3SWbm6EV00&idt=th310,light,1,zoomathia_match
http://ns.inria.fr/zoomathia/CASSIANUS_BASSUS/geoponica/e/15/2/text/4,https://opentheso.huma-num.fr/?idc=pcrtx72BOMXZ2d&idt=th310,open,1,zoomathia_match
http://ns.inria.fr/zoomathia/CASSIANUS_BASSUS/geoponica/e/15/2/text/4,https://opentheso.huma-num.fr/?idc=pcrtSR6GJ72lOD&idt=th310,windows,1,zoomathia_match
http://ns.inria.fr/zoomathia/CASSIANUS_BASSUS/geoponica/e/15/2/text/4,https://opentheso.huma-num.fr/?idc=pcrtGSslMASdGf&idt=th310,day,1,zoomathia_match
http://ns.inria.fr/zoomathia/CASSIANUS_BASSUS/geoponica/e/15/2/text/4,https://opentheso.huma-num.fr/?idc=pcrtnpPag9iONJ&idt=th310,bees,1,zoomathia_match
http://ns.inria.fr/zoomathia/CASSIANUS_BASSUS/geoponica/e/15/2/text/4,https://opentheso.huma-num.fr/?idc=107586&idt=th310,air,1,zoomathia_match
http://ns.inria.fr/zoomathia/CASSIANUS_BASSUS/geoponica/e/15/2/text/4,https://opentheso.huma-num.fr/?idc=pcrtnpPag9iONJ&idt=th310,bees,1,zoomathia_match
http://ns.inria.fr/zoomathia/CASSIANUS_BASSUS/geoponica/e/15/2/text/4,https://opentheso.huma-num.fr/?idc=pcrtaGBUR5Ekx1&idt=th310,house,1,zoomathia_match
http://ns.inria.fr/zoomathia/CASSIANUS_BASSUS/geoponica/e/15/2/text/4,https://opentheso.huma-num.fr/?idc=pcrtnpPag9iONJ&idt=th310,bees,1,zoomathia_match
http://ns.inria.fr/zoomathia/CASSIANUS_BASSUS/geoponica/e/15/2/text/4,https://opentheso.huma-num.fr/?idc=105121&idt=th310,fly,1,zoomathia_match
http://ns.inria.fr/zoomathia/CASSIANUS_BASSUS/geoponica/e/15/2/text/4,https://opentheso.huma-num.fr/?idc=105383&idt=th310,fly,1,zoomathia_match
http://ns.inria.fr/zoomathia/CASSIANUS_BASSUS/geoponica/e/15/2/text/4,https://opentheso.huma-num.fr/?idc=pcrtSR6GJ72lOD&idt=th310,windows,1,zoomathia_match
http://ns.inria.fr/zoomathia/CASSIANUS_BASSUS/geoponica/e/15/2/text/4,https://opentheso.huma-num.fr/?idc=pcrtx72BOMXZ2d&idt=th310,opened,1,zoomathia_match
http://ns.inria.fr/zoomathia/CASSIANUS_BASSUS/geoponica/e/15/2/text/4,https://opentheso.huma-num.fr/?idc=107604&idt=th310,thyme,1,zoomathia_match
http://ns.inria.fr/zoomathia/CASSIANUS_BASSUS/geoponica/e/15/2/text/4,https://opentheso.huma-num.fr/?idc=105402&idt=th310,smell,1,zoomathia_match
http://ns.inria.fr/zoomathia/CASSIANUS_BASSUS/geoponica/e/15/2/text/4,https://opentheso.huma-num.fr/?idc=107531&idt=th310,flowers,1,zoomathia_match
http://ns.inria.fr/zoomathia/CASSIANUS_BASSUS/geoponica/e/15/2/text/4,https://opentheso.huma-num.fr/?idc=pcrtnpPag9iONJ&idt=th310,bees,1,zoomathia_match
http://ns.inria.fr/zoomathia/CASSIANUS_BASSUS/geoponica/e/15/2/text/4,https://opentheso.huma-num.fr/?idc=107531&idt=th310,flowers,1,zoomathia_match
http://ns.inria.fr/zoomathia/CASSIANUS_BASSUS/geoponica/e/15/2/text/4,https://opentheso.huma-num.fr/?idc=pcrtsPauzzRS5z&idt=th310,honey,1,zoomathia_match
http://ns.inria.fr/zoomathia/CASSIANUS_BASSUS/geoponica/e/15/2/text/4,http://dbpedia.org/resource/Impermanence,change,0.9993259448869073,DBpedia
http://ns.inria.fr/zoomathia/CASSIANUS_BASSUS/geoponica/e/15/2/text/4,http://dbpedia.org/resource/Shapeshifting,transformation,0.9996450579579905,DBpedia
http://ns.inria.fr/zoomathia/CASSIANUS_BASSUS/geoponica/e/15/2/text/4,http://dbpedia.org/resource/Flesh,flesh,0.9999996495042228,DBpedia
http://ns.inria.fr/zoomathia/CASSIANUS_BASSUS/geoponica/e/15/2/text/4,http://dbpedia.org/resource/Organism,living creatures,1.0,DBpedia
http://ns.inria.fr/zoomathia/CASSIANUS_BASSUS/geoponica/e/15/2/text/4,http://dbpedia.org/resource/Fertilisation,conception,0.9995832267373767,DBpedia
http://ns.inria.fr/zoomathia/CASSIANUS_BASSUS/geoponica/e/15/2/text/4,http://dbpedia.org/resource/Fall_of_the_Berlin_Wall,opened,0.4314232747204146,DBpedia
http://ns.inria.fr/zoomathia/CASSIANUS_BASSUS/geoponica/e/15/2/text/4,http://dbpedia.org/resource/White,white,0.9936813634941426,DBpedia
http://ns.inria.fr/zoomathia/CASSIANUS_BASSUS/geoponica/e/15/2/text/4,http://dbpedia.org/resource/Plant_reproductive_morphology,perfect,0.9940690291234808,DBpedia
http://ns.inria.fr/zoomathia/CASSIANUS_BASSUS/geoponica/e/15/2/text/4,http://dbpedia.org/resource/Group_action,properly,1.0,DBpedia
http://ns.inria.fr/zoomathia/CASSIANUS_BASSUS/geoponica/e/15/2/text/4,http://dbpedia.org/resource/System_call,called,0.4932883172173254,DBpedia
http://ns.inria.fr/zoomathia/CASSIANUS_BASSUS/geoponica/e/15/2/text/4,http://dbpedia.org/resource/Neontology,living,0.7767278935994973,DBpedia
http://ns.inria.fr/zoomathia/CASSIANUS_BASSUS/geoponica/e/15/2/text/4,http://dbpedia.org/resource/Animal,animals,0.9297904823462596,DBpedia
http://ns.inria.fr/zoomathia/CASSIANUS_BASSUS/geoponica/e/15/2/text/4,http://dbpedia.org/resource/Great_tit,great,0.5741827970722548,DBpedia
http://ns.inria.fr/zoomathia/CASSIANUS_BASSUS/geoponica/e/15/2/text/4,http://dbpedia.org/resource/Number,number,0.9855325414148081,DBpedia
http://ns.inria.fr/zoomathia/CASSIANUS_BASSUS/geoponica/e/15/2/text/4,http://dbpedia.org/resource/Ox,bullock,0.8796408208528125,DBpedia
http://ns.inria.fr/zoomathia/CASSIANUS_BASSUS/geoponica/e/15/2/text/4,http://dbpedia.org/resource/Gradualism,gradually,0.9999999999682814,DBpedia
http://ns.inria.fr/zoomathia/CASSIANUS_BASSUS/geoponica/e/15/2/text/4,http://dbpedia.org/resource/Sizing,size,0.5941760660626366,DBpedia
http://ns.inria.fr/zoomathia/CASSIANUS_BASSUS/geoponica/e/15/2/text/4,http://dbpedia.org/resource/Substantial_form,form,0.999210873538426,DBpedia
http://ns.inria.fr/zoomathia/CASSIANUS_BASSUS/geoponica/e/15/2/text/4,http://dbpedia.org/resource/Insect_wing,wings,0.9078031506438567,DBpedia
http://ns.inria.fr/zoomathia/CASSIANUS_BASSUS/geoponica/e/15/2/text/4,http://dbpedia.org/resource/Phylum,divisions,0.9996176640364443,DBpedia
http://ns.inria.fr/zoomathia/CASSIANUS_BASSUS/geoponica/e/15/2/text/4,http://dbpedia.org/resource/Bee,bees,0.999904846508032,DBpedia
http://ns.inria.fr/zoomathia/CASSIANUS_BASSUS/geoponica/e/15/2/text/4,http://dbpedia.org/resource/Proper_morphism,proper,0.39231677792963665,DBpedia
http://ns.inria.fr/zoomathia/CASSIANUS_BASSUS/geoponica/e/15/2/text/4,http://dbpedia.org/resource/Color,colour,0.9944858418195868,DBpedia
http://ns.inria.fr/zoomathia/CASSIANUS_BASSUS/geoponica/e/15/2/text/4,http://dbpedia.org/resource/Meditation,seated,0.9910671382982488,DBpedia
http://ns.inria.fr/zoomathia/CASSIANUS_BASSUS/geoponica/e/15/2/text/4,http://dbpedia.org/resource/Monarch,king,0.4091597258194154,DBpedia
http://ns.inria.fr/zoomathia/CASSIANUS_BASSUS/geoponica/e/15/2/text/4,http://dbpedia.org/resource/Flight,flying,0.9536552842059336,DBpedia
http://ns.inria.fr/zoomathia/CASSIANUS_BASSUS/geoponica/e/15/2/text/4,http://dbpedia.org/resource/Tremolo,tremulous,1.0,DBpedia
http://ns.inria.fr/zoomathia/CASSIANUS_BASSUS/geoponica/e/15/2/text/4,http://dbpedia.org/resource/Insect_wing,wings,0.9078031506438567,DBpedia
http://ns.inria.fr/zoomathia/CASSIANUS_BASSUS/geoponica/e/15/2/text/4,http://dbpedia.org/resource/Wikipedia,account,0.37598803754941473,DBpedia
http://ns.inria.fr/zoomathia/CASSIANUS_BASSUS/geoponica/e/15/2/text/4,http://dbpedia.org/resource/Debility_(medical),debility,0.95294606304218,DBpedia
http://ns.inria.fr/zoomathia/CASSIANUS_BASSUS/geoponica/e/15/2/text/4,http://dbpedia.org/resource/Sedentism,settle,0.5915926942793877,DBpedia
http://ns.inria.fr/zoomathia/CASSIANUS_BASSUS/geoponica/e/15/2/text/4,http://dbpedia.org/resource/Window,windows,0.9965008024375366,DBpedia
http://ns.inria.fr/zoomathia/CASSIANUS_BASSUS/geoponica/e/15/2/text/4,http://dbpedia.org/resource/Noise,noise,0.46549076530862343,DBpedia
http://ns.inria.fr/zoomathia/CASSIANUS_BASSUS/geoponica/e/15/2/text/4,http://dbpedia.org/resource/Desire,desire,0.9994051130599125,DBpedia
http://ns.inria.fr/zoomathia/CASSIANUS_BASSUS/geoponica/e/15/2/text/4,http://dbpedia.org/resource/Light,light,0.999754219933497,DBpedia
http://ns.inria.fr/zoomathia/CASSIANUS_BASSUS/geoponica/e/15/2/text/4,http://dbpedia.org/resource/Open_source,open,0.7045103146801347,DBpedia
http://ns.inria.fr/zoomathia/CASSIANUS_BASSUS/geoponica/e/15/2/text/4,http://dbpedia.org/resource/Window,windows,0.9965008024375366,DBpedia
http://ns.inria.fr/zoomathia/CASSIANUS_BASSUS/geoponica/e/15/2/text/4,http://dbpedia.org/resource/Diurnality,day,0.9914619162596918,DBpedia
http://ns.inria.fr/zoomathia/CASSIANUS_BASSUS/geoponica/e/15/2/text/4,http://dbpedia.org/resource/Proper_morphism,proper,0.39231677792963665,DBpedia
http://ns.inria.fr/zoomathia/CASSIANUS_BASSUS/geoponica/e/15/2/text/4,http://dbpedia.org/resource/Impermanence,change,0.9993259448869073,DBpedia
http://ns.inria.fr/zoomathia/CASSIANUS_BASSUS/geoponica/e/15/2/text/4,http://dbpedia.org/resource/Nature,nature,0.9999938810653555,DBpedia
http://ns.inria.fr/zoomathia/CASSIANUS_BASSUS/geoponica/e/15/2/text/4,http://dbpedia.org/resource/Bee,bees,0.999904846508032,DBpedia
http://ns.inria.fr/zoomathia/CASSIANUS_BASSUS/geoponica/e/15/2/text/4,http://dbpedia.org/resource/Color_confinement,confinement,0.9581306817517962,DBpedia
http://ns.inria.fr/zoomathia/CASSIANUS_BASSUS/geoponica/e/15/2/text/4,http://dbpedia.org/resource/Dwelling,dwelling,0.9794016563673992,DBpedia
http://ns.inria.fr/zoomathia/CASSIANUS_BASSUS/geoponica/e/15/2/text/4,http://dbpedia.org/resource/Bee,bees,0.999904846508032,DBpedia
http://ns.inria.fr/zoomathia/CASSIANUS_BASSUS/geoponica/e/15/2/text/4,http://dbpedia.org/resource/Perishing,perish,0.9999608153241419,DBpedia
http://ns.inria.fr/zoomathia/CASSIANUS_BASSUS/geoponica/e/15/2/text/4,http://dbpedia.org/resource/Asphyxia,suffocation,1.0,DBpedia
http://ns.inria.fr/zoomathia/CASSIANUS_BASSUS/geoponica/e/15/2/text/4,http://dbpedia.org/resource/Let_Kunovice,Let,0.9999999999928377,DBpedia
http://ns.inria.fr/zoomathia/CASSIANUS_BASSUS/geoponica/e/15/2/text/4,http://dbpedia.org/resource/Apiary,apiary,1.0,DBpedia
http://ns.inria.fr/zoomathia/CASSIANUS_BASSUS/geoponica/e/15/2/text/4,http://dbpedia.org/resource/House,house,0.8095758257146182,DBpedia
http://ns.inria.fr/zoomathia/CASSIANUS_BASSUS/geoponica/e/15/2/text/4,http://dbpedia.org/resource/Bee,bees,0.999904846508032,DBpedia
http://ns.inria.fr/zoomathia/CASSIANUS_BASSUS/geoponica/e/15/2/text/4,http://dbpedia.org/resource/Fly,fly,0.9998559580664935,DBpedia
http://ns.inria.fr/zoomathia/CASSIANUS_BASSUS/geoponica/e/15/2/text/4,http://dbpedia.org/resource/Window,windows,0.9965008024375366,DBpedia
http://ns.inria.fr/zoomathia/CASSIANUS_BASSUS/geoponica/e/15/2/text/4,http://dbpedia.org/resource/Fall_of_the_Berlin_Wall,opened,0.4314232747204146,DBpedia
http://ns.inria.fr/zoomathia/CASSIANUS_BASSUS/geoponica/e/15/2/text/4,http://dbpedia.org/resource/Thyme,thyme,0.9999999806492499,DBpedia
http://ns.inria.fr/zoomathia/CASSIANUS_BASSUS/geoponica/e/15/2/text/4,http://dbpedia.org/resource/Odor,smell,0.9926110995940829,DBpedia
http://ns.inria.fr/zoomathia/CASSIANUS_BASSUS/geoponica/e/15/2/text/4,http://dbpedia.org/resource/Apiary,apiary,1.0,DBpedia
http://ns.inria.fr/zoomathia/CASSIANUS_BASSUS/geoponica/e/15/2/text/4,http://dbpedia.org/resource/Sexual_attraction,attracted,0.976179666509959,DBpedia
http://ns.inria.fr/zoomathia/CASSIANUS_BASSUS/geoponica/e/15/2/text/4,http://dbpedia.org/resource/Perfume,fragrance,0.8462021871300673,DBpedia
http://ns.inria.fr/zoomathia/CASSIANUS_BASSUS/geoponica/e/15/2/text/4,http://dbpedia.org/resource/Flower,flowers,0.9999990900348213,DBpedia
http://ns.inria.fr/zoomathia/CASSIANUS_BASSUS/geoponica/e/15/2/text/4,http://dbpedia.org/resource/Incense,fumigation,0.9993962329685774,DBpedia
http://ns.inria.fr/zoomathia/CASSIANUS_BASSUS/geoponica/e/15/2/text/4,http://dbpedia.org/resource/Bee,bees,0.999904846508032,DBpedia
http://ns.inria.fr/zoomathia/CASSIANUS_BASSUS/geoponica/e/15/2/text/4,http://dbpedia.org/resource/Perfume,fragrance,0.8462021871300673,DBpedia
http://ns.inria.fr/zoomathia/CASSIANUS_BASSUS/geoponica/e/15/2/text/4,http://dbpedia.org/resource/Flower,flowers,0.9999990900348213,DBpedia
http://ns.inria.fr/zoomathia/CASSIANUS_BASSUS/geoponica/e/15/2/text/4,http://dbpedia.org/resource/Lie,fabricate,0.461481029083912,DBpedia
http://ns.inria.fr/zoomathia/CASSIANUS_BASSUS/geoponica/e/15/2/text/4,http://dbpedia.org/resource/Honey,honey,1.0,DBpedia
http://ns.inria.fr/zoomathia/CASSIANUS_BASSUS/geoponica/e/15/3/text/1,https://opentheso.huma-num.fr/?idc=pcrtnpPag9iONJ&idt=th310,bee,1,zoomathia_match
http://ns.inria.fr/zoomathia/CASSIANUS_BASSUS/geoponica/e/15/3/text/1,https://opentheso.huma-num.fr/?idc=pcrt0WrjgPTs33&idt=th310,man,1,zoomathia_match
http://ns.inria.fr/zoomathia/CASSIANUS_BASSUS/geoponica/e/15/3/text/1,https://opentheso.huma-num.fr/?idc=pcrtmDqe8H6RNF&idt=th310,point,1,zoomathia_match
http://ns.inria.fr/zoomathia/CASSIANUS_BASSUS/geoponica/e/15/3/text/1,https://opentheso.huma-num.fr/?idc=107519&idt=th310,work,1,zoomathia_match
http://ns.inria.fr/zoomathia/CASSIANUS_BASSUS/geoponica/e/15/3/text/1,https://opentheso.huma-num.fr/?idc=pcrt3lk0hOhAFJ&idt=th310,race,1,zoomathia_match
http://ns.inria.fr/zoomathia/CASSIANUS_BASSUS/geoponica/e/15/3/text/1,https://opentheso.huma-num.fr/?idc=107531&idt=th310,flowers,1,zoomathia_match
http://ns.inria.fr/zoomathia/CASSIANUS_BASSUS/geoponica/e/15/3/text/1,https://opentheso.huma-num.fr/?idc=107538&idt=th310,trees,1,zoomathia_match
http://ns.inria.fr/zoomathia/CASSIANUS_BASSUS/geoponica/e/15/3/text/1,https://opentheso.huma-num.fr/?idc=pcrtylFLKbzFds&idt=th310,entrances,1,zoomathia_match
http://ns.inria.fr/zoomathia/CASSIANUS_BASSUS/geoponica/e/15/3/text/1,https://opentheso.huma-num.fr/?idc=pcrtsPauzzRS5z&idt=th310,honey,1,zoomathia_match
http://ns.inria.fr/zoomathia/CASSIANUS_BASSUS/geoponica/e/15/3/text/1,https://opentheso.huma-num.fr/?idc=105402&idt=th310,smell,1,zoomathia_match
http://ns.inria.fr/zoomathia/CASSIANUS_BASSUS/geoponica/e/15/3/text/1,https://opentheso.huma-num.fr/?idc=105975&idt=th310,flesh,1,zoomathia_match
http://ns.inria.fr/zoomathia/CASSIANUS_BASSUS/geoponica/e/15/3/text/1,https://opentheso.huma-num.fr/?idc=105186&idt=th310,blood,1,zoomathia_match
http://ns.inria.fr/zoomathia/CASSIANUS_BASSUS/geoponica/e/15/3/text/1,https://opentheso.huma-num.fr/?idc=105983&idt=th310,fat,1,zoomathia_match
http://ns.inria.fr/zoomathia/CASSIANUS_BASSUS/geoponica/e/15/3/text/1,https://opentheso.huma-num.fr/?idc=105280&idt=th310,strength,1,zoomathia_match
http://ns.inria.fr/zoomathia/CASSIANUS_BASSUS/geoponica/e/15/3/text/1,https://opentheso.huma-num.fr/?idc=pcrtylFLKbzFds&idt=th310,entrance,1,zoomathia_match
http://ns.inria.fr/zoomathia/CASSIANUS_BASSUS/geoponica/e/15/3/text/1,https://opentheso.huma-num.fr/?idc=105470&idt=th310,hive,1,zoomathia_match
http://ns.inria.fr/zoomathia/CASSIANUS_BASSUS/geoponica/e/15/3/text/1,https://opentheso.huma-num.fr/?idc=pcrtnpPag9iONJ&idt=th310,bees,1,zoomathia_match
http://ns.inria.fr/zoomathia/CASSIANUS_BASSUS/geoponica/e/15/3/text/1,https://opentheso.huma-num.fr/?idc=105428&idt=th310,reason,1,zoomathia_match
http://ns.inria.fr/zoomathia/CASSIANUS_BASSUS/geoponica/e/15/3/text/1,https://opentheso.huma-num.fr/?idc=pcrtnpPag9iONJ&idt=th310,bee,1,zoomathia_match
http://ns.inria.fr/zoomathia/CASSIANUS_BASSUS/geoponica/e/15/3/text/1,https://opentheso.huma-num.fr/?idc=pcrtL1SSnYgiix&idt=th310,cymbals,1,zoomathia_match
http://ns.inria.fr/zoomathia/CASSIANUS_BASSUS/geoponica/e/15/3/text/1,https://opentheso.huma-num.fr/?idc=105997&idt=th310,hands,1,zoomathia_match
http://ns.inria.fr/zoomathia/CASSIANUS_BASSUS/geoponica/e/15/3/text/1,https://opentheso.huma-num.fr/?idc=105550&idt=th310,care,1,zoomathia_match
http://ns.inria.fr/zoomathia/CASSIANUS_BASSUS/geoponica/e/15/3/text/1,https://opentheso.huma-num.fr/?idc=105121&idt=th310,fly,1,zoomathia_match
http://ns.inria.fr/zoomathia/CASSIANUS_BASSUS/geoponica/e/15/3/text/1,https://opentheso.huma-num.fr/?idc=105383&idt=th310,fly,1,zoomathia_match
http://ns.inria.fr/zoomathia/CASSIANUS_BASSUS/geoponica/e/15/3/text/1,https://opentheso.huma-num.fr/?idc=pcrtSWdJXJxNBT&idt=th310,hates,1,zoomathia_match
http://ns.inria.fr/zoomathia/CASSIANUS_BASSUS/geoponica/e/15/3/text/1,https://opentheso.huma-num.fr/?idc=pcrtMQ4yobfkei&idt=th310,skill,1,zoomathia_match
http://ns.inria.fr/zoomathia/CASSIANUS_BASSUS/geoponica/e/15/3/text/1,http://dbpedia.org/resource/Animal,animals,0.9999776731518075,DBpedia
http://ns.inria.fr/zoomathia/CASSIANUS_BASSUS/geoponica/e/15/3/text/1,http://dbpedia.org/resource/Human,man,0.9999206683890622,DBpedia
http://ns.inria.fr/zoomathia/CASSIANUS_BASSUS/geoponica/e/15/3/text/1,http://dbpedia.org/resource/Reductio_ad_absurdum,point,0.9865000496237865,DBpedia
http://ns.inria.fr/zoomathia/CASSIANUS_BASSUS/geoponica/e/15/3/text/1,http://dbpedia.org/resource/Divinity,divine,0.9947102395235806,DBpedia
http://ns.inria.fr/zoomathia/CASSIANUS_BASSUS/geoponica/e/15/3/text/1,http://dbpedia.org/resource/Utility,utility,0.9998715387964711,DBpedia
http://ns.inria.fr/zoomathia/CASSIANUS_BASSUS/geoponica/e/15/3/text/1,http://dbpedia.org/resource/Human,human race,1.0,DBpedia
http://ns.inria.fr/zoomathia/CASSIANUS_BASSUS/geoponica/e/15/3/text/1,http://dbpedia.org/resource/Ecclesiastical_polity,polity,0.7603251452354641,DBpedia
http://ns.inria.fr/zoomathia/CASSIANUS_BASSUS/geoponica/e/15/3/text/1,http://dbpedia.org/resource/Animal,animal,0.9999943160091893,DBpedia
http://ns.inria.fr/zoomathia/CASSIANUS_BASSUS/geoponica/e/15/3/text/1,http://dbpedia.org/resource/Sarcasm,perfectly,1.0,DBpedia
http://ns.inria.fr/zoomathia/CASSIANUS_BASSUS/geoponica/e/15/3/text/1,http://dbpedia.org/resource/Forest_management,managed,0.6366978122338424,DBpedia
http://ns.inria.fr/zoomathia/CASSIANUS_BASSUS/geoponica/e/15/3/text/1,http://dbpedia.org/resource/Commander,commander,0.9963687551925755,DBpedia
http://ns.inria.fr/zoomathia/CASSIANUS_BASSUS/geoponica/e/15/3/text/1,http://dbpedia.org/resource/Phase_transition,orders,0.9992820542867444,DBpedia
http://ns.inria.fr/zoomathia/CASSIANUS_BASSUS/geoponica/e/15/3/text/1,http://dbpedia.org/resource/Bullock_cart,carrying,0.9997399740901485,DBpedia
http://ns.inria.fr/zoomathia/CASSIANUS_BASSUS/geoponica/e/15/3/text/1,http://dbpedia.org/resource/Glutinous_rice,glutinous,0.9999499992590937,DBpedia
http://ns.inria.fr/zoomathia/CASSIANUS_BASSUS/geoponica/e/15/3/text/1,http://dbpedia.org/resource/Substance_theory,substances,0.9991934396510679,DBpedia
http://ns.inria.fr/zoomathia/CASSIANUS_BASSUS/geoponica/e/15/3/text/1,http://dbpedia.org/resource/Flower,flowers,0.9999999973204012,DBpedia
http://ns.inria.fr/zoomathia/CASSIANUS_BASSUS/geoponica/e/15/3/text/1,http://dbpedia.org/resource/Tree,trees,0.9999789620552043,DBpedia
http://ns.inria.fr/zoomathia/CASSIANUS_BASSUS/geoponica/e/15/3/text/1,http://dbpedia.org/resource/Cover_version,cover,0.670837464703497,DBpedia
http://ns.inria.fr/zoomathia/CASSIANUS_BASSUS/geoponica/e/15/3/text/1,http://dbpedia.org/resource/Earth,ground,0.8650432399338236,DBpedia
http://ns.inria.fr/zoomathia/CASSIANUS_BASSUS/geoponica/e/15/3/text/1,http://dbpedia.org/resource/Forest_inventory,plot,0.4501465307030874,DBpedia
http://ns.inria.fr/zoomathia/CASSIANUS_BASSUS/geoponica/e/15/3/text/1,http://dbpedia.org/resource/Flying_ointment,unguent,0.9996802019936125,DBpedia
http://ns.inria.fr/zoomathia/CASSIANUS_BASSUS/geoponica/e/15/3/text/1,http://dbpedia.org/resource/Honey,honey,1.0,DBpedia
http://ns.inria.fr/zoomathia/CASSIANUS_BASSUS/geoponica/e/15/3/text/1,http://dbpedia.org/resource/Glossary_of_professional_wrestling_terms,cleanly,1.0,DBpedia
http://ns.inria.fr/zoomathia/CASSIANUS_BASSUS/geoponica/e/15/3/text/1,http://dbpedia.org/resource/Animal,animal,0.9999943160091893,DBpedia
http://ns.inria.fr/zoomathia/CASSIANUS_BASSUS/geoponica/e/15/3/text/1,http://dbpedia.org/resource/Settling,settling,0.8266656489029814,DBpedia
http://ns.inria.fr/zoomathia/CASSIANUS_BASSUS/geoponica/e/15/3/text/1,http://dbpedia.org/resource/Odor,smell,0.9997598101930371,DBpedia
http://ns.inria.fr/zoomathia/CASSIANUS_BASSUS/geoponica/e/15/3/text/1,http://dbpedia.org/resource/Unclean_animal,impure,0.9999360802860332,DBpedia
http://ns.inria.fr/zoomathia/CASSIANUS_BASSUS/geoponica/e/15/3/text/1,http://dbpedia.org/resource/Eating,feeding,0.9853008841574005,DBpedia
http://ns.inria.fr/zoomathia/CASSIANUS_BASSUS/geoponica/e/15/3/text/1,http://dbpedia.org/resource/Flesh,flesh,0.999998421244409,DBpedia
http://ns.inria.fr/zoomathia/CASSIANUS_BASSUS/geoponica/e/15/3/text/1,http://dbpedia.org/resource/Blood,blood,0.9999986943263932,DBpedia
http://ns.inria.fr/zoomathia/CASSIANUS_BASSUS/geoponica/e/15/3/text/1,http://dbpedia.org/resource/Fat,fat,0.9960732860268674,DBpedia
http://ns.inria.fr/zoomathia/CASSIANUS_BASSUS/geoponica/e/15/3/text/1,http://dbpedia.org/resource/Agreeableness,agreeable,1.0,DBpedia
http://ns.inria.fr/zoomathia/CASSIANUS_BASSUS/geoponica/e/15/3/text/1,http://dbpedia.org/resource/Flavor,flavour,1.0,DBpedia
http://ns.inria.fr/zoomathia/CASSIANUS_BASSUS/geoponica/e/15/3/text/1,http://dbpedia.org/resource/Labours_of_Hercules,labours,1.0,DBpedia
http://ns.inria.fr/zoomathia/CASSIANUS_BASSUS/geoponica/e/15/3/text/1,http://dbpedia.org/resource/Animal_euthanasia,destroy,0.997621072030796,DBpedia
http://ns.inria.fr/zoomathia/CASSIANUS_BASSUS/geoponica/e/15/3/text/1,http://dbpedia.org/resource/Labours_of_Hercules,labours,1.0,DBpedia
http://ns.inria.fr/zoomathia/CASSIANUS_BASSUS/geoponica/e/15/3/text/1,http://dbpedia.org/resource/Consciousness,conscious,0.9999998344371898,DBpedia
http://ns.inria.fr/zoomathia/CASSIANUS_BASSUS/geoponica/e/15/3/text/1,http://dbpedia.org/resource/Beehive,hive,0.9999999999090505,DBpedia
http://ns.inria.fr/zoomathia/CASSIANUS_BASSUS/geoponica/e/15/3/text/1,http://dbpedia.org/resource/Honey_bee,bees,0.8291736965664424,DBpedia
http://ns.inria.fr/zoomathia/CASSIANUS_BASSUS/geoponica/e/15/3/text/1,http://dbpedia.org/resource/Animal_euthanasia,destroy,0.997621072030796,DBpedia
http://ns.inria.fr/zoomathia/CASSIANUS_BASSUS/geoponica/e/15/3/text/1,http://dbpedia.org/resource/Number,number,0.9998868991182479,DBpedia
http://ns.inria.fr/zoomathia/CASSIANUS_BASSUS/geoponica/e/15/3/text/1,http://dbpedia.org/resource/Checked_tone,entering,0.9999999962399215,DBpedia
http://ns.inria.fr/zoomathia/CASSIANUS_BASSUS/geoponica/e/15/3/text/1,http://dbpedia.org/resource/Injury,injury,0.9999663670797718,DBpedia
http://ns.inria.fr/zoomathia/CASSIANUS_BASSUS/geoponica/e/15/3/text/1,http://dbpedia.org/resource/Proper_Records,Proper,0.8810056782622278,DBpedia
http://ns.inria.fr/zoomathia/CASSIANUS_BASSUS/geoponica/e/15/3/text/1,http://dbpedia.org/resource/Harmony,harmony,0.9649503383407512,DBpedia
http://ns.inria.fr/zoomathia/CASSIANUS_BASSUS/geoponica/e/15/3/text/1,http://dbpedia.org/resource/Gratitude,grateful,1.0,DBpedia
http://ns.inria.fr/zoomathia/CASSIANUS_BASSUS/geoponica/e/15/3/text/1,http://dbpedia.org/resource/Animal,animal,0.9999943160091893,DBpedia
http://ns.inria.fr/zoomathia/CASSIANUS_BASSUS/geoponica/e/15/3/text/1,http://dbpedia.org/resource/Reason,reason,0.9991815711034203,DBpedia
http://ns.inria.fr/zoomathia/CASSIANUS_BASSUS/geoponica/e/15/3/text/1,http://dbpedia.org/resource/Cymbal,cymbals,0.999999999998181,DBpedia
http://ns.inria.fr/zoomathia/CASSIANUS_BASSUS/geoponica/e/15/3/text/1,http://dbpedia.org/resource/Clapping,clapping,1.0,DBpedia
http://ns.inria.fr/zoomathia/CASSIANUS_BASSUS/geoponica/e/15/3/text/1,http://dbpedia.org/resource/Adaptation_(film),adaptation.,0.999999306549866,DBpedia
http://ns.inria.fr/zoomathia/CASSIANUS_BASSUS/geoponica/e/15/3/text/1,http://dbpedia.org/resource/Animal,animal,0.9999943160091893,DBpedia
http://ns.inria.fr/zoomathia/CASSIANUS_BASSUS/geoponica/e/15/3/text/1,http://dbpedia.org/resource/Hard_disk_drive_performance_characteristics,seeks,1.0,DBpedia
http://ns.inria.fr/zoomathia/CASSIANUS_BASSUS/geoponica/e/15/3/text/1,http://dbpedia.org/resource/Leadership,leader,0.9999928738408634,DBpedia
http://ns.inria.fr/zoomathia/CASSIANUS_BASSUS/geoponica/e/15/3/text/1,http://dbpedia.org/resource/Horse_management,care,0.9311923115283893,DBpedia
http://ns.inria.fr/zoomathia/CASSIANUS_BASSUS/geoponica/e/15/3/text/1,http://dbpedia.org/resource/Swarm_behaviour,swarm,0.978275510117149,DBpedia
http://ns.inria.fr/zoomathia/CASSIANUS_BASSUS/geoponica/e/15/3/text/1,http://dbpedia.org/resource/Pharaoh,king,0.9844724190515897,DBpedia
http://ns.inria.fr/zoomathia/CASSIANUS_BASSUS/geoponica/e/15/3/text/1,http://dbpedia.org/resource/Accompaniment,accompanies,1.0,DBpedia
http://ns.inria.fr/zoomathia/CASSIANUS_BASSUS/geoponica/e/15/3/text/1,http://dbpedia.org/resource/Train_station,station,0.9436241277469565,DBpedia
http://ns.inria.fr/zoomathia/CASSIANUS_BASSUS/geoponica/e/15/3/text/1,http://dbpedia.org/resource/Social_support,supports,0.8618114725266801,DBpedia
http://ns.inria.fr/zoomathia/CASSIANUS_BASSUS/geoponica/e/15/3/text/1,http://dbpedia.org/resource/Fatigue,fatigued,1.0,DBpedia
http://ns.inria.fr/zoomathia/CASSIANUS_BASSUS/geoponica/e/15/3/text/1,http://dbpedia.org/resource/Asymptomatic_carrier,carries,0.6103024120583872,DBpedia
http://ns.inria.fr/zoomathia/CASSIANUS_BASSUS/geoponica/e/15/3/text/1,http://dbpedia.org/resource/Fly,fly,0.9972291007759628,DBpedia
http://ns.inria.fr/zoomathia/CASSIANUS_BASSUS/geoponica/e/15/3/text/1,http://dbpedia.org/resource/Death,kill,0.9999995383890266,DBpedia
http://ns.inria.fr/zoomathia/CASSIANUS_BASSUS/geoponica/e/15/3/text/1,http://dbpedia.org/resource/Mechanics,mechanical,0.6612235868628763,DBpedia
http://ns.inria.fr/zoomathia/CASSIANUS_BASSUS/geoponica/e/15/3/text/1,http://dbpedia.org/resource/Skill,skill,0.9999943889163739,DBpedia
http://ns.inria.fr/zoomathia/CASSIANUS_BASSUS/geoponica/e/15/3/text/1,http://dbpedia.org/resource/Reason,rational,0.6581425612538909,DBpedia
http://ns.inria.fr/zoomathia/CASSIANUS_BASSUS/geoponica/e/15/3/text/1,http://dbpedia.org/resource/Cellular_network,hexagonal cells,0.6864641519469131,DBpedia
http://ns.inria.fr/zoomathia/CASSIANUS_BASSUS/geoponica/e/15/4/text/1,https://opentheso.huma-num.fr/?idc=pcrtnpPag9iONJ&idt=th310,BEES,1,zoomathia_match
http://ns.inria.fr/zoomathia/CASSIANUS_BASSUS/geoponica/e/15/4/text/1,https://opentheso.huma-num.fr/?idc=105850&idt=th310,flight,1,zoomathia_match
http://ns.inria.fr/zoomathia/CASSIANUS_BASSUS/geoponica/e/15/4/text/1,https://opentheso.huma-num.fr/?idc=pcrtylFLKbzFds&idt=th310,entrances,1,zoomathia_match
http://ns.inria.fr/zoomathia/CASSIANUS_BASSUS/geoponica/e/15/4/text/1,https://opentheso.huma-num.fr/?idc=105470&idt=th310,hives,1,zoomathia_match
http://ns.inria.fr/zoomathia/CASSIANUS_BASSUS/geoponica/e/15/4/text/1,https://opentheso.huma-num.fr/?idc=pcrtc6RmFQxFuS&idt=th310,pitched,1,zoomathia_match
http://ns.inria.fr/zoomathia/CASSIANUS_BASSUS/geoponica/e/15/4/text/1,https://opentheso.huma-num.fr/?idc=105865&idt=th310,wings,1,zoomathia_match
http://ns.inria.fr/zoomathia/CASSIANUS_BASSUS/geoponica/e/15/4/text/1,https://opentheso.huma-num.fr/?idc=pcrtnpPag9iONJ&idt=th310,bees,1,zoomathia_match
http://ns.inria.fr/zoomathia/CASSIANUS_BASSUS/geoponica/e/15/4/text/1,https://opentheso.huma-num.fr/?idc=105470&idt=th310,hive,1,zoomathia_match
http://ns.inria.fr/zoomathia/CASSIANUS_BASSUS/geoponica/e/15/4/text/1,https://opentheso.huma-num.fr/?idc=pcrtnpPag9iONJ&idt=th310,bees,1,zoomathia_match
http://ns.inria.fr/zoomathia/CASSIANUS_BASSUS/geoponica/e/15/4/text/1,https://opentheso.huma-num.fr/?idc=107596&idt=th310,leaves,1,zoomathia_match
http://ns.inria.fr/zoomathia/CASSIANUS_BASSUS/geoponica/e/15/4/text/1,https://opentheso.huma-num.fr/?idc=106004&idt=th310,wild,1,zoomathia_match
http://ns.inria.fr/zoomathia/CASSIANUS_BASSUS/geoponica/e/15/4/text/1,https://opentheso.huma-num.fr/?idc=pcrtiaewgLXnZc&idt=th310,olive,1,zoomathia_match
http://ns.inria.fr/zoomathia/CASSIANUS_BASSUS/geoponica/e/15/4/text/1,https://opentheso.huma-num.fr/?idc=105470&idt=th310,hives,1,zoomathia_match
http://ns.inria.fr/zoomathia/CASSIANUS_BASSUS/geoponica/e/15/4/text/1,https://opentheso.huma-num.fr/?idc=105470&idt=th310,hives,1,zoomathia_match
http://ns.inria.fr/zoomathia/CASSIANUS_BASSUS/geoponica/e/15/4/text/1,https://opentheso.huma-num.fr/?idc=pcrtWUyge94a85&idt=th310,set,1,zoomathia_match
http://ns.inria.fr/zoomathia/CASSIANUS_BASSUS/geoponica/e/15/4/text/1,https://opentheso.huma-num.fr/?idc=pcrt52SAPxOV16&idt=th310,troughs,1,zoomathia_match
http://ns.inria.fr/zoomathia/CASSIANUS_BASSUS/geoponica/e/15/4/text/1,https://opentheso.huma-num.fr/?idc=107596&idt=th310,leaves,1,zoomathia_match
http://ns.inria.fr/zoomathia/CASSIANUS_BASSUS/geoponica/e/15/4/text/1,https://opentheso.huma-num.fr/?idc=107531&idt=th310,flowering,1,zoomathia_match
http://ns.inria.fr/zoomathia/CASSIANUS_BASSUS/geoponica/e/15/4/text/1,https://opentheso.huma-num.fr/?idc=pcrtmFiiOHIboO&idt=th310,dried,1,zoomathia_match
http://ns.inria.fr/zoomathia/CASSIANUS_BASSUS/geoponica/e/15/4/text/1,https://opentheso.huma-num.fr/?idc=108399&idt=th310,grapes,1,zoomathia_match
http://ns.inria.fr/zoomathia/CASSIANUS_BASSUS/geoponica/e/15/4/text/1,https://opentheso.huma-num.fr/?idc=pcrtnpPag9iONJ&idt=th310,bees,1,zoomathia_match
http://ns.inria.fr/zoomathia/CASSIANUS_BASSUS/geoponica/e/15/4/text/1,https://opentheso.huma-num.fr/?idc=105470&idt=th310,hives,1,zoomathia_match
http://ns.inria.fr/zoomathia/CASSIANUS_BASSUS/geoponica/e/15/4/text/1,https://opentheso.huma-num.fr/?idc=105657&idt=th310,winter,1,zoomathia_match
http://ns.inria.fr/zoomathia/CASSIANUS_BASSUS/geoponica/e/15/4/text/1,https://opentheso.huma-num.fr/?idc=105645&idt=th310,cold,1,zoomathia_match
http://ns.inria.fr/zoomathia/CASSIANUS_BASSUS/geoponica/e/15/4/text/1,https://opentheso.huma-num.fr/?idc=105656&idt=th310,summer,1,zoomathia_match
http://ns.inria.fr/zoomathia/CASSIANUS_BASSUS/geoponica/e/15/4/text/1,https://opentheso.huma-num.fr/?idc=pcrtVLnKfPwHqV&idt=th310,heat,1,zoomathia_match
http://ns.inria.fr/zoomathia/CASSIANUS_BASSUS/geoponica/e/15/4/text/1,https://opentheso.huma-num.fr/?idc=105961&idt=th310,heat,1,zoomathia_match
http://ns.inria.fr/zoomathia/CASSIANUS_BASSUS/geoponica/e/15/4/text/1,https://opentheso.huma-num.fr/?idc=pcrtGSslMASdGf&idt=th310,days,1,zoomathia_match
http://ns.inria.fr/zoomathia/CASSIANUS_BASSUS/geoponica/e/15/4/text/1,https://opentheso.huma-num.fr/?idc=pcrtmFiiOHIboO&idt=th310,dry,1,zoomathia_match
http://ns.inria.fr/zoomathia/CASSIANUS_BASSUS/geoponica/e/15/4/text/1,https://opentheso.huma-num.fr/?idc=106536&idt=th310,cow,1,zoomathia_match
http://ns.inria.fr/zoomathia/CASSIANUS_BASSUS/geoponica/e/15/4/text/1,https://opentheso.huma-num.fr/?idc=105470&idt=th310,hives,1,zoomathia_match
http://ns.inria.fr/zoomathia/CASSIANUS_BASSUS/geoponica/e/15/4/text/1,https://opentheso.huma-num.fr/?idc=105402&idt=th310,smell,1,zoomathia_match
http://ns.inria.fr/zoomathia/CASSIANUS_BASSUS/geoponica/e/15/4/text/1,https://opentheso.huma-num.fr/?idc=105139&idt=th310,combs,1,zoomathia_match
http://ns.inria.fr/zoomathia/CASSIANUS_BASSUS/geoponica/e/15/4/text/1,https://opentheso.huma-num.fr/?idc=105470&idt=th310,hives,1,zoomathia_match
http://ns.inria.fr/zoomathia/CASSIANUS_BASSUS/geoponica/e/15/4/text/1,https://opentheso.huma-num.fr/?idc=pcrtnpPag9iONJ&idt=th310,bees,1,zoomathia_match
http://ns.inria.fr/zoomathia/CASSIANUS_BASSUS/geoponica/e/15/4/text/1,https://opentheso.huma-num.fr/?idc=105470&idt=th310,hive,1,zoomathia_match
http://ns.inria.fr/zoomathia/CASSIANUS_BASSUS/geoponica/e/15/4/text/1,https://opentheso.huma-num.fr/?idc=pcrtnpPag9iONJ&idt=th310,bees,1,zoomathia_match
http://ns.inria.fr/zoomathia/CASSIANUS_BASSUS/geoponica/e/15/4/text/1,http://dbpedia.org/resource/Flight,flight,0.528567798351441,DBpedia
http://ns.inria.fr/zoomathia/CASSIANUS_BASSUS/geoponica/e/15/4/text/1,http://dbpedia.org/resource/Groundcover,cover,0.9999407531368651,DBpedia
http://ns.inria.fr/zoomathia/CASSIANUS_BASSUS/geoponica/e/15/4/text/1,http://dbpedia.org/resource/Feces,faeces,0.9999999999998863,DBpedia
http://ns.inria.fr/zoomathia/CASSIANUS_BASSUS/geoponica/e/15/4/text/1,http://dbpedia.org/resource/Cattle,heifer,1.0,DBpedia
http://ns.inria.fr/zoomathia/CASSIANUS_BASSUS/geoponica/e/15/4/text/1,http://dbpedia.org/resource/Swarm_behaviour,swarm,0.9987615757947845,DBpedia
http://ns.inria.fr/zoomathia/CASSIANUS_BASSUS/geoponica/e/15/4/text/1,http://dbpedia.org/resource/Pitcher,pitched,0.950822204573939,DBpedia
http://ns.inria.fr/zoomathia/CASSIANUS_BASSUS/geoponica/e/15/4/text/1,http://dbpedia.org/resource/Settler,settled,0.8868732912800155,DBpedia
http://ns.inria.fr/zoomathia/CASSIANUS_BASSUS/geoponica/e/15/4/text/1,http://dbpedia.org/resource/Pharaoh,king,0.6869654154680117,DBpedia
http://ns.inria.fr/zoomathia/CASSIANUS_BASSUS/geoponica/e/15/4/text/1,http://dbpedia.org/resource/Cutting,cut,0.9999782696063257,DBpedia
http://ns.inria.fr/zoomathia/CASSIANUS_BASSUS/geoponica/e/15/4/text/1,http://dbpedia.org/resource/Appendage,extremities,0.99999999979309,DBpedia
http://ns.inria.fr/zoomathia/CASSIANUS_BASSUS/geoponica/e/15/4/text/1,http://dbpedia.org/resource/Insect_wing,wings,0.9957938826704126,DBpedia
http://ns.inria.fr/zoomathia/CASSIANUS_BASSUS/geoponica/e/15/4/text/1,http://dbpedia.org/resource/Cadaver,remains,0.9999998760306502,DBpedia
http://ns.inria.fr/zoomathia/CASSIANUS_BASSUS/geoponica/e/15/4/text/1,http://dbpedia.org/resource/Bee,bees,0.9854662763184882,DBpedia
http://ns.inria.fr/zoomathia/CASSIANUS_BASSUS/geoponica/e/15/4/text/1,http://dbpedia.org/resource/Beehive,hive,0.9999999997151008,DBpedia
http://ns.inria.fr/zoomathia/CASSIANUS_BASSUS/geoponica/e/15/4/text/1,http://dbpedia.org/resource/Bee,bees,0.9854662763184882,DBpedia
http://ns.inria.fr/zoomathia/CASSIANUS_BASSUS/geoponica/e/15/4/text/1,http://dbpedia.org/resource/Pound_sterling,pound,0.9652201315631755,DBpedia
http://ns.inria.fr/zoomathia/CASSIANUS_BASSUS/geoponica/e/15/4/text/1,http://dbpedia.org/resource/Leaf,leaves,0.9999997594942732,DBpedia
http://ns.inria.fr/zoomathia/CASSIANUS_BASSUS/geoponica/e/15/4/text/1,http://dbpedia.org/resource/Wildlife,wild,0.9295587428334118,DBpedia
http://ns.inria.fr/zoomathia/CASSIANUS_BASSUS/geoponica/e/15/4/text/1,http://dbpedia.org/resource/Landfill,reclaimed,0.7606385009254559,DBpedia
http://ns.inria.fr/zoomathia/CASSIANUS_BASSUS/geoponica/e/15/4/text/1,http://dbpedia.org/resource/Olive_oil,olive,0.8927573575616349,DBpedia
http://ns.inria.fr/zoomathia/CASSIANUS_BASSUS/geoponica/e/15/4/text/1,http://dbpedia.org/resource/Date_honey,rub,0.9915072429954853,DBpedia
http://ns.inria.fr/zoomathia/CASSIANUS_BASSUS/geoponica/e/15/4/text/1,http://dbpedia.org/resource/Evening,evening,0.9981761744801317,DBpedia
http://ns.inria.fr/zoomathia/CASSIANUS_BASSUS/geoponica/e/15/4/text/1,http://dbpedia.org/resource/Washing,wash,0.999999948968481,DBpedia
http://ns.inria.fr/zoomathia/CASSIANUS_BASSUS/geoponica/e/15/4/text/1,http://dbpedia.org/resource/Proper_and_common_nouns,proper,0.6669031009645877,DBpedia
http://ns.inria.fr/zoomathia/CASSIANUS_BASSUS/geoponica/e/15/4/text/1,http://dbpedia.org/resource/Set_construction,set,0.9808867174953704,DBpedia
http://ns.inria.fr/zoomathia/CASSIANUS_BASSUS/geoponica/e/15/4/text/1,http://dbpedia.org/resource/Food,food,0.9999987365625908,DBpedia
http://ns.inria.fr/zoomathia/CASSIANUS_BASSUS/geoponica/e/15/4/text/1,http://dbpedia.org/resource/Offspring,young,0.9996406187013309,DBpedia
http://ns.inria.fr/zoomathia/CASSIANUS_BASSUS/geoponica/e/15/4/text/1,http://dbpedia.org/resource/Swarm_behaviour,swarms,0.9876228984508042,DBpedia
http://ns.inria.fr/zoomathia/CASSIANUS_BASSUS/geoponica/e/15/4/text/1,http://dbpedia.org/resource/Valley,troughs,0.9996916065833631,DBpedia
http://ns.inria.fr/zoomathia/CASSIANUS_BASSUS/geoponica/e/15/4/text/1,http://dbpedia.org/resource/Leaf,leaves,0.9999997594942732,DBpedia
http://ns.inria.fr/zoomathia/CASSIANUS_BASSUS/geoponica/e/15/4/text/1,http://dbpedia.org/resource/Birmingham_Six,plenty,0.9893312774254209,DBpedia
http://ns.inria.fr/zoomathia/CASSIANUS_BASSUS/geoponica/e/15/4/text/1,http://dbpedia.org/resource/Flower,flowering,0.9999906843264253,DBpedia
http://ns.inria.fr/zoomathia/CASSIANUS_BASSUS/geoponica/e/15/4/text/1,http://dbpedia.org/resource/Drowning,drowned,1.0,DBpedia
http://ns.inria.fr/zoomathia/CASSIANUS_BASSUS/geoponica/e/15/4/text/1,http://dbpedia.org/resource/Pounding_(song),pounding,0.9168482250456029,DBpedia
http://ns.inria.fr/zoomathia/CASSIANUS_BASSUS/geoponica/e/15/4/text/1,http://dbpedia.org/resource/Raisin,dried grapes,1.0,DBpedia
http://ns.inria.fr/zoomathia/CASSIANUS_BASSUS/geoponica/e/15/4/text/1,http://dbpedia.org/resource/Animal_feed,pellets,0.9103737261559096,DBpedia
http://ns.inria.fr/zoomathia/CASSIANUS_BASSUS/geoponica/e/15/4/text/1,http://dbpedia.org/resource/Fodder,feed,0.9985951888650253,DBpedia
http://ns.inria.fr/zoomathia/CASSIANUS_BASSUS/geoponica/e/15/4/text/1,http://dbpedia.org/resource/Swarm_behaviour,swarms,0.9876228984508042,DBpedia
http://ns.inria.fr/zoomathia/CASSIANUS_BASSUS/geoponica/e/15/4/text/1,http://dbpedia.org/resource/Bee,bees,0.9854662763184882,DBpedia
http://ns.inria.fr/zoomathia/CASSIANUS_BASSUS/geoponica/e/15/4/text/1,http://dbpedia.org/resource/Benjamín_Arellano_Félix,remaining,0.980244145502327,DBpedia
http://ns.inria.fr/zoomathia/CASSIANUS_BASSUS/geoponica/e/15/4/text/1,http://dbpedia.org/resource/Hunger,hungry,1.0,DBpedia
http://ns.inria.fr/zoomathia/CASSIANUS_BASSUS/geoponica/e/15/4/text/1,http://dbpedia.org/resource/Winter,winter,0.999999827775256,DBpedia
http://ns.inria.fr/zoomathia/CASSIANUS_BASSUS/geoponica/e/15/4/text/1,http://dbpedia.org/resource/Cold,cold,0.9412615158253782,DBpedia
http://ns.inria.fr/zoomathia/CASSIANUS_BASSUS/geoponica/e/15/4/text/1,http://dbpedia.org/resource/Summer,summer,0.9999322754515623,DBpedia
http://ns.inria.fr/zoomathia/CASSIANUS_BASSUS/geoponica/e/15/4/text/1,http://dbpedia.org/resource/Estrous_cycle,heat,0.6378542350236741,DBpedia
http://ns.inria.fr/zoomathia/CASSIANUS_BASSUS/geoponica/e/15/4/text/1,http://dbpedia.org/resource/March_equinox,vernal,0.5465799832556183,DBpedia
http://ns.inria.fr/zoomathia/CASSIANUS_BASSUS/geoponica/e/15/4/text/1,http://dbpedia.org/resource/Daytime,days,0.8430919708375175,DBpedia
http://ns.inria.fr/zoomathia/CASSIANUS_BASSUS/geoponica/e/15/4/text/1,http://dbpedia.org/resource/Droving,driven,0.9996399512903021,DBpedia
http://ns.inria.fr/zoomathia/CASSIANUS_BASSUS/geoponica/e/15/4/text/1,http://dbpedia.org/resource/Pasture,pastures,1.0,DBpedia
http://ns.inria.fr/zoomathia/CASSIANUS_BASSUS/geoponica/e/15/4/text/1,http://dbpedia.org/resource/Fumigation,fumigation,0.9992626911257678,DBpedia
http://ns.inria.fr/zoomathia/CASSIANUS_BASSUS/geoponica/e/15/4/text/1,http://dbpedia.org/resource/Dry_season,dry,0.9953474749699747,DBpedia
http://ns.inria.fr/zoomathia/CASSIANUS_BASSUS/geoponica/e/15/4/text/1,http://dbpedia.org/resource/Cow_dung,cow-dung,1.0,DBpedia
http://ns.inria.fr/zoomathia/CASSIANUS_BASSUS/geoponica/e/15/4/text/1,http://dbpedia.org/resource/Sustainable_energy,clean,0.6192909495491773,DBpedia
http://ns.inria.fr/zoomathia/CASSIANUS_BASSUS/geoponica/e/15/4/text/1,http://dbpedia.org/resource/Chimney_sweep,sweep,0.998818299949985,DBpedia
http://ns.inria.fr/zoomathia/CASSIANUS_BASSUS/geoponica/e/15/4/text/1,http://dbpedia.org/resource/Pheromone,smell,0.9993574229371172,DBpedia
http://ns.inria.fr/zoomathia/CASSIANUS_BASSUS/geoponica/e/15/4/text/1,http://dbpedia.org/resource/Common_name,common,0.5548207276569779,DBpedia
http://ns.inria.fr/zoomathia/CASSIANUS_BASSUS/geoponica/e/15/4/text/1,http://dbpedia.org/resource/Feces,dung,0.9924102689165591,DBpedia
http://ns.inria.fr/zoomathia/CASSIANUS_BASSUS/geoponica/e/15/4/text/1,http://dbpedia.org/resource/Embarrassment,embarrass,0.9999998637810088,DBpedia
http://ns.inria.fr/zoomathia/CASSIANUS_BASSUS/geoponica/e/15/4/text/1,http://dbpedia.org/resource/Honeycomb,combs,0.9999986808021111,DBpedia
http://ns.inria.fr/zoomathia/CASSIANUS_BASSUS/geoponica/e/15/4/text/1,http://dbpedia.org/resource/Proper_and_common_nouns,proper,0.6669031009645877,DBpedia
http://ns.inria.fr/zoomathia/CASSIANUS_BASSUS/geoponica/e/15/4/text/1,http://dbpedia.org/resource/Hurricane_Wilma,worst,0.9930540043444546,DBpedia
http://ns.inria.fr/zoomathia/CASSIANUS_BASSUS/geoponica/e/15/4/text/1,http://dbpedia.org/resource/Bee,bees,0.9854662763184882,DBpedia
http://ns.inria.fr/zoomathia/CASSIANUS_BASSUS/geoponica/e/15/4/text/1,http://dbpedia.org/resource/Proper_and_common_nouns,proper,0.6669031009645877,DBpedia
http://ns.inria.fr/zoomathia/CASSIANUS_BASSUS/geoponica/e/15/4/text/1,http://dbpedia.org/resource/Swarm_behaviour,swarms,0.9876228984508042,DBpedia
http://ns.inria.fr/zoomathia/CASSIANUS_BASSUS/geoponica/e/15/4/text/1,http://dbpedia.org/resource/Beehive,hive,0.9999999997151008,DBpedia
http://ns.inria.fr/zoomathia/CASSIANUS_BASSUS/geoponica/e/15/4/text/1,http://dbpedia.org/resource/Bee,bees,0.9854662763184882,DBpedia
http://ns.inria.fr/zoomathia/CASSIANUS_BASSUS/geoponica/e/15/5/text/1,https://opentheso.huma-num.fr/?idc=105649&idt=th310,time,1,zoomathia_match
http://ns.inria.fr/zoomathia/CASSIANUS_BASSUS/geoponica/e/15/5/text/1,https://opentheso.huma-num.fr/?idc=pcrtsPauzzRS5z&idt=th310,honey,1,zoomathia_match
http://ns.inria.fr/zoomathia/CASSIANUS_BASSUS/geoponica/e/15/5/text/1,https://opentheso.huma-num.fr/?idc=107360&idt=th310,wax,1,zoomathia_match
http://ns.inria.fr/zoomathia/CASSIANUS_BASSUS/geoponica/e/15/5/text/1,https://opentheso.huma-num.fr/?idc=pcrtkERiWybjc4&idt=th310,Romans,1,zoomathia_match
http://ns.inria.fr/zoomathia/CASSIANUS_BASSUS/geoponica/e/15/5/text/1,https://opentheso.huma-num.fr/?idc=pcrtoASMcUbb46&idt=th310,month,1,zoomathia_match
http://ns.inria.fr/zoomathia/CASSIANUS_BASSUS/geoponica/e/15/5/text/1,https://opentheso.huma-num.fr/?idc=106544&idt=th310,May,1,zoomathia_match
http://ns.inria.fr/zoomathia/CASSIANUS_BASSUS/geoponica/e/15/5/text/1,https://opentheso.huma-num.fr/?idc=105654&idt=th310,autumn,1,zoomathia_match
http://ns.inria.fr/zoomathia/CASSIANUS_BASSUS/geoponica/e/15/5/text/1,https://opentheso.huma-num.fr/?idc=pcrtWUyge94a85&idt=th310,set,1,zoomathia_match
http://ns.inria.fr/zoomathia/CASSIANUS_BASSUS/geoponica/e/15/5/text/1,https://opentheso.huma-num.fr/?idc=pcrtoASMcUbb46&idt=th310,month,1,zoomathia_match
http://ns.inria.fr/zoomathia/CASSIANUS_BASSUS/geoponica/e/15/5/text/1,https://opentheso.huma-num.fr/?idc=pcrtWUyge94a85&idt=th310,set,1,zoomathia_match
http://ns.inria.fr/zoomathia/CASSIANUS_BASSUS/geoponica/e/15/5/text/1,https://opentheso.huma-num.fr/?idc=pcrtGSslMASdGf&idt=th310,days,1,zoomathia_match
http://ns.inria.fr/zoomathia/CASSIANUS_BASSUS/geoponica/e/15/5/text/1,https://opentheso.huma-num.fr/?idc=105139&idt=th310,combs,1,zoomathia_match
http://ns.inria.fr/zoomathia/CASSIANUS_BASSUS/geoponica/e/15/5/text/1,https://opentheso.huma-num.fr/?idc=107519&idt=th310,wrought,1,zoomathia_match
http://ns.inria.fr/zoomathia/CASSIANUS_BASSUS/geoponica/e/15/5/text/1,https://opentheso.huma-num.fr/?idc=pcrtnpPag9iONJ&idt=th310,bees,1,zoomathia_match
http://ns.inria.fr/zoomathia/CASSIANUS_BASSUS/geoponica/e/15/5/text/1,https://opentheso.huma-num.fr/?idc=107519&idt=th310,working,1,zoomathia_match
http://ns.inria.fr/zoomathia/CASSIANUS_BASSUS/geoponica/e/15/5/text/1,https://opentheso.huma-num.fr/?idc=105470&idt=th310,hives,1,zoomathia_match
http://ns.inria.fr/zoomathia/CASSIANUS_BASSUS/geoponica/e/15/5/text/1,https://opentheso.huma-num.fr/?idc=105655&idt=th310,spring,1,zoomathia_match
http://ns.inria.fr/zoomathia/CASSIANUS_BASSUS/geoponica/e/15/5/text/1,https://opentheso.huma-num.fr/?idc=105656&idt=th310,summer,1,zoomathia_match
http://ns.inria.fr/zoomathia/CASSIANUS_BASSUS/geoponica/e/15/5/text/1,https://opentheso.huma-num.fr/?idc=105657&idt=th310,winter,1,zoomathia_match
http://ns.inria.fr/zoomathia/CASSIANUS_BASSUS/geoponica/e/15/5/text/1,https://opentheso.huma-num.fr/?idc=107634&idt=th310,smoke,1,zoomathia_match
http://ns.inria.fr/zoomathia/CASSIANUS_BASSUS/geoponica/e/15/5/text/1,https://opentheso.huma-num.fr/?idc=106536&idt=th310,cow,1,zoomathia_match
http://ns.inria.fr/zoomathia/CASSIANUS_BASSUS/geoponica/e/15/5/text/1,https://opentheso.huma-num.fr/?idc=106004&idt=th310,wild,1,zoomathia_match
http://ns.inria.fr/zoomathia/CASSIANUS_BASSUS/geoponica/e/15/5/text/1,https://opentheso.huma-num.fr/?idc=105184&idt=th310,stings,1,zoomathia_match
http://ns.inria.fr/zoomathia/CASSIANUS_BASSUS/geoponica/e/15/5/text/1,https://opentheso.huma-num.fr/?idc=pcrtnpPag9iONJ&idt=th310,bees,1,zoomathia_match
http://ns.inria.fr/zoomathia/CASSIANUS_BASSUS/geoponica/e/15/5/text/1,https://opentheso.huma-num.fr/?idc=107531&idt=th310,flower,1,zoomathia_match
http://ns.inria.fr/zoomathia/CASSIANUS_BASSUS/geoponica/e/15/5/text/1,https://www.wikidata.org/wiki/Q13423,Pleiades,0.4575,wikidata
http://ns.inria.fr/zoomathia/CASSIANUS_BASSUS/geoponica/e/15/5/text/1,https://www.wikidata.org/wiki/Q1747689,Romans,0.4596,wikidata
http://ns.inria.fr/zoomathia/CASSIANUS_BASSUS/geoponica/e/15/5/text/1,https://www.wikidata.org/wiki/Q13423,Pleiades,0.4575,wikidata
http://ns.inria.fr/zoomathia/CASSIANUS_BASSUS/geoponica/e/15/5/text/1,https://www.wikidata.org/wiki/Q16052983,tenth,0.3694,wikidata
http://ns.inria.fr/zoomathia/CASSIANUS_BASSUS/geoponica/e/15/5/text/1,https://www.wikidata.org/wiki/Q65060966,the spring,0.4256,wikidata
http://ns.inria.fr/zoomathia/CASSIANUS_BASSUS/geoponica/e/15/5/text/1,https://www.wikidata.org/wiki/Q746979,the summer,0.3713,wikidata
http://ns.inria.fr/zoomathia/CASSIANUS_BASSUS/geoponica/e/15/5/text/1,http://dbpedia.org/resource/Time,time,0.852824074998878,DBpedia
http://ns.inria.fr/zoomathia/CASSIANUS_BASSUS/geoponica/e/15/5/text/1,http://dbpedia.org/resource/Honey,honey,1.0,DBpedia
http://ns.inria.fr/zoomathia/CASSIANUS_BASSUS/geoponica/e/15/5/text/1,http://dbpedia.org/resource/Beeswax,wax,0.8459121519724759,DBpedia
http://ns.inria.fr/zoomathia/CASSIANUS_BASSUS/geoponica/e/15/5/text/1,http://dbpedia.org/resource/Sunrise,rising,0.999371899807392,DBpedia
http://ns.inria.fr/zoomathia/CASSIANUS_BASSUS/geoponica/e/15/5/text/1,http://dbpedia.org/resource/Pleiades,Pleiades,0.9999999999993179,DBpedia
http://ns.inria.fr/zoomathia/CASSIANUS_BASSUS/geoponica/e/15/5/text/1,http://dbpedia.org/resource/Ancient_Rome,Romans,0.9563648870572454,DBpedia
http://ns.inria.fr/zoomathia/CASSIANUS_BASSUS/geoponica/e/15/5/text/1,http://dbpedia.org/resource/May,May,0.990460083881312,DBpedia
http://ns.inria.fr/zoomathia/CASSIANUS_BASSUS/geoponica/e/15/5/text/1,http://dbpedia.org/resource/Autumn,autumn,0.9999999999998863,DBpedia
http://ns.inria.fr/zoomathia/CASSIANUS_BASSUS/geoponica/e/15/5/text/1,http://dbpedia.org/resource/Pleiades,Pleiades,0.9999999999993179,DBpedia
http://ns.inria.fr/zoomathia/CASSIANUS_BASSUS/geoponica/e/15/5/text/1,http://dbpedia.org/resource/Set_construction,set,0.8515728273051517,DBpedia
http://ns.inria.fr/zoomathia/CASSIANUS_BASSUS/geoponica/e/15/5/text/1,http://dbpedia.org/resource/October,October,0.6674096050688022,DBpedia
http://ns.inria.fr/zoomathia/CASSIANUS_BASSUS/geoponica/e/15/5/text/1,http://dbpedia.org/resource/Set_construction,set,0.8515728273051517,DBpedia
http://ns.inria.fr/zoomathia/CASSIANUS_BASSUS/geoponica/e/15/5/text/1,http://dbpedia.org/resource/Daytime,days,0.8381517459534179,DBpedia
http://ns.inria.fr/zoomathia/CASSIANUS_BASSUS/geoponica/e/15/5/text/1,http://dbpedia.org/resource/Christian_perfection,perfection,0.7722936771856675,DBpedia
http://ns.inria.fr/zoomathia/CASSIANUS_BASSUS/geoponica/e/15/5/text/1,http://dbpedia.org/resource/Honeycomb,combs,0.999999984475835,DBpedia
http://ns.inria.fr/zoomathia/CASSIANUS_BASSUS/geoponica/e/15/5/text/1,http://dbpedia.org/resource/Bee,bees,0.9703922433047832,DBpedia
http://ns.inria.fr/zoomathia/CASSIANUS_BASSUS/geoponica/e/15/5/text/1,http://dbpedia.org/resource/Dislike,dislike,0.9999609472216344,DBpedia
http://ns.inria.fr/zoomathia/CASSIANUS_BASSUS/geoponica/e/15/5/text/1,http://dbpedia.org/resource/Space_habitat,habitation,0.842112874733563,DBpedia
http://ns.inria.fr/zoomathia/CASSIANUS_BASSUS/geoponica/e/15/5/text/1,http://dbpedia.org/resource/Thirsty_(song),thirsty,0.6438463781729354,DBpedia
http://ns.inria.fr/zoomathia/CASSIANUS_BASSUS/geoponica/e/15/5/text/1,http://dbpedia.org/resource/Stock,stock,0.7748926703377762,DBpedia
http://ns.inria.fr/zoomathia/CASSIANUS_BASSUS/geoponica/e/15/5/text/1,http://dbpedia.org/resource/Leaf,leave,0.9999340762490749,DBpedia
http://ns.inria.fr/zoomathia/CASSIANUS_BASSUS/geoponica/e/15/5/text/1,http://dbpedia.org/resource/Tenth_Doctor,tenth,0.9335217360960589,DBpedia
http://ns.inria.fr/zoomathia/CASSIANUS_BASSUS/geoponica/e/15/5/text/1,http://dbpedia.org/resource/March_equinox,spring,0.9999553744385946,DBpedia
http://ns.inria.fr/zoomathia/CASSIANUS_BASSUS/geoponica/e/15/5/text/1,http://dbpedia.org/resource/Summer,summer,0.9993775552750636,DBpedia
http://ns.inria.fr/zoomathia/CASSIANUS_BASSUS/geoponica/e/15/5/text/1,http://dbpedia.org/resource/Winter,winter,0.9207756900052652,DBpedia
http://ns.inria.fr/zoomathia/CASSIANUS_BASSUS/geoponica/e/15/5/text/1,http://dbpedia.org/resource/Leaf,leave,0.9999340762490749,DBpedia
http://ns.inria.fr/zoomathia/CASSIANUS_BASSUS/geoponica/e/15/5/text/1,http://dbpedia.org/resource/Schizocarp,parts,0.9994892303306069,DBpedia
http://ns.inria.fr/zoomathia/CASSIANUS_BASSUS/geoponica/e/15/5/text/1,http://dbpedia.org/resource/Food,food,0.969464344815799,DBpedia
http://ns.inria.fr/zoomathia/CASSIANUS_BASSUS/geoponica/e/15/5/text/1,http://dbpedia.org/resource/Subset,proper,0.6016484729077565,DBpedia
http://ns.inria.fr/zoomathia/CASSIANUS_BASSUS/geoponica/e/15/5/text/1,http://dbpedia.org/resource/Driving,drive,0.45709785609300446,DBpedia
http://ns.inria.fr/zoomathia/CASSIANUS_BASSUS/geoponica/e/15/5/text/1,http://dbpedia.org/resource/Smoke,smoke,0.9998911566643612,DBpedia
http://ns.inria.fr/zoomathia/CASSIANUS_BASSUS/geoponica/e/15/5/text/1,http://dbpedia.org/resource/Cow_dung,cow-dung,1.0,DBpedia
http://ns.inria.fr/zoomathia/CASSIANUS_BASSUS/geoponica/e/15/5/text/1,http://dbpedia.org/resource/Wildlife,wild,0.6106440123689557,DBpedia
http://ns.inria.fr/zoomathia/CASSIANUS_BASSUS/geoponica/e/15/5/text/1,http://dbpedia.org/resource/Malvaceae,mallows,0.6738929814616849,DBpedia
http://ns.inria.fr/zoomathia/CASSIANUS_BASSUS/geoponica/e/15/5/text/1,http://dbpedia.org/resource/Stone_rubbing,rubbed,0.9999999999913598,DBpedia
http://ns.inria.fr/zoomathia/CASSIANUS_BASSUS/geoponica/e/15/5/text/1,http://dbpedia.org/resource/Juice,juice,0.9851414419868358,DBpedia
http://ns.inria.fr/zoomathia/CASSIANUS_BASSUS/geoponica/e/15/5/text/1,http://dbpedia.org/resource/Wikipedia,account,0.45990480783462495,DBpedia
http://ns.inria.fr/zoomathia/CASSIANUS_BASSUS/geoponica/e/15/5/text/1,http://dbpedia.org/resource/Stinger,stings,0.9999999997023679,DBpedia
http://ns.inria.fr/zoomathia/CASSIANUS_BASSUS/geoponica/e/15/5/text/1,http://dbpedia.org/resource/Bee,bees,0.9703922433047832,DBpedia
http://ns.inria.fr/zoomathia/CASSIANUS_BASSUS/geoponica/e/15/5/text/1,http://dbpedia.org/resource/L._Frank_Baum,baum,0.9976703210932327,DBpedia
http://ns.inria.fr/zoomathia/CASSIANUS_BASSUS/geoponica/e/15/5/text/1,http://dbpedia.org/resource/Flower,flower,0.9999999404287809,DBpedia
http://ns.inria.fr/zoomathia/CASSIANUS_BASSUS/geoponica/e/15/5/text/1,http://dbpedia.org/resource/Pistacia_lentiscus,lentisc,0.999999999940087,DBpedia
http://ns.inria.fr/zoomathia/CASSIANUS_BASSUS/geoponica/e/15/6/text/1,https://opentheso.huma-num.fr/?idc=106004&idt=th310,wild,1,zoomathia_match
http://ns.inria.fr/zoomathia/CASSIANUS_BASSUS/geoponica/e/15/6/text/1,https://opentheso.huma-num.fr/?idc=pcrttvE2YZwZu6&idt=th310,oil,1,zoomathia_match
http://ns.inria.fr/zoomathia/CASSIANUS_BASSUS/geoponica/e/15/6/text/1,https://opentheso.huma-num.fr/?idc=pcrtDm4SzIGTiV&idt=th310,meal,1,zoomathia_match
http://ns.inria.fr/zoomathia/CASSIANUS_BASSUS/geoponica/e/15/6/text/1,https://opentheso.huma-num.fr/?idc=pcrtsPauzzRS5z&idt=th310,honey,1,zoomathia_match
http://ns.inria.fr/zoomathia/CASSIANUS_BASSUS/geoponica/e/15/6/text/1,https://opentheso.huma-num.fr/?idc=pcrthTAMawVNg8&idt=th310,face,1,zoomathia_match
http://ns.inria.fr/zoomathia/CASSIANUS_BASSUS/geoponica/e/15/6/text/1,https://opentheso.huma-num.fr/?idc=106018&idt=th310,face,1,zoomathia_match
http://ns.inria.fr/zoomathia/CASSIANUS_BASSUS/geoponica/e/15/6/text/1,https://opentheso.huma-num.fr/?idc=105470&idt=th310,hive,1,zoomathia_match
http://ns.inria.fr/zoomathia/CASSIANUS_BASSUS/geoponica/e/15/6/text/1,https://opentheso.huma-num.fr/?idc=105649&idt=th310,times,1,zoomathia_match
http://ns.inria.fr/zoomathia/CASSIANUS_BASSUS/geoponica/e/15/6/text/1,https://opentheso.huma-num.fr/?idc=pcrtWUyge94a85&idt=th310,set,1,zoomathia_match
http://ns.inria.fr/zoomathia/CASSIANUS_BASSUS/geoponica/e/15/6/text/1,https://opentheso.huma-num.fr/?idc=pcrtmhUStm5T6Y&idt=th310,fire,1,zoomathia_match
http://ns.inria.fr/zoomathia/CASSIANUS_BASSUS/geoponica/e/15/6/text/1,https://opentheso.huma-num.fr/?idc=106536&idt=th310,cow,1,zoomathia_match
http://ns.inria.fr/zoomathia/CASSIANUS_BASSUS/geoponica/e/15/6/text/1,https://opentheso.huma-num.fr/?idc=pcrtylFLKbzFds&idt=th310,entrance,1,zoomathia_match
http://ns.inria.fr/zoomathia/CASSIANUS_BASSUS/geoponica/e/15/6/text/1,https://opentheso.huma-num.fr/?idc=105470&idt=th310,hive,1,zoomathia_match
http://ns.inria.fr/zoomathia/CASSIANUS_BASSUS/geoponica/e/15/6/text/1,https://opentheso.huma-num.fr/?idc=107634&idt=th310,smoke,1,zoomathia_match
http://ns.inria.fr/zoomathia/CASSIANUS_BASSUS/geoponica/e/15/6/text/1,https://opentheso.huma-num.fr/?idc=105787&idt=th310,hour,1,zoomathia_match
http://ns.inria.fr/zoomathia/CASSIANUS_BASSUS/geoponica/e/15/6/text/1,https://opentheso.huma-num.fr/?idc=107634&idt=th310,smoke,1,zoomathia_match
http://ns.inria.fr/zoomathia/CASSIANUS_BASSUS/geoponica/e/15/6/text/1,https://opentheso.huma-num.fr/?idc=pcrtnpPag9iONJ&idt=th310,bees,1,zoomathia_match
http://ns.inria.fr/zoomathia/CASSIANUS_BASSUS/geoponica/e/15/6/text/1,https://opentheso.huma-num.fr/?idc=107660&idt=th310,wasps,1,zoomathia_match
http://ns.inria.fr/zoomathia/CASSIANUS_BASSUS/geoponica/e/15/6/text/1,https://opentheso.huma-num.fr/?idc=105468&idt=th310,nests,1,zoomathia_match
http://ns.inria.fr/zoomathia/CASSIANUS_BASSUS/geoponica/e/15/6/text/1,https://opentheso.huma-num.fr/?idc=pcrtDm4SzIGTiV&idt=th310,meal,1,zoomathia_match
http://ns.inria.fr/zoomathia/CASSIANUS_BASSUS/geoponica/e/15/6/text/1,https://opentheso.huma-num.fr/?idc=pcrttvE2YZwZu6&idt=th310,oil,1,zoomathia_match
http://ns.inria.fr/zoomathia/CASSIANUS_BASSUS/geoponica/e/15/6/text/1,http://dbpedia.org/resource/Having_(SQL),HAVING,0.8763642033697301,DBpedia
http://ns.inria.fr/zoomathia/CASSIANUS_BASSUS/geoponica/e/15/6/text/1,http://dbpedia.org/resource/Juice,juice,0.8578126489444561,DBpedia
http://ns.inria.fr/zoomathia/CASSIANUS_BASSUS/geoponica/e/15/6/text/1,http://dbpedia.org/resource/Wildlife,wild,0.8014503100970871,DBpedia
http://ns.inria.fr/zoomathia/CASSIANUS_BASSUS/geoponica/e/15/6/text/1,http://dbpedia.org/resource/Malva,mallows,0.6661770583514871,DBpedia
http://ns.inria.fr/zoomathia/CASSIANUS_BASSUS/geoponica/e/15/6/text/1,http://dbpedia.org/resource/Vegetable_oil,oil,0.9790701732758291,DBpedia
http://ns.inria.fr/zoomathia/CASSIANUS_BASSUS/geoponica/e/15/6/text/1,http://dbpedia.org/resource/Parched_grain,parched,0.999999999815941,DBpedia
http://ns.inria.fr/zoomathia/CASSIANUS_BASSUS/geoponica/e/15/6/text/1,http://dbpedia.org/resource/Fenugreek,fenugreek,1.0,DBpedia
http://ns.inria.fr/zoomathia/CASSIANUS_BASSUS/geoponica/e/15/6/text/1,http://dbpedia.org/resource/Honey,honey,1.0,DBpedia
http://ns.inria.fr/zoomathia/CASSIANUS_BASSUS/geoponica/e/15/6/text/1,http://dbpedia.org/resource/Date_honey,rub,0.9999842870714556,DBpedia
http://ns.inria.fr/zoomathia/CASSIANUS_BASSUS/geoponica/e/15/6/text/1,http://dbpedia.org/resource/Face,face,0.9979170674583846,DBpedia
http://ns.inria.fr/zoomathia/CASSIANUS_BASSUS/geoponica/e/15/6/text/1,http://dbpedia.org/resource/Nudity,naked,0.9967691415848589,DBpedia
http://ns.inria.fr/zoomathia/CASSIANUS_BASSUS/geoponica/e/15/6/text/1,http://dbpedia.org/resource/Schizocarp,parts,0.6437156942209195,DBpedia
http://ns.inria.fr/zoomathia/CASSIANUS_BASSUS/geoponica/e/15/6/text/1,http://dbpedia.org/resource/Cadaver,body,0.9733219601546852,DBpedia
http://ns.inria.fr/zoomathia/CASSIANUS_BASSUS/geoponica/e/15/6/text/1,http://dbpedia.org/resource/Swallowing,swallowed,1.0,DBpedia
http://ns.inria.fr/zoomathia/CASSIANUS_BASSUS/geoponica/e/15/6/text/1,http://dbpedia.org/resource/Breathing,breathe,1.0,DBpedia
http://ns.inria.fr/zoomathia/CASSIANUS_BASSUS/geoponica/e/15/6/text/1,http://dbpedia.org/resource/Beehive,hive,0.9999434711776896,DBpedia
http://ns.inria.fr/zoomathia/CASSIANUS_BASSUS/geoponica/e/15/6/text/1,http://dbpedia.org/resource/History_by_period,times,0.8224393959327208,DBpedia
http://ns.inria.fr/zoomathia/CASSIANUS_BASSUS/geoponica/e/15/6/text/1,http://dbpedia.org/resource/Arson,set fire,0.9982970158476137,DBpedia
http://ns.inria.fr/zoomathia/CASSIANUS_BASSUS/geoponica/e/15/6/text/1,http://dbpedia.org/resource/Cow_dung,cow-dung,1.0,DBpedia
http://ns.inria.fr/zoomathia/CASSIANUS_BASSUS/geoponica/e/15/6/text/1,http://dbpedia.org/resource/Cookware_and_bakeware,pot,0.9269567323406394,DBpedia
http://ns.inria.fr/zoomathia/CASSIANUS_BASSUS/geoponica/e/15/6/text/1,http://dbpedia.org/resource/Beehive,hive,0.9999434711776896,DBpedia
http://ns.inria.fr/zoomathia/CASSIANUS_BASSUS/geoponica/e/15/6/text/1,http://dbpedia.org/resource/License,permit,0.9904913999783785,DBpedia
http://ns.inria.fr/zoomathia/CASSIANUS_BASSUS/geoponica/e/15/6/text/1,http://dbpedia.org/resource/Smoke,smoke,0.9999993714505692,DBpedia
http://ns.inria.fr/zoomathia/CASSIANUS_BASSUS/geoponica/e/15/6/text/1,http://dbpedia.org/resource/Glossary_of_cue_sports_terms,break,0.4536996152598888,DBpedia
http://ns.inria.fr/zoomathia/CASSIANUS_BASSUS/geoponica/e/15/6/text/1,http://dbpedia.org/resource/Grappling_hold,hold,0.8364678393764452,DBpedia
http://ns.inria.fr/zoomathia/CASSIANUS_BASSUS/geoponica/e/15/6/text/1,http://dbpedia.org/resource/Cookware_and_bakeware,pot,0.9269567323406394,DBpedia
http://ns.inria.fr/zoomathia/CASSIANUS_BASSUS/geoponica/e/15/6/text/1,http://dbpedia.org/resource/Smoke,smoke,0.9999993714505692,DBpedia
http://ns.inria.fr/zoomathia/CASSIANUS_BASSUS/geoponica/e/15/6/text/1,http://dbpedia.org/resource/Bee,bees,0.9955972601280679,DBpedia
http://ns.inria.fr/zoomathia/CASSIANUS_BASSUS/geoponica/e/15/6/text/1,http://dbpedia.org/resource/Wasps'_Nests,wasps' nests,1.0,DBpedia
http://ns.inria.fr/zoomathia/CASSIANUS_BASSUS/geoponica/e/15/6/text/1,http://dbpedia.org/resource/PREPARE,prepare,0.9980462109770635,DBpedia
http://ns.inria.fr/zoomathia/CASSIANUS_BASSUS/geoponica/e/15/6/text/1,http://dbpedia.org/resource/Manner_of_articulation,manner,0.9948826795289263,DBpedia
http://ns.inria.fr/zoomathia/CASSIANUS_BASSUS/geoponica/e/15/6/text/1,http://dbpedia.org/resource/Fenugreek,fenugreek,1.0,DBpedia
http://ns.inria.fr/zoomathia/CASSIANUS_BASSUS/geoponica/e/15/6/text/1,http://dbpedia.org/resource/Vegetable_oil,oil,0.9790701732758291,DBpedia
http://ns.inria.fr/zoomathia/CASSIANUS_BASSUS/geoponica/e/15/7/text/1,https://opentheso.huma-num.fr/?idc=pcrt33dESgE9nS&idt=th310,Attic,1,zoomathia_match
http://ns.inria.fr/zoomathia/CASSIANUS_BASSUS/geoponica/e/15/7/text/1,https://opentheso.huma-num.fr/?idc=pcrtsPauzzRS5z&idt=th310,honey,1,zoomathia_match
http://ns.inria.fr/zoomathia/CASSIANUS_BASSUS/geoponica/e/15/7/text/1,https://opentheso.huma-num.fr/?idc=pcrtsPauzzRS5z&idt=th310,honey,1,zoomathia_match
http://ns.inria.fr/zoomathia/CASSIANUS_BASSUS/geoponica/e/15/7/text/1,https://opentheso.huma-num.fr/?idc=pcrtcqxrcraUiY&idt=th310,Cretan,1,zoomathia_match
http://ns.inria.fr/zoomathia/CASSIANUS_BASSUS/geoponica/e/15/7/text/1,https://opentheso.huma-num.fr/?idc=pcrtsPauzzRS5z&idt=th310,honey,1,zoomathia_match
http://ns.inria.fr/zoomathia/CASSIANUS_BASSUS/geoponica/e/15/7/text/1,https://opentheso.huma-num.fr/?idc=pcrtsPauzzRS5z&idt=th310,honey,1,zoomathia_match
http://ns.inria.fr/zoomathia/CASSIANUS_BASSUS/geoponica/e/15/7/text/1,https://opentheso.huma-num.fr/?idc=105406&idt=th310,touched,1,zoomathia_match
http://ns.inria.fr/zoomathia/CASSIANUS_BASSUS/geoponica/e/15/7/text/1,https://opentheso.huma-num.fr/?idc=pcrtmDqe8H6RNF&idt=th310,point,1,zoomathia_match
http://ns.inria.fr/zoomathia/CASSIANUS_BASSUS/geoponica/e/15/7/text/1,https://opentheso.huma-num.fr/?idc=105402&idt=th310,smell,1,zoomathia_match
http://ns.inria.fr/zoomathia/CASSIANUS_BASSUS/geoponica/e/15/7/text/1,https://opentheso.huma-num.fr/?idc=pcrtsPauzzRS5z&idt=th310,honey,1,zoomathia_match
http://ns.inria.fr/zoomathia/CASSIANUS_BASSUS/geoponica/e/15/7/text/1,https://opentheso.huma-num.fr/?idc=pcrtmFiiOHIboO&idt=th310,dry,1,zoomathia_match
http://ns.inria.fr/zoomathia/CASSIANUS_BASSUS/geoponica/e/15/7/text/1,https://opentheso.huma-num.fr/?idc=105649&idt=th310,time,1,zoomathia_match
http://ns.inria.fr/zoomathia/CASSIANUS_BASSUS/geoponica/e/15/7/text/1,https://opentheso.huma-num.fr/?idc=pcrt33dESgE9nS&idt=th310,Attic,1,zoomathia_match
http://ns.inria.fr/zoomathia/CASSIANUS_BASSUS/geoponica/e/15/7/text/1,https://opentheso.huma-num.fr/?idc=pcrtsPauzzRS5z&idt=th310,honey,1,zoomathia_match
http://ns.inria.fr/zoomathia/CASSIANUS_BASSUS/geoponica/e/15/7/text/1,https://opentheso.huma-num.fr/?idc=pcrtsPauzzRS5z&idt=th310,honey,1,zoomathia_match
http://ns.inria.fr/zoomathia/CASSIANUS_BASSUS/geoponica/e/15/7/text/1,https://opentheso.huma-num.fr/?idc=pcrtsPauzzRS5z&idt=th310,honey,1,zoomathia_match
http://ns.inria.fr/zoomathia/CASSIANUS_BASSUS/geoponica/e/15/7/text/1,https://opentheso.huma-num.fr/?idc=pcrtsPauzzRS5z&idt=th310,honey,1,zoomathia_match
http://ns.inria.fr/zoomathia/CASSIANUS_BASSUS/geoponica/e/15/7/text/1,https://opentheso.huma-num.fr/?idc=pcrtDr6Oi6lHM6&idt=th310,bread,1,zoomathia_match
http://ns.inria.fr/zoomathia/CASSIANUS_BASSUS/geoponica/e/15/7/text/1,https://opentheso.huma-num.fr/?idc=105649&idt=th310,time,1,zoomathia_match
http://ns.inria.fr/zoomathia/CASSIANUS_BASSUS/geoponica/e/15/7/text/1,https://opentheso.huma-num.fr/?idc=pcrty1af1lU8Dc&idt=th310,Democritus,1,zoomathia_match
http://ns.inria.fr/zoomathia/CASSIANUS_BASSUS/geoponica/e/15/7/text/1,https://opentheso.huma-num.fr/?idc=pcrt0WrjgPTs33&idt=th310,men,1,zoomathia_match
http://ns.inria.fr/zoomathia/CASSIANUS_BASSUS/geoponica/e/15/7/text/1,https://opentheso.huma-num.fr/?idc=pcrttvE2YZwZu6&idt=th310,oil,1,zoomathia_match
http://ns.inria.fr/zoomathia/CASSIANUS_BASSUS/geoponica/e/15/7/text/1,https://opentheso.huma-num.fr/?idc=pcrtsPauzzRS5z&idt=th310,honey,1,zoomathia_match
http://ns.inria.fr/zoomathia/CASSIANUS_BASSUS/geoponica/e/15/7/text/1,https://opentheso.huma-num.fr/?idc=pcrtsPauzzRS5z&idt=th310,honey,1,zoomathia_match
http://ns.inria.fr/zoomathia/CASSIANUS_BASSUS/geoponica/e/15/7/text/1,https://opentheso.huma-num.fr/?idc=105406&idt=th310,touching,1,zoomathia_match
http://ns.inria.fr/zoomathia/CASSIANUS_BASSUS/geoponica/e/15/7/text/1,https://opentheso.huma-num.fr/?idc=105406&idt=th310,touching,1,zoomathia_match
http://ns.inria.fr/zoomathia/CASSIANUS_BASSUS/geoponica/e/15/7/text/1,https://www.wikidata.org/wiki/Q122443,Attic,0.5313,wikidata
http://ns.inria.fr/zoomathia/CASSIANUS_BASSUS/geoponica/e/15/7/text/1,https://www.wikidata.org/wiki/Q122443,Attic,0.5313,wikidata
http://ns.inria.fr/zoomathia/CASSIANUS_BASSUS/geoponica/e/15/7/text/1,https://www.wikidata.org/wiki/Q1232266,Hymettian,0.6433,wikidata
http://ns.inria.fr/zoomathia/CASSIANUS_BASSUS/geoponica/e/15/7/text/1,https://www.wikidata.org/wiki/Q181115,Hyblaean,0.4948,wikidata
http://ns.inria.fr/zoomathia/CASSIANUS_BASSUS/geoponica/e/15/7/text/1,https://www.wikidata.org/wiki/Q33973,Sicilian,0.7932,wikidata
http://ns.inria.fr/zoomathia/CASSIANUS_BASSUS/geoponica/e/15/7/text/1,https://www.wikidata.org/wiki/Q1516494,Cretan,0.6313,wikidata
http://ns.inria.fr/zoomathia/CASSIANUS_BASSUS/geoponica/e/15/7/text/1,https://www.wikidata.org/wiki/Q190240,Cyprian,0.6262,wikidata
http://ns.inria.fr/zoomathia/CASSIANUS_BASSUS/geoponica/e/15/7/text/1,https://www.wikidata.org/wiki/Q5138045,Coan,0.4741,wikidata
http://ns.inria.fr/zoomathia/CASSIANUS_BASSUS/geoponica/e/15/7/text/1,https://www.wikidata.org/wiki/Q122443,Attic,0.5313,wikidata
http://ns.inria.fr/zoomathia/CASSIANUS_BASSUS/geoponica/e/15/7/text/1,https://www.wikidata.org/wiki/Q41980,Democritus,0.4343,wikidata
http://ns.inria.fr/zoomathia/CASSIANUS_BASSUS/geoponica/e/15/7/text/1,http://dbpedia.org/resource/Athens,Attic,0.9384545897825496,DBpedia
http://ns.inria.fr/zoomathia/CASSIANUS_BASSUS/geoponica/e/15/7/text/1,http://dbpedia.org/resource/Honey,honey,1.0,DBpedia
http://ns.inria.fr/zoomathia/CASSIANUS_BASSUS/geoponica/e/15/7/text/1,http://dbpedia.org/resource/Athens,Attic,0.9384545897825496,DBpedia
http://ns.inria.fr/zoomathia/CASSIANUS_BASSUS/geoponica/e/15/7/text/1,http://dbpedia.org/resource/Island,islands,0.9160566750190197,DBpedia
http://ns.inria.fr/zoomathia/CASSIANUS_BASSUS/geoponica/e/15/7/text/1,http://dbpedia.org/resource/Goods,good,0.9229883197760184,DBpedia
http://ns.inria.fr/zoomathia/CASSIANUS_BASSUS/geoponica/e/15/7/text/1,http://dbpedia.org/resource/Sicily,Sicilian,0.9944892077197285,DBpedia
http://ns.inria.fr/zoomathia/CASSIANUS_BASSUS/geoponica/e/15/7/text/1,http://dbpedia.org/resource/Honey,honey,1.0,DBpedia
http://ns.inria.fr/zoomathia/CASSIANUS_BASSUS/geoponica/e/15/7/text/1,http://dbpedia.org/resource/Crete,Cretan,0.9995220772979639,DBpedia
http://ns.inria.fr/zoomathia/CASSIANUS_BASSUS/geoponica/e/15/7/text/1,http://dbpedia.org/resource/Honey,honey,1.0,DBpedia
http://ns.inria.fr/zoomathia/CASSIANUS_BASSUS/geoponica/e/15/7/text/1,http://dbpedia.org/resource/Cyprian,Cyprian,0.999991581535675,DBpedia
http://ns.inria.fr/zoomathia/CASSIANUS_BASSUS/geoponica/e/15/7/text/1,http://dbpedia.org/resource/Kos,Coan,1.0,DBpedia
http://ns.inria.fr/zoomathia/CASSIANUS_BASSUS/geoponica/e/15/7/text/1,http://dbpedia.org/resource/Honey,honey,1.0,DBpedia
http://ns.inria.fr/zoomathia/CASSIANUS_BASSUS/geoponica/e/15/7/text/1,http://dbpedia.org/resource/Let_Kunovice,Let,0.9999999991847517,DBpedia
http://ns.inria.fr/zoomathia/CASSIANUS_BASSUS/geoponica/e/15/7/text/1,http://dbpedia.org/resource/Hue,hue,0.9999998756712862,DBpedia
http://ns.inria.fr/zoomathia/CASSIANUS_BASSUS/geoponica/e/15/7/text/1,http://dbpedia.org/resource/Britain_Stronger_in_Europe,remain,0.9398911893258936,DBpedia
http://ns.inria.fr/zoomathia/CASSIANUS_BASSUS/geoponica/e/15/7/text/1,http://dbpedia.org/resource/Vowel_length,long,0.9337435773745597,DBpedia
http://ns.inria.fr/zoomathia/CASSIANUS_BASSUS/geoponica/e/15/7/text/1,http://dbpedia.org/resource/Laser,coherent,0.9866324293331242,DBpedia
http://ns.inria.fr/zoomathia/CASSIANUS_BASSUS/geoponica/e/15/7/text/1,http://dbpedia.org/resource/Gradualism,gradually,0.999999377931056,DBpedia
http://ns.inria.fr/zoomathia/CASSIANUS_BASSUS/geoponica/e/15/7/text/1,http://dbpedia.org/resource/Peninsula,point,0.7768511675818917,DBpedia
http://ns.inria.fr/zoomathia/CASSIANUS_BASSUS/geoponica/e/15/7/text/1,http://dbpedia.org/resource/Dirk_Gently,gently,0.9999997107502586,DBpedia
http://ns.inria.fr/zoomathia/CASSIANUS_BASSUS/geoponica/e/15/7/text/1,http://dbpedia.org/resource/Agreeableness,agreeable,1.0,DBpedia
http://ns.inria.fr/zoomathia/CASSIANUS_BASSUS/geoponica/e/15/7/text/1,http://dbpedia.org/resource/Odor,smell,0.9994392210672017,DBpedia
http://ns.inria.fr/zoomathia/CASSIANUS_BASSUS/geoponica/e/15/7/text/1,http://dbpedia.org/resource/Honey,honey,1.0,DBpedia
http://ns.inria.fr/zoomathia/CASSIANUS_BASSUS/geoponica/e/15/7/text/1,http://dbpedia.org/resource/Sweetness_of_wine,dry,0.9792727237525943,DBpedia
http://ns.inria.fr/zoomathia/CASSIANUS_BASSUS/geoponica/e/15/7/text/1,http://dbpedia.org/resource/Length,length,0.77725684252446,DBpedia
http://ns.inria.fr/zoomathia/CASSIANUS_BASSUS/geoponica/e/15/7/text/1,http://dbpedia.org/resource/Time,time,0.9834818367537638,DBpedia
http://ns.inria.fr/zoomathia/CASSIANUS_BASSUS/geoponica/e/15/7/text/1,http://dbpedia.org/resource/Athens,Attic,0.9384545897825496,DBpedia
http://ns.inria.fr/zoomathia/CASSIANUS_BASSUS/geoponica/e/15/7/text/1,http://dbpedia.org/resource/Honey,honey,1.0,DBpedia
http://ns.inria.fr/zoomathia/CASSIANUS_BASSUS/geoponica/e/15/7/text/1,http://dbpedia.org/resource/Cadaver,remains,0.9533106393405528,DBpedia
http://ns.inria.fr/zoomathia/CASSIANUS_BASSUS/geoponica/e/15/7/text/1,http://dbpedia.org/resource/Liquid,liquid,0.9997019957589659,DBpedia
http://ns.inria.fr/zoomathia/CASSIANUS_BASSUS/geoponica/e/15/7/text/1,http://dbpedia.org/resource/Blackish_stingray,blackish,0.6694456024659259,DBpedia
http://ns.inria.fr/zoomathia/CASSIANUS_BASSUS/geoponica/e/15/7/text/1,http://dbpedia.org/resource/Color,colour,0.9999968748962774,DBpedia
http://ns.inria.fr/zoomathia/CASSIANUS_BASSUS/geoponica/e/15/7/text/1,http://dbpedia.org/resource/Boiling,boil,0.9999885770733813,DBpedia
http://ns.inria.fr/zoomathia/CASSIANUS_BASSUS/geoponica/e/15/7/text/1,http://dbpedia.org/resource/Honey,honey,1.0,DBpedia
http://ns.inria.fr/zoomathia/CASSIANUS_BASSUS/geoponica/e/15/7/text/1,http://dbpedia.org/resource/Eating,eat,0.9445145772707167,DBpedia
http://ns.inria.fr/zoomathia/CASSIANUS_BASSUS/geoponica/e/15/7/text/1,http://dbpedia.org/resource/Honey,honey,1.0,DBpedia
http://ns.inria.fr/zoomathia/CASSIANUS_BASSUS/geoponica/e/15/7/text/1,http://dbpedia.org/resource/Pleasure,pleasant,1.0,DBpedia
http://ns.inria.fr/zoomathia/CASSIANUS_BASSUS/geoponica/e/15/7/text/1,http://dbpedia.org/resource/Person,persons,0.6486101069153192,DBpedia
http://ns.inria.fr/zoomathia/CASSIANUS_BASSUS/geoponica/e/15/7/text/1,http://dbpedia.org/resource/Person,persons,0.6486101069153192,DBpedia
http://ns.inria.fr/zoomathia/CASSIANUS_BASSUS/geoponica/e/15/7/text/1,http://dbpedia.org/resource/Nectarivore,fed,0.9294937365509716,DBpedia
http://ns.inria.fr/zoomathia/CASSIANUS_BASSUS/geoponica/e/15/7/text/1,http://dbpedia.org/resource/Honey,honey,1.0,DBpedia
http://ns.inria.fr/zoomathia/CASSIANUS_BASSUS/geoponica/e/15/7/text/1,http://dbpedia.org/resource/Bread,bread,0.9999995469449803,DBpedia
http://ns.inria.fr/zoomathia/CASSIANUS_BASSUS/geoponica/e/15/7/text/1,http://dbpedia.org/resource/Album,live,0.8581048409673467,DBpedia
http://ns.inria.fr/zoomathia/CASSIANUS_BASSUS/geoponica/e/15/7/text/1,http://dbpedia.org/resource/Vowel_length,long,0.9337435773745597,DBpedia
http://ns.inria.fr/zoomathia/CASSIANUS_BASSUS/geoponica/e/15/7/text/1,http://dbpedia.org/resource/Time,time,0.9834818367537638,DBpedia
http://ns.inria.fr/zoomathia/CASSIANUS_BASSUS/geoponica/e/15/7/text/1,http://dbpedia.org/resource/Fruit_preserves,preserves,0.8425477603323753,DBpedia
http://ns.inria.fr/zoomathia/CASSIANUS_BASSUS/geoponica/e/15/7/text/1,http://dbpedia.org/resource/Plant_reproductive_morphology,perfect,0.9993756075894408,DBpedia
http://ns.inria.fr/zoomathia/CASSIANUS_BASSUS/geoponica/e/15/7/text/1,http://dbpedia.org/resource/Democritus,Democritus,1.0,DBpedia
http://ns.inria.fr/zoomathia/CASSIANUS_BASSUS/geoponica/e/15/7/text/1,http://dbpedia.org/resource/Male,men,0.7090322168871663,DBpedia
http://ns.inria.fr/zoomathia/CASSIANUS_BASSUS/geoponica/e/15/7/text/1,http://dbpedia.org/resource/Internet_service_provider,supplied,0.9999999999939746,DBpedia
http://ns.inria.fr/zoomathia/CASSIANUS_BASSUS/geoponica/e/15/7/text/1,http://dbpedia.org/resource/Externality,external,0.7390250657462337,DBpedia
http://ns.inria.fr/zoomathia/CASSIANUS_BASSUS/geoponica/e/15/7/text/1,http://dbpedia.org/resource/Schizocarp,parts,0.905204280438946,DBpedia
http://ns.inria.fr/zoomathia/CASSIANUS_BASSUS/geoponica/e/15/7/text/1,http://dbpedia.org/resource/Human_body,body,0.9291107185790362,DBpedia
http://ns.inria.fr/zoomathia/CASSIANUS_BASSUS/geoponica/e/15/7/text/1,http://dbpedia.org/resource/Vegetable_oil,oil,0.9021013412807536,DBpedia
http://ns.inria.fr/zoomathia/CASSIANUS_BASSUS/geoponica/e/15/7/text/1,http://dbpedia.org/resource/Internal_anal_sphincter,internal,0.7319041419864225,DBpedia
http://ns.inria.fr/zoomathia/CASSIANUS_BASSUS/geoponica/e/15/7/text/1,http://dbpedia.org/resource/Schizocarp,parts,0.905204280438946,DBpedia
http://ns.inria.fr/zoomathia/CASSIANUS_BASSUS/geoponica/e/15/7/text/1,http://dbpedia.org/resource/Honey,honey,1.0,DBpedia
http://ns.inria.fr/zoomathia/CASSIANUS_BASSUS/geoponica/e/15/7/text/1,http://dbpedia.org/resource/Honey,honey,1.0,DBpedia
http://ns.inria.fr/zoomathia/CASSIANUS_BASSUS/geoponica/e/15/7/text/1,http://dbpedia.org/resource/Honesty,genuine,0.9999991550132723,DBpedia
http://ns.inria.fr/zoomathia/CASSIANUS_BASSUS/geoponica/e/15/7/text/1,http://dbpedia.org/resource/Adulterant,adulterated,0.9999999999986358,DBpedia
http://ns.inria.fr/zoomathia/CASSIANUS_BASSUS/geoponica/e/15/7/text/1,http://dbpedia.org/resource/Soil,soil,0.9999864511990332,DBpedia
http://ns.inria.fr/zoomathia/CASSIANUS_BASSUS/geoponica/e/15/8/text/1,https://opentheso.huma-num.fr/?idc=105163&idt=th310,hoof,1,zoomathia_match
http://ns.inria.fr/zoomathia/CASSIANUS_BASSUS/geoponica/e/15/8/text/1,https://opentheso.huma-num.fr/?idc=pcrt1eSDN7pc4r&idt=th310,ass,1,zoomathia_match
http://ns.inria.fr/zoomathia/CASSIANUS_BASSUS/geoponica/e/15/8/text/1,https://opentheso.huma-num.fr/?idc=pcrt4otVkR3bqD&idt=th310,door,1,zoomathia_match
http://ns.inria.fr/zoomathia/CASSIANUS_BASSUS/geoponica/e/15/8/text/1,https://opentheso.huma-num.fr/?idc=pcrtrxL50B7yNx&idt=th310,resin,1,zoomathia_match
http://ns.inria.fr/zoomathia/CASSIANUS_BASSUS/geoponica/e/15/8/text/1,https://opentheso.huma-num.fr/?idc=pcrt3L8yViugRX&idt=th310,thrown,1,zoomathia_match
http://ns.inria.fr/zoomathia/CASSIANUS_BASSUS/geoponica/e/15/8/text/1,https://opentheso.huma-num.fr/?idc=pcrthmVBQESXy2&idt=th310,salt,1,zoomathia_match
http://ns.inria.fr/zoomathia/CASSIANUS_BASSUS/geoponica/e/15/8/text/1,https://opentheso.huma-num.fr/?idc=pcrtyos9ZtSwBE&idt=th310,salt,1,zoomathia_match
http://ns.inria.fr/zoomathia/CASSIANUS_BASSUS/geoponica/e/15/8/text/1,https://opentheso.huma-num.fr/?idc=pcrtDr6Oi6lHM6&idt=th310,bread,1,zoomathia_match
http://ns.inria.fr/zoomathia/CASSIANUS_BASSUS/geoponica/e/15/8/text/1,https://opentheso.huma-num.fr/?idc=108030&idt=th310,white,1,zoomathia_match
http://ns.inria.fr/zoomathia/CASSIANUS_BASSUS/geoponica/e/15/8/text/1,https://opentheso.huma-num.fr/?idc=pcrtEBpIym4SMO&idt=th310,crimson,1,zoomathia_match
http://ns.inria.fr/zoomathia/CASSIANUS_BASSUS/geoponica/e/15/8/text/1,https://opentheso.huma-num.fr/?idc=pcrtDfHvvnBWz7&idt=th310,wool,1,zoomathia_match
http://ns.inria.fr/zoomathia/CASSIANUS_BASSUS/geoponica/e/15/8/text/1,https://opentheso.huma-num.fr/?idc=107538&idt=th310,tree,1,zoomathia_match
http://ns.inria.fr/zoomathia/CASSIANUS_BASSUS/geoponica/e/15/8/text/1,https://opentheso.huma-num.fr/?idc=108773&idt=th310,sulphur,1,zoomathia_match
http://ns.inria.fr/zoomathia/CASSIANUS_BASSUS/geoponica/e/15/8/text/1,https://opentheso.huma-num.fr/?idc=pcrtoASMcUbb46&idt=th310,month,1,zoomathia_match
http://ns.inria.fr/zoomathia/CASSIANUS_BASSUS/geoponica/e/15/8/text/1,https://opentheso.huma-num.fr/?idc=pcrt98n6h95hof&idt=th310,mould,1,zoomathia_match
http://ns.inria.fr/zoomathia/CASSIANUS_BASSUS/geoponica/e/15/8/text/1,https://www.wikidata.org/wiki/Q144880,Zacynthos,0.9027,wikidata
http://ns.inria.fr/zoomathia/CASSIANUS_BASSUS/geoponica/e/15/8/text/1,https://www.wikidata.org/wiki/Q271925,Apollonia,0.8293,wikidata
http://ns.inria.fr/zoomathia/CASSIANUS_BASSUS/geoponica/e/15/8/text/1,https://www.wikidata.org/wiki/Q83285,Dyrrachium,0.8799,wikidata
http://ns.inria.fr/zoomathia/CASSIANUS_BASSUS/geoponica/e/15/8/text/1,http://dbpedia.org/resource/Deputy_inspector_general_of_police,DIG,0.7611954100239589,DBpedia
http://ns.inria.fr/zoomathia/CASSIANUS_BASSUS/geoponica/e/15/8/text/1,http://dbpedia.org/resource/Hoof,hoof,0.608555705751342,DBpedia
http://ns.inria.fr/zoomathia/CASSIANUS_BASSUS/geoponica/e/15/8/text/1,http://dbpedia.org/resource/Sable,sable,0.9960150833449248,DBpedia
http://ns.inria.fr/zoomathia/CASSIANUS_BASSUS/geoponica/e/15/8/text/1,http://dbpedia.org/resource/Donkey,ass,0.8768217473517976,DBpedia
http://ns.inria.fr/zoomathia/CASSIANUS_BASSUS/geoponica/e/15/8/text/1,http://dbpedia.org/resource/Sensory_threshold,threshold,0.4746133233171139,DBpedia
http://ns.inria.fr/zoomathia/CASSIANUS_BASSUS/geoponica/e/15/8/text/1,http://dbpedia.org/resource/Door,door,0.9999941100894117,DBpedia
http://ns.inria.fr/zoomathia/CASSIANUS_BASSUS/geoponica/e/15/8/text/1,http://dbpedia.org/resource/Liquid,liquid,0.7608410764339131,DBpedia
http://ns.inria.fr/zoomathia/CASSIANUS_BASSUS/geoponica/e/15/8/text/1,http://dbpedia.org/resource/Resin,resin,0.9999998131106796,DBpedia
http://ns.inria.fr/zoomathia/CASSIANUS_BASSUS/geoponica/e/15/8/text/1,http://dbpedia.org/resource/Record_producer,produced,0.997404680954402,DBpedia
http://ns.inria.fr/zoomathia/CASSIANUS_BASSUS/geoponica/e/15/8/text/1,http://dbpedia.org/resource/Zakynthos,Zacynthos,1.0,DBpedia
http://ns.inria.fr/zoomathia/CASSIANUS_BASSUS/geoponica/e/15/8/text/1,http://dbpedia.org/resource/Pond,pond,0.9995469449907755,DBpedia
http://ns.inria.fr/zoomathia/CASSIANUS_BASSUS/geoponica/e/15/8/text/1,http://dbpedia.org/resource/Potter's_wheel,thrown,0.9943918025536679,DBpedia
http://ns.inria.fr/zoomathia/CASSIANUS_BASSUS/geoponica/e/15/8/text/1,http://dbpedia.org/resource/Saint_Apollonia,Apollonia,0.7726690998365772,DBpedia
http://ns.inria.fr/zoomathia/CASSIANUS_BASSUS/geoponica/e/15/8/text/1,http://dbpedia.org/resource/Durrës,Dyrrachium,0.9995797760831805,DBpedia
http://ns.inria.fr/zoomathia/CASSIANUS_BASSUS/geoponica/e/15/8/text/1,http://dbpedia.org/resource/Origanum,origanum,0.9999999999474767,DBpedia
http://ns.inria.fr/zoomathia/CASSIANUS_BASSUS/geoponica/e/15/8/text/1,http://dbpedia.org/resource/Cumin,cumin,1.0,DBpedia
http://ns.inria.fr/zoomathia/CASSIANUS_BASSUS/geoponica/e/15/8/text/1,http://dbpedia.org/resource/Fineness,fine,0.8776685224410326,DBpedia
http://ns.inria.fr/zoomathia/CASSIANUS_BASSUS/geoponica/e/15/8/text/1,http://dbpedia.org/resource/Bread,bread,0.9999967475061482,DBpedia
http://ns.inria.fr/zoomathia/CASSIANUS_BASSUS/geoponica/e/15/8/text/1,http://dbpedia.org/resource/Chaplet_of_Saint_Michael,chaplet,0.9993158099633231,DBpedia
http://ns.inria.fr/zoomathia/CASSIANUS_BASSUS/geoponica/e/15/8/text/1,http://dbpedia.org/resource/White_wine,white,0.7090819151204354,DBpedia
http://ns.inria.fr/zoomathia/CASSIANUS_BASSUS/geoponica/e/15/8/text/1,http://dbpedia.org/resource/Crimson,crimson,1.0,DBpedia
http://ns.inria.fr/zoomathia/CASSIANUS_BASSUS/geoponica/e/15/8/text/1,http://dbpedia.org/resource/Wool,wool,0.9999965785936505,DBpedia
http://ns.inria.fr/zoomathia/CASSIANUS_BASSUS/geoponica/e/15/8/text/1,http://dbpedia.org/resource/Vitex,chaste tree,0.7824821377204441,DBpedia
http://ns.inria.fr/zoomathia/CASSIANUS_BASSUS/geoponica/e/15/8/text/1,http://dbpedia.org/resource/Verbena,vervain,1.0,DBpedia
http://ns.inria.fr/zoomathia/CASSIANUS_BASSUS/geoponica/e/15/8/text/1,http://dbpedia.org/resource/Torch,torches,0.5726215173631024,DBpedia
http://ns.inria.fr/zoomathia/CASSIANUS_BASSUS/geoponica/e/15/8/text/1,http://dbpedia.org/resource/Amaranth,amaranthus,1.0,DBpedia
http://ns.inria.fr/zoomathia/CASSIANUS_BASSUS/geoponica/e/15/8/text/1,http://dbpedia.org/resource/Mold,mould,0.8480265915215532,DBpedia
http://ns.inria.fr/zoomathia/CASSIANUS_BASSUS/geoponica/e/15/8/text/1,http://dbpedia.org/resource/Scattering,scattered,0.951787689726266,DBpedia
http://ns.inria.fr/zoomathia/CASSIANUS_BASSUS/geoponica/e/15/8/text/1,http://dbpedia.org/resource/Seed,seeds,0.9203571053994868,DBpedia
http://ns.inria.fr/zoomathia/CASSIANUS_BASSUS/geoponica/e/15/8/text/1,http://dbpedia.org/resource/Natural_kind,kinds,0.5726066642903256,DBpedia
http://ns.inria.fr/zoomathia/CASSIANUS_BASSUS/geoponica/e/15/8/text/1,http://dbpedia.org/resource/Britain_Stronger_in_Europe,remain,0.9640768476733289,DBpedia
http://ns.inria.fr/zoomathia/CASSIANUS_BASSUS/geoponica/e/15/9/text/1,https://opentheso.huma-num.fr/?idc=107582&idt=th310,drones,1,zoomathia_match
http://ns.inria.fr/zoomathia/CASSIANUS_BASSUS/geoponica/e/15/9/text/1,https://opentheso.huma-num.fr/?idc=105470&idt=th310,hives,1,zoomathia_match
http://ns.inria.fr/zoomathia/CASSIANUS_BASSUS/geoponica/e/15/9/text/1,https://opentheso.huma-num.fr/?idc=107576&idt=th310,water,1,zoomathia_match
http://ns.inria.fr/zoomathia/CASSIANUS_BASSUS/geoponica/e/15/9/text/1,https://opentheso.huma-num.fr/?idc=pcrtGSslMASdGf&idt=th310,day,1,zoomathia_match
http://ns.inria.fr/zoomathia/CASSIANUS_BASSUS/geoponica/e/15/9/text/1,https://opentheso.huma-num.fr/?idc=pcrtx72BOMXZ2d&idt=th310,open,1,zoomathia_match
http://ns.inria.fr/zoomathia/CASSIANUS_BASSUS/geoponica/e/15/9/text/1,https://opentheso.huma-num.fr/?idc=105470&idt=th310,hives,1,zoomathia_match
http://ns.inria.fr/zoomathia/CASSIANUS_BASSUS/geoponica/e/15/9/text/1,https://opentheso.huma-num.fr/?idc=107582&idt=th310,drones,1,zoomathia_match
http://ns.inria.fr/zoomathia/CASSIANUS_BASSUS/geoponica/e/15/9/text/1,https://opentheso.huma-num.fr/?idc=pcrtsPauzzRS5z&idt=th310,honey,1,zoomathia_match
http://ns.inria.fr/zoomathia/CASSIANUS_BASSUS/geoponica/e/15/9/text/1,https://opentheso.huma-num.fr/?idc=105345&idt=th310,thirst,1,zoomathia_match
http://ns.inria.fr/zoomathia/CASSIANUS_BASSUS/geoponica/e/15/9/text/1,https://opentheso.huma-num.fr/?idc=107576&idt=th310,water,1,zoomathia_match
http://ns.inria.fr/zoomathia/CASSIANUS_BASSUS/geoponica/e/15/9/text/1,https://opentheso.huma-num.fr/?idc=105184&idt=th310,stings,1,zoomathia_match
http://ns.inria.fr/zoomathia/CASSIANUS_BASSUS/geoponica/e/15/9/text/1,https://opentheso.huma-num.fr/?idc=pcrt6ccLQhgjJq&idt=th310,Aristotle,1,zoomathia_match
http://ns.inria.fr/zoomathia/CASSIANUS_BASSUS/geoponica/e/15/9/text/1,https://opentheso.huma-num.fr/?idc=pcrtsPauzzRS5z&idt=th310,honey,1,zoomathia_match
http://ns.inria.fr/zoomathia/CASSIANUS_BASSUS/geoponica/e/15/9/text/1,https://opentheso.huma-num.fr/?idc=pcrtTZhXUnbMdd&idt=th310,box,1,zoomathia_match
http://ns.inria.fr/zoomathia/CASSIANUS_BASSUS/geoponica/e/15/9/text/1,https://opentheso.huma-num.fr/?idc=107538&idt=th310,tree,1,zoomathia_match
http://ns.inria.fr/zoomathia/CASSIANUS_BASSUS/geoponica/e/15/9/text/1,https://opentheso.huma-num.fr/?idc=105402&idt=th310,smell,1,zoomathia_match
http://ns.inria.fr/zoomathia/CASSIANUS_BASSUS/geoponica/e/15/9/text/1,https://opentheso.huma-num.fr/?idc=pcrtmwjz8S1ZgH&idt=th310,cured,1,zoomathia_match
http://ns.inria.fr/zoomathia/CASSIANUS_BASSUS/geoponica/e/15/9/text/1,https://www.wikidata.org/wiki/Q1968642,the day,0.3524,wikidata
http://ns.inria.fr/zoomathia/CASSIANUS_BASSUS/geoponica/e/15/9/text/1,https://www.wikidata.org/wiki/Q868,Aristotle,0.9074,wikidata
http://ns.inria.fr/zoomathia/CASSIANUS_BASSUS/geoponica/e/15/9/text/1,http://dbpedia.org/resource/Animal_euthanasia,destroy,0.972863742413006,DBpedia
http://ns.inria.fr/zoomathia/CASSIANUS_BASSUS/geoponica/e/15/9/text/1,http://dbpedia.org/resource/Unmanned_aerial_vehicle,drones,0.9973538297823642,DBpedia
http://ns.inria.fr/zoomathia/CASSIANUS_BASSUS/geoponica/e/15/9/text/1,http://dbpedia.org/resource/History_of_Christianity,early,0.9923189490888575,DBpedia
http://ns.inria.fr/zoomathia/CASSIANUS_BASSUS/geoponica/e/15/9/text/1,http://dbpedia.org/resource/Evening,evening,0.9974081904567617,DBpedia
http://ns.inria.fr/zoomathia/CASSIANUS_BASSUS/geoponica/e/15/9/text/1,http://dbpedia.org/resource/Cover_version,covers,0.9995312368670753,DBpedia
http://ns.inria.fr/zoomathia/CASSIANUS_BASSUS/geoponica/e/15/9/text/1,http://dbpedia.org/resource/Water,water,0.9981712092709799,DBpedia
http://ns.inria.fr/zoomathia/CASSIANUS_BASSUS/geoponica/e/15/9/text/1,http://dbpedia.org/resource/Bone_fracture,break,0.8947084517610348,DBpedia
http://ns.inria.fr/zoomathia/CASSIANUS_BASSUS/geoponica/e/15/9/text/1,http://dbpedia.org/resource/Diurnality,day,0.8771917233504357,DBpedia
http://ns.inria.fr/zoomathia/CASSIANUS_BASSUS/geoponica/e/15/9/text/1,http://dbpedia.org/resource/Open_source,open,0.915994826477763,DBpedia
http://ns.inria.fr/zoomathia/CASSIANUS_BASSUS/geoponica/e/15/9/text/1,http://dbpedia.org/resource/Unmanned_aerial_vehicle,drones,0.9973538297823642,DBpedia
http://ns.inria.fr/zoomathia/CASSIANUS_BASSUS/geoponica/e/15/9/text/1,http://dbpedia.org/resource/Settler,settled,0.862595924740688,DBpedia
http://ns.inria.fr/zoomathia/CASSIANUS_BASSUS/geoponica/e/15/9/text/1,http://dbpedia.org/resource/Professional_wrestling_throws,drops,0.7140367770549432,DBpedia
http://ns.inria.fr/zoomathia/CASSIANUS_BASSUS/geoponica/e/15/9/text/1,http://dbpedia.org/resource/Cover_version,covers,0.9995312368670753,DBpedia
http://ns.inria.fr/zoomathia/CASSIANUS_BASSUS/geoponica/e/15/9/text/1,http://dbpedia.org/resource/Nectarivore,fed,0.6165146331776815,DBpedia
http://ns.inria.fr/zoomathia/CASSIANUS_BASSUS/geoponica/e/15/9/text/1,http://dbpedia.org/resource/Honey,honey,0.9999999999999432,DBpedia
http://ns.inria.fr/zoomathia/CASSIANUS_BASSUS/geoponica/e/15/9/text/1,http://dbpedia.org/resource/Thirsty_(song),thirsty,0.6438463781729354,DBpedia
http://ns.inria.fr/zoomathia/CASSIANUS_BASSUS/geoponica/e/15/9/text/1,http://dbpedia.org/resource/Insatiable_(TV_series),insatiable,0.45523695775458106,DBpedia
http://ns.inria.fr/zoomathia/CASSIANUS_BASSUS/geoponica/e/15/9/text/1,http://dbpedia.org/resource/Thirst,thirst,0.9968234440493986,DBpedia
http://ns.inria.fr/zoomathia/CASSIANUS_BASSUS/geoponica/e/15/9/text/1,http://dbpedia.org/resource/Water,water,0.9981712092709799,DBpedia
http://ns.inria.fr/zoomathia/CASSIANUS_BASSUS/geoponica/e/15/9/text/1,http://dbpedia.org/resource/Moisture,moisture,0.9338478647886063,DBpedia
http://ns.inria.fr/zoomathia/CASSIANUS_BASSUS/geoponica/e/15/9/text/1,http://dbpedia.org/resource/Cover_version,covers,0.9995312368670753,DBpedia
http://ns.inria.fr/zoomathia/CASSIANUS_BASSUS/geoponica/e/15/9/text/1,http://dbpedia.org/resource/Animal_euthanasia,destroy,0.972863742413006,DBpedia
http://ns.inria.fr/zoomathia/CASSIANUS_BASSUS/geoponica/e/15/9/text/1,http://dbpedia.org/resource/Straitjacket,escape,0.830475936440996,DBpedia
http://ns.inria.fr/zoomathia/CASSIANUS_BASSUS/geoponica/e/15/9/text/1,http://dbpedia.org/resource/Stinger,stings,0.9999999827115859,DBpedia
http://ns.inria.fr/zoomathia/CASSIANUS_BASSUS/geoponica/e/15/9/text/1,http://dbpedia.org/resource/Major_depressive_disorder,lazy,0.9992835747372928,DBpedia
http://ns.inria.fr/zoomathia/CASSIANUS_BASSUS/geoponica/e/15/9/text/1,http://dbpedia.org/resource/Aristotle,Aristotle,0.9999975701691672,DBpedia
http://ns.inria.fr/zoomathia/CASSIANUS_BASSUS/geoponica/e/15/9/text/1,http://dbpedia.org/resource/Honey,honey,0.9999999999999432,DBpedia
http://ns.inria.fr/zoomathia/CASSIANUS_BASSUS/geoponica/e/15/9/text/1,http://dbpedia.org/resource/Buxus,box-tree,1.0,DBpedia
http://ns.inria.fr/zoomathia/CASSIANUS_BASSUS/geoponica/e/15/9/text/1,http://dbpedia.org/resource/Sense_of_smell,smell,0.9841448733279751,DBpedia
http://ns.inria.fr/zoomathia/CASSIANUS_BASSUS/geoponica/e/15/9/text/1,http://dbpedia.org/resource/Person,persons,0.9906954230261171,DBpedia
http://ns.inria.fr/zoomathia/CASSIANUS_BASSUS/geoponica/e/15/9/text/1,http://dbpedia.org/resource/Eating,eat,0.9059704970274456,DBpedia
http://ns.inria.fr/zoomathia/CASSIANUS_BASSUS/geoponica/e/15/9/text/1,http://dbpedia.org/resource/Person,persons,0.9906954230261171,DBpedia
http://ns.inria.fr/zoomathia/CASSIANUS_BASSUS/geoponica/e/15/9/text/1,http://dbpedia.org/resource/Epilepsy,epileptic,0.8033240356523319,DBpedia
http://ns.inria.fr/zoomathia/CASSIANUS_BASSUS/geoponica/e/15/9/text/1,http://dbpedia.org/resource/Cure,cured,0.8218834955529748,DBpedia
http://ns.inria.fr/zoomathia/CASSIANUS_BASSUS/geoponica/e/15/9/text/1,http://dbpedia.org/resource/Disease,disease,0.9996857783089356,DBpedia
http://ns.inria.fr/zoomathia/CASSIANUS_BASSUS/geoponica/e/15/10/text/1,https://opentheso.huma-num.fr/?idc=106004&idt=th310,wild,1,zoomathia_match
http://ns.inria.fr/zoomathia/CASSIANUS_BASSUS/geoponica/e/15/10/text/1,https://opentheso.huma-num.fr/?idc=105184&idt=th310,stung,1,zoomathia_match
http://ns.inria.fr/zoomathia/CASSIANUS_BASSUS/geoponica/e/15/10/text/1,http://dbpedia.org/resource/Ladies_European_Tour,LET,0.9744759800480405,DBpedia
http://ns.inria.fr/zoomathia/CASSIANUS_BASSUS/geoponica/e/15/10/text/1,http://dbpedia.org/resource/Grammatical_person,person,0.732996335181988,DBpedia
http://ns.inria.fr/zoomathia/CASSIANUS_BASSUS/geoponica/e/15/10/text/1,http://dbpedia.org/resource/Stone_rubbing,rubbed,0.999977445476088,DBpedia
http://ns.inria.fr/zoomathia/CASSIANUS_BASSUS/geoponica/e/15/10/text/1,http://dbpedia.org/resource/Juice,juice,0.9844948168434281,DBpedia
http://ns.inria.fr/zoomathia/CASSIANUS_BASSUS/geoponica/e/15/10/text/1,http://dbpedia.org/resource/Wildlife,wild,0.6399525225694376,DBpedia
http://ns.inria.fr/zoomathia/CASSIANUS_BASSUS/geoponica/e/15/10/text/1,http://dbpedia.org/resource/Malva,mallow,0.8681556033365662,DBpedia
http://ns.inria.fr/zoomathia/CASSIANUS_BASSUS/geoponica/e/16/1/text/1,https://opentheso.huma-num.fr/?idc=pcrtWUyge94a85&idt=th310,set,1,zoomathia_match
http://ns.inria.fr/zoomathia/CASSIANUS_BASSUS/geoponica/e/16/1/text/1,https://opentheso.huma-num.fr/?idc=105148&idt=th310,belly,1,zoomathia_match
http://ns.inria.fr/zoomathia/CASSIANUS_BASSUS/geoponica/e/16/1/text/1,https://opentheso.huma-num.fr/?idc=105288&idt=th310,age,1,zoomathia_match
http://ns.inria.fr/zoomathia/CASSIANUS_BASSUS/geoponica/e/16/1/text/1,https://opentheso.huma-num.fr/?idc=pcrtpWT5t7kRx6&idt=th310,years,1,zoomathia_match
http://ns.inria.fr/zoomathia/CASSIANUS_BASSUS/geoponica/e/16/1/text/1,https://opentheso.huma-num.fr/?idc=pcrt6i8AcPBoY2&idt=th310,horse,1,zoomathia_match
http://ns.inria.fr/zoomathia/CASSIANUS_BASSUS/geoponica/e/16/1/text/1,https://opentheso.huma-num.fr/?idc=105649&idt=th310,time,1,zoomathia_match
http://ns.inria.fr/zoomathia/CASSIANUS_BASSUS/geoponica/e/16/1/text/1,https://opentheso.huma-num.fr/?idc=106574&idt=th310,March,1,zoomathia_match
http://ns.inria.fr/zoomathia/CASSIANUS_BASSUS/geoponica/e/16/1/text/1,https://opentheso.huma-num.fr/?idc=105656&idt=th310,summer,1,zoomathia_match
http://ns.inria.fr/zoomathia/CASSIANUS_BASSUS/geoponica/e/16/1/text/1,https://opentheso.huma-num.fr/?idc=107594&idt=th310,grass,1,zoomathia_match
http://ns.inria.fr/zoomathia/CASSIANUS_BASSUS/geoponica/e/16/1/text/1,https://opentheso.huma-num.fr/?idc=pcrtoASMcUbb46&idt=th310,months,1,zoomathia_match
http://ns.inria.fr/zoomathia/CASSIANUS_BASSUS/geoponica/e/16/1/text/1,https://opentheso.huma-num.fr/?idc=pcrtGSslMASdGf&idt=th310,days,1,zoomathia_match
http://ns.inria.fr/zoomathia/CASSIANUS_BASSUS/geoponica/e/16/1/text/1,https://opentheso.huma-num.fr/?idc=105656&idt=th310,summer,1,zoomathia_match
http://ns.inria.fr/zoomathia/CASSIANUS_BASSUS/geoponica/e/16/1/text/1,https://opentheso.huma-num.fr/?idc=107602&idt=th310,summer solstice,1,zoomathia_match
http://ns.inria.fr/zoomathia/CASSIANUS_BASSUS/geoponica/e/16/1/text/1,https://opentheso.huma-num.fr/?idc=107437&idt=th310,solstice,1,zoomathia_match
http://ns.inria.fr/zoomathia/CASSIANUS_BASSUS/geoponica/e/16/1/text/1,https://opentheso.huma-num.fr/?idc=pcrt6i8AcPBoY2&idt=th310,horse,1,zoomathia_match
http://ns.inria.fr/zoomathia/CASSIANUS_BASSUS/geoponica/e/16/1/text/1,https://opentheso.huma-num.fr/?idc=107519&idt=th310,work,1,zoomathia_match
http://ns.inria.fr/zoomathia/CASSIANUS_BASSUS/geoponica/e/16/1/text/1,https://opentheso.huma-num.fr/?idc=105649&idt=th310,time,1,zoomathia_match
http://ns.inria.fr/zoomathia/CASSIANUS_BASSUS/geoponica/e/16/1/text/1,https://opentheso.huma-num.fr/?idc=pcrtGSslMASdGf&idt=th310,day,1,zoomathia_match
http://ns.inria.fr/zoomathia/CASSIANUS_BASSUS/geoponica/e/16/1/text/1,https://opentheso.huma-num.fr/?idc=107043&idt=th310,morning,1,zoomathia_match
http://ns.inria.fr/zoomathia/CASSIANUS_BASSUS/geoponica/e/16/1/text/1,https://opentheso.huma-num.fr/?idc=pcrt6i8AcPBoY2&idt=th310,horse,1,zoomathia_match
http://ns.inria.fr/zoomathia/CASSIANUS_BASSUS/geoponica/e/16/1/text/1,https://opentheso.huma-num.fr/?idc=pcrtGSslMASdGf&idt=th310,days,1,zoomathia_match
http://ns.inria.fr/zoomathia/CASSIANUS_BASSUS/geoponica/e/16/1/text/1,https://opentheso.huma-num.fr/?idc=105550&idt=th310,care,1,zoomathia_match
http://ns.inria.fr/zoomathia/CASSIANUS_BASSUS/geoponica/e/16/1/text/1,https://opentheso.huma-num.fr/?idc=105645&idt=th310,cold,1,zoomathia_match
http://ns.inria.fr/zoomathia/CASSIANUS_BASSUS/geoponica/e/16/1/text/1,https://opentheso.huma-num.fr/?idc=105645&idt=th310,cold,1,zoomathia_match
http://ns.inria.fr/zoomathia/CASSIANUS_BASSUS/geoponica/e/16/1/text/1,https://opentheso.huma-num.fr/?idc=pcrt6i8AcPBoY2&idt=th310,horses,1,zoomathia_match
http://ns.inria.fr/zoomathia/CASSIANUS_BASSUS/geoponica/e/16/1/text/1,https://opentheso.huma-num.fr/?idc=105124&idt=th310,head,1,zoomathia_match
http://ns.inria.fr/zoomathia/CASSIANUS_BASSUS/geoponica/e/16/1/text/1,https://opentheso.huma-num.fr/?idc=pcrtd6p9oHq1Tf&idt=th310,black,1,zoomathia_match
http://ns.inria.fr/zoomathia/CASSIANUS_BASSUS/geoponica/e/16/1/text/1,https://opentheso.huma-num.fr/?idc=pcrt3kpULwWUS2&idt=th310,black,1,zoomathia_match
http://ns.inria.fr/zoomathia/CASSIANUS_BASSUS/geoponica/e/16/1/text/1,https://opentheso.huma-num.fr/?idc=105128&idt=th310,eye,1,zoomathia_match
http://ns.inria.fr/zoomathia/CASSIANUS_BASSUS/geoponica/e/16/1/text/1,https://opentheso.huma-num.fr/?idc=105779&idt=th310,nostrils,1,zoomathia_match
http://ns.inria.fr/zoomathia/CASSIANUS_BASSUS/geoponica/e/16/1/text/1,https://opentheso.huma-num.fr/?idc=105129&idt=th310,ears,1,zoomathia_match
http://ns.inria.fr/zoomathia/CASSIANUS_BASSUS/geoponica/e/16/1/text/1,https://opentheso.huma-num.fr/?idc=105140&idt=th310,neck,1,zoomathia_match
http://ns.inria.fr/zoomathia/CASSIANUS_BASSUS/geoponica/e/16/1/text/1,https://opentheso.huma-num.fr/?idc=105842&idt=th310,mane,1,zoomathia_match
http://ns.inria.fr/zoomathia/CASSIANUS_BASSUS/geoponica/e/16/1/text/1,https://opentheso.huma-num.fr/?idc=105140&idt=th310,neck,1,zoomathia_match
http://ns.inria.fr/zoomathia/CASSIANUS_BASSUS/geoponica/e/16/1/text/1,https://opentheso.huma-num.fr/?idc=107278&idt=th310,arms,1,zoomathia_match
http://ns.inria.fr/zoomathia/CASSIANUS_BASSUS/geoponica/e/16/1/text/1,https://opentheso.huma-num.fr/?idc=105148&idt=th310,belly,1,zoomathia_match
http://ns.inria.fr/zoomathia/CASSIANUS_BASSUS/geoponica/e/16/1/text/1,https://opentheso.huma-num.fr/?idc=105164&idt=th310,tail,1,zoomathia_match
http://ns.inria.fr/zoomathia/CASSIANUS_BASSUS/geoponica/e/16/1/text/1,https://opentheso.huma-num.fr/?idc=105163&idt=th310,hoof,1,zoomathia_match
http://ns.inria.fr/zoomathia/CASSIANUS_BASSUS/geoponica/e/16/1/text/1,https://opentheso.huma-num.fr/?idc=105943&idt=th310,frog,1,zoomathia_match
http://ns.inria.fr/zoomathia/CASSIANUS_BASSUS/geoponica/e/16/1/text/1,https://opentheso.huma-num.fr/?idc=105163&idt=th310,hoof,1,zoomathia_match
http://ns.inria.fr/zoomathia/CASSIANUS_BASSUS/geoponica/e/16/1/text/1,https://opentheso.huma-num.fr/?idc=pcrt6i8AcPBoY2&idt=th310,horse,1,zoomathia_match
http://ns.inria.fr/zoomathia/CASSIANUS_BASSUS/geoponica/e/16/1/text/1,http://dbpedia.org/resource/Horse,mares,0.9999991622145316,DBpedia
http://ns.inria.fr/zoomathia/CASSIANUS_BASSUS/geoponica/e/16/1/text/1,http://dbpedia.org/resource/Parenting,raise,0.9920892802480787,DBpedia
http://ns.inria.fr/zoomathia/CASSIANUS_BASSUS/geoponica/e/16/1/text/1,http://dbpedia.org/resource/Colt_(horse),colts,0.999489108607499,DBpedia
http://ns.inria.fr/zoomathia/CASSIANUS_BASSUS/geoponica/e/16/1/text/1,http://dbpedia.org/resource/Set_theory,set,0.9836504338356512,DBpedia
http://ns.inria.fr/zoomathia/CASSIANUS_BASSUS/geoponica/e/16/1/text/1,http://dbpedia.org/resource/Body_proportions,proportion,0.9558667905820042,DBpedia
http://ns.inria.fr/zoomathia/CASSIANUS_BASSUS/geoponica/e/16/1/text/1,http://dbpedia.org/resource/Physical_attractiveness,handsome,1.0,DBpedia
http://ns.inria.fr/zoomathia/CASSIANUS_BASSUS/geoponica/e/16/1/text/1,http://dbpedia.org/resource/Abdomen,belly,0.999999986153398,DBpedia
http://ns.inria.fr/zoomathia/CASSIANUS_BASSUS/geoponica/e/16/1/text/1,http://dbpedia.org/resource/Body_proportions,proportion,0.9558667905820042,DBpedia
http://ns.inria.fr/zoomathia/CASSIANUS_BASSUS/geoponica/e/16/1/text/1,http://dbpedia.org/resource/Regard_(DJ),regard,0.9856851454133987,DBpedia
http://ns.inria.fr/zoomathia/CASSIANUS_BASSUS/geoponica/e/16/1/text/1,http://dbpedia.org/resource/Respect,respect,0.9999956456239704,DBpedia
http://ns.inria.fr/zoomathia/CASSIANUS_BASSUS/geoponica/e/16/1/text/1,http://dbpedia.org/resource/Ageing,age,0.999049859149274,DBpedia
http://ns.inria.fr/zoomathia/CASSIANUS_BASSUS/geoponica/e/16/1/text/1,http://dbpedia.org/resource/Youngest_son,younger,0.9999999999940883,DBpedia
http://ns.inria.fr/zoomathia/CASSIANUS_BASSUS/geoponica/e/16/1/text/1,http://dbpedia.org/resource/Decade,ten years,0.7399195739483785,DBpedia
http://ns.inria.fr/zoomathia/CASSIANUS_BASSUS/geoponica/e/16/1/text/1,http://dbpedia.org/resource/Horse,horse,0.99999996243696,DBpedia
http://ns.inria.fr/zoomathia/CASSIANUS_BASSUS/geoponica/e/16/1/text/1,http://dbpedia.org/resource/Initiation,admission,0.9647919408346273,DBpedia
http://ns.inria.fr/zoomathia/CASSIANUS_BASSUS/geoponica/e/16/1/text/1,http://dbpedia.org/resource/Circumference,circumference,1.0,DBpedia
http://ns.inria.fr/zoomathia/CASSIANUS_BASSUS/geoponica/e/16/1/text/1,http://dbpedia.org/resource/Human_body,body,0.9999460068245212,DBpedia
http://ns.inria.fr/zoomathia/CASSIANUS_BASSUS/geoponica/e/16/1/text/1,http://dbpedia.org/resource/Compact_space,compact,0.7154436736748727,DBpedia
http://ns.inria.fr/zoomathia/CASSIANUS_BASSUS/geoponica/e/16/1/text/1,http://dbpedia.org/resource/Schizocarp,parts,0.7713900434488817,DBpedia
http://ns.inria.fr/zoomathia/CASSIANUS_BASSUS/geoponica/e/16/1/text/1,http://dbpedia.org/resource/Time,time,0.9999392969906263,DBpedia
http://ns.inria.fr/zoomathia/CASSIANUS_BASSUS/geoponica/e/16/1/text/1,http://dbpedia.org/resource/Cover_version,covering,0.9481869726648604,DBpedia
http://ns.inria.fr/zoomathia/CASSIANUS_BASSUS/geoponica/e/16/1/text/1,http://dbpedia.org/resource/Equinox,equinox,1.0,DBpedia
http://ns.inria.fr/zoomathia/CASSIANUS_BASSUS/geoponica/e/16/1/text/1,http://dbpedia.org/resource/March,March,0.9989693631652442,DBpedia
http://ns.inria.fr/zoomathia/CASSIANUS_BASSUS/geoponica/e/16/1/text/1,http://dbpedia.org/resource/June,June,0.9305813962808267,DBpedia
http://ns.inria.fr/zoomathia/CASSIANUS_BASSUS/geoponica/e/16/1/text/1,http://dbpedia.org/resource/Colt_(horse),colt,0.999489108607499,DBpedia
http://ns.inria.fr/zoomathia/CASSIANUS_BASSUS/geoponica/e/16/1/text/1,http://dbpedia.org/resource/Horse_breeding,foaled,1.0,DBpedia
http://ns.inria.fr/zoomathia/CASSIANUS_BASSUS/geoponica/e/16/1/text/1,http://dbpedia.org/resource/Temperate_climate,temperate,0.9999999989338448,DBpedia
http://ns.inria.fr/zoomathia/CASSIANUS_BASSUS/geoponica/e/16/1/text/1,http://dbpedia.org/resource/Summer_solstice,summer,0.9213441600377007,DBpedia
http://ns.inria.fr/zoomathia/CASSIANUS_BASSUS/geoponica/e/16/1/text/1,http://dbpedia.org/resource/Poaceae,grass,0.9999282331799713,DBpedia
http://ns.inria.fr/zoomathia/CASSIANUS_BASSUS/geoponica/e/16/1/text/1,http://dbpedia.org/resource/Marsupial,young,0.9990552230746979,DBpedia
http://ns.inria.fr/zoomathia/CASSIANUS_BASSUS/geoponica/e/16/1/text/1,http://dbpedia.org/resource/Ten_Days_(Missy_Higgins_song),ten days,0.9999860061167593,DBpedia
http://ns.inria.fr/zoomathia/CASSIANUS_BASSUS/geoponica/e/16/1/text/1,http://dbpedia.org/resource/Colt_(horse),colts,0.999489108607499,DBpedia
http://ns.inria.fr/zoomathia/CASSIANUS_BASSUS/geoponica/e/16/1/text/1,http://dbpedia.org/resource/Solstice,solstice,0.9996854569404006,DBpedia
http://ns.inria.fr/zoomathia/CASSIANUS_BASSUS/geoponica/e/16/1/text/1,http://dbpedia.org/resource/Hollow_Earth,useless,1.0,DBpedia
http://ns.inria.fr/zoomathia/CASSIANUS_BASSUS/geoponica/e/16/1/text/1,http://dbpedia.org/resource/Affordance,afford,1.0,DBpedia
http://ns.inria.fr/zoomathia/CASSIANUS_BASSUS/geoponica/e/16/1/text/1,http://dbpedia.org/resource/Horse,horse,0.99999996243696,DBpedia
http://ns.inria.fr/zoomathia/CASSIANUS_BASSUS/geoponica/e/16/1/text/1,http://dbpedia.org/resource/Sleep,rest,0.5882926285554192,DBpedia
http://ns.inria.fr/zoomathia/CASSIANUS_BASSUS/geoponica/e/16/1/text/1,http://dbpedia.org/resource/Time,time,0.9999392969906263,DBpedia
http://ns.inria.fr/zoomathia/CASSIANUS_BASSUS/geoponica/e/16/1/text/1,http://dbpedia.org/resource/Initiation,admission,0.9647919408346273,DBpedia
http://ns.inria.fr/zoomathia/CASSIANUS_BASSUS/geoponica/e/16/1/text/1,http://dbpedia.org/resource/Cover_version,cover,0.9025669404335513,DBpedia
http://ns.inria.fr/zoomathia/CASSIANUS_BASSUS/geoponica/e/16/1/text/1,http://dbpedia.org/resource/Day,day,0.9935517886296441,DBpedia
http://ns.inria.fr/zoomathia/CASSIANUS_BASSUS/geoponica/e/16/1/text/1,http://dbpedia.org/resource/Evening_gown,evening,0.9756139220298841,DBpedia
http://ns.inria.fr/zoomathia/CASSIANUS_BASSUS/geoponica/e/16/1/text/1,http://dbpedia.org/resource/Mating,covered,0.9753598274158487,DBpedia
http://ns.inria.fr/zoomathia/CASSIANUS_BASSUS/geoponica/e/16/1/text/1,http://dbpedia.org/resource/Horse,horse,0.99999996243696,DBpedia
http://ns.inria.fr/zoomathia/CASSIANUS_BASSUS/geoponica/e/16/1/text/1,http://dbpedia.org/resource/Ten_Days_(Missy_Higgins_song),ten days,0.9999860061167593,DBpedia
http://ns.inria.fr/zoomathia/CASSIANUS_BASSUS/geoponica/e/16/1/text/1,http://dbpedia.org/resource/Confirmation,receive,0.9791326159719905,DBpedia
http://ns.inria.fr/zoomathia/CASSIANUS_BASSUS/geoponica/e/16/1/text/1,http://dbpedia.org/resource/Legal_separation,separate,0.9610648703808967,DBpedia
http://ns.inria.fr/zoomathia/CASSIANUS_BASSUS/geoponica/e/16/1/text/1,http://dbpedia.org/resource/Pregnancy,impregnation,0.9925959017443025,DBpedia
http://ns.inria.fr/zoomathia/CASSIANUS_BASSUS/geoponica/e/16/1/text/1,http://dbpedia.org/resource/Horse_management,care,0.999999896886953,DBpedia
http://ns.inria.fr/zoomathia/CASSIANUS_BASSUS/geoponica/e/16/1/text/1,http://dbpedia.org/resource/Fatigue,fatigued,1.0,DBpedia
http://ns.inria.fr/zoomathia/CASSIANUS_BASSUS/geoponica/e/16/1/text/1,http://dbpedia.org/resource/Barracks,stationed,0.9984864543919153,DBpedia
http://ns.inria.fr/zoomathia/CASSIANUS_BASSUS/geoponica/e/16/1/text/1,http://dbpedia.org/resource/Common_cold,cold,0.9868436779381266,DBpedia
http://ns.inria.fr/zoomathia/CASSIANUS_BASSUS/geoponica/e/16/1/text/1,http://dbpedia.org/resource/Common_cold,cold,0.9868436779381266,DBpedia
http://ns.inria.fr/zoomathia/CASSIANUS_BASSUS/geoponica/e/16/1/text/1,http://dbpedia.org/resource/Horse,horses,0.9999999869712611,DBpedia
http://ns.inria.fr/zoomathia/CASSIANUS_BASSUS/geoponica/e/16/1/text/1,http://dbpedia.org/resource/Performance,perform,0.625182075151508,DBpedia
http://ns.inria.fr/zoomathia/CASSIANUS_BASSUS/geoponica/e/16/1/text/1,http://dbpedia.org/resource/Duty,duty,0.9940706690164777,DBpedia
http://ns.inria.fr/zoomathia/CASSIANUS_BASSUS/geoponica/e/16/1/text/1,http://dbpedia.org/resource/Horse,mares,0.9999991622145316,DBpedia
http://ns.inria.fr/zoomathia/CASSIANUS_BASSUS/geoponica/e/16/1/text/1,http://dbpedia.org/resource/Discernment,discern,0.9999999922556526,DBpedia
http://ns.inria.fr/zoomathia/CASSIANUS_BASSUS/geoponica/e/16/1/text/1,http://dbpedia.org/resource/Future,future,0.9870383356181016,DBpedia
http://ns.inria.fr/zoomathia/CASSIANUS_BASSUS/geoponica/e/16/1/text/1,http://dbpedia.org/resource/Colt_(horse),colt,0.999489108607499,DBpedia
http://ns.inria.fr/zoomathia/CASSIANUS_BASSUS/geoponica/e/16/1/text/1,http://dbpedia.org/resource/Good,good,0.8484519512505113,DBpedia
http://ns.inria.fr/zoomathia/CASSIANUS_BASSUS/geoponica/e/16/1/text/1,http://dbpedia.org/resource/Mental_disorder,mental,0.9647396391219599,DBpedia
http://ns.inria.fr/zoomathia/CASSIANUS_BASSUS/geoponica/e/16/1/text/1,http://dbpedia.org/resource/Perfection,perfections,0.9999999999993179,DBpedia
http://ns.inria.fr/zoomathia/CASSIANUS_BASSUS/geoponica/e/16/1/text/1,http://dbpedia.org/resource/Head,head,0.9218319313762491,DBpedia
http://ns.inria.fr/zoomathia/CASSIANUS_BASSUS/geoponica/e/16/1/text/1,http://dbpedia.org/resource/Black_horse,black,1.0,DBpedia
http://ns.inria.fr/zoomathia/CASSIANUS_BASSUS/geoponica/e/16/1/text/1,http://dbpedia.org/resource/Eye,eye,0.9999999412752931,DBpedia
http://ns.inria.fr/zoomathia/CASSIANUS_BASSUS/geoponica/e/16/1/text/1,http://dbpedia.org/resource/Nostril,nostrils,0.9999826996268397,DBpedia
http://ns.inria.fr/zoomathia/CASSIANUS_BASSUS/geoponica/e/16/1/text/1,http://dbpedia.org/resource/Structural_integrity_and_failure,collapsed,0.9822252900618804,DBpedia
http://ns.inria.fr/zoomathia/CASSIANUS_BASSUS/geoponica/e/16/1/text/1,http://dbpedia.org/resource/Short_film,short,0.6462504643273221,DBpedia
http://ns.inria.fr/zoomathia/CASSIANUS_BASSUS/geoponica/e/16/1/text/1,http://dbpedia.org/resource/Ear,ears,0.9997472706784094,DBpedia
http://ns.inria.fr/zoomathia/CASSIANUS_BASSUS/geoponica/e/16/1/text/1,http://dbpedia.org/resource/Delicate_(Taylor_Swift_song),delicate,0.9737462504695205,DBpedia
http://ns.inria.fr/zoomathia/CASSIANUS_BASSUS/geoponica/e/16/1/text/1,http://dbpedia.org/resource/Neck,neck,0.9854151106040177,DBpedia
http://ns.inria.fr/zoomathia/CASSIANUS_BASSUS/geoponica/e/16/1/text/1,http://dbpedia.org/resource/Long_hair,long,0.7197859198013127,DBpedia
http://ns.inria.fr/zoomathia/CASSIANUS_BASSUS/geoponica/e/16/1/text/1,http://dbpedia.org/resource/Curling,curled,1.0,DBpedia
http://ns.inria.fr/zoomathia/CASSIANUS_BASSUS/geoponica/e/16/1/text/1,http://dbpedia.org/resource/Neck,neck,0.9854151106040177,DBpedia
http://ns.inria.fr/zoomathia/CASSIANUS_BASSUS/geoponica/e/16/1/text/1,http://dbpedia.org/resource/Wide-angle_lens,wide,0.9971459725631729,DBpedia
http://ns.inria.fr/zoomathia/CASSIANUS_BASSUS/geoponica/e/16/1/text/1,http://dbpedia.org/resource/Thorax,breast,0.9997965954579342,DBpedia
http://ns.inria.fr/zoomathia/CASSIANUS_BASSUS/geoponica/e/16/1/text/1,http://dbpedia.org/resource/Good,good,0.8484519512505113,DBpedia
http://ns.inria.fr/zoomathia/CASSIANUS_BASSUS/geoponica/e/16/1/text/1,http://dbpedia.org/resource/Hair,straight,0.9999997767609123,DBpedia
http://ns.inria.fr/zoomathia/CASSIANUS_BASSUS/geoponica/e/16/1/text/1,http://dbpedia.org/resource/Cephalopod_limb,arms,0.9999881138159443,DBpedia
http://ns.inria.fr/zoomathia/CASSIANUS_BASSUS/geoponica/e/16/1/text/1,http://dbpedia.org/resource/Compact_space,compact,0.7154436736748727,DBpedia
http://ns.inria.fr/zoomathia/CASSIANUS_BASSUS/geoponica/e/16/1/text/1,http://dbpedia.org/resource/Abdomen,belly,0.999999986153398,DBpedia
http://ns.inria.fr/zoomathia/CASSIANUS_BASSUS/geoponica/e/16/1/text/1,http://dbpedia.org/resource/Testicle,testes,1.0,DBpedia
http://ns.inria.fr/zoomathia/CASSIANUS_BASSUS/geoponica/e/16/1/text/1,http://dbpedia.org/resource/Double_album,double,0.8407234640355303,DBpedia
http://ns.inria.fr/zoomathia/CASSIANUS_BASSUS/geoponica/e/16/1/text/1,http://dbpedia.org/resource/Vertebral_column,spine,0.9999999981919245,DBpedia
http://ns.inria.fr/zoomathia/CASSIANUS_BASSUS/geoponica/e/16/1/text/1,http://dbpedia.org/resource/Lunar_phase,gibbous,1.0,DBpedia
http://ns.inria.fr/zoomathia/CASSIANUS_BASSUS/geoponica/e/16/1/text/1,http://dbpedia.org/resource/Tail,tail,0.9997399630247034,DBpedia
http://ns.inria.fr/zoomathia/CASSIANUS_BASSUS/geoponica/e/16/1/text/1,http://dbpedia.org/resource/Hair,curly,0.9999999999272404,DBpedia
http://ns.inria.fr/zoomathia/CASSIANUS_BASSUS/geoponica/e/16/1/text/1,http://dbpedia.org/resource/Hair,straight,0.9999997767609123,DBpedia
http://ns.inria.fr/zoomathia/CASSIANUS_BASSUS/geoponica/e/16/1/text/1,http://dbpedia.org/resource/Arthropod_leg,limbs,0.9999832097953312,DBpedia
http://ns.inria.fr/zoomathia/CASSIANUS_BASSUS/geoponica/e/16/1/text/1,http://dbpedia.org/resource/Skeletal_muscle,muscular,0.9997956059460101,DBpedia
http://ns.inria.fr/zoomathia/CASSIANUS_BASSUS/geoponica/e/16/1/text/1,http://dbpedia.org/resource/Well-formed_formula,well-formed,0.5812315706379106,DBpedia
http://ns.inria.fr/zoomathia/CASSIANUS_BASSUS/geoponica/e/16/1/text/1,http://dbpedia.org/resource/Horse_hoof,hoof,0.9999998774246781,DBpedia
http://ns.inria.fr/zoomathia/CASSIANUS_BASSUS/geoponica/e/16/1/text/1,http://dbpedia.org/resource/Compact_space,compact,0.7154436736748727,DBpedia
http://ns.inria.fr/zoomathia/CASSIANUS_BASSUS/geoponica/e/16/1/text/1,http://dbpedia.org/resource/Schizocarp,parts,0.7713900434488817,DBpedia
http://ns.inria.fr/zoomathia/CASSIANUS_BASSUS/geoponica/e/16/1/text/1,http://dbpedia.org/resource/Horse_hoof,frog,1.0,DBpedia
http://ns.inria.fr/zoomathia/CASSIANUS_BASSUS/geoponica/e/16/1/text/1,http://dbpedia.org/resource/Solid,solid,0.9928221560273011,DBpedia
http://ns.inria.fr/zoomathia/CASSIANUS_BASSUS/geoponica/e/16/1/text/1,http://dbpedia.org/resource/Horse_hoof,hoof,0.9999998774246781,DBpedia
http://ns.inria.fr/zoomathia/CASSIANUS_BASSUS/geoponica/e/16/1/text/1,http://dbpedia.org/resource/Disease,indications,1.0,DBpedia
http://ns.inria.fr/zoomathia/CASSIANUS_BASSUS/geoponica/e/16/1/text/1,http://dbpedia.org/resource/Good,good,0.8484519512505113,DBpedia
http://ns.inria.fr/zoomathia/CASSIANUS_BASSUS/geoponica/e/16/1/text/1,http://dbpedia.org/resource/Horse,horse,0.99999996243696,DBpedia
http://ns.inria.fr/zoomathia/CASSIANUS_BASSUS/geoponica/e/16/1/text/2,https://opentheso.huma-num.fr/?idc=pcrtZhnbHzuSzG&idt=th310,objects,1,zoomathia_match
http://ns.inria.fr/zoomathia/CASSIANUS_BASSUS/geoponica/e/16/1/text/2,https://opentheso.huma-num.fr/?idc=105476&idt=th310,loves,1,zoomathia_match
http://ns.inria.fr/zoomathia/CASSIANUS_BASSUS/geoponica/e/16/1/text/2,https://opentheso.huma-num.fr/?idc=pcrtoASMcUbb46&idt=th310,months,1,zoomathia_match
http://ns.inria.fr/zoomathia/CASSIANUS_BASSUS/geoponica/e/16/1/text/2,https://opentheso.huma-num.fr/?idc=pcrtpWT5t7kRx6&idt=th310,years,1,zoomathia_match
http://ns.inria.fr/zoomathia/CASSIANUS_BASSUS/geoponica/e/16/1/text/2,https://opentheso.huma-num.fr/?idc=105288&idt=th310,age,1,zoomathia_match
http://ns.inria.fr/zoomathia/CASSIANUS_BASSUS/geoponica/e/16/1/text/2,https://opentheso.huma-num.fr/?idc=pcrt6i8AcPBoY2&idt=th310,horses,1,zoomathia_match
http://ns.inria.fr/zoomathia/CASSIANUS_BASSUS/geoponica/e/16/1/text/2,https://opentheso.huma-num.fr/?idc=105134&idt=th310,teeth,1,zoomathia_match
http://ns.inria.fr/zoomathia/CASSIANUS_BASSUS/geoponica/e/16/1/text/2,https://opentheso.huma-num.fr/?idc=pcrtoASMcUbb46&idt=th310,months,1,zoomathia_match
http://ns.inria.fr/zoomathia/CASSIANUS_BASSUS/geoponica/e/16/1/text/2,https://opentheso.huma-num.fr/?idc=105134&idt=th310,teeth,1,zoomathia_match
http://ns.inria.fr/zoomathia/CASSIANUS_BASSUS/geoponica/e/16/1/text/2,https://opentheso.huma-num.fr/?idc=105134&idt=th310,teeth,1,zoomathia_match
http://ns.inria.fr/zoomathia/CASSIANUS_BASSUS/geoponica/e/16/1/text/2,https://opentheso.huma-num.fr/?idc=pcrtpWT5t7kRx6&idt=th310,year,1,zoomathia_match
http://ns.inria.fr/zoomathia/CASSIANUS_BASSUS/geoponica/e/16/1/text/2,https://opentheso.huma-num.fr/?idc=105134&idt=th310,teeth,1,zoomathia_match
http://ns.inria.fr/zoomathia/CASSIANUS_BASSUS/geoponica/e/16/1/text/2,https://opentheso.huma-num.fr/?idc=pcrtpWT5t7kRx6&idt=th310,years,1,zoomathia_match
http://ns.inria.fr/zoomathia/CASSIANUS_BASSUS/geoponica/e/16/1/text/2,https://opentheso.huma-num.fr/?idc=pcrtpWT5t7kRx6&idt=th310,year,1,zoomathia_match
http://ns.inria.fr/zoomathia/CASSIANUS_BASSUS/geoponica/e/16/1/text/2,https://opentheso.huma-num.fr/?idc=105134&idt=th310,teeth,1,zoomathia_match
http://ns.inria.fr/zoomathia/CASSIANUS_BASSUS/geoponica/e/16/1/text/2,https://opentheso.huma-num.fr/?idc=pcrtpWT5t7kRx6&idt=th310,year,1,zoomathia_match
http://ns.inria.fr/zoomathia/CASSIANUS_BASSUS/geoponica/e/16/1/text/2,https://opentheso.huma-num.fr/?idc=pcrtpWT5t7kRx6&idt=th310,year,1,zoomathia_match
http://ns.inria.fr/zoomathia/CASSIANUS_BASSUS/geoponica/e/16/1/text/2,https://opentheso.huma-num.fr/?idc=105134&idt=th310,teeth,1,zoomathia_match
http://ns.inria.fr/zoomathia/CASSIANUS_BASSUS/geoponica/e/16/1/text/2,https://opentheso.huma-num.fr/?idc=105331&idt=th310,period,1,zoomathia_match
http://ns.inria.fr/zoomathia/CASSIANUS_BASSUS/geoponica/e/16/1/text/2,https://opentheso.huma-num.fr/?idc=pcrt6i8AcPBoY2&idt=th310,horse,1,zoomathia_match
http://ns.inria.fr/zoomathia/CASSIANUS_BASSUS/geoponica/e/16/1/text/2,https://opentheso.huma-num.fr/?idc=105288&idt=th310,age,1,zoomathia_match
http://ns.inria.fr/zoomathia/CASSIANUS_BASSUS/geoponica/e/16/1/text/2,https://opentheso.huma-num.fr/?idc=pcrt6i8AcPBoY2&idt=th310,horse,1,zoomathia_match
http://ns.inria.fr/zoomathia/CASSIANUS_BASSUS/geoponica/e/16/1/text/2,https://opentheso.huma-num.fr/?idc=105127&idt=th310,horn,1,zoomathia_match
http://ns.inria.fr/zoomathia/CASSIANUS_BASSUS/geoponica/e/16/1/text/2,https://opentheso.huma-num.fr/?idc=pcrtm0wNp3ZYm9&idt=th310,stag,1,zoomathia_match
http://ns.inria.fr/zoomathia/CASSIANUS_BASSUS/geoponica/e/16/1/text/2,https://www.wikidata.org/wiki/Q221956,four years,0.3524,wikidata
http://ns.inria.fr/zoomathia/CASSIANUS_BASSUS/geoponica/e/16/1/text/2,https://www.wikidata.org/wiki/Q30406,the fifth year,0.5646,wikidata
http://ns.inria.fr/zoomathia/CASSIANUS_BASSUS/geoponica/e/16/1/text/2,http://dbpedia.org/resource/Mental_disorder,mental,0.8531031274036011,DBpedia
http://ns.inria.fr/zoomathia/CASSIANUS_BASSUS/geoponica/e/16/1/text/2,http://dbpedia.org/resource/Shyness,timid,1.0,DBpedia
http://ns.inria.fr/zoomathia/CASSIANUS_BASSUS/geoponica/e/16/1/text/2,http://dbpedia.org/resource/Object-oriented_programming,objects,0.8617283264082867,DBpedia
http://ns.inria.fr/zoomathia/CASSIANUS_BASSUS/geoponica/e/16/1/text/2,http://dbpedia.org/resource/Romance_(love),loves,0.9994261744071273,DBpedia
http://ns.inria.fr/zoomathia/CASSIANUS_BASSUS/geoponica/e/16/1/text/2,http://dbpedia.org/resource/Colt_(horse),colts,0.9994891086076125,DBpedia
http://ns.inria.fr/zoomathia/CASSIANUS_BASSUS/geoponica/e/16/1/text/2,http://dbpedia.org/resource/Pond,ponds,0.9999994864248447,DBpedia
http://ns.inria.fr/zoomathia/CASSIANUS_BASSUS/geoponica/e/16/1/text/2,http://dbpedia.org/resource/Waiting_staff,waiting,0.9999999999984084,DBpedia
http://ns.inria.fr/zoomathia/CASSIANUS_BASSUS/geoponica/e/16/1/text/2,http://dbpedia.org/resource/Intrepidity,intrepidity,1.0,DBpedia
http://ns.inria.fr/zoomathia/CASSIANUS_BASSUS/geoponica/e/16/1/text/2,http://dbpedia.org/resource/Colt_(horse),colts,0.9994891086076125,DBpedia
http://ns.inria.fr/zoomathia/CASSIANUS_BASSUS/geoponica/e/16/1/text/2,http://dbpedia.org/resource/Computational_complexity_theory,tractable,0.9750349078977604,DBpedia
http://ns.inria.fr/zoomathia/CASSIANUS_BASSUS/geoponica/e/16/1/text/2,http://dbpedia.org/resource/Golf_swing,putting,0.626565717125694,DBpedia
http://ns.inria.fr/zoomathia/CASSIANUS_BASSUS/geoponica/e/16/1/text/2,http://dbpedia.org/resource/Horse_tack,halter,0.9953095550554418,DBpedia
http://ns.inria.fr/zoomathia/CASSIANUS_BASSUS/geoponica/e/16/1/text/2,http://dbpedia.org/resource/Hanging,hang,0.9999972712708709,DBpedia
http://ns.inria.fr/zoomathia/CASSIANUS_BASSUS/geoponica/e/16/1/text/2,http://dbpedia.org/resource/Bridle,bridle,1.0,DBpedia
http://ns.inria.fr/zoomathia/CASSIANUS_BASSUS/geoponica/e/16/1/text/2,http://dbpedia.org/resource/Manger,manger,0.9990292239518096,DBpedia
http://ns.inria.fr/zoomathia/CASSIANUS_BASSUS/geoponica/e/16/1/text/2,http://dbpedia.org/resource/Colt_(horse),colt,0.9994891086076125,DBpedia
http://ns.inria.fr/zoomathia/CASSIANUS_BASSUS/geoponica/e/16/1/text/2,http://dbpedia.org/resource/Intimidation,intimidated,0.9980671042931677,DBpedia
http://ns.inria.fr/zoomathia/CASSIANUS_BASSUS/geoponica/e/16/1/text/2,http://dbpedia.org/resource/Noise,noise,0.9894982787762604,DBpedia
http://ns.inria.fr/zoomathia/CASSIANUS_BASSUS/geoponica/e/16/1/text/2,http://dbpedia.org/resource/Tool_bit,bits,0.965567596601726,DBpedia
http://ns.inria.fr/zoomathia/CASSIANUS_BASSUS/geoponica/e/16/1/text/2,http://dbpedia.org/resource/Horse_training,break,0.9999340266383877,DBpedia
http://ns.inria.fr/zoomathia/CASSIANUS_BASSUS/geoponica/e/16/1/text/2,http://dbpedia.org/resource/Cattle_feeding,fed,0.8369845119217767,DBpedia
http://ns.inria.fr/zoomathia/CASSIANUS_BASSUS/geoponica/e/16/1/text/2,http://dbpedia.org/resource/Ageing,age,0.6971148508494729,DBpedia
http://ns.inria.fr/zoomathia/CASSIANUS_BASSUS/geoponica/e/16/1/text/2,http://dbpedia.org/resource/Horse,horses,0.9999999621891227,DBpedia
http://ns.inria.fr/zoomathia/CASSIANUS_BASSUS/geoponica/e/16/1/text/2,http://dbpedia.org/resource/Animal,animals,0.6270790640463036,DBpedia
http://ns.inria.fr/zoomathia/CASSIANUS_BASSUS/geoponica/e/16/1/text/2,http://dbpedia.org/resource/Solid,solid,0.9964516766631731,DBpedia
http://ns.inria.fr/zoomathia/CASSIANUS_BASSUS/geoponica/e/16/1/text/2,http://dbpedia.org/resource/Stress_(biology),generally,0.9957486240871748,DBpedia
http://ns.inria.fr/zoomathia/CASSIANUS_BASSUS/geoponica/e/16/1/text/2,http://dbpedia.org/resource/Ceratopsia,horned,0.994839313640884,DBpedia
http://ns.inria.fr/zoomathia/CASSIANUS_BASSUS/geoponica/e/16/1/text/2,http://dbpedia.org/resource/Animal,animals,0.6270790640463036,DBpedia
http://ns.inria.fr/zoomathia/CASSIANUS_BASSUS/geoponica/e/16/1/text/2,http://dbpedia.org/resource/Moulting,shedding,0.9999009088656413,DBpedia
http://ns.inria.fr/zoomathia/CASSIANUS_BASSUS/geoponica/e/16/1/text/2,http://dbpedia.org/resource/Tooth,teeth,0.9999980667739052,DBpedia
http://ns.inria.fr/zoomathia/CASSIANUS_BASSUS/geoponica/e/16/1/text/2,http://dbpedia.org/resource/Colt_(horse),colt,0.9994891086076125,DBpedia
http://ns.inria.fr/zoomathia/CASSIANUS_BASSUS/geoponica/e/16/1/text/2,http://dbpedia.org/resource/Shed,sheds,0.999994273087537,DBpedia
http://ns.inria.fr/zoomathia/CASSIANUS_BASSUS/geoponica/e/16/1/text/2,http://dbpedia.org/resource/Forecastle,fore,0.9999999999949978,DBpedia
http://ns.inria.fr/zoomathia/CASSIANUS_BASSUS/geoponica/e/16/1/text/2,http://dbpedia.org/resource/Tooth,teeth,0.9999980667739052,DBpedia
http://ns.inria.fr/zoomathia/CASSIANUS_BASSUS/geoponica/e/16/1/text/2,http://dbpedia.org/resource/Milling_cutter,cutters,0.9850243358032218,DBpedia
http://ns.inria.fr/zoomathia/CASSIANUS_BASSUS/geoponica/e/16/1/text/2,http://dbpedia.org/resource/Middle_school,middle,0.6268351275972986,DBpedia
http://ns.inria.fr/zoomathia/CASSIANUS_BASSUS/geoponica/e/16/1/text/2,http://dbpedia.org/resource/Tooth,teeth,0.9999980667739052,DBpedia
http://ns.inria.fr/zoomathia/CASSIANUS_BASSUS/geoponica/e/16/1/text/2,http://dbpedia.org/resource/Fourth_year,fourth year,0.9999999983497219,DBpedia
http://ns.inria.fr/zoomathia/CASSIANUS_BASSUS/geoponica/e/16/1/text/2,http://dbpedia.org/resource/Shed,sheds,0.999994273087537,DBpedia
http://ns.inria.fr/zoomathia/CASSIANUS_BASSUS/geoponica/e/16/1/text/2,http://dbpedia.org/resource/Record_producer,produce,0.9725071494631058,DBpedia
http://ns.inria.fr/zoomathia/CASSIANUS_BASSUS/geoponica/e/16/1/text/2,http://dbpedia.org/resource/Canine_tooth,canine teeth,1.0,DBpedia
http://ns.inria.fr/zoomathia/CASSIANUS_BASSUS/geoponica/e/16/1/text/2,http://dbpedia.org/resource/Ship_commissioning,completed,0.9981424259674077,DBpedia
http://ns.inria.fr/zoomathia/CASSIANUS_BASSUS/geoponica/e/16/1/text/2,http://dbpedia.org/resource/Russo-Georgian_War,enters,0.9999999998843805,DBpedia
http://ns.inria.fr/zoomathia/CASSIANUS_BASSUS/geoponica/e/16/1/text/2,http://dbpedia.org/resource/Shed,sheds,0.999994273087537,DBpedia
http://ns.inria.fr/zoomathia/CASSIANUS_BASSUS/geoponica/e/16/1/text/2,http://dbpedia.org/resource/Tooth,teeth,0.9999980667739052,DBpedia
http://ns.inria.fr/zoomathia/CASSIANUS_BASSUS/geoponica/e/16/1/text/2,http://dbpedia.org/resource/Record_producer,produced,0.9987971515501225,DBpedia
http://ns.inria.fr/zoomathia/CASSIANUS_BASSUS/geoponica/e/16/1/text/2,http://dbpedia.org/resource/Valley,hollow,0.536097377922146,DBpedia
http://ns.inria.fr/zoomathia/CASSIANUS_BASSUS/geoponica/e/16/1/text/2,http://dbpedia.org/resource/Russo-Georgian_War,enters,0.9999999998843805,DBpedia
http://ns.inria.fr/zoomathia/CASSIANUS_BASSUS/geoponica/e/16/1/text/2,http://dbpedia.org/resource/Sixth_form,sixth year,1.0,DBpedia
http://ns.inria.fr/zoomathia/CASSIANUS_BASSUS/geoponica/e/16/1/text/2,http://dbpedia.org/resource/Tooth_decay,cavities,0.9207031601195372,DBpedia
http://ns.inria.fr/zoomathia/CASSIANUS_BASSUS/geoponica/e/16/1/text/2,http://dbpedia.org/resource/Shmita,seventh year,1.0,DBpedia
http://ns.inria.fr/zoomathia/CASSIANUS_BASSUS/geoponica/e/16/1/text/2,http://dbpedia.org/resource/Tooth,teeth,0.9999980667739052,DBpedia
http://ns.inria.fr/zoomathia/CASSIANUS_BASSUS/geoponica/e/16/1/text/2,http://dbpedia.org/resource/Complete_graph,complete,0.661597028825803,DBpedia
http://ns.inria.fr/zoomathia/CASSIANUS_BASSUS/geoponica/e/16/1/text/2,http://dbpedia.org/resource/Frequency,period,0.5528487253615799,DBpedia
http://ns.inria.fr/zoomathia/CASSIANUS_BASSUS/geoponica/e/16/1/text/2,http://dbpedia.org/resource/Arena,facility,0.7846766196921374,DBpedia
http://ns.inria.fr/zoomathia/CASSIANUS_BASSUS/geoponica/e/16/1/text/2,http://dbpedia.org/resource/Horse,horse,0.9999999982778718,DBpedia
http://ns.inria.fr/zoomathia/CASSIANUS_BASSUS/geoponica/e/16/1/text/2,http://dbpedia.org/resource/Ageing,age,0.6971148508494729,DBpedia
http://ns.inria.fr/zoomathia/CASSIANUS_BASSUS/geoponica/e/16/1/text/2,http://dbpedia.org/resource/Horse,horse,0.9999999982778718,DBpedia
http://ns.inria.fr/zoomathia/CASSIANUS_BASSUS/geoponica/e/16/1/text/2,http://dbpedia.org/resource/General_relativity,general,0.438298458054227,DBpedia
http://ns.inria.fr/zoomathia/CASSIANUS_BASSUS/geoponica/e/16/1/text/2,http://dbpedia.org/resource/Disease,disease,0.9986435960706253,DBpedia
http://ns.inria.fr/zoomathia/CASSIANUS_BASSUS/geoponica/e/16/1/text/2,http://dbpedia.org/resource/Railroad_tie,tie,0.5523274186954373,DBpedia
http://ns.inria.fr/zoomathia/CASSIANUS_BASSUS/geoponica/e/16/2/text/1,https://opentheso.huma-num.fr/?idc=105128&idt=th310,eyes,1,zoomathia_match
http://ns.inria.fr/zoomathia/CASSIANUS_BASSUS/geoponica/e/16/2/text/1,https://opentheso.huma-num.fr/?idc=pcrt6i8AcPBoY2&idt=th310,horse,1,zoomathia_match
http://ns.inria.fr/zoomathia/CASSIANUS_BASSUS/geoponica/e/16/2/text/1,https://opentheso.huma-num.fr/?idc=105135&idt=th310,tongue,1,zoomathia_match
http://ns.inria.fr/zoomathia/CASSIANUS_BASSUS/geoponica/e/16/2/text/1,https://opentheso.huma-num.fr/?idc=pcrthTAMawVNg8&idt=th310,face,1,zoomathia_match
http://ns.inria.fr/zoomathia/CASSIANUS_BASSUS/geoponica/e/16/2/text/1,https://opentheso.huma-num.fr/?idc=106018&idt=th310,face,1,zoomathia_match
http://ns.inria.fr/zoomathia/CASSIANUS_BASSUS/geoponica/e/16/2/text/1,https://opentheso.huma-num.fr/?idc=105140&idt=th310,neck,1,zoomathia_match
http://ns.inria.fr/zoomathia/CASSIANUS_BASSUS/geoponica/e/16/2/text/1,https://opentheso.huma-num.fr/?idc=105148&idt=th310,belly,1,zoomathia_match
http://ns.inria.fr/zoomathia/CASSIANUS_BASSUS/geoponica/e/16/2/text/1,https://opentheso.huma-num.fr/?idc=105909&idt=th310,veins,1,zoomathia_match
http://ns.inria.fr/zoomathia/CASSIANUS_BASSUS/geoponica/e/16/2/text/1,https://opentheso.huma-num.fr/?idc=pcrtd6p9oHq1Tf&idt=th310,black,1,zoomathia_match
http://ns.inria.fr/zoomathia/CASSIANUS_BASSUS/geoponica/e/16/2/text/1,https://opentheso.huma-num.fr/?idc=pcrt3kpULwWUS2&idt=th310,black,1,zoomathia_match
http://ns.inria.fr/zoomathia/CASSIANUS_BASSUS/geoponica/e/16/2/text/1,https://opentheso.huma-num.fr/?idc=pcrtepvW8S9Ma2&idt=th310,Plato,1,zoomathia_match
http://ns.inria.fr/zoomathia/CASSIANUS_BASSUS/geoponica/e/16/2/text/1,https://opentheso.huma-num.fr/?idc=108030&idt=th310,white,1,zoomathia_match
http://ns.inria.fr/zoomathia/CASSIANUS_BASSUS/geoponica/e/16/2/text/1,https://opentheso.huma-num.fr/?idc=pcrt6i8AcPBoY2&idt=th310,horses,1,zoomathia_match
http://ns.inria.fr/zoomathia/CASSIANUS_BASSUS/geoponica/e/16/2/text/1,https://opentheso.huma-num.fr/?idc=108030&idt=th310,white,1,zoomathia_match
http://ns.inria.fr/zoomathia/CASSIANUS_BASSUS/geoponica/e/16/2/text/1,https://opentheso.huma-num.fr/?idc=pcrtd6p9oHq1Tf&idt=th310,black,1,zoomathia_match
http://ns.inria.fr/zoomathia/CASSIANUS_BASSUS/geoponica/e/16/2/text/1,https://opentheso.huma-num.fr/?idc=pcrt3kpULwWUS2&idt=th310,black,1,zoomathia_match
http://ns.inria.fr/zoomathia/CASSIANUS_BASSUS/geoponica/e/16/2/text/1,https://opentheso.huma-num.fr/?idc=pcrt6i8AcPBoY2&idt=th310,horses,1,zoomathia_match
http://ns.inria.fr/zoomathia/CASSIANUS_BASSUS/geoponica/e/16/2/text/1,https://opentheso.huma-num.fr/?idc=pcrt6i8AcPBoY2&idt=th310,horses,1,zoomathia_match
http://ns.inria.fr/zoomathia/CASSIANUS_BASSUS/geoponica/e/16/2/text/1,https://opentheso.huma-num.fr/?idc=pcrtlTDKyU4FYd&idt=th310,sign,1,zoomathia_match
http://ns.inria.fr/zoomathia/CASSIANUS_BASSUS/geoponica/e/16/2/text/1,https://opentheso.huma-num.fr/?idc=pcrt6i8AcPBoY2&idt=th310,horse,1,zoomathia_match
http://ns.inria.fr/zoomathia/CASSIANUS_BASSUS/geoponica/e/16/2/text/1,https://opentheso.huma-num.fr/?idc=105387&idt=th310,speed,1,zoomathia_match
http://ns.inria.fr/zoomathia/CASSIANUS_BASSUS/geoponica/e/16/2/text/1,https://www.wikidata.org/wiki/Q201598,Bucephalus,0.4614,wikidata
http://ns.inria.fr/zoomathia/CASSIANUS_BASSUS/geoponica/e/16/2/text/1,https://www.wikidata.org/wiki/Q8409,Alexander of Macedon,0.4532,wikidata
http://ns.inria.fr/zoomathia/CASSIANUS_BASSUS/geoponica/e/16/2/text/1,https://www.wikidata.org/wiki/Q859,Plato,0.4534,wikidata
http://ns.inria.fr/zoomathia/CASSIANUS_BASSUS/geoponica/e/16/2/text/1,http://dbpedia.org/resource/Variable_star,varied,0.9999999999500915,DBpedia
http://ns.inria.fr/zoomathia/CASSIANUS_BASSUS/geoponica/e/16/2/text/1,http://dbpedia.org/resource/Eye,eyes,0.9896759550979048,DBpedia
http://ns.inria.fr/zoomathia/CASSIANUS_BASSUS/geoponica/e/16/2/text/1,http://dbpedia.org/resource/Bucephalus,Bucephalus,1.0,DBpedia
http://ns.inria.fr/zoomathia/CASSIANUS_BASSUS/geoponica/e/16/2/text/1,http://dbpedia.org/resource/Horse,horse,0.9999995827872414,DBpedia
http://ns.inria.fr/zoomathia/CASSIANUS_BASSUS/geoponica/e/16/2/text/1,http://dbpedia.org/resource/Alexander_the_Great,Alexander,0.9999999989379376,DBpedia
http://ns.inria.fr/zoomathia/CASSIANUS_BASSUS/geoponica/e/16/2/text/1,http://dbpedia.org/resource/Macedon_Ranges,Macedon,0.9999959070005023,DBpedia
http://ns.inria.fr/zoomathia/CASSIANUS_BASSUS/geoponica/e/16/2/text/1,http://dbpedia.org/resource/Vowel_length,short,0.86059644641017,DBpedia
http://ns.inria.fr/zoomathia/CASSIANUS_BASSUS/geoponica/e/16/2/text/1,http://dbpedia.org/resource/Tongue,tongue,0.9999999751669296,DBpedia
http://ns.inria.fr/zoomathia/CASSIANUS_BASSUS/geoponica/e/16/2/text/1,http://dbpedia.org/resource/Face,face,0.9999966516534537,DBpedia
http://ns.inria.fr/zoomathia/CASSIANUS_BASSUS/geoponica/e/16/2/text/1,http://dbpedia.org/resource/Horse_racing,flat,0.6520181628450107,DBpedia
http://ns.inria.fr/zoomathia/CASSIANUS_BASSUS/geoponica/e/16/2/text/1,http://dbpedia.org/resource/Curvature,curved,0.9900893463108906,DBpedia
http://ns.inria.fr/zoomathia/CASSIANUS_BASSUS/geoponica/e/16/2/text/1,http://dbpedia.org/resource/Elevated_railway,elevated,0.7423977069256416,DBpedia
http://ns.inria.fr/zoomathia/CASSIANUS_BASSUS/geoponica/e/16/2/text/1,http://dbpedia.org/resource/Sagittal_crest,crest,0.9999947324798805,DBpedia
http://ns.inria.fr/zoomathia/CASSIANUS_BASSUS/geoponica/e/16/2/text/1,http://dbpedia.org/resource/Color,colour,0.9556773941437454,DBpedia
http://ns.inria.fr/zoomathia/CASSIANUS_BASSUS/geoponica/e/16/2/text/1,http://dbpedia.org/resource/Hair,straight,0.997663259526074,DBpedia
http://ns.inria.fr/zoomathia/CASSIANUS_BASSUS/geoponica/e/16/2/text/1,http://dbpedia.org/resource/Neck,neck,0.9972953783476064,DBpedia
http://ns.inria.fr/zoomathia/CASSIANUS_BASSUS/geoponica/e/16/2/text/1,http://dbpedia.org/resource/Strength_of_materials,strong,0.9992119370359525,DBpedia
http://ns.inria.fr/zoomathia/CASSIANUS_BASSUS/geoponica/e/16/2/text/1,http://dbpedia.org/resource/Abdomen,belly,0.9969918139324498,DBpedia
http://ns.inria.fr/zoomathia/CASSIANUS_BASSUS/geoponica/e/16/2/text/1,http://dbpedia.org/resource/Data_compression,compressed,0.6966880010255777,DBpedia
http://ns.inria.fr/zoomathia/CASSIANUS_BASSUS/geoponica/e/16/2/text/1,http://dbpedia.org/resource/Body_proportions,proportion,0.999015149702198,DBpedia
http://ns.inria.fr/zoomathia/CASSIANUS_BASSUS/geoponica/e/16/2/text/1,http://dbpedia.org/resource/Insect_wing,veins,0.9959368164210519,DBpedia
http://ns.inria.fr/zoomathia/CASSIANUS_BASSUS/geoponica/e/16/2/text/1,http://dbpedia.org/resource/Human_body,body,0.9761801526652745,DBpedia
http://ns.inria.fr/zoomathia/CASSIANUS_BASSUS/geoponica/e/16/2/text/1,http://dbpedia.org/resource/Plain,plain,0.9999623663750372,DBpedia
http://ns.inria.fr/zoomathia/CASSIANUS_BASSUS/geoponica/e/16/2/text/1,http://dbpedia.org/resource/Color,colour,0.9556773941437454,DBpedia
http://ns.inria.fr/zoomathia/CASSIANUS_BASSUS/geoponica/e/16/2/text/1,http://dbpedia.org/resource/Black_body,perfectly black,1.0,DBpedia
http://ns.inria.fr/zoomathia/CASSIANUS_BASSUS/geoponica/e/16/2/text/1,http://dbpedia.org/resource/Plato,Plato,0.999997361201693,DBpedia
http://ns.inria.fr/zoomathia/CASSIANUS_BASSUS/geoponica/e/16/2/text/1,http://dbpedia.org/resource/White_horse,white horses,0.9999991387026356,DBpedia
http://ns.inria.fr/zoomathia/CASSIANUS_BASSUS/geoponica/e/16/2/text/1,http://dbpedia.org/resource/Extreme_weather,extremes,0.9999999999988631,DBpedia
http://ns.inria.fr/zoomathia/CASSIANUS_BASSUS/geoponica/e/16/2/text/1,http://dbpedia.org/resource/White_horse,white,0.9786251076995347,DBpedia
http://ns.inria.fr/zoomathia/CASSIANUS_BASSUS/geoponica/e/16/2/text/1,http://dbpedia.org/resource/Black_horse,black,0.9975641756198612,DBpedia
http://ns.inria.fr/zoomathia/CASSIANUS_BASSUS/geoponica/e/16/2/text/1,http://dbpedia.org/resource/Brightness,bright,0.9989168049751019,DBpedia
http://ns.inria.fr/zoomathia/CASSIANUS_BASSUS/geoponica/e/16/2/text/1,http://dbpedia.org/resource/Color,colour,0.9556773941437454,DBpedia
http://ns.inria.fr/zoomathia/CASSIANUS_BASSUS/geoponica/e/16/2/text/1,http://dbpedia.org/resource/Goods,good,0.7339069764401753,DBpedia
http://ns.inria.fr/zoomathia/CASSIANUS_BASSUS/geoponica/e/16/2/text/1,http://dbpedia.org/resource/Horse,horses,0.9999922161895789,DBpedia
http://ns.inria.fr/zoomathia/CASSIANUS_BASSUS/geoponica/e/16/2/text/1,http://dbpedia.org/resource/Horse,horses,0.9999922161895789,DBpedia
http://ns.inria.fr/zoomathia/CASSIANUS_BASSUS/geoponica/e/16/2/text/1,http://dbpedia.org/resource/Color,colour,0.9556773941437454,DBpedia
http://ns.inria.fr/zoomathia/CASSIANUS_BASSUS/geoponica/e/16/2/text/1,http://dbpedia.org/resource/Letter_frequency,frequently,0.9999938779263674,DBpedia
http://ns.inria.fr/zoomathia/CASSIANUS_BASSUS/geoponica/e/16/2/text/1,http://dbpedia.org/resource/Goods,good,0.7339069764401753,DBpedia
http://ns.inria.fr/zoomathia/CASSIANUS_BASSUS/geoponica/e/16/2/text/1,http://dbpedia.org/resource/Signs_and_symptoms,sign,0.970326986752939,DBpedia
http://ns.inria.fr/zoomathia/CASSIANUS_BASSUS/geoponica/e/16/2/text/1,http://dbpedia.org/resource/Goods,good,0.7339069764401753,DBpedia
http://ns.inria.fr/zoomathia/CASSIANUS_BASSUS/geoponica/e/16/2/text/1,http://dbpedia.org/resource/Horse,horse,0.9999995827872414,DBpedia
http://ns.inria.fr/zoomathia/CASSIANUS_BASSUS/geoponica/e/16/2/text/1,http://dbpedia.org/resource/Earth,ground,0.8758125269622197,DBpedia
http://ns.inria.fr/zoomathia/CASSIANUS_BASSUS/geoponica/e/16/2/text/1,http://dbpedia.org/resource/Meditation,meditates,1.0,DBpedia
http://ns.inria.fr/zoomathia/CASSIANUS_BASSUS/geoponica/e/16/2/text/1,http://dbpedia.org/resource/Speed,speed,0.9739522944738235,DBpedia
http://ns.inria.fr/zoomathia/CASSIANUS_BASSUS/geoponica/e/16/3/text/1,https://opentheso.huma-num.fr/?idc=pcrt6i8AcPBoY2&idt=th310,horse,1,zoomathia_match
http://ns.inria.fr/zoomathia/CASSIANUS_BASSUS/geoponica/e/16/3/text/1,https://opentheso.huma-num.fr/?idc=pcrtWUyge94a85&idt=th310,set,1,zoomathia_match
http://ns.inria.fr/zoomathia/CASSIANUS_BASSUS/geoponica/e/16/3/text/1,https://opentheso.huma-num.fr/?idc=pcrtLieaANMAud&idt=th310,wheat,1,zoomathia_match
http://ns.inria.fr/zoomathia/CASSIANUS_BASSUS/geoponica/e/16/3/text/1,https://opentheso.huma-num.fr/?idc=pcrt4vKMQQ6elk&idt=th310,barley,1,zoomathia_match
http://ns.inria.fr/zoomathia/CASSIANUS_BASSUS/geoponica/e/16/3/text/1,https://opentheso.huma-num.fr/?idc=pcrt6z097U6IUf&idt=th310,drink,1,zoomathia_match
http://ns.inria.fr/zoomathia/CASSIANUS_BASSUS/geoponica/e/16/3/text/1,https://opentheso.huma-num.fr/?idc=105649&idt=th310,times,1,zoomathia_match
http://ns.inria.fr/zoomathia/CASSIANUS_BASSUS/geoponica/e/16/3/text/1,https://opentheso.huma-num.fr/?idc=pcrtGSslMASdGf&idt=th310,day,1,zoomathia_match
http://ns.inria.fr/zoomathia/CASSIANUS_BASSUS/geoponica/e/16/3/text/1,https://opentheso.huma-num.fr/?idc=105975&idt=th310,flesh,1,zoomathia_match
http://ns.inria.fr/zoomathia/CASSIANUS_BASSUS/geoponica/e/16/3/text/1,https://opentheso.huma-num.fr/?idc=pcrtLieaANMAud&idt=th310,wheat,1,zoomathia_match
http://ns.inria.fr/zoomathia/CASSIANUS_BASSUS/geoponica/e/16/3/text/1,https://opentheso.huma-num.fr/?idc=107699&idt=th310,exercise,1,zoomathia_match
http://ns.inria.fr/zoomathia/CASSIANUS_BASSUS/geoponica/e/16/3/text/1,https://opentheso.huma-num.fr/?idc=107596&idt=th310,leaves,1,zoomathia_match
http://ns.inria.fr/zoomathia/CASSIANUS_BASSUS/geoponica/e/16/3/text/1,https://opentheso.huma-num.fr/?idc=107576&idt=th310,water,1,zoomathia_match
http://ns.inria.fr/zoomathia/CASSIANUS_BASSUS/geoponica/e/16/3/text/1,https://opentheso.huma-num.fr/?idc=pcrt4vKMQQ6elk&idt=th310,barley,1,zoomathia_match
http://ns.inria.fr/zoomathia/CASSIANUS_BASSUS/geoponica/e/16/3/text/1,https://opentheso.huma-num.fr/?idc=107576&idt=th310,water,1,zoomathia_match
http://ns.inria.fr/zoomathia/CASSIANUS_BASSUS/geoponica/e/16/3/text/1,https://opentheso.huma-num.fr/?idc=pcrtWUyge94a85&idt=th310,set,1,zoomathia_match
http://ns.inria.fr/zoomathia/CASSIANUS_BASSUS/geoponica/e/16/3/text/1,https://opentheso.huma-num.fr/?idc=pcrttvE2YZwZu6&idt=th310,oil,1,zoomathia_match
http://ns.inria.fr/zoomathia/CASSIANUS_BASSUS/geoponica/e/16/3/text/1,https://opentheso.huma-num.fr/?idc=pcrt3mTg9h3RFE&idt=th310,wine,1,zoomathia_match
http://ns.inria.fr/zoomathia/CASSIANUS_BASSUS/geoponica/e/16/3/text/1,https://opentheso.huma-num.fr/?idc=pcrtmwjz8S1ZgH&idt=th310,cure,1,zoomathia_match
http://ns.inria.fr/zoomathia/CASSIANUS_BASSUS/geoponica/e/16/3/text/1,https://opentheso.huma-num.fr/?idc=108723&idt=th310,garlic,1,zoomathia_match
http://ns.inria.fr/zoomathia/CASSIANUS_BASSUS/geoponica/e/16/3/text/1,https://opentheso.huma-num.fr/?idc=pcrt3mTg9h3RFE&idt=th310,wine,1,zoomathia_match
http://ns.inria.fr/zoomathia/CASSIANUS_BASSUS/geoponica/e/16/3/text/1,https://opentheso.huma-num.fr/?idc=pcrttvE2YZwZu6&idt=th310,oil,1,zoomathia_match
http://ns.inria.fr/zoomathia/CASSIANUS_BASSUS/geoponica/e/16/3/text/1,https://opentheso.huma-num.fr/?idc=pcrt6i8AcPBoY2&idt=th310,horse,1,zoomathia_match
http://ns.inria.fr/zoomathia/CASSIANUS_BASSUS/geoponica/e/16/3/text/1,https://opentheso.huma-num.fr/?idc=105211&idt=th310,throat,1,zoomathia_match
http://ns.inria.fr/zoomathia/CASSIANUS_BASSUS/geoponica/e/16/3/text/1,https://opentheso.huma-num.fr/?idc=108030&idt=th310,white,1,zoomathia_match
http://ns.inria.fr/zoomathia/CASSIANUS_BASSUS/geoponica/e/16/3/text/1,https://opentheso.huma-num.fr/?idc=105548&idt=th310,eggs,1,zoomathia_match
http://ns.inria.fr/zoomathia/CASSIANUS_BASSUS/geoponica/e/16/3/text/1,https://opentheso.huma-num.fr/?idc=pcrtRpEmyMyoAU&idt=th310,oxen,1,zoomathia_match
http://ns.inria.fr/zoomathia/CASSIANUS_BASSUS/geoponica/e/16/3/text/1,https://opentheso.huma-num.fr/?idc=pcrt6i8AcPBoY2&idt=th310,horses,1,zoomathia_match
http://ns.inria.fr/zoomathia/CASSIANUS_BASSUS/geoponica/e/16/3/text/1,https://opentheso.huma-num.fr/?idc=105127&idt=th310,horn,1,zoomathia_match
http://ns.inria.fr/zoomathia/CASSIANUS_BASSUS/geoponica/e/16/3/text/1,https://opentheso.huma-num.fr/?idc=pcrtm0wNp3ZYm9&idt=th310,stag,1,zoomathia_match
http://ns.inria.fr/zoomathia/CASSIANUS_BASSUS/geoponica/e/16/3/text/1,http://dbpedia.org/resource/Horse,horse,0.9977131408734993,DBpedia
http://ns.inria.fr/zoomathia/CASSIANUS_BASSUS/geoponica/e/16/3/text/1,http://dbpedia.org/resource/Tennis_scoring_system,set,0.9893857283404017,DBpedia
http://ns.inria.fr/zoomathia/CASSIANUS_BASSUS/geoponica/e/16/3/text/1,http://dbpedia.org/resource/Glossary_of_darts,double,0.6493096453523333,DBpedia
http://ns.inria.fr/zoomathia/CASSIANUS_BASSUS/geoponica/e/16/3/text/1,http://dbpedia.org/resource/Parched_grain,parched,1.0,DBpedia
http://ns.inria.fr/zoomathia/CASSIANUS_BASSUS/geoponica/e/16/3/text/1,http://dbpedia.org/resource/Wheat,wheat,0.99822208014878,DBpedia
http://ns.inria.fr/zoomathia/CASSIANUS_BASSUS/geoponica/e/16/3/text/1,http://dbpedia.org/resource/Baking,baked,0.9998750671518769,DBpedia
http://ns.inria.fr/zoomathia/CASSIANUS_BASSUS/geoponica/e/16/3/text/1,http://dbpedia.org/resource/Barley,barley,0.999999999990564,DBpedia
http://ns.inria.fr/zoomathia/CASSIANUS_BASSUS/geoponica/e/16/3/text/1,http://dbpedia.org/resource/History_by_period,times,0.6001451907126777,DBpedia
http://ns.inria.fr/zoomathia/CASSIANUS_BASSUS/geoponica/e/16/3/text/1,http://dbpedia.org/resource/Day,day,0.921324914580552,DBpedia
http://ns.inria.fr/zoomathia/CASSIANUS_BASSUS/geoponica/e/16/3/text/1,http://dbpedia.org/resource/Glossary_of_video_game_terms,continues,0.9939190179218613,DBpedia
http://ns.inria.fr/zoomathia/CASSIANUS_BASSUS/geoponica/e/16/3/text/1,http://dbpedia.org/resource/Fish_as_food,flesh,0.9999947411957497,DBpedia
http://ns.inria.fr/zoomathia/CASSIANUS_BASSUS/geoponica/e/16/3/text/1,http://dbpedia.org/resource/Textile,mix,0.6301743151774515,DBpedia
http://ns.inria.fr/zoomathia/CASSIANUS_BASSUS/geoponica/e/16/3/text/1,http://dbpedia.org/resource/Wheat,wheat,0.99822208014878,DBpedia
http://ns.inria.fr/zoomathia/CASSIANUS_BASSUS/geoponica/e/16/3/text/1,http://dbpedia.org/resource/Dirk_Gently,gently,0.9997328514373585,DBpedia
http://ns.inria.fr/zoomathia/CASSIANUS_BASSUS/geoponica/e/16/3/text/1,http://dbpedia.org/resource/Eating,eat,0.9977869730866503,DBpedia
http://ns.inria.fr/zoomathia/CASSIANUS_BASSUS/geoponica/e/16/3/text/1,http://dbpedia.org/resource/Fish_as_food,food,0.7278053251437268,DBpedia
http://ns.inria.fr/zoomathia/CASSIANUS_BASSUS/geoponica/e/16/3/text/1,http://dbpedia.org/resource/Solanum,solanum,1.0,DBpedia
http://ns.inria.fr/zoomathia/CASSIANUS_BASSUS/geoponica/e/16/3/text/1,http://dbpedia.org/resource/Leaf_vegetable,leaves,0.8083965516976918,DBpedia
http://ns.inria.fr/zoomathia/CASSIANUS_BASSUS/geoponica/e/16/3/text/1,http://dbpedia.org/resource/Percolation,percolated,1.0,DBpedia
http://ns.inria.fr/zoomathia/CASSIANUS_BASSUS/geoponica/e/16/3/text/1,http://dbpedia.org/resource/Water,water,0.99997748371729,DBpedia
http://ns.inria.fr/zoomathia/CASSIANUS_BASSUS/geoponica/e/16/3/text/1,http://dbpedia.org/resource/Maceration_(wine),macerated,0.5948725414110461,DBpedia
http://ns.inria.fr/zoomathia/CASSIANUS_BASSUS/geoponica/e/16/3/text/1,http://dbpedia.org/resource/Barley,barley,0.999999999990564,DBpedia
http://ns.inria.fr/zoomathia/CASSIANUS_BASSUS/geoponica/e/16/3/text/1,http://dbpedia.org/resource/Vicia,vetches,1.0,DBpedia
http://ns.inria.fr/zoomathia/CASSIANUS_BASSUS/geoponica/e/16/3/text/1,http://dbpedia.org/resource/Water,water,0.99997748371729,DBpedia
http://ns.inria.fr/zoomathia/CASSIANUS_BASSUS/geoponica/e/16/3/text/1,http://dbpedia.org/resource/Tennis_scoring_system,set,0.9893857283404017,DBpedia
http://ns.inria.fr/zoomathia/CASSIANUS_BASSUS/geoponica/e/16/3/text/1,http://dbpedia.org/resource/Pound_sterling,pound,0.9963326508521491,DBpedia
http://ns.inria.fr/zoomathia/CASSIANUS_BASSUS/geoponica/e/16/3/text/1,http://dbpedia.org/resource/Melanthium,melanthium,0.9999999917300784,DBpedia
http://ns.inria.fr/zoomathia/CASSIANUS_BASSUS/geoponica/e/16/3/text/1,http://dbpedia.org/resource/Textile,mix,0.6301743151774515,DBpedia
http://ns.inria.fr/zoomathia/CASSIANUS_BASSUS/geoponica/e/16/3/text/1,http://dbpedia.org/resource/Vegetable_oil,oil,0.9979668665253795,DBpedia
http://ns.inria.fr/zoomathia/CASSIANUS_BASSUS/geoponica/e/16/3/text/1,http://dbpedia.org/resource/Wine,wine,0.9873394655767059,DBpedia
http://ns.inria.fr/zoomathia/CASSIANUS_BASSUS/geoponica/e/16/3/text/1,http://dbpedia.org/resource/Cure,cure,0.9984226555724148,DBpedia
http://ns.inria.fr/zoomathia/CASSIANUS_BASSUS/geoponica/e/16/3/text/1,http://dbpedia.org/resource/Nausea,nausea,0.9999999896023155,DBpedia
http://ns.inria.fr/zoomathia/CASSIANUS_BASSUS/geoponica/e/16/3/text/1,http://dbpedia.org/resource/Garlic,garlic,1.0,DBpedia
http://ns.inria.fr/zoomathia/CASSIANUS_BASSUS/geoponica/e/16/3/text/1,http://dbpedia.org/resource/Wine,wine,0.9873394655767059,DBpedia
http://ns.inria.fr/zoomathia/CASSIANUS_BASSUS/geoponica/e/16/3/text/1,http://dbpedia.org/resource/Vegetable_oil,oil,0.9979668665253795,DBpedia
http://ns.inria.fr/zoomathia/CASSIANUS_BASSUS/geoponica/e/16/3/text/1,http://dbpedia.org/resource/Horse,horse,0.9977131408734993,DBpedia
http://ns.inria.fr/zoomathia/CASSIANUS_BASSUS/geoponica/e/16/3/text/1,http://dbpedia.org/resource/Dysuria,dysuria,0.9999999999998863,DBpedia
http://ns.inria.fr/zoomathia/CASSIANUS_BASSUS/geoponica/e/16/3/text/1,http://dbpedia.org/resource/White_wine,white,0.9999991704251018,DBpedia
http://ns.inria.fr/zoomathia/CASSIANUS_BASSUS/geoponica/e/16/3/text/1,http://dbpedia.org/resource/Egg_as_food,eggs,0.9999699589624422,DBpedia
http://ns.inria.fr/zoomathia/CASSIANUS_BASSUS/geoponica/e/16/3/text/1,http://dbpedia.org/resource/Ox,oxen,0.9978501777866716,DBpedia
http://ns.inria.fr/zoomathia/CASSIANUS_BASSUS/geoponica/e/16/3/text/1,http://dbpedia.org/resource/Horse,horses,0.9997894038103906,DBpedia
http://ns.inria.fr/zoomathia/CASSIANUS_BASSUS/geoponica/e/16/3/text/1,http://dbpedia.org/resource/Disease,disease,0.9733188368352003,DBpedia
http://ns.inria.fr/zoomathia/CASSIANUS_BASSUS/geoponica/e/16/3/text/1,http://dbpedia.org/resource/Railroad_tie,tie,0.8617781730432197,DBpedia
http://ns.inria.fr/zoomathia/CASSIANUS_BASSUS/geoponica/e/16/4/text/1,https://opentheso.huma-num.fr/?idc=pcrtmwjz8S1ZgH&idt=th310,cure,1,zoomathia_match
http://ns.inria.fr/zoomathia/CASSIANUS_BASSUS/geoponica/e/16/4/text/1,https://opentheso.huma-num.fr/?idc=pcrt6i8AcPBoY2&idt=th310,horse,1,zoomathia_match
http://ns.inria.fr/zoomathia/CASSIANUS_BASSUS/geoponica/e/16/4/text/1,https://opentheso.huma-num.fr/?idc=105970&idt=th310,fever,1,zoomathia_match
http://ns.inria.fr/zoomathia/CASSIANUS_BASSUS/geoponica/e/16/4/text/1,https://opentheso.huma-num.fr/?idc=105656&idt=th310,summer,1,zoomathia_match
http://ns.inria.fr/zoomathia/CASSIANUS_BASSUS/geoponica/e/16/4/text/1,https://opentheso.huma-num.fr/?idc=105657&idt=th310,winter,1,zoomathia_match
http://ns.inria.fr/zoomathia/CASSIANUS_BASSUS/geoponica/e/16/4/text/1,https://opentheso.huma-num.fr/?idc=105645&idt=th310,cold,1,zoomathia_match
http://ns.inria.fr/zoomathia/CASSIANUS_BASSUS/geoponica/e/16/4/text/1,https://opentheso.huma-num.fr/?idc=pcrtLieaANMAud&idt=th310,wheat,1,zoomathia_match
http://ns.inria.fr/zoomathia/CASSIANUS_BASSUS/geoponica/e/16/4/text/1,https://opentheso.huma-num.fr/?idc=105646&idt=th310,warm,1,zoomathia_match
http://ns.inria.fr/zoomathia/CASSIANUS_BASSUS/geoponica/e/16/4/text/1,https://opentheso.huma-num.fr/?idc=107576&idt=th310,water,1,zoomathia_match
http://ns.inria.fr/zoomathia/CASSIANUS_BASSUS/geoponica/e/16/4/text/1,https://opentheso.huma-num.fr/?idc=pcrt6z097U6IUf&idt=th310,drink,1,zoomathia_match
http://ns.inria.fr/zoomathia/CASSIANUS_BASSUS/geoponica/e/16/4/text/1,https://opentheso.huma-num.fr/?idc=105646&idt=th310,warm,1,zoomathia_match
http://ns.inria.fr/zoomathia/CASSIANUS_BASSUS/geoponica/e/16/4/text/1,https://opentheso.huma-num.fr/?idc=pcrt3mTg9h3RFE&idt=th310,wine,1,zoomathia_match
http://ns.inria.fr/zoomathia/CASSIANUS_BASSUS/geoponica/e/16/4/text/1,https://opentheso.huma-num.fr/?idc=pcrttvE2YZwZu6&idt=th310,oil,1,zoomathia_match
http://ns.inria.fr/zoomathia/CASSIANUS_BASSUS/geoponica/e/16/4/text/1,https://opentheso.huma-num.fr/?idc=105186&idt=th310,blood,1,zoomathia_match
http://ns.inria.fr/zoomathia/CASSIANUS_BASSUS/geoponica/e/16/4/text/1,https://opentheso.huma-num.fr/?idc=105140&idt=th310,neck,1,zoomathia_match
http://ns.inria.fr/zoomathia/CASSIANUS_BASSUS/geoponica/e/16/4/text/1,https://opentheso.huma-num.fr/?idc=105909&idt=th310,veins,1,zoomathia_match
http://ns.inria.fr/zoomathia/CASSIANUS_BASSUS/geoponica/e/16/4/text/1,https://opentheso.huma-num.fr/?idc=105216&idt=th310,pharynx,1,zoomathia_match
http://ns.inria.fr/zoomathia/CASSIANUS_BASSUS/geoponica/e/16/4/text/1,https://opentheso.huma-num.fr/?idc=105155&idt=th310,foot,1,zoomathia_match
http://ns.inria.fr/zoomathia/CASSIANUS_BASSUS/geoponica/e/16/4/text/1,https://opentheso.huma-num.fr/?idc=107195&idt=th310,vinegar,1,zoomathia_match
http://ns.inria.fr/zoomathia/CASSIANUS_BASSUS/geoponica/e/16/4/text/1,https://opentheso.huma-num.fr/?idc=105646&idt=th310,warm,1,zoomathia_match
http://ns.inria.fr/zoomathia/CASSIANUS_BASSUS/geoponica/e/16/4/text/1,https://opentheso.huma-num.fr/?idc=107576&idt=th310,water,1,zoomathia_match
http://ns.inria.fr/zoomathia/CASSIANUS_BASSUS/geoponica/e/16/4/text/1,https://opentheso.huma-num.fr/?idc=105970&idt=th310,fever,1,zoomathia_match
http://ns.inria.fr/zoomathia/CASSIANUS_BASSUS/geoponica/e/16/4/text/1,https://opentheso.huma-num.fr/?idc=105211&idt=th310,throat,1,zoomathia_match
http://ns.inria.fr/zoomathia/CASSIANUS_BASSUS/geoponica/e/16/4/text/1,https://opentheso.huma-num.fr/?idc=pcrtGSslMASdGf&idt=th310,days,1,zoomathia_match
http://ns.inria.fr/zoomathia/CASSIANUS_BASSUS/geoponica/e/16/4/text/1,https://opentheso.huma-num.fr/?idc=pcrt3jcrAaRENB&idt=th310,goat,1,zoomathia_match
http://ns.inria.fr/zoomathia/CASSIANUS_BASSUS/geoponica/e/16/4/text/1,https://opentheso.huma-num.fr/?idc=pcrtAWl3eAUQlA&idt=th310,milk,1,zoomathia_match
http://ns.inria.fr/zoomathia/CASSIANUS_BASSUS/geoponica/e/16/4/text/1,https://opentheso.huma-num.fr/?idc=pcrttvE2YZwZu6&idt=th310,oil,1,zoomathia_match
http://ns.inria.fr/zoomathia/CASSIANUS_BASSUS/geoponica/e/16/4/text/1,https://opentheso.huma-num.fr/?idc=105548&idt=th310,eggs,1,zoomathia_match
http://ns.inria.fr/zoomathia/CASSIANUS_BASSUS/geoponica/e/16/4/text/1,https://opentheso.huma-num.fr/?idc=105970&idt=th310,fever,1,zoomathia_match
http://ns.inria.fr/zoomathia/CASSIANUS_BASSUS/geoponica/e/16/4/text/1,https://opentheso.huma-num.fr/?idc=105124&idt=th310,head,1,zoomathia_match
http://ns.inria.fr/zoomathia/CASSIANUS_BASSUS/geoponica/e/16/4/text/1,https://opentheso.huma-num.fr/?idc=pcrthmVBQESXy2&idt=th310,salt,1,zoomathia_match
http://ns.inria.fr/zoomathia/CASSIANUS_BASSUS/geoponica/e/16/4/text/1,https://opentheso.huma-num.fr/?idc=pcrtyos9ZtSwBE&idt=th310,salt,1,zoomathia_match
http://ns.inria.fr/zoomathia/CASSIANUS_BASSUS/geoponica/e/16/4/text/1,https://opentheso.huma-num.fr/?idc=pcrttvE2YZwZu6&idt=th310,oil,1,zoomathia_match
http://ns.inria.fr/zoomathia/CASSIANUS_BASSUS/geoponica/e/16/4/text/1,https://opentheso.huma-num.fr/?idc=105646&idt=th310,warm,1,zoomathia_match
http://ns.inria.fr/zoomathia/CASSIANUS_BASSUS/geoponica/e/16/4/text/1,https://opentheso.huma-num.fr/?idc=105155&idt=th310,feet,1,zoomathia_match
http://ns.inria.fr/zoomathia/CASSIANUS_BASSUS/geoponica/e/16/4/text/1,https://opentheso.huma-num.fr/?idc=107576&idt=th310,water,1,zoomathia_match
http://ns.inria.fr/zoomathia/CASSIANUS_BASSUS/geoponica/e/16/4/text/1,https://opentheso.huma-num.fr/?idc=105131&idt=th310,mouth,1,zoomathia_match
http://ns.inria.fr/zoomathia/CASSIANUS_BASSUS/geoponica/e/16/4/text/1,https://opentheso.huma-num.fr/?idc=pcrt3mTg9h3RFE&idt=th310,wine,1,zoomathia_match
http://ns.inria.fr/zoomathia/CASSIANUS_BASSUS/geoponica/e/16/4/text/1,https://opentheso.huma-num.fr/?idc=105692&idt=th310,sea,1,zoomathia_match
http://ns.inria.fr/zoomathia/CASSIANUS_BASSUS/geoponica/e/16/4/text/1,https://opentheso.huma-num.fr/?idc=107594&idt=th310,grass,1,zoomathia_match
http://ns.inria.fr/zoomathia/CASSIANUS_BASSUS/geoponica/e/16/4/text/1,https://opentheso.huma-num.fr/?idc=pcrt4vKMQQ6elk&idt=th310,barley,1,zoomathia_match
http://ns.inria.fr/zoomathia/CASSIANUS_BASSUS/geoponica/e/16/4/text/1,https://opentheso.huma-num.fr/?idc=105186&idt=th310,blood,1,zoomathia_match
http://ns.inria.fr/zoomathia/CASSIANUS_BASSUS/geoponica/e/16/4/text/1,https://opentheso.huma-num.fr/?idc=105779&idt=th310,nostrils,1,zoomathia_match
http://ns.inria.fr/zoomathia/CASSIANUS_BASSUS/geoponica/e/16/4/text/1,http://dbpedia.org/resource/Cure,cure,0.9674397592655569,DBpedia
http://ns.inria.fr/zoomathia/CASSIANUS_BASSUS/geoponica/e/16/4/text/1,http://dbpedia.org/resource/Horse,horse,0.9999957245958504,DBpedia
http://ns.inria.fr/zoomathia/CASSIANUS_BASSUS/geoponica/e/16/4/text/1,http://dbpedia.org/resource/Fever,fever,0.9999999999995453,DBpedia
http://ns.inria.fr/zoomathia/CASSIANUS_BASSUS/geoponica/e/16/4/text/1,http://dbpedia.org/resource/Summer,summer,0.9998767631670961,DBpedia
http://ns.inria.fr/zoomathia/CASSIANUS_BASSUS/geoponica/e/16/4/text/1,http://dbpedia.org/resource/Winter,winter,0.9999933255468166,DBpedia
http://ns.inria.fr/zoomathia/CASSIANUS_BASSUS/geoponica/e/16/4/text/1,http://dbpedia.org/resource/Girl_2_Lady,cherish,0.8675743983363323,DBpedia
http://ns.inria.fr/zoomathia/CASSIANUS_BASSUS/geoponica/e/16/4/text/1,http://dbpedia.org/resource/Common_cold,cold,0.9999999981790779,DBpedia
http://ns.inria.fr/zoomathia/CASSIANUS_BASSUS/geoponica/e/16/4/text/1,http://dbpedia.org/resource/Food,food,0.6877250297327414,DBpedia
http://ns.inria.fr/zoomathia/CASSIANUS_BASSUS/geoponica/e/16/4/text/1,http://dbpedia.org/resource/Vicia,vetches,1.0,DBpedia
http://ns.inria.fr/zoomathia/CASSIANUS_BASSUS/geoponica/e/16/4/text/1,http://dbpedia.org/resource/Wheat_flour,wheat flour,0.9706221974709177,DBpedia
http://ns.inria.fr/zoomathia/CASSIANUS_BASSUS/geoponica/e/16/4/text/1,http://dbpedia.org/resource/Temperature,warm,0.9999993139345031,DBpedia
http://ns.inria.fr/zoomathia/CASSIANUS_BASSUS/geoponica/e/16/4/text/1,http://dbpedia.org/resource/Water,water,0.9999999619165018,DBpedia
http://ns.inria.fr/zoomathia/CASSIANUS_BASSUS/geoponica/e/16/4/text/1,http://dbpedia.org/resource/Date_honey,rub,0.9999999936433142,DBpedia
http://ns.inria.fr/zoomathia/CASSIANUS_BASSUS/geoponica/e/16/4/text/1,http://dbpedia.org/resource/Temperature,warm,0.9999993139345031,DBpedia
http://ns.inria.fr/zoomathia/CASSIANUS_BASSUS/geoponica/e/16/4/text/1,http://dbpedia.org/resource/Wine,wine,0.9998267439696383,DBpedia
http://ns.inria.fr/zoomathia/CASSIANUS_BASSUS/geoponica/e/16/4/text/1,http://dbpedia.org/resource/Cooking_oil,oil,0.6052525360059083,DBpedia
http://ns.inria.fr/zoomathia/CASSIANUS_BASSUS/geoponica/e/16/4/text/1,http://dbpedia.org/resource/Human_body,body,0.9531376291480408,DBpedia
http://ns.inria.fr/zoomathia/CASSIANUS_BASSUS/geoponica/e/16/4/text/1,http://dbpedia.org/resource/Purge,purge,0.9979605532989931,DBpedia
http://ns.inria.fr/zoomathia/CASSIANUS_BASSUS/geoponica/e/16/4/text/1,http://dbpedia.org/resource/Blood_as_food,blood,0.9939287402713515,DBpedia
http://ns.inria.fr/zoomathia/CASSIANUS_BASSUS/geoponica/e/16/4/text/1,http://dbpedia.org/resource/Neck,neck,0.9999999705114537,DBpedia
http://ns.inria.fr/zoomathia/CASSIANUS_BASSUS/geoponica/e/16/4/text/1,http://dbpedia.org/resource/Leaf,veins,0.8618136630035576,DBpedia
http://ns.inria.fr/zoomathia/CASSIANUS_BASSUS/geoponica/e/16/4/text/1,http://dbpedia.org/resource/Pharynx,pharynx,0.9999999993671054,DBpedia
http://ns.inria.fr/zoomathia/CASSIANUS_BASSUS/geoponica/e/16/4/text/1,http://dbpedia.org/resource/Breast,breast,0.619240876501882,DBpedia
http://ns.inria.fr/zoomathia/CASSIANUS_BASSUS/geoponica/e/16/4/text/1,http://dbpedia.org/resource/Foot,foot,0.99999532108453,DBpedia
http://ns.inria.fr/zoomathia/CASSIANUS_BASSUS/geoponica/e/16/4/text/1,http://dbpedia.org/resource/Date_honey,rub,0.9999999936433142,DBpedia
http://ns.inria.fr/zoomathia/CASSIANUS_BASSUS/geoponica/e/16/4/text/1,http://dbpedia.org/resource/Knee,knees,0.9999999896967893,DBpedia
http://ns.inria.fr/zoomathia/CASSIANUS_BASSUS/geoponica/e/16/4/text/1,http://dbpedia.org/resource/Pungency,hot,0.9999987495306046,DBpedia
http://ns.inria.fr/zoomathia/CASSIANUS_BASSUS/geoponica/e/16/4/text/1,http://dbpedia.org/resource/Vinegar,vinegar,1.0,DBpedia
http://ns.inria.fr/zoomathia/CASSIANUS_BASSUS/geoponica/e/16/4/text/1,http://dbpedia.org/resource/Convalescence,convalescent,1.0,DBpedia
http://ns.inria.fr/zoomathia/CASSIANUS_BASSUS/geoponica/e/16/4/text/1,http://dbpedia.org/resource/Washing,wash,0.9999999946863909,DBpedia
http://ns.inria.fr/zoomathia/CASSIANUS_BASSUS/geoponica/e/16/4/text/1,http://dbpedia.org/resource/Temperature,warm,0.9999993139345031,DBpedia
http://ns.inria.fr/zoomathia/CASSIANUS_BASSUS/geoponica/e/16/4/text/1,http://dbpedia.org/resource/Water,water,0.9999999619165018,DBpedia
http://ns.inria.fr/zoomathia/CASSIANUS_BASSUS/geoponica/e/16/4/text/1,http://dbpedia.org/resource/Fever,fever,0.9999999999995453,DBpedia
http://ns.inria.fr/zoomathia/CASSIANUS_BASSUS/geoponica/e/16/4/text/1,http://dbpedia.org/resource/Penal_labour,hard labour,1.0,DBpedia
http://ns.inria.fr/zoomathia/CASSIANUS_BASSUS/geoponica/e/16/4/text/1,http://dbpedia.org/resource/Day,days,0.9991666304641057,DBpedia
http://ns.inria.fr/zoomathia/CASSIANUS_BASSUS/geoponica/e/16/4/text/1,http://dbpedia.org/resource/Goat,goat,0.7621048283369055,DBpedia
http://ns.inria.fr/zoomathia/CASSIANUS_BASSUS/geoponica/e/16/4/text/1,http://dbpedia.org/resource/Milk,milk,0.9999997650864137,DBpedia
http://ns.inria.fr/zoomathia/CASSIANUS_BASSUS/geoponica/e/16/4/text/1,http://dbpedia.org/resource/Measurement,measure,0.9930706906981415,DBpedia
http://ns.inria.fr/zoomathia/CASSIANUS_BASSUS/geoponica/e/16/4/text/1,http://dbpedia.org/resource/Cooking_oil,oil,0.6052525360059083,DBpedia
http://ns.inria.fr/zoomathia/CASSIANUS_BASSUS/geoponica/e/16/4/text/1,http://dbpedia.org/resource/Egg_as_food,eggs,0.9999975629322218,DBpedia
http://ns.inria.fr/zoomathia/CASSIANUS_BASSUS/geoponica/e/16/4/text/1,http://dbpedia.org/resource/Mixed_drink,mixed,0.9999999989624939,DBpedia
http://ns.inria.fr/zoomathia/CASSIANUS_BASSUS/geoponica/e/16/4/text/1,http://dbpedia.org/resource/Juice,juice,0.8616754433693976,DBpedia
http://ns.inria.fr/zoomathia/CASSIANUS_BASSUS/geoponica/e/16/4/text/1,http://dbpedia.org/resource/Fever,fever,0.9999999999995453,DBpedia
http://ns.inria.fr/zoomathia/CASSIANUS_BASSUS/geoponica/e/16/4/text/1,http://dbpedia.org/resource/Travel_literature,account,0.5695391059617743,DBpedia
http://ns.inria.fr/zoomathia/CASSIANUS_BASSUS/geoponica/e/16/4/text/1,http://dbpedia.org/resource/Flux,flux,0.9999946221164691,DBpedia
http://ns.inria.fr/zoomathia/CASSIANUS_BASSUS/geoponica/e/16/4/text/1,http://dbpedia.org/resource/Humorism,humours,0.9999999997220357,DBpedia
http://ns.inria.fr/zoomathia/CASSIANUS_BASSUS/geoponica/e/16/4/text/1,http://dbpedia.org/resource/Tonsil,tonsils,1.0,DBpedia
http://ns.inria.fr/zoomathia/CASSIANUS_BASSUS/geoponica/e/16/4/text/1,http://dbpedia.org/resource/Head,head,0.9999994226133669,DBpedia
http://ns.inria.fr/zoomathia/CASSIANUS_BASSUS/geoponica/e/16/4/text/1,http://dbpedia.org/resource/Date_honey,rub,0.9999999936433142,DBpedia
http://ns.inria.fr/zoomathia/CASSIANUS_BASSUS/geoponica/e/16/4/text/1,http://dbpedia.org/resource/Soft_palate,palate,0.955474190022416,DBpedia
http://ns.inria.fr/zoomathia/CASSIANUS_BASSUS/geoponica/e/16/4/text/1,http://dbpedia.org/resource/Origanum,origanum,1.0,DBpedia
http://ns.inria.fr/zoomathia/CASSIANUS_BASSUS/geoponica/e/16/4/text/1,http://dbpedia.org/resource/Sieve,sifted,1.0,DBpedia
http://ns.inria.fr/zoomathia/CASSIANUS_BASSUS/geoponica/e/16/4/text/1,http://dbpedia.org/resource/Cooking_oil,oil,0.6052525360059083,DBpedia
http://ns.inria.fr/zoomathia/CASSIANUS_BASSUS/geoponica/e/16/4/text/1,http://dbpedia.org/resource/Temperature,warm,0.9999993139345031,DBpedia
http://ns.inria.fr/zoomathia/CASSIANUS_BASSUS/geoponica/e/16/4/text/1,http://dbpedia.org/resource/Knee,knees,0.9999999896967893,DBpedia
http://ns.inria.fr/zoomathia/CASSIANUS_BASSUS/geoponica/e/16/4/text/1,http://dbpedia.org/resource/Pungency,hot,0.9999987495306046,DBpedia
http://ns.inria.fr/zoomathia/CASSIANUS_BASSUS/geoponica/e/16/4/text/1,http://dbpedia.org/resource/Water,water,0.9999999619165018,DBpedia
http://ns.inria.fr/zoomathia/CASSIANUS_BASSUS/geoponica/e/16/4/text/1,http://dbpedia.org/resource/Date_honey,rub,0.9999999936433142,DBpedia
http://ns.inria.fr/zoomathia/CASSIANUS_BASSUS/geoponica/e/16/4/text/1,http://dbpedia.org/resource/Parts-per_notation,parts,0.9999999982489953,DBpedia
http://ns.inria.fr/zoomathia/CASSIANUS_BASSUS/geoponica/e/16/4/text/1,http://dbpedia.org/resource/Solanum,solanum,1.0,DBpedia
http://ns.inria.fr/zoomathia/CASSIANUS_BASSUS/geoponica/e/16/4/text/1,http://dbpedia.org/resource/Lees_(fermentation),lees,0.9963286527148999,DBpedia
http://ns.inria.fr/zoomathia/CASSIANUS_BASSUS/geoponica/e/16/4/text/1,http://dbpedia.org/resource/Wine,wine,0.9998267439696383,DBpedia
http://ns.inria.fr/zoomathia/CASSIANUS_BASSUS/geoponica/e/16/4/text/1,http://dbpedia.org/resource/Fodder,feed,0.9999982618489056,DBpedia
http://ns.inria.fr/zoomathia/CASSIANUS_BASSUS/geoponica/e/16/4/text/1,http://dbpedia.org/resource/Cereal,grass,0.9111032189944799,DBpedia
http://ns.inria.fr/zoomathia/CASSIANUS_BASSUS/geoponica/e/16/4/text/1,http://dbpedia.org/resource/Barley,barley,0.9999999999954525,DBpedia
http://ns.inria.fr/zoomathia/CASSIANUS_BASSUS/geoponica/e/16/4/text/1,http://dbpedia.org/resource/Blood_as_food,blood,0.9939287402713515,DBpedia
http://ns.inria.fr/zoomathia/CASSIANUS_BASSUS/geoponica/e/16/4/text/1,http://dbpedia.org/resource/Flux,flows,0.5167589215746978,DBpedia
http://ns.inria.fr/zoomathia/CASSIANUS_BASSUS/geoponica/e/16/4/text/1,http://dbpedia.org/resource/Nostril,nostrils,0.9999999994457767,DBpedia
http://ns.inria.fr/zoomathia/CASSIANUS_BASSUS/geoponica/e/16/4/text/1,http://dbpedia.org/resource/Proper_and_common_nouns,proper,0.38448053161016227,DBpedia
http://ns.inria.fr/zoomathia/CASSIANUS_BASSUS/geoponica/e/16/4/text/1,http://dbpedia.org/resource/Juice,juice,0.8616754433693976,DBpedia
http://ns.inria.fr/zoomathia/CASSIANUS_BASSUS/geoponica/e/16/4/text/1,http://dbpedia.org/resource/Coriander,coriander,1.0,DBpedia
http://ns.inria.fr/zoomathia/CASSIANUS_BASSUS/geoponica/e/16/4/text/1,http://dbpedia.org/resource/Concentration,diluted,0.999943441868038,DBpedia
http://ns.inria.fr/zoomathia/CASSIANUS_BASSUS/geoponica/e/16/4/text/1,http://dbpedia.org/resource/OPOS,opos,0.9999985848628293,DBpedia
http://ns.inria.fr/zoomathia/CASSIANUS_BASSUS/geoponica/e/16/5/text/1,https://opentheso.huma-num.fr/?idc=105128&idt=th310,eye,1,zoomathia_match
http://ns.inria.fr/zoomathia/CASSIANUS_BASSUS/geoponica/e/16/5/text/1,https://opentheso.huma-num.fr/?idc=105289&idt=th310,male,1,zoomathia_match
http://ns.inria.fr/zoomathia/CASSIANUS_BASSUS/geoponica/e/16/5/text/1,https://opentheso.huma-num.fr/?idc=pcrto2Udjh8XSP&idt=th310,frankincense,1,zoomathia_match
http://ns.inria.fr/zoomathia/CASSIANUS_BASSUS/geoponica/e/16/5/text/1,https://opentheso.huma-num.fr/?idc=pcrt448yYmVDuT&idt=th310,bones,1,zoomathia_match
http://ns.inria.fr/zoomathia/CASSIANUS_BASSUS/geoponica/e/16/5/text/1,https://opentheso.huma-num.fr/?idc=pcrttvE2YZwZu6&idt=th310,oil,1,zoomathia_match
http://ns.inria.fr/zoomathia/CASSIANUS_BASSUS/geoponica/e/16/5/text/1,https://opentheso.huma-num.fr/?idc=108030&idt=th310,white,1,zoomathia_match
http://ns.inria.fr/zoomathia/CASSIANUS_BASSUS/geoponica/e/16/5/text/1,https://opentheso.huma-num.fr/?idc=105548&idt=th310,eggs,1,zoomathia_match
http://ns.inria.fr/zoomathia/CASSIANUS_BASSUS/geoponica/e/16/5/text/1,https://opentheso.huma-num.fr/?idc=105128&idt=th310,eye,1,zoomathia_match
http://ns.inria.fr/zoomathia/CASSIANUS_BASSUS/geoponica/e/16/5/text/1,https://opentheso.huma-num.fr/?idc=pcrt33dESgE9nS&idt=th310,Attic,1,zoomathia_match
http://ns.inria.fr/zoomathia/CASSIANUS_BASSUS/geoponica/e/16/5/text/1,https://opentheso.huma-num.fr/?idc=pcrtsPauzzRS5z&idt=th310,honey,1,zoomathia_match
http://ns.inria.fr/zoomathia/CASSIANUS_BASSUS/geoponica/e/16/5/text/1,https://www.wikidata.org/wiki/Q122443,Attic,0.4296,wikidata
http://ns.inria.fr/zoomathia/CASSIANUS_BASSUS/geoponica/e/16/5/text/1,http://dbpedia.org/resource/Human_eye,eye,0.956532001699683,DBpedia
http://ns.inria.fr/zoomathia/CASSIANUS_BASSUS/geoponica/e/16/5/text/1,http://dbpedia.org/resource/Male,male,0.9981815174098415,DBpedia
http://ns.inria.fr/zoomathia/CASSIANUS_BASSUS/geoponica/e/16/5/text/1,http://dbpedia.org/resource/Frankincense,frankincense,1.0,DBpedia
http://ns.inria.fr/zoomathia/CASSIANUS_BASSUS/geoponica/e/16/5/text/1,http://dbpedia.org/resource/Bone_marrow,marrow,0.9988014406265174,DBpedia
http://ns.inria.fr/zoomathia/CASSIANUS_BASSUS/geoponica/e/16/5/text/1,http://dbpedia.org/resource/Armenian_dram,dram,0.9999999965840516,DBpedia
http://ns.inria.fr/zoomathia/CASSIANUS_BASSUS/geoponica/e/16/5/text/1,http://dbpedia.org/resource/Armenian_dram,dram,0.9999999965840516,DBpedia
http://ns.inria.fr/zoomathia/CASSIANUS_BASSUS/geoponica/e/16/5/text/1,http://dbpedia.org/resource/Bone,bones,0.9603529771880654,DBpedia
http://ns.inria.fr/zoomathia/CASSIANUS_BASSUS/geoponica/e/16/5/text/1,http://dbpedia.org/resource/Cuttlefish,cuttle-fish,1.0,DBpedia
http://ns.inria.fr/zoomathia/CASSIANUS_BASSUS/geoponica/e/16/5/text/1,http://dbpedia.org/resource/Armenian_dram,drams,0.9999999995385451,DBpedia
http://ns.inria.fr/zoomathia/CASSIANUS_BASSUS/geoponica/e/16/5/text/1,http://dbpedia.org/resource/Oil,oil,0.4389815048848879,DBpedia
http://ns.inria.fr/zoomathia/CASSIANUS_BASSUS/geoponica/e/16/5/text/1,http://dbpedia.org/resource/Rose,roses,0.9992768141837458,DBpedia
http://ns.inria.fr/zoomathia/CASSIANUS_BASSUS/geoponica/e/16/5/text/1,http://dbpedia.org/resource/White_people,white,0.9735318244081071,DBpedia
http://ns.inria.fr/zoomathia/CASSIANUS_BASSUS/geoponica/e/16/5/text/1,http://dbpedia.org/resource/Egg_as_food,eggs,0.9665801742073273,DBpedia
http://ns.inria.fr/zoomathia/CASSIANUS_BASSUS/geoponica/e/16/5/text/1,http://dbpedia.org/resource/Mixed_drink,mixed,0.50850793464584,DBpedia
http://ns.inria.fr/zoomathia/CASSIANUS_BASSUS/geoponica/e/16/5/text/1,http://dbpedia.org/resource/Legal_remedy,remedy,0.9458356099533385,DBpedia
http://ns.inria.fr/zoomathia/CASSIANUS_BASSUS/geoponica/e/16/5/text/1,http://dbpedia.org/resource/Human_eye,eye,0.956532001699683,DBpedia
http://ns.inria.fr/zoomathia/CASSIANUS_BASSUS/geoponica/e/16/5/text/1,http://dbpedia.org/resource/Attic_Greek,Attic,0.8088534723867526,DBpedia
http://ns.inria.fr/zoomathia/CASSIANUS_BASSUS/geoponica/e/16/5/text/1,http://dbpedia.org/resource/Honey,honey,0.9999997978427109,DBpedia
http://ns.inria.fr/zoomathia/CASSIANUS_BASSUS/geoponica/e/16/6/text/1,https://opentheso.huma-num.fr/?idc=pcrt33dESgE9nS&idt=th310,Attic,1,zoomathia_match
http://ns.inria.fr/zoomathia/CASSIANUS_BASSUS/geoponica/e/16/6/text/1,https://opentheso.huma-num.fr/?idc=pcrtsPauzzRS5z&idt=th310,honey,1,zoomathia_match
http://ns.inria.fr/zoomathia/CASSIANUS_BASSUS/geoponica/e/16/6/text/1,https://opentheso.huma-num.fr/?idc=pcrt448yYmVDuT&idt=th310,bone,1,zoomathia_match
http://ns.inria.fr/zoomathia/CASSIANUS_BASSUS/geoponica/e/16/6/text/1,https://opentheso.huma-num.fr/?idc=106580&idt=th310,reed,1,zoomathia_match
http://ns.inria.fr/zoomathia/CASSIANUS_BASSUS/geoponica/e/16/6/text/1,https://opentheso.huma-num.fr/?idc=107387&idt=th310,root,1,zoomathia_match
http://ns.inria.fr/zoomathia/CASSIANUS_BASSUS/geoponica/e/16/6/text/1,https://opentheso.huma-num.fr/?idc=pcrttvE2YZwZu6&idt=th310,oil,1,zoomathia_match
http://ns.inria.fr/zoomathia/CASSIANUS_BASSUS/geoponica/e/16/6/text/1,https://opentheso.huma-num.fr/?idc=pcrtGSslMASdGf&idt=th310,day,1,zoomathia_match
http://ns.inria.fr/zoomathia/CASSIANUS_BASSUS/geoponica/e/16/6/text/1,https://opentheso.huma-num.fr/?idc=108757&idt=th310,rocket,1,zoomathia_match
http://ns.inria.fr/zoomathia/CASSIANUS_BASSUS/geoponica/e/16/6/text/1,https://opentheso.huma-num.fr/?idc=105128&idt=th310,eyes,1,zoomathia_match
http://ns.inria.fr/zoomathia/CASSIANUS_BASSUS/geoponica/e/16/6/text/1,https://www.wikidata.org/wiki/Q122443,Attic,0.4296,wikidata
http://ns.inria.fr/zoomathia/CASSIANUS_BASSUS/geoponica/e/16/6/text/1,http://dbpedia.org/resource/Mixing_console,mix,0.5641278660448928,DBpedia
http://ns.inria.fr/zoomathia/CASSIANUS_BASSUS/geoponica/e/16/6/text/1,http://dbpedia.org/resource/Fineness,fine,0.9968058752623057,DBpedia
http://ns.inria.fr/zoomathia/CASSIANUS_BASSUS/geoponica/e/16/6/text/1,http://dbpedia.org/resource/Salammoniac,sal ammoniac,1.0,DBpedia
http://ns.inria.fr/zoomathia/CASSIANUS_BASSUS/geoponica/e/16/6/text/1,http://dbpedia.org/resource/Attic_Greek,Attic,0.52833836414117,DBpedia
http://ns.inria.fr/zoomathia/CASSIANUS_BASSUS/geoponica/e/16/6/text/1,http://dbpedia.org/resource/Goods,good,0.8822729937253657,DBpedia
http://ns.inria.fr/zoomathia/CASSIANUS_BASSUS/geoponica/e/16/6/text/1,http://dbpedia.org/resource/Honey,honey,0.9999997826017429,DBpedia
http://ns.inria.fr/zoomathia/CASSIANUS_BASSUS/geoponica/e/16/6/text/1,http://dbpedia.org/resource/Quantity,quantity,0.9409747557386712,DBpedia
http://ns.inria.fr/zoomathia/CASSIANUS_BASSUS/geoponica/e/16/6/text/1,http://dbpedia.org/resource/Butter,butter,0.9998784438545666,DBpedia
http://ns.inria.fr/zoomathia/CASSIANUS_BASSUS/geoponica/e/16/6/text/1,http://dbpedia.org/resource/Cocaine,blow,0.8211799262251234,DBpedia
http://ns.inria.fr/zoomathia/CASSIANUS_BASSUS/geoponica/e/16/6/text/1,http://dbpedia.org/resource/Bone,bone,0.9963362195898299,DBpedia
http://ns.inria.fr/zoomathia/CASSIANUS_BASSUS/geoponica/e/16/6/text/1,http://dbpedia.org/resource/Cuttlefish,cuttle-fish,1.0,DBpedia
http://ns.inria.fr/zoomathia/CASSIANUS_BASSUS/geoponica/e/16/6/text/1,http://dbpedia.org/resource/Fineness,fine,0.9968058752623057,DBpedia
http://ns.inria.fr/zoomathia/CASSIANUS_BASSUS/geoponica/e/16/6/text/1,http://dbpedia.org/resource/Phragmites,reed,0.9355326960334727,DBpedia
http://ns.inria.fr/zoomathia/CASSIANUS_BASSUS/geoponica/e/16/6/text/1,http://dbpedia.org/resource/Anointing,anoint,0.9990309290406836,DBpedia
http://ns.inria.fr/zoomathia/CASSIANUS_BASSUS/geoponica/e/16/6/text/1,http://dbpedia.org/resource/Root,root,0.9364157435776931,DBpedia
http://ns.inria.fr/zoomathia/CASSIANUS_BASSUS/geoponica/e/16/6/text/1,http://dbpedia.org/resource/Silphium,silphium,0.999999999983288,DBpedia
http://ns.inria.fr/zoomathia/CASSIANUS_BASSUS/geoponica/e/16/6/text/1,http://dbpedia.org/resource/Vegetable_oil,oil,0.9823898613659072,DBpedia
http://ns.inria.fr/zoomathia/CASSIANUS_BASSUS/geoponica/e/16/6/text/1,http://dbpedia.org/resource/Day,day,0.8555021177740415,DBpedia
http://ns.inria.fr/zoomathia/CASSIANUS_BASSUS/geoponica/e/16/6/text/1,http://dbpedia.org/resource/Seed,seed,0.999987017475721,DBpedia
http://ns.inria.fr/zoomathia/CASSIANUS_BASSUS/geoponica/e/16/6/text/1,http://dbpedia.org/resource/Eruca_vesicaria,rocket,0.8616810114570458,DBpedia
http://ns.inria.fr/zoomathia/CASSIANUS_BASSUS/geoponica/e/16/6/text/1,http://dbpedia.org/resource/Human_eye,eyes,0.8924102138308823,DBpedia
http://ns.inria.fr/zoomathia/CASSIANUS_BASSUS/geoponica/e/16/6/text/1,http://dbpedia.org/resource/Britain_Stronger_in_Europe,remain,0.9772839647177834,DBpedia
http://ns.inria.fr/zoomathia/CASSIANUS_BASSUS/geoponica/e/16/6/text/1,http://dbpedia.org/resource/Attenuation,attenuates,0.9999999999999432,DBpedia
http://ns.inria.fr/zoomathia/CASSIANUS_BASSUS/geoponica/e/16/6/text/1,http://dbpedia.org/resource/Disease,disorder,0.7957618855912816,DBpedia
http://ns.inria.fr/zoomathia/CASSIANUS_BASSUS/geoponica/e/16/6/text/1,http://dbpedia.org/resource/Pungency,pungency,1.0,DBpedia
http://ns.inria.fr/zoomathia/CASSIANUS_BASSUS/geoponica/e/16/7/text/1,https://opentheso.huma-num.fr/?idc=105646&idt=th310,warm,1,zoomathia_match
http://ns.inria.fr/zoomathia/CASSIANUS_BASSUS/geoponica/e/16/7/text/1,https://opentheso.huma-num.fr/?idc=107576&idt=th310,water,1,zoomathia_match
http://ns.inria.fr/zoomathia/CASSIANUS_BASSUS/geoponica/e/16/7/text/1,https://opentheso.huma-num.fr/?idc=105124&idt=th310,head,1,zoomathia_match
http://ns.inria.fr/zoomathia/CASSIANUS_BASSUS/geoponica/e/16/7/text/1,https://opentheso.huma-num.fr/?idc=pcrt6i8AcPBoY2&idt=th310,horse,1,zoomathia_match
http://ns.inria.fr/zoomathia/CASSIANUS_BASSUS/geoponica/e/16/7/text/1,https://opentheso.huma-num.fr/?idc=108773&idt=th310,sulphur,1,zoomathia_match
http://ns.inria.fr/zoomathia/CASSIANUS_BASSUS/geoponica/e/16/7/text/1,https://opentheso.huma-num.fr/?idc=105646&idt=th310,warm,1,zoomathia_match
http://ns.inria.fr/zoomathia/CASSIANUS_BASSUS/geoponica/e/16/7/text/1,https://opentheso.huma-num.fr/?idc=105124&idt=th310,head,1,zoomathia_match
http://ns.inria.fr/zoomathia/CASSIANUS_BASSUS/geoponica/e/16/7/text/1,https://opentheso.huma-num.fr/?idc=105186&idt=th310,blood,1,zoomathia_match
http://ns.inria.fr/zoomathia/CASSIANUS_BASSUS/geoponica/e/16/7/text/1,https://opentheso.huma-num.fr/?idc=105164&idt=th310,tail,1,zoomathia_match
http://ns.inria.fr/zoomathia/CASSIANUS_BASSUS/geoponica/e/16/7/text/1,http://dbpedia.org/resource/Temperature,warm,0.9618982481020792,DBpedia
http://ns.inria.fr/zoomathia/CASSIANUS_BASSUS/geoponica/e/16/7/text/1,http://dbpedia.org/resource/Water,water,0.5421413280463048,DBpedia
http://ns.inria.fr/zoomathia/CASSIANUS_BASSUS/geoponica/e/16/7/text/1,http://dbpedia.org/resource/Parts-per_notation,parts,0.9980492588092941,DBpedia
http://ns.inria.fr/zoomathia/CASSIANUS_BASSUS/geoponica/e/16/7/text/1,http://dbpedia.org/resource/Head,head,0.9872505596518895,DBpedia
http://ns.inria.fr/zoomathia/CASSIANUS_BASSUS/geoponica/e/16/7/text/1,http://dbpedia.org/resource/Horse,horse,0.9955271882746791,DBpedia
http://ns.inria.fr/zoomathia/CASSIANUS_BASSUS/geoponica/e/16/7/text/1,http://dbpedia.org/resource/Nerve,nerves,0.878980212083629,DBpedia
http://ns.inria.fr/zoomathia/CASSIANUS_BASSUS/geoponica/e/16/7/text/1,http://dbpedia.org/resource/Cookware_and_bakeware,pot,0.561875466127213,DBpedia
http://ns.inria.fr/zoomathia/CASSIANUS_BASSUS/geoponica/e/16/7/text/1,http://dbpedia.org/resource/Egalitarianism,equal,0.4737590292587651,DBpedia
http://ns.inria.fr/zoomathia/CASSIANUS_BASSUS/geoponica/e/16/7/text/1,http://dbpedia.org/resource/Quantity,quantity,0.9480199355569437,DBpedia
http://ns.inria.fr/zoomathia/CASSIANUS_BASSUS/geoponica/e/16/7/text/1,http://dbpedia.org/resource/Myrrh,myrrh,1.0,DBpedia
http://ns.inria.fr/zoomathia/CASSIANUS_BASSUS/geoponica/e/16/7/text/1,http://dbpedia.org/resource/Temperature,warm,0.9618982481020792,DBpedia
http://ns.inria.fr/zoomathia/CASSIANUS_BASSUS/geoponica/e/16/7/text/1,http://dbpedia.org/resource/Head,head,0.9872505596518895,DBpedia
http://ns.inria.fr/zoomathia/CASSIANUS_BASSUS/geoponica/e/16/7/text/1,http://dbpedia.org/resource/Cover_version,covered,0.8344388943852847,DBpedia
http://ns.inria.fr/zoomathia/CASSIANUS_BASSUS/geoponica/e/16/7/text/1,http://dbpedia.org/resource/Purge,purge,0.9930412123066592,DBpedia
http://ns.inria.fr/zoomathia/CASSIANUS_BASSUS/geoponica/e/16/7/text/1,http://dbpedia.org/resource/Blood,blood,0.9666030185499856,DBpedia
http://ns.inria.fr/zoomathia/CASSIANUS_BASSUS/geoponica/e/16/7/text/1,http://dbpedia.org/resource/Tail,tail,0.9692962339000333,DBpedia
http://ns.inria.fr/zoomathia/CASSIANUS_BASSUS/geoponica/e/16/8/text/1,https://opentheso.huma-num.fr/?idc=105148&idt=th310,belly,1,zoomathia_match
http://ns.inria.fr/zoomathia/CASSIANUS_BASSUS/geoponica/e/16/8/text/1,https://opentheso.huma-num.fr/?idc=105186&idt=th310,blood,1,zoomathia_match
http://ns.inria.fr/zoomathia/CASSIANUS_BASSUS/geoponica/e/16/8/text/1,https://opentheso.huma-num.fr/?idc=105909&idt=th310,veins,1,zoomathia_match
http://ns.inria.fr/zoomathia/CASSIANUS_BASSUS/geoponica/e/16/8/text/1,https://opentheso.huma-num.fr/?idc=105124&idt=th310,head,1,zoomathia_match
http://ns.inria.fr/zoomathia/CASSIANUS_BASSUS/geoponica/e/16/8/text/1,https://opentheso.huma-num.fr/?idc=pcrt6i8AcPBoY2&idt=th310,horse,1,zoomathia_match
http://ns.inria.fr/zoomathia/CASSIANUS_BASSUS/geoponica/e/16/8/text/1,https://opentheso.huma-num.fr/?idc=pcrt6z097U6IUf&idt=th310,drink,1,zoomathia_match
http://ns.inria.fr/zoomathia/CASSIANUS_BASSUS/geoponica/e/16/8/text/1,https://opentheso.huma-num.fr/?idc=105646&idt=th310,warm,1,zoomathia_match
http://ns.inria.fr/zoomathia/CASSIANUS_BASSUS/geoponica/e/16/8/text/1,https://opentheso.huma-num.fr/?idc=107576&idt=th310,water,1,zoomathia_match
http://ns.inria.fr/zoomathia/CASSIANUS_BASSUS/geoponica/e/16/8/text/1,https://opentheso.huma-num.fr/?idc=pcrt4vKMQQ6elk&idt=th310,barley,1,zoomathia_match
http://ns.inria.fr/zoomathia/CASSIANUS_BASSUS/geoponica/e/16/8/text/1,https://opentheso.huma-num.fr/?idc=pcrtDm4SzIGTiV&idt=th310,meal,1,zoomathia_match
http://ns.inria.fr/zoomathia/CASSIANUS_BASSUS/geoponica/e/16/8/text/1,https://opentheso.huma-num.fr/?idc=pcrttvE2YZwZu6&idt=th310,oil,1,zoomathia_match
http://ns.inria.fr/zoomathia/CASSIANUS_BASSUS/geoponica/e/16/8/text/1,https://opentheso.huma-num.fr/?idc=105779&idt=th310,nostrils,1,zoomathia_match
http://ns.inria.fr/zoomathia/CASSIANUS_BASSUS/geoponica/e/16/8/text/1,https://opentheso.huma-num.fr/?idc=105131&idt=th310,mouth,1,zoomathia_match
http://ns.inria.fr/zoomathia/CASSIANUS_BASSUS/geoponica/e/16/8/text/1,https://www.wikidata.org/wiki/Q878607,Syrian,0.4261,wikidata
http://ns.inria.fr/zoomathia/CASSIANUS_BASSUS/geoponica/e/16/8/text/1,http://dbpedia.org/resource/Abdomen,belly,0.911352846188486,DBpedia
http://ns.inria.fr/zoomathia/CASSIANUS_BASSUS/geoponica/e/16/8/text/1,http://dbpedia.org/resource/Flux,flux,0.9942264867950935,DBpedia
http://ns.inria.fr/zoomathia/CASSIANUS_BASSUS/geoponica/e/16/8/text/1,http://dbpedia.org/resource/Blood,blood,0.9829521040329634,DBpedia
http://ns.inria.fr/zoomathia/CASSIANUS_BASSUS/geoponica/e/16/8/text/1,http://dbpedia.org/resource/Vein,veins,0.9891815964244711,DBpedia
http://ns.inria.fr/zoomathia/CASSIANUS_BASSUS/geoponica/e/16/8/text/1,http://dbpedia.org/resource/Head,head,0.9993915423613806,DBpedia
http://ns.inria.fr/zoomathia/CASSIANUS_BASSUS/geoponica/e/16/8/text/1,http://dbpedia.org/resource/Horse,horse,0.9991055972273362,DBpedia
http://ns.inria.fr/zoomathia/CASSIANUS_BASSUS/geoponica/e/16/8/text/1,http://dbpedia.org/resource/Temperature,warm,0.7455205027018532,DBpedia
http://ns.inria.fr/zoomathia/CASSIANUS_BASSUS/geoponica/e/16/8/text/1,http://dbpedia.org/resource/Water,water,0.9918703608812067,DBpedia
http://ns.inria.fr/zoomathia/CASSIANUS_BASSUS/geoponica/e/16/8/text/1,http://dbpedia.org/resource/Mixed_drink,mixed,0.996110802717122,DBpedia
http://ns.inria.fr/zoomathia/CASSIANUS_BASSUS/geoponica/e/16/8/text/1,http://dbpedia.org/resource/Convalescence,convalescent,0.9999999757856702,DBpedia
http://ns.inria.fr/zoomathia/CASSIANUS_BASSUS/geoponica/e/16/8/text/1,http://dbpedia.org/resource/Vegetable_oil,oil,0.9182761548700475,DBpedia
http://ns.inria.fr/zoomathia/CASSIANUS_BASSUS/geoponica/e/16/8/text/1,http://dbpedia.org/resource/Nostril,nostrils,0.9999801146613695,DBpedia
http://ns.inria.fr/zoomathia/CASSIANUS_BASSUS/geoponica/e/16/8/text/1,http://dbpedia.org/resource/Pork_rind,rind,0.5875091233505756,DBpedia
http://ns.inria.fr/zoomathia/CASSIANUS_BASSUS/geoponica/e/16/8/text/1,http://dbpedia.org/resource/Pomegranate,pomegranate,1.0,DBpedia
http://ns.inria.fr/zoomathia/CASSIANUS_BASSUS/geoponica/e/16/8/text/1,http://dbpedia.org/resource/Flux,flux,0.9942264867950935,DBpedia
http://ns.inria.fr/zoomathia/CASSIANUS_BASSUS/geoponica/e/16/8/text/1,http://dbpedia.org/resource/Syrians,Syrian,0.4684273888124899,DBpedia
http://ns.inria.fr/zoomathia/CASSIANUS_BASSUS/geoponica/e/16/8/text/1,http://dbpedia.org/resource/Sumac,sumach,1.0,DBpedia
http://ns.inria.fr/zoomathia/CASSIANUS_BASSUS/geoponica/e/16/8/text/1,http://dbpedia.org/resource/Human_mouth,mouth,0.5250641620885312,DBpedia
http://ns.inria.fr/zoomathia/CASSIANUS_BASSUS/geoponica/e/16/9/text/1,https://opentheso.huma-num.fr/?idc=pcrt6i8AcPBoY2&idt=th310,horse,1,zoomathia_match
http://ns.inria.fr/zoomathia/CASSIANUS_BASSUS/geoponica/e/16/9/text/1,https://opentheso.huma-num.fr/?idc=105646&idt=th310,warm,1,zoomathia_match
http://ns.inria.fr/zoomathia/CASSIANUS_BASSUS/geoponica/e/16/9/text/1,https://opentheso.huma-num.fr/?idc=107576&idt=th310,water,1,zoomathia_match
http://ns.inria.fr/zoomathia/CASSIANUS_BASSUS/geoponica/e/16/9/text/1,https://opentheso.huma-num.fr/?idc=pcrt3mTg9h3RFE&idt=th310,wine,1,zoomathia_match
http://ns.inria.fr/zoomathia/CASSIANUS_BASSUS/geoponica/e/16/9/text/1,https://opentheso.huma-num.fr/?idc=pcrttvE2YZwZu6&idt=th310,oil,1,zoomathia_match
http://ns.inria.fr/zoomathia/CASSIANUS_BASSUS/geoponica/e/16/9/text/1,https://opentheso.huma-num.fr/?idc=105646&idt=th310,warm,1,zoomathia_match
http://ns.inria.fr/zoomathia/CASSIANUS_BASSUS/geoponica/e/16/9/text/1,https://opentheso.huma-num.fr/?idc=105148&idt=th310,belly,1,zoomathia_match
http://ns.inria.fr/zoomathia/CASSIANUS_BASSUS/geoponica/e/16/9/text/1,https://opentheso.huma-num.fr/?idc=105692&idt=th310,sea,1,zoomathia_match
http://ns.inria.fr/zoomathia/CASSIANUS_BASSUS/geoponica/e/16/9/text/1,https://opentheso.huma-num.fr/?idc=107576&idt=th310,water,1,zoomathia_match
http://ns.inria.fr/zoomathia/CASSIANUS_BASSUS/geoponica/e/16/9/text/1,https://opentheso.huma-num.fr/?idc=107596&idt=th310,leaves,1,zoomathia_match
http://ns.inria.fr/zoomathia/CASSIANUS_BASSUS/geoponica/e/16/9/text/1,https://opentheso.huma-num.fr/?idc=pcrtd6p9oHq1Tf&idt=th310,black,1,zoomathia_match
http://ns.inria.fr/zoomathia/CASSIANUS_BASSUS/geoponica/e/16/9/text/1,https://opentheso.huma-num.fr/?idc=pcrt3kpULwWUS2&idt=th310,black,1,zoomathia_match
http://ns.inria.fr/zoomathia/CASSIANUS_BASSUS/geoponica/e/16/9/text/1,https://opentheso.huma-num.fr/?idc=pcrt3mTg9h3RFE&idt=th310,wine,1,zoomathia_match
http://ns.inria.fr/zoomathia/CASSIANUS_BASSUS/geoponica/e/16/9/text/1,https://opentheso.huma-num.fr/?idc=107576&idt=th310,water,1,zoomathia_match
http://ns.inria.fr/zoomathia/CASSIANUS_BASSUS/geoponica/e/16/9/text/1,https://opentheso.huma-num.fr/?idc=pcrt6z097U6IUf&idt=th310,drink,1,zoomathia_match
http://ns.inria.fr/zoomathia/CASSIANUS_BASSUS/geoponica/e/16/9/text/1,https://opentheso.huma-num.fr/?idc=pcrtsPauzzRS5z&idt=th310,honey,1,zoomathia_match
http://ns.inria.fr/zoomathia/CASSIANUS_BASSUS/geoponica/e/16/9/text/1,https://opentheso.huma-num.fr/?idc=pcrt3mTg9h3RFE&idt=th310,wine,1,zoomathia_match
http://ns.inria.fr/zoomathia/CASSIANUS_BASSUS/geoponica/e/16/9/text/1,https://opentheso.huma-num.fr/?idc=107576&idt=th310,water,1,zoomathia_match
http://ns.inria.fr/zoomathia/CASSIANUS_BASSUS/geoponica/e/16/9/text/1,https://opentheso.huma-num.fr/?idc=pcrt4vKMQQ6elk&idt=th310,barley,1,zoomathia_match
http://ns.inria.fr/zoomathia/CASSIANUS_BASSUS/geoponica/e/16/9/text/1,https://opentheso.huma-num.fr/?idc=pcrt6i8AcPBoY2&idt=th310,Horses,1,zoomathia_match
http://ns.inria.fr/zoomathia/CASSIANUS_BASSUS/geoponica/e/16/9/text/1,https://opentheso.huma-num.fr/?idc=pcrttvE2YZwZu6&idt=th310,oil,1,zoomathia_match
http://ns.inria.fr/zoomathia/CASSIANUS_BASSUS/geoponica/e/16/9/text/1,https://opentheso.huma-num.fr/?idc=105646&idt=th310,warmed,1,zoomathia_match
http://ns.inria.fr/zoomathia/CASSIANUS_BASSUS/geoponica/e/16/9/text/1,https://opentheso.huma-num.fr/?idc=pcrt3mTg9h3RFE&idt=th310,wine,1,zoomathia_match
http://ns.inria.fr/zoomathia/CASSIANUS_BASSUS/geoponica/e/16/9/text/1,https://opentheso.huma-num.fr/?idc=107576&idt=th310,water,1,zoomathia_match
http://ns.inria.fr/zoomathia/CASSIANUS_BASSUS/geoponica/e/16/9/text/1,https://opentheso.huma-num.fr/?idc=pcrto44p1SaKFn&idt=th310,clay,1,zoomathia_match
http://ns.inria.fr/zoomathia/CASSIANUS_BASSUS/geoponica/e/16/9/text/1,https://opentheso.huma-num.fr/?idc=105148&idt=th310,belly,1,zoomathia_match
http://ns.inria.fr/zoomathia/CASSIANUS_BASSUS/geoponica/e/16/9/text/1,https://www.wikidata.org/wiki/Q3272867,medica,0.5331,wikidata
http://ns.inria.fr/zoomathia/CASSIANUS_BASSUS/geoponica/e/16/9/text/1,http://dbpedia.org/resource/Washing,wash,0.9999406385260706,DBpedia
http://ns.inria.fr/zoomathia/CASSIANUS_BASSUS/geoponica/e/16/9/text/1,http://dbpedia.org/resource/Horse,horse,0.9984657815766208,DBpedia
http://ns.inria.fr/zoomathia/CASSIANUS_BASSUS/geoponica/e/16/9/text/1,http://dbpedia.org/resource/Temperature,warm,0.9999742666440694,DBpedia
http://ns.inria.fr/zoomathia/CASSIANUS_BASSUS/geoponica/e/16/9/text/1,http://dbpedia.org/resource/Water,water,0.9999969613027827,DBpedia
http://ns.inria.fr/zoomathia/CASSIANUS_BASSUS/geoponica/e/16/9/text/1,http://dbpedia.org/resource/Groundcover,cover,0.742236407506596,DBpedia
http://ns.inria.fr/zoomathia/CASSIANUS_BASSUS/geoponica/e/16/9/text/1,http://dbpedia.org/resource/Armenian_dram,drams,0.9999999999998863,DBpedia
http://ns.inria.fr/zoomathia/CASSIANUS_BASSUS/geoponica/e/16/9/text/1,http://dbpedia.org/resource/Myrrh,myrrh,1.0,DBpedia
http://ns.inria.fr/zoomathia/CASSIANUS_BASSUS/geoponica/e/16/9/text/1,http://dbpedia.org/resource/Wine,wine,0.9957686320988188,DBpedia
http://ns.inria.fr/zoomathia/CASSIANUS_BASSUS/geoponica/e/16/9/text/1,http://dbpedia.org/resource/Vegetable_oil,oil,0.9867993821216154,DBpedia
http://ns.inria.fr/zoomathia/CASSIANUS_BASSUS/geoponica/e/16/9/text/1,http://dbpedia.org/resource/Percolation,percolated,1.0,DBpedia
http://ns.inria.fr/zoomathia/CASSIANUS_BASSUS/geoponica/e/16/9/text/1,http://dbpedia.org/resource/Dual_carriageway,divided,0.798836137537726,DBpedia
http://ns.inria.fr/zoomathia/CASSIANUS_BASSUS/geoponica/e/16/9/text/1,http://dbpedia.org/resource/Parts-per_notation,parts,0.6562125787719933,DBpedia
http://ns.inria.fr/zoomathia/CASSIANUS_BASSUS/geoponica/e/16/9/text/1,http://dbpedia.org/resource/Temperature,warm,0.9999742666440694,DBpedia
http://ns.inria.fr/zoomathia/CASSIANUS_BASSUS/geoponica/e/16/9/text/1,http://dbpedia.org/resource/Pork_belly,belly,0.9771361660134338,DBpedia
http://ns.inria.fr/zoomathia/CASSIANUS_BASSUS/geoponica/e/16/9/text/1,http://dbpedia.org/resource/Pungency,hot,0.5865427423711533,DBpedia
http://ns.inria.fr/zoomathia/CASSIANUS_BASSUS/geoponica/e/16/9/text/1,http://dbpedia.org/resource/Decoction,decoction,1.0,DBpedia
http://ns.inria.fr/zoomathia/CASSIANUS_BASSUS/geoponica/e/16/9/text/1,http://dbpedia.org/resource/Leaf,leaves,0.9996984272137084,DBpedia
http://ns.inria.fr/zoomathia/CASSIANUS_BASSUS/geoponica/e/16/9/text/1,http://dbpedia.org/resource/Mixed_drink,mixed,0.9995349199037149,DBpedia
http://ns.inria.fr/zoomathia/CASSIANUS_BASSUS/geoponica/e/16/9/text/1,http://dbpedia.org/resource/Beer_measurement,strong,0.8649957573139218,DBpedia
http://ns.inria.fr/zoomathia/CASSIANUS_BASSUS/geoponica/e/16/9/text/1,http://dbpedia.org/resource/Black_Wine,black wine,0.9999999599348265,DBpedia
http://ns.inria.fr/zoomathia/CASSIANUS_BASSUS/geoponica/e/16/9/text/1,http://dbpedia.org/resource/Cheese,rind,0.9255342572043768,DBpedia
http://ns.inria.fr/zoomathia/CASSIANUS_BASSUS/geoponica/e/16/9/text/1,http://dbpedia.org/resource/Pomegranate,pomegranate,1.0,DBpedia
http://ns.inria.fr/zoomathia/CASSIANUS_BASSUS/geoponica/e/16/9/text/1,http://dbpedia.org/resource/Water,water,0.9999969613027827,DBpedia
http://ns.inria.fr/zoomathia/CASSIANUS_BASSUS/geoponica/e/16/9/text/1,http://dbpedia.org/resource/Egalitarianism,equal,0.6193202877359213,DBpedia
http://ns.inria.fr/zoomathia/CASSIANUS_BASSUS/geoponica/e/16/9/text/1,http://dbpedia.org/resource/Quantity,quantity,0.6637068186000983,DBpedia
http://ns.inria.fr/zoomathia/CASSIANUS_BASSUS/geoponica/e/16/9/text/1,http://dbpedia.org/resource/Parsley,parsley,1.0,DBpedia
http://ns.inria.fr/zoomathia/CASSIANUS_BASSUS/geoponica/e/16/9/text/1,http://dbpedia.org/resource/Church_service,service,0.6396386371484368,DBpedia
http://ns.inria.fr/zoomathia/CASSIANUS_BASSUS/geoponica/e/16/9/text/1,http://dbpedia.org/resource/Egalitarianism,equal,0.6193202877359213,DBpedia
http://ns.inria.fr/zoomathia/CASSIANUS_BASSUS/geoponica/e/16/9/text/1,http://dbpedia.org/resource/Quantity,quantity,0.6637068186000983,DBpedia
http://ns.inria.fr/zoomathia/CASSIANUS_BASSUS/geoponica/e/16/9/text/1,http://dbpedia.org/resource/Honey,honey,1.0,DBpedia
http://ns.inria.fr/zoomathia/CASSIANUS_BASSUS/geoponica/e/16/9/text/1,http://dbpedia.org/resource/Wine,wine,0.9957686320988188,DBpedia
http://ns.inria.fr/zoomathia/CASSIANUS_BASSUS/geoponica/e/16/9/text/1,http://dbpedia.org/resource/Seed,seed,0.9999999985584509,DBpedia
http://ns.inria.fr/zoomathia/CASSIANUS_BASSUS/geoponica/e/16/9/text/1,http://dbpedia.org/resource/Water,water,0.9999969613027827,DBpedia
http://ns.inria.fr/zoomathia/CASSIANUS_BASSUS/geoponica/e/16/9/text/1,http://dbpedia.org/resource/Seed,seed,0.9999999985584509,DBpedia
http://ns.inria.fr/zoomathia/CASSIANUS_BASSUS/geoponica/e/16/9/text/1,http://dbpedia.org/resource/MEDICA,medica,0.9999997793818481,DBpedia
http://ns.inria.fr/zoomathia/CASSIANUS_BASSUS/geoponica/e/16/9/text/1,http://dbpedia.org/resource/Barley,barley,0.9999999999906777,DBpedia
http://ns.inria.fr/zoomathia/CASSIANUS_BASSUS/geoponica/e/16/9/text/1,http://dbpedia.org/resource/Wine_tasting,served,0.46676650446879947,DBpedia
http://ns.inria.fr/zoomathia/CASSIANUS_BASSUS/geoponica/e/16/9/text/1,http://dbpedia.org/resource/Horse,Horses,0.9452963364478534,DBpedia
http://ns.inria.fr/zoomathia/CASSIANUS_BASSUS/geoponica/e/16/9/text/1,http://dbpedia.org/resource/Decoction,decoction,1.0,DBpedia
http://ns.inria.fr/zoomathia/CASSIANUS_BASSUS/geoponica/e/16/9/text/1,http://dbpedia.org/resource/Beetroot,beet,0.9998581886941386,DBpedia
http://ns.inria.fr/zoomathia/CASSIANUS_BASSUS/geoponica/e/16/9/text/1,http://dbpedia.org/resource/Armenian_dram,drams,0.9999999999998863,DBpedia
http://ns.inria.fr/zoomathia/CASSIANUS_BASSUS/geoponica/e/16/9/text/1,http://dbpedia.org/resource/Niter,nitre,0.8159323785122696,DBpedia
http://ns.inria.fr/zoomathia/CASSIANUS_BASSUS/geoponica/e/16/9/text/1,http://dbpedia.org/resource/Armenian_dram,drams,0.9999999999998863,DBpedia
http://ns.inria.fr/zoomathia/CASSIANUS_BASSUS/geoponica/e/16/9/text/1,http://dbpedia.org/resource/Vegetable_oil,oil,0.9867993821216154,DBpedia
http://ns.inria.fr/zoomathia/CASSIANUS_BASSUS/geoponica/e/16/9/text/1,http://dbpedia.org/resource/Niter,nitre,0.8159323785122696,DBpedia
http://ns.inria.fr/zoomathia/CASSIANUS_BASSUS/geoponica/e/16/9/text/1,http://dbpedia.org/resource/Wine,wine,0.9957686320988188,DBpedia
http://ns.inria.fr/zoomathia/CASSIANUS_BASSUS/geoponica/e/16/9/text/1,http://dbpedia.org/resource/Water,water,0.9999969613027827,DBpedia
http://ns.inria.fr/zoomathia/CASSIANUS_BASSUS/geoponica/e/16/9/text/1,http://dbpedia.org/resource/Soil,ground,0.9969195363597578,DBpedia
http://ns.inria.fr/zoomathia/CASSIANUS_BASSUS/geoponica/e/16/9/text/1,http://dbpedia.org/resource/Clay,clay,0.9999718010730364,DBpedia
http://ns.inria.fr/zoomathia/CASSIANUS_BASSUS/geoponica/e/16/9/text/1,http://dbpedia.org/resource/Date_honey,rub,0.999945259405123,DBpedia
http://ns.inria.fr/zoomathia/CASSIANUS_BASSUS/geoponica/e/16/9/text/1,http://dbpedia.org/resource/Animal_fat,animal,0.9975334360384706,DBpedia
http://ns.inria.fr/zoomathia/CASSIANUS_BASSUS/geoponica/e/16/9/text/1,http://dbpedia.org/resource/Pork_belly,belly,0.9771361660134338,DBpedia
http://ns.inria.fr/zoomathia/CASSIANUS_BASSUS/geoponica/e/16/9/text/1,http://dbpedia.org/resource/Indian_removal,remove,0.6008256519521737,DBpedia
http://ns.inria.fr/zoomathia/CASSIANUS_BASSUS/geoponica/e/16/10/text/1,https://opentheso.huma-num.fr/?idc=107195&idt=th310,vinegar,1,zoomathia_match
http://ns.inria.fr/zoomathia/CASSIANUS_BASSUS/geoponica/e/16/10/text/1,https://opentheso.huma-num.fr/?idc=105646&idt=th310,warmed,1,zoomathia_match
http://ns.inria.fr/zoomathia/CASSIANUS_BASSUS/geoponica/e/16/10/text/1,https://opentheso.huma-num.fr/?idc=pcrtmwjz8S1ZgH&idt=th310,cures,1,zoomathia_match
http://ns.inria.fr/zoomathia/CASSIANUS_BASSUS/geoponica/e/16/10/text/1,https://opentheso.huma-num.fr/?idc=105206&idt=th310,lungs,1,zoomathia_match
http://ns.inria.fr/zoomathia/CASSIANUS_BASSUS/geoponica/e/16/10/text/1,https://opentheso.huma-num.fr/?idc=105408&idt=th310,urine,1,zoomathia_match
http://ns.inria.fr/zoomathia/CASSIANUS_BASSUS/geoponica/e/16/10/text/1,https://opentheso.huma-num.fr/?idc=105550&idt=th310,care,1,zoomathia_match
http://ns.inria.fr/zoomathia/CASSIANUS_BASSUS/geoponica/e/16/10/text/1,http://dbpedia.org/resource/Sharp_Corporation,SHARP,0.9981176783469968,DBpedia
http://ns.inria.fr/zoomathia/CASSIANUS_BASSUS/geoponica/e/16/10/text/1,http://dbpedia.org/resource/Vinegar,vinegar,0.9999999032980658,DBpedia
http://ns.inria.fr/zoomathia/CASSIANUS_BASSUS/geoponica/e/16/10/text/1,http://dbpedia.org/resource/Cure,cures,0.9996906816466435,DBpedia
http://ns.inria.fr/zoomathia/CASSIANUS_BASSUS/geoponica/e/16/10/text/1,http://dbpedia.org/resource/Disease,diseases,0.9870662520849949,DBpedia
http://ns.inria.fr/zoomathia/CASSIANUS_BASSUS/geoponica/e/16/10/text/1,http://dbpedia.org/resource/Settler,settled,0.7237367352056608,DBpedia
http://ns.inria.fr/zoomathia/CASSIANUS_BASSUS/geoponica/e/16/10/text/1,http://dbpedia.org/resource/Lung,lungs,0.9932423398300879,DBpedia
http://ns.inria.fr/zoomathia/CASSIANUS_BASSUS/geoponica/e/16/10/text/1,http://dbpedia.org/resource/Human,human,0.9947569807474982,DBpedia
http://ns.inria.fr/zoomathia/CASSIANUS_BASSUS/geoponica/e/16/10/text/1,http://dbpedia.org/resource/Urine,urine,0.9893349970388826,DBpedia
http://ns.inria.fr/zoomathia/CASSIANUS_BASSUS/geoponica/e/16/10/text/1,http://dbpedia.org/resource/Armenian_dram,drams,0.999927575035715,DBpedia
http://ns.inria.fr/zoomathia/CASSIANUS_BASSUS/geoponica/e/16/10/text/1,http://dbpedia.org/resource/Melting,melted,0.9977688046050063,DBpedia
http://ns.inria.fr/zoomathia/CASSIANUS_BASSUS/geoponica/e/16/10/text/1,http://dbpedia.org/resource/Lard,lard,0.9999999999992042,DBpedia
http://ns.inria.fr/zoomathia/CASSIANUS_BASSUS/geoponica/e/16/10/text/1,http://dbpedia.org/resource/Health_care,care,0.9554002344903743,DBpedia
http://ns.inria.fr/zoomathia/CASSIANUS_BASSUS/geoponica/e/16/10/text/1,http://dbpedia.org/resource/Windows_Genuine_Advantage,genuine,0.4918984487358381,DBpedia
http://ns.inria.fr/zoomathia/CASSIANUS_BASSUS/geoponica/e/16/11/text/1,https://opentheso.huma-num.fr/?idc=pcrt4vKMQQ6elk&idt=th310,barley,1,zoomathia_match
http://ns.inria.fr/zoomathia/CASSIANUS_BASSUS/geoponica/e/16/11/text/1,https://opentheso.huma-num.fr/?idc=pcrtDm4SzIGTiV&idt=th310,meal,1,zoomathia_match
http://ns.inria.fr/zoomathia/CASSIANUS_BASSUS/geoponica/e/16/11/text/1,https://opentheso.huma-num.fr/?idc=107521&idt=th310,beans,1,zoomathia_match
http://ns.inria.fr/zoomathia/CASSIANUS_BASSUS/geoponica/e/16/11/text/1,https://opentheso.huma-num.fr/?idc=pcrtsPauzzRS5z&idt=th310,honey,1,zoomathia_match
http://ns.inria.fr/zoomathia/CASSIANUS_BASSUS/geoponica/e/16/11/text/1,https://opentheso.huma-num.fr/?idc=pcrtc6RmFQxFuS&idt=th310,pitch,1,zoomathia_match
http://ns.inria.fr/zoomathia/CASSIANUS_BASSUS/geoponica/e/16/11/text/1,https://opentheso.huma-num.fr/?idc=pcrttvE2YZwZu6&idt=th310,oil,1,zoomathia_match
http://ns.inria.fr/zoomathia/CASSIANUS_BASSUS/geoponica/e/16/11/text/1,https://opentheso.huma-num.fr/?idc=pcrttvE2YZwZu6&idt=th310,oil,1,zoomathia_match
http://ns.inria.fr/zoomathia/CASSIANUS_BASSUS/geoponica/e/16/11/text/1,https://opentheso.huma-num.fr/?idc=pcrthmVBQESXy2&idt=th310,salt,1,zoomathia_match
http://ns.inria.fr/zoomathia/CASSIANUS_BASSUS/geoponica/e/16/11/text/1,https://opentheso.huma-num.fr/?idc=pcrtyos9ZtSwBE&idt=th310,salt,1,zoomathia_match
http://ns.inria.fr/zoomathia/CASSIANUS_BASSUS/geoponica/e/16/11/text/1,https://opentheso.huma-num.fr/?idc=pcrt3mTg9h3RFE&idt=th310,wine,1,zoomathia_match
http://ns.inria.fr/zoomathia/CASSIANUS_BASSUS/geoponica/e/16/11/text/1,https://opentheso.huma-num.fr/?idc=pcrttvE2YZwZu6&idt=th310,oil,1,zoomathia_match
http://ns.inria.fr/zoomathia/CASSIANUS_BASSUS/geoponica/e/16/11/text/1,https://opentheso.huma-num.fr/?idc=107387&idt=th310,root,1,zoomathia_match
http://ns.inria.fr/zoomathia/CASSIANUS_BASSUS/geoponica/e/16/11/text/1,https://opentheso.huma-num.fr/?idc=106004&idt=th310,wild,1,zoomathia_match
http://ns.inria.fr/zoomathia/CASSIANUS_BASSUS/geoponica/e/16/11/text/1,https://opentheso.huma-num.fr/?idc=105917&idt=th310,rue,1,zoomathia_match
http://ns.inria.fr/zoomathia/CASSIANUS_BASSUS/geoponica/e/16/11/text/1,https://opentheso.huma-num.fr/?idc=pcrto2Udjh8XSP&idt=th310,frankincense,1,zoomathia_match
http://ns.inria.fr/zoomathia/CASSIANUS_BASSUS/geoponica/e/16/11/text/1,https://opentheso.huma-num.fr/?idc=pcrttvE2YZwZu6&idt=th310,oil,1,zoomathia_match
http://ns.inria.fr/zoomathia/CASSIANUS_BASSUS/geoponica/e/16/11/text/1,http://dbpedia.org/resource/Potion,potion,0.6645529292834118,DBpedia
http://ns.inria.fr/zoomathia/CASSIANUS_BASSUS/geoponica/e/16/11/text/1,http://dbpedia.org/resource/Mixed_drink,mixed,0.9999886438596587,DBpedia
http://ns.inria.fr/zoomathia/CASSIANUS_BASSUS/geoponica/e/16/11/text/1,http://dbpedia.org/resource/Vicia,vetches,1.0,DBpedia
http://ns.inria.fr/zoomathia/CASSIANUS_BASSUS/geoponica/e/16/11/text/1,http://dbpedia.org/resource/Bean,beans,0.9339897649958273,DBpedia
http://ns.inria.fr/zoomathia/CASSIANUS_BASSUS/geoponica/e/16/11/text/1,http://dbpedia.org/resource/Cough,cough,1.0,DBpedia
http://ns.inria.fr/zoomathia/CASSIANUS_BASSUS/geoponica/e/16/11/text/1,http://dbpedia.org/resource/Confirmation,confirmed,0.9153153813660634,DBpedia
http://ns.inria.fr/zoomathia/CASSIANUS_BASSUS/geoponica/e/16/11/text/1,http://dbpedia.org/resource/Cough,cough,1.0,DBpedia
http://ns.inria.fr/zoomathia/CASSIANUS_BASSUS/geoponica/e/16/11/text/1,http://dbpedia.org/resource/Honey,honey,1.0,DBpedia
http://ns.inria.fr/zoomathia/CASSIANUS_BASSUS/geoponica/e/16/11/text/1,http://dbpedia.org/resource/Egalitarianism,equal,0.5483436275132708,DBpedia
http://ns.inria.fr/zoomathia/CASSIANUS_BASSUS/geoponica/e/16/11/text/1,http://dbpedia.org/resource/Concentration,quantity,0.7655776218362722,DBpedia
http://ns.inria.fr/zoomathia/CASSIANUS_BASSUS/geoponica/e/16/11/text/1,http://dbpedia.org/resource/Screw_thread,pitch,0.9434084752012183,DBpedia
http://ns.inria.fr/zoomathia/CASSIANUS_BASSUS/geoponica/e/16/11/text/1,http://dbpedia.org/resource/Vegetable_oil,oil,0.9704657579876642,DBpedia
http://ns.inria.fr/zoomathia/CASSIANUS_BASSUS/geoponica/e/16/11/text/1,http://dbpedia.org/resource/Four-and-Twenty,four-and-twenty,0.9999998476935277,DBpedia
http://ns.inria.fr/zoomathia/CASSIANUS_BASSUS/geoponica/e/16/11/text/1,http://dbpedia.org/resource/Armenian_dram,drams,0.9999999999991473,DBpedia
http://ns.inria.fr/zoomathia/CASSIANUS_BASSUS/geoponica/e/16/11/text/1,http://dbpedia.org/resource/Melting,melted,0.9996435277744109,DBpedia
http://ns.inria.fr/zoomathia/CASSIANUS_BASSUS/geoponica/e/16/11/text/1,http://dbpedia.org/resource/Butter,butter,0.9999999999957936,DBpedia
http://ns.inria.fr/zoomathia/CASSIANUS_BASSUS/geoponica/e/16/11/text/1,http://dbpedia.org/resource/Addition,addition,0.9963072188482214,DBpedia
http://ns.inria.fr/zoomathia/CASSIANUS_BASSUS/geoponica/e/16/11/text/1,http://dbpedia.org/resource/Neutron_moderator,moderate,0.9332547770181071,DBpedia
http://ns.inria.fr/zoomathia/CASSIANUS_BASSUS/geoponica/e/16/11/text/1,http://dbpedia.org/resource/Concentration,quantity,0.7655776218362722,DBpedia
http://ns.inria.fr/zoomathia/CASSIANUS_BASSUS/geoponica/e/16/11/text/1,http://dbpedia.org/resource/Staling,stale,1.0,DBpedia
http://ns.inria.fr/zoomathia/CASSIANUS_BASSUS/geoponica/e/16/11/text/1,http://dbpedia.org/resource/Lard,lard,1.0,DBpedia
http://ns.inria.fr/zoomathia/CASSIANUS_BASSUS/geoponica/e/16/11/text/1,http://dbpedia.org/resource/Removal_jurisdiction,removed,0.556216243320208,DBpedia
http://ns.inria.fr/zoomathia/CASSIANUS_BASSUS/geoponica/e/16/11/text/1,http://dbpedia.org/resource/Pound_sterling,pound,0.9974744520958638,DBpedia
http://ns.inria.fr/zoomathia/CASSIANUS_BASSUS/geoponica/e/16/11/text/1,http://dbpedia.org/resource/Marrubium_vulgare,horehound,1.0,DBpedia
http://ns.inria.fr/zoomathia/CASSIANUS_BASSUS/geoponica/e/16/11/text/1,http://dbpedia.org/resource/Vegetable_oil,oil,0.9704657579876642,DBpedia
http://ns.inria.fr/zoomathia/CASSIANUS_BASSUS/geoponica/e/16/11/text/1,http://dbpedia.org/resource/Percolation,percolated,1.0,DBpedia
http://ns.inria.fr/zoomathia/CASSIANUS_BASSUS/geoponica/e/16/11/text/1,http://dbpedia.org/resource/Wine,wine,0.9867025341680908,DBpedia
http://ns.inria.fr/zoomathia/CASSIANUS_BASSUS/geoponica/e/16/11/text/1,http://dbpedia.org/resource/Sugar,juice,0.9690727270084109,DBpedia
http://ns.inria.fr/zoomathia/CASSIANUS_BASSUS/geoponica/e/16/11/text/1,http://dbpedia.org/resource/Marrubium_vulgare,horehound,1.0,DBpedia
http://ns.inria.fr/zoomathia/CASSIANUS_BASSUS/geoponica/e/16/11/text/1,http://dbpedia.org/resource/Vegetable_oil,oil,0.9704657579876642,DBpedia
http://ns.inria.fr/zoomathia/CASSIANUS_BASSUS/geoponica/e/16/11/text/1,http://dbpedia.org/resource/Root,root,0.9999851994410199,DBpedia
http://ns.inria.fr/zoomathia/CASSIANUS_BASSUS/geoponica/e/16/11/text/1,http://dbpedia.org/resource/Wild_fisheries,wild,0.45807164751380197,DBpedia
http://ns.inria.fr/zoomathia/CASSIANUS_BASSUS/geoponica/e/16/11/text/1,http://dbpedia.org/resource/Ruta_graveolens,rue,0.9999999999911324,DBpedia
http://ns.inria.fr/zoomathia/CASSIANUS_BASSUS/geoponica/e/16/11/text/1,http://dbpedia.org/resource/Frankincense,frankincense,1.0,DBpedia
http://ns.inria.fr/zoomathia/CASSIANUS_BASSUS/geoponica/e/16/11/text/1,http://dbpedia.org/resource/Vegetable_oil,oil,0.9704657579876642,DBpedia
http://ns.inria.fr/zoomathia/CASSIANUS_BASSUS/geoponica/e/16/12/text/1,https://opentheso.huma-num.fr/?idc=105186&idt=th310,blood,1,zoomathia_match
http://ns.inria.fr/zoomathia/CASSIANUS_BASSUS/geoponica/e/16/12/text/1,https://opentheso.huma-num.fr/?idc=105917&idt=th310,rue,1,zoomathia_match
http://ns.inria.fr/zoomathia/CASSIANUS_BASSUS/geoponica/e/16/12/text/1,https://opentheso.huma-num.fr/?idc=107387&idt=th310,root,1,zoomathia_match
http://ns.inria.fr/zoomathia/CASSIANUS_BASSUS/geoponica/e/16/12/text/1,https://opentheso.huma-num.fr/?idc=107576&idt=th310,water,1,zoomathia_match
http://ns.inria.fr/zoomathia/CASSIANUS_BASSUS/geoponica/e/16/12/text/1,https://opentheso.huma-num.fr/?idc=pcrtGSslMASdGf&idt=th310,day,1,zoomathia_match
http://ns.inria.fr/zoomathia/CASSIANUS_BASSUS/geoponica/e/16/12/text/1,https://opentheso.huma-num.fr/?idc=pcrtLieaANMAud&idt=th310,wheat,1,zoomathia_match
http://ns.inria.fr/zoomathia/CASSIANUS_BASSUS/geoponica/e/16/12/text/1,https://opentheso.huma-num.fr/?idc=107576&idt=th310,water,1,zoomathia_match
http://ns.inria.fr/zoomathia/CASSIANUS_BASSUS/geoponica/e/16/12/text/1,https://opentheso.huma-num.fr/?idc=pcrt6z097U6IUf&idt=th310,drink,1,zoomathia_match
http://ns.inria.fr/zoomathia/CASSIANUS_BASSUS/geoponica/e/16/12/text/1,https://opentheso.huma-num.fr/?idc=105457&idt=th310,gregarious,1,zoomathia_match
http://ns.inria.fr/zoomathia/CASSIANUS_BASSUS/geoponica/e/16/12/text/1,https://opentheso.huma-num.fr/?idc=pcrt6i8AcPBoY2&idt=th310,horses,1,zoomathia_match
http://ns.inria.fr/zoomathia/CASSIANUS_BASSUS/geoponica/e/16/12/text/1,https://opentheso.huma-num.fr/?idc=pcrth6l0mevtSJ&idt=th310,garum,1,zoomathia_match
http://ns.inria.fr/zoomathia/CASSIANUS_BASSUS/geoponica/e/16/12/text/1,https://opentheso.huma-num.fr/?idc=pcrttvE2YZwZu6&idt=th310,oil,1,zoomathia_match
http://ns.inria.fr/zoomathia/CASSIANUS_BASSUS/geoponica/e/16/12/text/1,http://dbpedia.org/resource/Ladies_European_Tour,LET,0.6152816218950738,DBpedia
http://ns.inria.fr/zoomathia/CASSIANUS_BASSUS/geoponica/e/16/12/text/1,http://dbpedia.org/resource/Blood,blood,0.9693119597050981,DBpedia
http://ns.inria.fr/zoomathia/CASSIANUS_BASSUS/geoponica/e/16/12/text/1,http://dbpedia.org/resource/Traditional_Chinese_medicine,medicine,0.9689365340252547,DBpedia
http://ns.inria.fr/zoomathia/CASSIANUS_BASSUS/geoponica/e/16/12/text/1,http://dbpedia.org/resource/Prepared_guitar,prepared,0.9953238624152003,DBpedia
http://ns.inria.fr/zoomathia/CASSIANUS_BASSUS/geoponica/e/16/12/text/1,http://dbpedia.org/resource/Ruta_graveolens,rue,0.9999130028782067,DBpedia
http://ns.inria.fr/zoomathia/CASSIANUS_BASSUS/geoponica/e/16/12/text/1,http://dbpedia.org/resource/Root,root,0.9269960510852245,DBpedia
http://ns.inria.fr/zoomathia/CASSIANUS_BASSUS/geoponica/e/16/12/text/1,http://dbpedia.org/resource/Water,water,0.9476563624745337,DBpedia
http://ns.inria.fr/zoomathia/CASSIANUS_BASSUS/geoponica/e/16/12/text/1,http://dbpedia.org/resource/Armenian_dram,drams,0.9999999999988631,DBpedia
http://ns.inria.fr/zoomathia/CASSIANUS_BASSUS/geoponica/e/16/12/text/1,http://dbpedia.org/resource/Opopanax_(perfumery),opoponax,0.9619992332975541,DBpedia
http://ns.inria.fr/zoomathia/CASSIANUS_BASSUS/geoponica/e/16/12/text/1,http://dbpedia.org/resource/Mixed_drink,mixed,0.9961458591355187,DBpedia
http://ns.inria.fr/zoomathia/CASSIANUS_BASSUS/geoponica/e/16/12/text/1,http://dbpedia.org/resource/Animal,beast,0.9058932226863156,DBpedia
http://ns.inria.fr/zoomathia/CASSIANUS_BASSUS/geoponica/e/16/12/text/1,http://dbpedia.org/resource/Cattle_feeding,fed,0.7709853749917343,DBpedia
http://ns.inria.fr/zoomathia/CASSIANUS_BASSUS/geoponica/e/16/12/text/1,http://dbpedia.org/resource/Day,day,0.5871134979424003,DBpedia
http://ns.inria.fr/zoomathia/CASSIANUS_BASSUS/geoponica/e/16/12/text/1,http://dbpedia.org/resource/Night,night,0.9863814591286991,DBpedia
http://ns.inria.fr/zoomathia/CASSIANUS_BASSUS/geoponica/e/16/12/text/1,http://dbpedia.org/resource/Mixed_drink,mixed,0.9961458591355187,DBpedia
http://ns.inria.fr/zoomathia/CASSIANUS_BASSUS/geoponica/e/16/12/text/1,http://dbpedia.org/resource/Water,water,0.9476563624745337,DBpedia
http://ns.inria.fr/zoomathia/CASSIANUS_BASSUS/geoponica/e/16/12/text/1,http://dbpedia.org/resource/Disease,disease,0.9852928370847827,DBpedia
http://ns.inria.fr/zoomathia/CASSIANUS_BASSUS/geoponica/e/16/12/text/1,http://dbpedia.org/resource/Sociality,gregarious,0.994037734452452,DBpedia
http://ns.inria.fr/zoomathia/CASSIANUS_BASSUS/geoponica/e/16/12/text/1,http://dbpedia.org/resource/Horse,horses,0.9379288006731922,DBpedia
http://ns.inria.fr/zoomathia/CASSIANUS_BASSUS/geoponica/e/16/12/text/1,http://dbpedia.org/resource/Garum,garum,1.0,DBpedia
http://ns.inria.fr/zoomathia/CASSIANUS_BASSUS/geoponica/e/16/12/text/1,http://dbpedia.org/resource/Vegetable_oil,oil,0.6614015168934446,DBpedia
http://ns.inria.fr/zoomathia/CASSIANUS_BASSUS/geoponica/e/16/12/text/1,http://dbpedia.org/resource/Double_agent,double,0.40031115172806636,DBpedia
http://ns.inria.fr/zoomathia/CASSIANUS_BASSUS/geoponica/e/16/12/text/1,http://dbpedia.org/resource/Quantity,quantity,0.8259677221238286,DBpedia
http://ns.inria.fr/zoomathia/CASSIANUS_BASSUS/geoponica/e/16/13/text/1,https://opentheso.huma-num.fr/?idc=108759&idt=th310,onion,1,zoomathia_match
http://ns.inria.fr/zoomathia/CASSIANUS_BASSUS/geoponica/e/16/13/text/1,https://opentheso.huma-num.fr/?idc=105778&idt=th310,bladder,1,zoomathia_match
http://ns.inria.fr/zoomathia/CASSIANUS_BASSUS/geoponica/e/16/13/text/1,https://opentheso.huma-num.fr/?idc=pcrt3mTg9h3RFE&idt=th310,wine,1,zoomathia_match
http://ns.inria.fr/zoomathia/CASSIANUS_BASSUS/geoponica/e/16/13/text/1,https://opentheso.huma-num.fr/?idc=108759&idt=th310,onion,1,zoomathia_match
http://ns.inria.fr/zoomathia/CASSIANUS_BASSUS/geoponica/e/16/13/text/1,https://opentheso.huma-num.fr/?idc=pcrt3mTg9h3RFE&idt=th310,wine,1,zoomathia_match
http://ns.inria.fr/zoomathia/CASSIANUS_BASSUS/geoponica/e/16/13/text/1,https://opentheso.huma-num.fr/?idc=107596&idt=th310,leaves,1,zoomathia_match
http://ns.inria.fr/zoomathia/CASSIANUS_BASSUS/geoponica/e/16/13/text/1,https://opentheso.huma-num.fr/?idc=pcrtmFiiOHIboO&idt=th310,dried,1,zoomathia_match
http://ns.inria.fr/zoomathia/CASSIANUS_BASSUS/geoponica/e/16/13/text/1,https://opentheso.huma-num.fr/?idc=105124&idt=th310,head,1,zoomathia_match
http://ns.inria.fr/zoomathia/CASSIANUS_BASSUS/geoponica/e/16/13/text/1,https://opentheso.huma-num.fr/?idc=108723&idt=th310,garlic,1,zoomathia_match
http://ns.inria.fr/zoomathia/CASSIANUS_BASSUS/geoponica/e/16/13/text/1,https://opentheso.huma-num.fr/?idc=pcrt3mTg9h3RFE&idt=th310,wine,1,zoomathia_match
http://ns.inria.fr/zoomathia/CASSIANUS_BASSUS/geoponica/e/16/13/text/1,https://opentheso.huma-num.fr/?idc=pcrtd6p9oHq1Tf&idt=th310,black,1,zoomathia_match
http://ns.inria.fr/zoomathia/CASSIANUS_BASSUS/geoponica/e/16/13/text/1,https://opentheso.huma-num.fr/?idc=pcrt3kpULwWUS2&idt=th310,black,1,zoomathia_match
http://ns.inria.fr/zoomathia/CASSIANUS_BASSUS/geoponica/e/16/13/text/1,https://opentheso.huma-num.fr/?idc=pcrt3mTg9h3RFE&idt=th310,wine,1,zoomathia_match
http://ns.inria.fr/zoomathia/CASSIANUS_BASSUS/geoponica/e/16/13/text/1,http://dbpedia.org/resource/Onion,onion,0.9992566641844107,DBpedia
http://ns.inria.fr/zoomathia/CASSIANUS_BASSUS/geoponica/e/16/13/text/1,http://dbpedia.org/resource/External_iliac_lymph_nodes,external,0.9470234270183207,DBpedia
http://ns.inria.fr/zoomathia/CASSIANUS_BASSUS/geoponica/e/16/13/text/1,http://dbpedia.org/resource/Dog_coat,coat,0.9127308570669123,DBpedia
http://ns.inria.fr/zoomathia/CASSIANUS_BASSUS/geoponica/e/16/13/text/1,http://dbpedia.org/resource/Indian_removal,removed,0.7472261638944847,DBpedia
http://ns.inria.fr/zoomathia/CASSIANUS_BASSUS/geoponica/e/16/13/text/1,http://dbpedia.org/resource/Urinary_bladder,bladder,0.9833942439345599,DBpedia
http://ns.inria.fr/zoomathia/CASSIANUS_BASSUS/geoponica/e/16/13/text/1,http://dbpedia.org/resource/Wine,wine,0.9964612538977932,DBpedia
http://ns.inria.fr/zoomathia/CASSIANUS_BASSUS/geoponica/e/16/13/text/1,http://dbpedia.org/resource/Wine,wine,0.9964612538977932,DBpedia
http://ns.inria.fr/zoomathia/CASSIANUS_BASSUS/geoponica/e/16/13/text/1,http://dbpedia.org/resource/Columbidae,pigeons,0.9973245804208711,DBpedia
http://ns.inria.fr/zoomathia/CASSIANUS_BASSUS/geoponica/e/16/13/text/1,http://dbpedia.org/resource/Feces,dung,0.9557315905957723,DBpedia
http://ns.inria.fr/zoomathia/CASSIANUS_BASSUS/geoponica/e/16/13/text/1,http://dbpedia.org/resource/Leaf,leaves,0.9979956443312518,DBpedia
http://ns.inria.fr/zoomathia/CASSIANUS_BASSUS/geoponica/e/16/13/text/1,http://dbpedia.org/resource/Dried_meat,dried,0.5566504373767968,DBpedia
http://ns.inria.fr/zoomathia/CASSIANUS_BASSUS/geoponica/e/16/13/text/1,http://dbpedia.org/resource/Myrrh,myrrh,1.0,DBpedia
http://ns.inria.fr/zoomathia/CASSIANUS_BASSUS/geoponica/e/16/13/text/1,http://dbpedia.org/resource/Armenian_dram,drams,0.9999999999914735,DBpedia
http://ns.inria.fr/zoomathia/CASSIANUS_BASSUS/geoponica/e/16/13/text/1,http://dbpedia.org/resource/Niter,nitre,0.9944923386107364,DBpedia
http://ns.inria.fr/zoomathia/CASSIANUS_BASSUS/geoponica/e/16/13/text/1,http://dbpedia.org/resource/Head,head,0.9997693693579478,DBpedia
http://ns.inria.fr/zoomathia/CASSIANUS_BASSUS/geoponica/e/16/13/text/1,http://dbpedia.org/resource/Garlic,garlic,1.0,DBpedia
http://ns.inria.fr/zoomathia/CASSIANUS_BASSUS/geoponica/e/16/13/text/1,http://dbpedia.org/resource/Wine,wine,0.9964612538977932,DBpedia
http://ns.inria.fr/zoomathia/CASSIANUS_BASSUS/geoponica/e/16/13/text/1,http://dbpedia.org/resource/Black_Wine,black wine,0.9999999599348833,DBpedia
http://ns.inria.fr/zoomathia/CASSIANUS_BASSUS/geoponica/e/16/14/text/1,https://opentheso.huma-num.fr/?idc=107521&idt=th310,bean,1,zoomathia_match
http://ns.inria.fr/zoomathia/CASSIANUS_BASSUS/geoponica/e/16/14/text/1,https://opentheso.huma-num.fr/?idc=107531&idt=th310,flower,1,zoomathia_match
http://ns.inria.fr/zoomathia/CASSIANUS_BASSUS/geoponica/e/16/14/text/1,https://opentheso.huma-num.fr/?idc=pcrtm0wNp3ZYm9&idt=th310,stag,1,zoomathia_match
http://ns.inria.fr/zoomathia/CASSIANUS_BASSUS/geoponica/e/16/14/text/1,https://opentheso.huma-num.fr/?idc=pcrt3mTg9h3RFE&idt=th310,wine,1,zoomathia_match
http://ns.inria.fr/zoomathia/CASSIANUS_BASSUS/geoponica/e/16/14/text/1,https://opentheso.huma-num.fr/?idc=105131&idt=th310,mouth,1,zoomathia_match
http://ns.inria.fr/zoomathia/CASSIANUS_BASSUS/geoponica/e/16/14/text/1,https://opentheso.huma-num.fr/?idc=pcrtGSslMASdGf&idt=th310,days,1,zoomathia_match
http://ns.inria.fr/zoomathia/CASSIANUS_BASSUS/geoponica/e/16/14/text/1,https://opentheso.huma-num.fr/?idc=pcrt3jcrAaRENB&idt=th310,goats,1,zoomathia_match
http://ns.inria.fr/zoomathia/CASSIANUS_BASSUS/geoponica/e/16/14/text/1,https://opentheso.huma-num.fr/?idc=pcrtAWl3eAUQlA&idt=th310,milk,1,zoomathia_match
http://ns.inria.fr/zoomathia/CASSIANUS_BASSUS/geoponica/e/16/14/text/1,https://opentheso.huma-num.fr/?idc=105548&idt=th310,eggs,1,zoomathia_match
http://ns.inria.fr/zoomathia/CASSIANUS_BASSUS/geoponica/e/16/14/text/1,https://opentheso.huma-num.fr/?idc=pcrttvE2YZwZu6&idt=th310,oil,1,zoomathia_match
http://ns.inria.fr/zoomathia/CASSIANUS_BASSUS/geoponica/e/16/14/text/1,http://dbpedia.org/resource/Having_(SQL),HAVING,0.8763642033697301,DBpedia
http://ns.inria.fr/zoomathia/CASSIANUS_BASSUS/geoponica/e/16/14/text/1,http://dbpedia.org/resource/Mixed_drink,mixed,0.9960316694399609,DBpedia
http://ns.inria.fr/zoomathia/CASSIANUS_BASSUS/geoponica/e/16/14/text/1,http://dbpedia.org/resource/Sustainable_energy,clean,0.6551010193296587,DBpedia
http://ns.inria.fr/zoomathia/CASSIANUS_BASSUS/geoponica/e/16/14/text/1,http://dbpedia.org/resource/Melting,melted,0.9977132842933135,DBpedia
http://ns.inria.fr/zoomathia/CASSIANUS_BASSUS/geoponica/e/16/14/text/1,http://dbpedia.org/resource/Wine,wine,0.9956952851339282,DBpedia
http://ns.inria.fr/zoomathia/CASSIANUS_BASSUS/geoponica/e/16/14/text/1,http://dbpedia.org/resource/Animal,beast,0.9030401062066463,DBpedia
http://ns.inria.fr/zoomathia/CASSIANUS_BASSUS/geoponica/e/16/14/text/1,http://dbpedia.org/resource/River_mouth,mouth,0.651238966234739,DBpedia
http://ns.inria.fr/zoomathia/CASSIANUS_BASSUS/geoponica/e/16/14/text/1,http://dbpedia.org/resource/Day,days,0.9369121959624161,DBpedia
http://ns.inria.fr/zoomathia/CASSIANUS_BASSUS/geoponica/e/16/14/text/1,http://dbpedia.org/resource/Goat,goats,0.999988971591838,DBpedia
http://ns.inria.fr/zoomathia/CASSIANUS_BASSUS/geoponica/e/16/14/text/1,http://dbpedia.org/resource/Milk,milk,0.9994293399836366,DBpedia
http://ns.inria.fr/zoomathia/CASSIANUS_BASSUS/geoponica/e/16/14/text/1,http://dbpedia.org/resource/Mina_(unit),mina,0.9925741415358204,DBpedia
http://ns.inria.fr/zoomathia/CASSIANUS_BASSUS/geoponica/e/16/14/text/1,http://dbpedia.org/resource/Egg_as_food,eggs,0.9985318323663946,DBpedia
http://ns.inria.fr/zoomathia/CASSIANUS_BASSUS/geoponica/e/16/14/text/1,http://dbpedia.org/resource/Vegetable_oil,oil,0.986526806771136,DBpedia
http://ns.inria.fr/zoomathia/CASSIANUS_BASSUS/geoponica/e/16/14/text/1,http://dbpedia.org/resource/Mixed_drink,mixed,0.9960316694399609,DBpedia
http://ns.inria.fr/zoomathia/CASSIANUS_BASSUS/geoponica/e/16/15/text/1,https://opentheso.huma-num.fr/?idc=105615&idt=th310,wounded,1,zoomathia_match
http://ns.inria.fr/zoomathia/CASSIANUS_BASSUS/geoponica/e/16/15/text/1,https://opentheso.huma-num.fr/?idc=107387&idt=th310,root,1,zoomathia_match
http://ns.inria.fr/zoomathia/CASSIANUS_BASSUS/geoponica/e/16/15/text/1,https://opentheso.huma-num.fr/?idc=pcrt5b3upaSrmK&idt=th310,iris,1,zoomathia_match
http://ns.inria.fr/zoomathia/CASSIANUS_BASSUS/geoponica/e/16/15/text/1,https://opentheso.huma-num.fr/?idc=pcrtWv2LKUDyjw&idt=th310,hemp,1,zoomathia_match
http://ns.inria.fr/zoomathia/CASSIANUS_BASSUS/geoponica/e/16/15/text/1,https://opentheso.huma-num.fr/?idc=pcrtsPauzzRS5z&idt=th310,honey,1,zoomathia_match
http://ns.inria.fr/zoomathia/CASSIANUS_BASSUS/geoponica/e/16/15/text/1,https://opentheso.huma-num.fr/?idc=105408&idt=th310,urine,1,zoomathia_match
http://ns.inria.fr/zoomathia/CASSIANUS_BASSUS/geoponica/e/16/15/text/1,http://dbpedia.org/resource/Vertebral_column,spine,0.9451843930456846,DBpedia
http://ns.inria.fr/zoomathia/CASSIANUS_BASSUS/geoponica/e/16/15/text/1,http://dbpedia.org/resource/Wound,wounded,0.9714221060771262,DBpedia
http://ns.inria.fr/zoomathia/CASSIANUS_BASSUS/geoponica/e/16/15/text/1,http://dbpedia.org/resource/Root,root,0.9998682355299076,DBpedia
http://ns.inria.fr/zoomathia/CASSIANUS_BASSUS/geoponica/e/16/15/text/1,http://dbpedia.org/resource/Iris_pseudacorus,iris,0.9859724862369037,DBpedia
http://ns.inria.fr/zoomathia/CASSIANUS_BASSUS/geoponica/e/16/15/text/1,http://dbpedia.org/resource/Rope,laid,0.9985882480487905,DBpedia
http://ns.inria.fr/zoomathia/CASSIANUS_BASSUS/geoponica/e/16/15/text/1,http://dbpedia.org/resource/Wood_ash,ashes,0.631808267636379,DBpedia
http://ns.inria.fr/zoomathia/CASSIANUS_BASSUS/geoponica/e/16/15/text/1,http://dbpedia.org/resource/Hemp,hemp,0.9998769153476567,DBpedia
http://ns.inria.fr/zoomathia/CASSIANUS_BASSUS/geoponica/e/16/15/text/1,http://dbpedia.org/resource/Honey,honey,0.999999616395331,DBpedia
http://ns.inria.fr/zoomathia/CASSIANUS_BASSUS/geoponica/e/16/15/text/1,http://dbpedia.org/resource/Stone_rubbing,rubbed,0.999977445476088,DBpedia
http://ns.inria.fr/zoomathia/CASSIANUS_BASSUS/geoponica/e/16/15/text/1,http://dbpedia.org/resource/Parts-per_notation,parts,0.9525765840272106,DBpedia
http://ns.inria.fr/zoomathia/CASSIANUS_BASSUS/geoponica/e/16/15/text/1,http://dbpedia.org/resource/Laundry,washed,0.8624017559094522,DBpedia
http://ns.inria.fr/zoomathia/CASSIANUS_BASSUS/geoponica/e/16/15/text/1,http://dbpedia.org/resource/Staling,stale,0.9999999981174881,DBpedia
http://ns.inria.fr/zoomathia/CASSIANUS_BASSUS/geoponica/e/16/15/text/1,http://dbpedia.org/resource/Urine,urine,0.9995143415641893,DBpedia
http://ns.inria.fr/zoomathia/CASSIANUS_BASSUS/geoponica/e/16/16/text/1,https://opentheso.huma-num.fr/?idc=pcrtmwjz8S1ZgH&idt=th310,cured,1,zoomathia_match
http://ns.inria.fr/zoomathia/CASSIANUS_BASSUS/geoponica/e/16/16/text/1,https://opentheso.huma-num.fr/?idc=pcrthmVBQESXy2&idt=th310,salt,1,zoomathia_match
http://ns.inria.fr/zoomathia/CASSIANUS_BASSUS/geoponica/e/16/16/text/1,https://opentheso.huma-num.fr/?idc=pcrtyos9ZtSwBE&idt=th310,salt,1,zoomathia_match
http://ns.inria.fr/zoomathia/CASSIANUS_BASSUS/geoponica/e/16/16/text/1,https://opentheso.huma-num.fr/?idc=pcrttvE2YZwZu6&idt=th310,oil,1,zoomathia_match
http://ns.inria.fr/zoomathia/CASSIANUS_BASSUS/geoponica/e/16/16/text/1,https://opentheso.huma-num.fr/?idc=107596&idt=th310,leaves,1,zoomathia_match
http://ns.inria.fr/zoomathia/CASSIANUS_BASSUS/geoponica/e/16/16/text/1,https://opentheso.huma-num.fr/?idc=pcrttvE2YZwZu6&idt=th310,oil,1,zoomathia_match
http://ns.inria.fr/zoomathia/CASSIANUS_BASSUS/geoponica/e/16/16/text/1,https://opentheso.huma-num.fr/?idc=pcrt3mTg9h3RFE&idt=th310,wine,1,zoomathia_match
http://ns.inria.fr/zoomathia/CASSIANUS_BASSUS/geoponica/e/16/16/text/1,http://dbpedia.org/resource/Inflammation,inflammation,0.9998917835685679,DBpedia
http://ns.inria.fr/zoomathia/CASSIANUS_BASSUS/geoponica/e/16/16/text/1,http://dbpedia.org/resource/Salt-cured_meat,cured,0.9205748378157249,DBpedia
http://ns.inria.fr/zoomathia/CASSIANUS_BASSUS/geoponica/e/16/16/text/1,http://dbpedia.org/resource/Oil,oil,0.8544005386803629,DBpedia
http://ns.inria.fr/zoomathia/CASSIANUS_BASSUS/geoponica/e/16/16/text/1,http://dbpedia.org/resource/Leaf,leaves,0.9999644041301107,DBpedia
http://ns.inria.fr/zoomathia/CASSIANUS_BASSUS/geoponica/e/16/16/text/1,http://dbpedia.org/resource/Percolation,percolated,0.9999999874917479,DBpedia
http://ns.inria.fr/zoomathia/CASSIANUS_BASSUS/geoponica/e/16/16/text/1,http://dbpedia.org/resource/Oil,oil,0.8544005386803629,DBpedia
http://ns.inria.fr/zoomathia/CASSIANUS_BASSUS/geoponica/e/16/16/text/1,http://dbpedia.org/resource/Verbascum,verbascum,0.999999975044091,DBpedia
http://ns.inria.fr/zoomathia/CASSIANUS_BASSUS/geoponica/e/16/16/text/1,http://dbpedia.org/resource/Boiling,boiled,0.9998667792176811,DBpedia
http://ns.inria.fr/zoomathia/CASSIANUS_BASSUS/geoponica/e/16/16/text/1,http://dbpedia.org/resource/Wine,wine,0.9998885175528145,DBpedia
http://ns.inria.fr/zoomathia/CASSIANUS_BASSUS/geoponica/e/16/16/text/1,http://dbpedia.org/resource/Keel_laying,laid,0.6681355575617346,DBpedia
http://ns.inria.fr/zoomathia/CASSIANUS_BASSUS/geoponica/e/16/16/text/1,http://dbpedia.org/resource/Poultice,cataplasm,0.9999999999999716,DBpedia
http://ns.inria.fr/zoomathia/CASSIANUS_BASSUS/geoponica/e/16/17/text/1,https://opentheso.huma-num.fr/?idc=pcrto2Udjh8XSP&idt=th310,frankincense,1,zoomathia_match
http://ns.inria.fr/zoomathia/CASSIANUS_BASSUS/geoponica/e/16/17/text/1,https://opentheso.huma-num.fr/?idc=107550&idt=th310,galbanum,1,zoomathia_match
http://ns.inria.fr/zoomathia/CASSIANUS_BASSUS/geoponica/e/16/17/text/1,https://opentheso.huma-num.fr/?idc=pcrt3mTg9h3RFE&idt=th310,wine,1,zoomathia_match
http://ns.inria.fr/zoomathia/CASSIANUS_BASSUS/geoponica/e/16/17/text/1,https://opentheso.huma-num.fr/?idc=pcrtd6p9oHq1Tf&idt=th310,black,1,zoomathia_match
http://ns.inria.fr/zoomathia/CASSIANUS_BASSUS/geoponica/e/16/17/text/1,https://opentheso.huma-num.fr/?idc=pcrt3kpULwWUS2&idt=th310,black,1,zoomathia_match
http://ns.inria.fr/zoomathia/CASSIANUS_BASSUS/geoponica/e/16/17/text/1,https://opentheso.huma-num.fr/?idc=pcrtrxL50B7yNx&idt=th310,resin,1,zoomathia_match
http://ns.inria.fr/zoomathia/CASSIANUS_BASSUS/geoponica/e/16/17/text/1,https://opentheso.huma-num.fr/?idc=108773&idt=th310,sulphur,1,zoomathia_match
http://ns.inria.fr/zoomathia/CASSIANUS_BASSUS/geoponica/e/16/17/text/1,https://opentheso.huma-num.fr/?idc=pcrtmFiiOHIboO&idt=th310,dry,1,zoomathia_match
http://ns.inria.fr/zoomathia/CASSIANUS_BASSUS/geoponica/e/16/17/text/1,https://opentheso.huma-num.fr/?idc=107596&idt=th310,leaves,1,zoomathia_match
http://ns.inria.fr/zoomathia/CASSIANUS_BASSUS/geoponica/e/16/17/text/1,https://opentheso.huma-num.fr/?idc=pcrtERMm8Q0wYw&idt=th310,lime,1,zoomathia_match
http://ns.inria.fr/zoomathia/CASSIANUS_BASSUS/geoponica/e/16/17/text/1,https://opentheso.huma-num.fr/?idc=pcrtmFiiOHIboO&idt=th310,dry,1,zoomathia_match
http://ns.inria.fr/zoomathia/CASSIANUS_BASSUS/geoponica/e/16/17/text/1,https://www.wikidata.org/wiki/Q11768,Egyptian,0.412,wikidata
http://ns.inria.fr/zoomathia/CASSIANUS_BASSUS/geoponica/e/16/17/text/1,http://dbpedia.org/resource/MIX,MIX,0.9994428157817924,DBpedia
http://ns.inria.fr/zoomathia/CASSIANUS_BASSUS/geoponica/e/16/17/text/1,http://dbpedia.org/resource/Armenian_dram,drams,0.999999999988006,DBpedia
http://ns.inria.fr/zoomathia/CASSIANUS_BASSUS/geoponica/e/16/17/text/1,http://dbpedia.org/resource/Frankincense,frankincense,1.0,DBpedia
http://ns.inria.fr/zoomathia/CASSIANUS_BASSUS/geoponica/e/16/17/text/1,http://dbpedia.org/resource/Egalitarianism,equal,0.37452934581772196,DBpedia
http://ns.inria.fr/zoomathia/CASSIANUS_BASSUS/geoponica/e/16/17/text/1,http://dbpedia.org/resource/Quantity,quantity,0.9152355490860338,DBpedia
http://ns.inria.fr/zoomathia/CASSIANUS_BASSUS/geoponica/e/16/17/text/1,http://dbpedia.org/resource/Galbanum,galbanum,1.0,DBpedia
http://ns.inria.fr/zoomathia/CASSIANUS_BASSUS/geoponica/e/16/17/text/1,http://dbpedia.org/resource/Armenian_dram,drams,0.999999999988006,DBpedia
http://ns.inria.fr/zoomathia/CASSIANUS_BASSUS/geoponica/e/16/17/text/1,http://dbpedia.org/resource/Lees_(fermentation),lees,0.9963286527149565,DBpedia
http://ns.inria.fr/zoomathia/CASSIANUS_BASSUS/geoponica/e/16/17/text/1,http://dbpedia.org/resource/Wine,wine,0.9544948760224004,DBpedia
http://ns.inria.fr/zoomathia/CASSIANUS_BASSUS/geoponica/e/16/17/text/1,http://dbpedia.org/resource/Black_tea,black,0.557180372875717,DBpedia
http://ns.inria.fr/zoomathia/CASSIANUS_BASSUS/geoponica/e/16/17/text/1,http://dbpedia.org/resource/Resin,resin,0.9999999999092779,DBpedia
http://ns.inria.fr/zoomathia/CASSIANUS_BASSUS/geoponica/e/16/17/text/1,http://dbpedia.org/resource/Niter,nitre,0.9613100957342852,DBpedia
http://ns.inria.fr/zoomathia/CASSIANUS_BASSUS/geoponica/e/16/17/text/1,http://dbpedia.org/resource/Armenian_dram,drams,0.999999999988006,DBpedia
http://ns.inria.fr/zoomathia/CASSIANUS_BASSUS/geoponica/e/16/17/text/1,http://dbpedia.org/resource/Cyathus,cyathus,0.9999999999998863,DBpedia
http://ns.inria.fr/zoomathia/CASSIANUS_BASSUS/geoponica/e/16/17/text/1,http://dbpedia.org/resource/Ancient_Egypt,Egyptian,0.6300168040335266,DBpedia
http://ns.inria.fr/zoomathia/CASSIANUS_BASSUS/geoponica/e/16/17/text/1,http://dbpedia.org/resource/Mustard_seed,mustard,0.8196234104064759,DBpedia
http://ns.inria.fr/zoomathia/CASSIANUS_BASSUS/geoponica/e/16/17/text/1,http://dbpedia.org/resource/Egalitarianism,equal,0.37452934581772196,DBpedia
http://ns.inria.fr/zoomathia/CASSIANUS_BASSUS/geoponica/e/16/17/text/1,http://dbpedia.org/resource/Quantity,quantity,0.9152355490860338,DBpedia
http://ns.inria.fr/zoomathia/CASSIANUS_BASSUS/geoponica/e/16/17/text/1,http://dbpedia.org/resource/Mina_(unit),mina,0.9925741415358204,DBpedia
http://ns.inria.fr/zoomathia/CASSIANUS_BASSUS/geoponica/e/16/17/text/1,http://dbpedia.org/resource/Sweetness_of_wine,dry,0.9974217913226766,DBpedia
http://ns.inria.fr/zoomathia/CASSIANUS_BASSUS/geoponica/e/16/17/text/1,http://dbpedia.org/resource/Common_fig,figs,0.7747811508379138,DBpedia
http://ns.inria.fr/zoomathia/CASSIANUS_BASSUS/geoponica/e/16/17/text/1,http://dbpedia.org/resource/Bay_leaf,leaves,0.8329172081212723,DBpedia
http://ns.inria.fr/zoomathia/CASSIANUS_BASSUS/geoponica/e/16/17/text/1,http://dbpedia.org/resource/Quantity,quantity,0.9152355490860338,DBpedia
http://ns.inria.fr/zoomathia/CASSIANUS_BASSUS/geoponica/e/16/17/text/1,http://dbpedia.org/resource/Calcium_oxide,quick lime,1.0,DBpedia
http://ns.inria.fr/zoomathia/CASSIANUS_BASSUS/geoponica/e/16/17/text/1,http://dbpedia.org/resource/Textile,mix,0.9879786253678802,DBpedia
http://ns.inria.fr/zoomathia/CASSIANUS_BASSUS/geoponica/e/16/17/text/1,http://dbpedia.org/resource/Sweetness_of_wine,dry,0.9974217913226766,DBpedia
http://ns.inria.fr/zoomathia/CASSIANUS_BASSUS/geoponica/e/16/17/text/1,http://dbpedia.org/resource/Oviparity,laid,0.9462197063365702,DBpedia
http://ns.inria.fr/zoomathia/CASSIANUS_BASSUS/geoponica/e/16/17/text/1,http://dbpedia.org/resource/Textile,cloth,0.9999686248501152,DBpedia
http://ns.inria.fr/zoomathia/CASSIANUS_BASSUS/geoponica/e/16/17/text/1,http://dbpedia.org/resource/Plaster,plaister,1.0,DBpedia
http://ns.inria.fr/zoomathia/CASSIANUS_BASSUS/geoponica/e/16/18/text/1,https://opentheso.huma-num.fr/?idc=pcrtrxL50B7yNx&idt=th310,resin,1,zoomathia_match
http://ns.inria.fr/zoomathia/CASSIANUS_BASSUS/geoponica/e/16/18/text/1,https://opentheso.huma-num.fr/?idc=pcrt5A1NAN3NE3&idt=th310,alum,1,zoomathia_match
http://ns.inria.fr/zoomathia/CASSIANUS_BASSUS/geoponica/e/16/18/text/1,https://opentheso.huma-num.fr/?idc=107195&idt=th310,vinegar,1,zoomathia_match
http://ns.inria.fr/zoomathia/CASSIANUS_BASSUS/geoponica/e/16/18/text/1,https://opentheso.huma-num.fr/?idc=pcrtbnf4dSz1IR&idt=th310,sun,1,zoomathia_match
http://ns.inria.fr/zoomathia/CASSIANUS_BASSUS/geoponica/e/16/18/text/1,https://opentheso.huma-num.fr/?idc=pcrt5A1NAN3NE3&idt=th310,alum,1,zoomathia_match
http://ns.inria.fr/zoomathia/CASSIANUS_BASSUS/geoponica/e/16/18/text/1,https://opentheso.huma-num.fr/?idc=pcrttvE2YZwZu6&idt=th310,oil,1,zoomathia_match
http://ns.inria.fr/zoomathia/CASSIANUS_BASSUS/geoponica/e/16/18/text/1,https://opentheso.huma-num.fr/?idc=105692&idt=th310,sea,1,zoomathia_match
http://ns.inria.fr/zoomathia/CASSIANUS_BASSUS/geoponica/e/16/18/text/1,https://opentheso.huma-num.fr/?idc=pcrthmVBQESXy2&idt=th310,salt,1,zoomathia_match
http://ns.inria.fr/zoomathia/CASSIANUS_BASSUS/geoponica/e/16/18/text/1,https://opentheso.huma-num.fr/?idc=pcrtyos9ZtSwBE&idt=th310,salt,1,zoomathia_match
http://ns.inria.fr/zoomathia/CASSIANUS_BASSUS/geoponica/e/16/18/text/1,https://opentheso.huma-num.fr/?idc=pcrtLieaANMAud&idt=th310,wheat,1,zoomathia_match
http://ns.inria.fr/zoomathia/CASSIANUS_BASSUS/geoponica/e/16/18/text/1,https://opentheso.huma-num.fr/?idc=107195&idt=th310,vinegar,1,zoomathia_match
http://ns.inria.fr/zoomathia/CASSIANUS_BASSUS/geoponica/e/16/18/text/1,https://opentheso.huma-num.fr/?idc=107387&idt=th310,root,1,zoomathia_match
http://ns.inria.fr/zoomathia/CASSIANUS_BASSUS/geoponica/e/16/18/text/1,http://dbpedia.org/resource/Date_honey,rub,0.992510281632813,DBpedia
http://ns.inria.fr/zoomathia/CASSIANUS_BASSUS/geoponica/e/16/18/text/1,http://dbpedia.org/resource/Gender_equality,equal,0.36031664051738127,DBpedia
http://ns.inria.fr/zoomathia/CASSIANUS_BASSUS/geoponica/e/16/18/text/1,http://dbpedia.org/resource/Quantity,quantities,0.9675610585023857,DBpedia
http://ns.inria.fr/zoomathia/CASSIANUS_BASSUS/geoponica/e/16/18/text/1,http://dbpedia.org/resource/Resin,resin,0.9999996533002818,DBpedia
http://ns.inria.fr/zoomathia/CASSIANUS_BASSUS/geoponica/e/16/18/text/1,http://dbpedia.org/resource/Alum,alum,0.999985433585458,DBpedia
http://ns.inria.fr/zoomathia/CASSIANUS_BASSUS/geoponica/e/16/18/text/1,http://dbpedia.org/resource/Vinegar,vinegar,0.9999999999918714,DBpedia
http://ns.inria.fr/zoomathia/CASSIANUS_BASSUS/geoponica/e/16/18/text/1,http://dbpedia.org/resource/Sunlight,sun,0.9879571103447571,DBpedia
http://ns.inria.fr/zoomathia/CASSIANUS_BASSUS/geoponica/e/16/18/text/1,http://dbpedia.org/resource/Parts-per_notation,parts,0.9994726949228975,DBpedia
http://ns.inria.fr/zoomathia/CASSIANUS_BASSUS/geoponica/e/16/18/text/1,http://dbpedia.org/resource/Stone_rubbing,rubbed,0.9999999999902229,DBpedia
http://ns.inria.fr/zoomathia/CASSIANUS_BASSUS/geoponica/e/16/18/text/1,http://dbpedia.org/resource/Pungency,hot,0.9280079627164325,DBpedia
http://ns.inria.fr/zoomathia/CASSIANUS_BASSUS/geoponica/e/16/18/text/1,http://dbpedia.org/resource/Wood_ash,ashes,0.9985574157045135,DBpedia
http://ns.inria.fr/zoomathia/CASSIANUS_BASSUS/geoponica/e/16/18/text/1,http://dbpedia.org/resource/Washing,wash,0.9999998313488305,DBpedia
http://ns.inria.fr/zoomathia/CASSIANUS_BASSUS/geoponica/e/16/18/text/1,http://dbpedia.org/resource/Bloodletting,bleed,0.8795357614279843,DBpedia
http://ns.inria.fr/zoomathia/CASSIANUS_BASSUS/geoponica/e/16/18/text/1,http://dbpedia.org/resource/Anointing,anoint,0.9999887048237623,DBpedia
http://ns.inria.fr/zoomathia/CASSIANUS_BASSUS/geoponica/e/16/18/text/1,http://dbpedia.org/resource/Litharge,litharge,1.0,DBpedia
http://ns.inria.fr/zoomathia/CASSIANUS_BASSUS/geoponica/e/16/18/text/1,http://dbpedia.org/resource/Alum,alum,0.999985433585458,DBpedia
http://ns.inria.fr/zoomathia/CASSIANUS_BASSUS/geoponica/e/16/18/text/1,http://dbpedia.org/resource/Vegetable_oil,oil,0.8984490782370396,DBpedia
http://ns.inria.fr/zoomathia/CASSIANUS_BASSUS/geoponica/e/16/18/text/1,http://dbpedia.org/resource/Wheat_flour,wheat flour,0.9517179861772128,DBpedia
http://ns.inria.fr/zoomathia/CASSIANUS_BASSUS/geoponica/e/16/18/text/1,http://dbpedia.org/resource/Gender_equality,equal,0.36031664051738127,DBpedia
http://ns.inria.fr/zoomathia/CASSIANUS_BASSUS/geoponica/e/16/18/text/1,http://dbpedia.org/resource/Quantity,quantity,0.9634055081739663,DBpedia
http://ns.inria.fr/zoomathia/CASSIANUS_BASSUS/geoponica/e/16/18/text/1,http://dbpedia.org/resource/Percolation,percolated,1.0,DBpedia
http://ns.inria.fr/zoomathia/CASSIANUS_BASSUS/geoponica/e/16/18/text/1,http://dbpedia.org/resource/Vinegar,vinegar,0.9999999999918714,DBpedia
http://ns.inria.fr/zoomathia/CASSIANUS_BASSUS/geoponica/e/16/18/text/1,http://dbpedia.org/resource/Date_honey,rub,0.992510281632813,DBpedia
http://ns.inria.fr/zoomathia/CASSIANUS_BASSUS/geoponica/e/16/18/text/1,http://dbpedia.org/resource/Wood_ash,ashes,0.9985574157045135,DBpedia
http://ns.inria.fr/zoomathia/CASSIANUS_BASSUS/geoponica/e/16/18/text/1,http://dbpedia.org/resource/Root,root,0.9996256656885161,DBpedia
http://ns.inria.fr/zoomathia/CASSIANUS_BASSUS/geoponica/e/16/18/text/1,http://dbpedia.org/resource/Capparis,capparis,1.0,DBpedia
http://ns.inria.fr/zoomathia/CASSIANUS_BASSUS/geoponica/e/16/18/text/1,http://dbpedia.org/resource/Mixed_drink,mixed,0.7241260261885304,DBpedia
http://ns.inria.fr/zoomathia/CASSIANUS_BASSUS/geoponica/e/16/18/text/1,http://dbpedia.org/resource/Lard,lard,1.0,DBpedia
http://ns.inria.fr/zoomathia/CASSIANUS_BASSUS/geoponica/e/16/18/text/1,http://dbpedia.org/resource/Parts-per_notation,parts,0.9994726949228975,DBpedia
http://ns.inria.fr/zoomathia/CASSIANUS_BASSUS/geoponica/e/16/18/text/1,http://dbpedia.org/resource/Laundry,washed,0.8664551237418596,DBpedia
http://ns.inria.fr/zoomathia/CASSIANUS_BASSUS/geoponica/e/16/18/text/1,http://dbpedia.org/resource/Sustainable_energy,clean,0.8390338695149733,DBpedia
http://ns.inria.fr/zoomathia/CASSIANUS_BASSUS/geoponica/e/16/19/text/1,https://opentheso.huma-num.fr/?idc=pcrt6i8AcPBoY2&idt=th310,horse,1,zoomathia_match
http://ns.inria.fr/zoomathia/CASSIANUS_BASSUS/geoponica/e/16/19/text/1,https://opentheso.huma-num.fr/?idc=105803&idt=th310,leech,1,zoomathia_match
http://ns.inria.fr/zoomathia/CASSIANUS_BASSUS/geoponica/e/16/19/text/1,https://opentheso.huma-num.fr/?idc=105127&idt=th310,horn,1,zoomathia_match
http://ns.inria.fr/zoomathia/CASSIANUS_BASSUS/geoponica/e/16/19/text/1,https://opentheso.huma-num.fr/?idc=105646&idt=th310,warm,1,zoomathia_match
http://ns.inria.fr/zoomathia/CASSIANUS_BASSUS/geoponica/e/16/19/text/1,https://opentheso.huma-num.fr/?idc=pcrttvE2YZwZu6&idt=th310,oil,1,zoomathia_match
http://ns.inria.fr/zoomathia/CASSIANUS_BASSUS/geoponica/e/16/19/text/1,https://opentheso.huma-num.fr/?idc=pcrt3mTg9h3RFE&idt=th310,wine,1,zoomathia_match
http://ns.inria.fr/zoomathia/CASSIANUS_BASSUS/geoponica/e/16/19/text/1,https://opentheso.huma-num.fr/?idc=pcrtmwjz8S1ZgH&idt=th310,cure,1,zoomathia_match
http://ns.inria.fr/zoomathia/CASSIANUS_BASSUS/geoponica/e/16/19/text/1,https://opentheso.huma-num.fr/?idc=107912&idt=th310,bugs,1,zoomathia_match
http://ns.inria.fr/zoomathia/CASSIANUS_BASSUS/geoponica/e/16/19/text/1,https://opentheso.huma-num.fr/?idc=105130&idt=th310,nose,1,zoomathia_match
http://ns.inria.fr/zoomathia/CASSIANUS_BASSUS/geoponica/e/16/19/text/1,https://opentheso.huma-num.fr/?idc=105779&idt=th310,nostrils,1,zoomathia_match
http://ns.inria.fr/zoomathia/CASSIANUS_BASSUS/geoponica/e/16/19/text/1,https://opentheso.huma-num.fr/?idc=105803&idt=th310,leech,1,zoomathia_match
http://ns.inria.fr/zoomathia/CASSIANUS_BASSUS/geoponica/e/16/19/text/1,https://opentheso.huma-num.fr/?idc=pcrtRpEmyMyoAU&idt=th310,oxen,1,zoomathia_match
http://ns.inria.fr/zoomathia/CASSIANUS_BASSUS/geoponica/e/16/19/text/1,http://dbpedia.org/resource/Horse,horse,0.9999996617409582,DBpedia
http://ns.inria.fr/zoomathia/CASSIANUS_BASSUS/geoponica/e/16/19/text/1,http://dbpedia.org/resource/Swallow,swallows,0.9945972482397507,DBpedia
http://ns.inria.fr/zoomathia/CASSIANUS_BASSUS/geoponica/e/16/19/text/1,http://dbpedia.org/resource/Temperature,warm,0.9785694492451893,DBpedia
http://ns.inria.fr/zoomathia/CASSIANUS_BASSUS/geoponica/e/16/19/text/1,http://dbpedia.org/resource/Oil,oil,0.9001910822759247,DBpedia
http://ns.inria.fr/zoomathia/CASSIANUS_BASSUS/geoponica/e/16/19/text/1,http://dbpedia.org/resource/Mixed_drink,mixed,0.5113352576795228,DBpedia
http://ns.inria.fr/zoomathia/CASSIANUS_BASSUS/geoponica/e/16/19/text/1,http://dbpedia.org/resource/Wine,wine,0.9998281241729956,DBpedia
http://ns.inria.fr/zoomathia/CASSIANUS_BASSUS/geoponica/e/16/19/text/1,http://dbpedia.org/resource/Animal,animal,0.9990410268292884,DBpedia
http://ns.inria.fr/zoomathia/CASSIANUS_BASSUS/geoponica/e/16/19/text/1,http://dbpedia.org/resource/Fly,lies,0.9989580598294131,DBpedia
http://ns.inria.fr/zoomathia/CASSIANUS_BASSUS/geoponica/e/16/19/text/1,http://dbpedia.org/resource/Supine_position,supine,0.9998663271983488,DBpedia
http://ns.inria.fr/zoomathia/CASSIANUS_BASSUS/geoponica/e/16/19/text/1,http://dbpedia.org/resource/Asana,posture,0.9983242492909891,DBpedia
http://ns.inria.fr/zoomathia/CASSIANUS_BASSUS/geoponica/e/16/19/text/1,http://dbpedia.org/resource/Werewolf,cure,0.8795613362002961,DBpedia
http://ns.inria.fr/zoomathia/CASSIANUS_BASSUS/geoponica/e/16/19/text/1,http://dbpedia.org/resource/Combustion,burning,0.5489018655738979,DBpedia
http://ns.inria.fr/zoomathia/CASSIANUS_BASSUS/geoponica/e/16/19/text/1,http://dbpedia.org/resource/Nose,nose,0.9959565550691555,DBpedia
http://ns.inria.fr/zoomathia/CASSIANUS_BASSUS/geoponica/e/16/19/text/1,http://dbpedia.org/resource/Death,killing,0.8899951929281734,DBpedia
http://ns.inria.fr/zoomathia/CASSIANUS_BASSUS/geoponica/e/16/19/text/1,http://dbpedia.org/resource/Nostril,nostrils,0.9999990748392821,DBpedia
http://ns.inria.fr/zoomathia/CASSIANUS_BASSUS/geoponica/e/16/19/text/1,http://dbpedia.org/resource/Void_(law),voided,0.9980786563689559,DBpedia
http://ns.inria.fr/zoomathia/CASSIANUS_BASSUS/geoponica/e/16/19/text/1,http://dbpedia.org/resource/Dice,die,0.5205268313080922,DBpedia
http://ns.inria.fr/zoomathia/CASSIANUS_BASSUS/geoponica/e/16/19/text/1,http://dbpedia.org/resource/Ox,oxen,0.9957579380338707,DBpedia
http://ns.inria.fr/zoomathia/CASSIANUS_BASSUS/geoponica/e/16/19/text/1,http://dbpedia.org/resource/Animal,animals,0.9952657722495204,DBpedia
http://ns.inria.fr/zoomathia/CASSIANUS_BASSUS/geoponica/e/16/20/text/1,https://opentheso.huma-num.fr/?idc=106536&idt=th310,cow,1,zoomathia_match
http://ns.inria.fr/zoomathia/CASSIANUS_BASSUS/geoponica/e/16/20/text/1,https://opentheso.huma-num.fr/?idc=pcrt5A1NAN3NE3&idt=th310,alum,1,zoomathia_match
http://ns.inria.fr/zoomathia/CASSIANUS_BASSUS/geoponica/e/16/20/text/1,https://opentheso.huma-num.fr/?idc=pcrthmVBQESXy2&idt=th310,salt,1,zoomathia_match
http://ns.inria.fr/zoomathia/CASSIANUS_BASSUS/geoponica/e/16/20/text/1,https://opentheso.huma-num.fr/?idc=pcrtyos9ZtSwBE&idt=th310,salt,1,zoomathia_match
http://ns.inria.fr/zoomathia/CASSIANUS_BASSUS/geoponica/e/16/20/text/1,https://opentheso.huma-num.fr/?idc=pcrtmwjz8S1ZgH&idt=th310,cure,1,zoomathia_match
http://ns.inria.fr/zoomathia/CASSIANUS_BASSUS/geoponica/e/16/20/text/1,https://opentheso.huma-num.fr/?idc=107576&idt=th310,water,1,zoomathia_match
http://ns.inria.fr/zoomathia/CASSIANUS_BASSUS/geoponica/e/16/20/text/1,https://opentheso.huma-num.fr/?idc=105779&idt=th310,nostrils,1,zoomathia_match
http://ns.inria.fr/zoomathia/CASSIANUS_BASSUS/geoponica/e/16/20/text/1,https://opentheso.huma-num.fr/?idc=105616&idt=th310,bite,1,zoomathia_match
http://ns.inria.fr/zoomathia/CASSIANUS_BASSUS/geoponica/e/16/20/text/1,https://opentheso.huma-num.fr/?idc=pcrtmwjz8S1ZgH&idt=th310,cure,1,zoomathia_match
http://ns.inria.fr/zoomathia/CASSIANUS_BASSUS/geoponica/e/16/20/text/1,https://opentheso.huma-num.fr/?idc=pcrt6i8AcPBoY2&idt=th310,horses,1,zoomathia_match
http://ns.inria.fr/zoomathia/CASSIANUS_BASSUS/geoponica/e/16/20/text/1,https://opentheso.huma-num.fr/?idc=pcrt1eSDN7pc4r&idt=th310,asses,1,zoomathia_match
http://ns.inria.fr/zoomathia/CASSIANUS_BASSUS/geoponica/e/16/20/text/1,https://opentheso.huma-num.fr/?idc=106492&idt=th310,mules,1,zoomathia_match
http://ns.inria.fr/zoomathia/CASSIANUS_BASSUS/geoponica/e/16/20/text/1,http://dbpedia.org/resource/Groundcover,cover,0.9429201648248872,DBpedia
http://ns.inria.fr/zoomathia/CASSIANUS_BASSUS/geoponica/e/16/20/text/1,http://dbpedia.org/resource/Cow_dung,cow-dung,1.0,DBpedia
http://ns.inria.fr/zoomathia/CASSIANUS_BASSUS/geoponica/e/16/20/text/1,http://dbpedia.org/resource/Solanum,solanum,1.0,DBpedia
http://ns.inria.fr/zoomathia/CASSIANUS_BASSUS/geoponica/e/16/20/text/1,http://dbpedia.org/resource/Euphorbia,spurge,0.9507057392849748,DBpedia
http://ns.inria.fr/zoomathia/CASSIANUS_BASSUS/geoponica/e/16/20/text/1,http://dbpedia.org/resource/Seed,seed,0.9999991107358684,DBpedia
http://ns.inria.fr/zoomathia/CASSIANUS_BASSUS/geoponica/e/16/20/text/1,http://dbpedia.org/resource/Hyoscyamus,hyoscyamus,1.0,DBpedia
http://ns.inria.fr/zoomathia/CASSIANUS_BASSUS/geoponica/e/16/20/text/1,http://dbpedia.org/resource/Juice,juice,0.6956735755887269,DBpedia
http://ns.inria.fr/zoomathia/CASSIANUS_BASSUS/geoponica/e/16/20/text/1,http://dbpedia.org/resource/Linseed_oil,linseed,0.9945933141350711,DBpedia
http://ns.inria.fr/zoomathia/CASSIANUS_BASSUS/geoponica/e/16/20/text/1,http://dbpedia.org/resource/Alum,alum,0.9999998022589889,DBpedia
http://ns.inria.fr/zoomathia/CASSIANUS_BASSUS/geoponica/e/16/20/text/1,http://dbpedia.org/resource/Parched_grain,parched,0.9999999965552888,DBpedia
http://ns.inria.fr/zoomathia/CASSIANUS_BASSUS/geoponica/e/16/20/text/1,http://dbpedia.org/resource/Sexual_intercourse,laid,0.6394723378729463,DBpedia
http://ns.inria.fr/zoomathia/CASSIANUS_BASSUS/geoponica/e/16/20/text/1,http://dbpedia.org/resource/Utility,utility,0.6641853423667549,DBpedia
http://ns.inria.fr/zoomathia/CASSIANUS_BASSUS/geoponica/e/16/20/text/1,http://dbpedia.org/resource/Cure,cure,0.9915154839745166,DBpedia
http://ns.inria.fr/zoomathia/CASSIANUS_BASSUS/geoponica/e/16/20/text/1,http://dbpedia.org/resource/Animal,animal,0.9955844094394461,DBpedia
http://ns.inria.fr/zoomathia/CASSIANUS_BASSUS/geoponica/e/16/20/text/1,http://dbpedia.org/resource/Water,water,0.9947972683403642,DBpedia
http://ns.inria.fr/zoomathia/CASSIANUS_BASSUS/geoponica/e/16/20/text/1,http://dbpedia.org/resource/Sieve,strained,0.9622453767092739,DBpedia
http://ns.inria.fr/zoomathia/CASSIANUS_BASSUS/geoponica/e/16/20/text/1,http://dbpedia.org/resource/Textile,cloth,0.999828908514315,DBpedia
http://ns.inria.fr/zoomathia/CASSIANUS_BASSUS/geoponica/e/16/20/text/1,http://dbpedia.org/resource/Nostril,nostrils,0.9999998946038942,DBpedia
http://ns.inria.fr/zoomathia/CASSIANUS_BASSUS/geoponica/e/16/20/text/1,http://dbpedia.org/resource/General_officer,general,0.4871422785594964,DBpedia
http://ns.inria.fr/zoomathia/CASSIANUS_BASSUS/geoponica/e/16/20/text/1,http://dbpedia.org/resource/Traditional_medicine,remedies,0.9999944663766397,DBpedia
http://ns.inria.fr/zoomathia/CASSIANUS_BASSUS/geoponica/e/16/20/text/1,http://dbpedia.org/resource/Cattle,cattle,0.9999995967040394,DBpedia
http://ns.inria.fr/zoomathia/CASSIANUS_BASSUS/geoponica/e/16/20/text/1,http://dbpedia.org/resource/Snakebite,bite,0.9911877563884808,DBpedia
http://ns.inria.fr/zoomathia/CASSIANUS_BASSUS/geoponica/e/16/20/text/1,http://dbpedia.org/resource/Reptile,reptiles,0.9999999851700637,DBpedia
http://ns.inria.fr/zoomathia/CASSIANUS_BASSUS/geoponica/e/16/20/text/1,http://dbpedia.org/resource/Cure,cure,0.9915154839745166,DBpedia
http://ns.inria.fr/zoomathia/CASSIANUS_BASSUS/geoponica/e/16/20/text/1,http://dbpedia.org/resource/Human,human,0.9990980148988465,DBpedia
http://ns.inria.fr/zoomathia/CASSIANUS_BASSUS/geoponica/e/16/20/text/1,http://dbpedia.org/resource/Animal,creatures,0.9992577479961017,DBpedia
http://ns.inria.fr/zoomathia/CASSIANUS_BASSUS/geoponica/e/16/20/text/1,http://dbpedia.org/resource/Partial_derivative,partial,0.4597728373798424,DBpedia
http://ns.inria.fr/zoomathia/CASSIANUS_BASSUS/geoponica/e/16/20/text/1,http://dbpedia.org/resource/Disease,diseases,0.8887169838744972,DBpedia
http://ns.inria.fr/zoomathia/CASSIANUS_BASSUS/geoponica/e/16/20/text/1,http://dbpedia.org/resource/Horse,horses,0.9780458890304813,DBpedia
http://ns.inria.fr/zoomathia/CASSIANUS_BASSUS/geoponica/e/16/20/text/1,http://dbpedia.org/resource/Donkey,asses,0.9932994107419978,DBpedia
http://ns.inria.fr/zoomathia/CASSIANUS_BASSUS/geoponica/e/16/20/text/1,http://dbpedia.org/resource/Mule,mules,0.9999981760720551,DBpedia
http://ns.inria.fr/zoomathia/CASSIANUS_BASSUS/geoponica/e/16/20/text/1,http://dbpedia.org/resource/Nosebleed,bleeding,0.9760876614166981,DBpedia
http://ns.inria.fr/zoomathia/CASSIANUS_BASSUS/geoponica/e/16/20/text/1,http://dbpedia.org/resource/Proper_and_common_nouns,proper,0.5999004715013092,DBpedia
http://ns.inria.fr/zoomathia/CASSIANUS_BASSUS/geoponica/e/16/21/text/1,https://opentheso.huma-num.fr/?idc=pcrt1eSDN7pc4r&idt=th310,asses,1,zoomathia_match
http://ns.inria.fr/zoomathia/CASSIANUS_BASSUS/geoponica/e/16/21/text/1,https://opentheso.huma-num.fr/?idc=pcrt6i8AcPBoY2&idt=th310,horses,1,zoomathia_match
http://ns.inria.fr/zoomathia/CASSIANUS_BASSUS/geoponica/e/16/21/text/1,https://opentheso.huma-num.fr/?idc=106004&idt=th310,wild,1,zoomathia_match
http://ns.inria.fr/zoomathia/CASSIANUS_BASSUS/geoponica/e/16/21/text/1,https://opentheso.huma-num.fr/?idc=105880&idt=th310,wild asses,1,zoomathia_match
http://ns.inria.fr/zoomathia/CASSIANUS_BASSUS/geoponica/e/16/21/text/1,https://opentheso.huma-num.fr/?idc=pcrt1eSDN7pc4r&idt=th310,asses,1,zoomathia_match
http://ns.inria.fr/zoomathia/CASSIANUS_BASSUS/geoponica/e/16/21/text/1,https://opentheso.huma-num.fr/?idc=106004&idt=th310,wild,1,zoomathia_match
http://ns.inria.fr/zoomathia/CASSIANUS_BASSUS/geoponica/e/16/21/text/1,https://opentheso.huma-num.fr/?idc=105371&idt=th310,offspring,1,zoomathia_match
http://ns.inria.fr/zoomathia/CASSIANUS_BASSUS/geoponica/e/16/21/text/1,https://opentheso.huma-num.fr/?idc=pcrtGSslMASdGf&idt=th310,days,1,zoomathia_match
http://ns.inria.fr/zoomathia/CASSIANUS_BASSUS/geoponica/e/16/21/text/1,https://opentheso.huma-num.fr/?idc=105656&idt=th310,summer,1,zoomathia_match
http://ns.inria.fr/zoomathia/CASSIANUS_BASSUS/geoponica/e/16/21/text/1,https://opentheso.huma-num.fr/?idc=107602&idt=th310,summer solstice,1,zoomathia_match
http://ns.inria.fr/zoomathia/CASSIANUS_BASSUS/geoponica/e/16/21/text/1,https://opentheso.huma-num.fr/?idc=107437&idt=th310,solstice,1,zoomathia_match
http://ns.inria.fr/zoomathia/CASSIANUS_BASSUS/geoponica/e/16/21/text/1,https://opentheso.huma-num.fr/?idc=105290&idt=th310,female,1,zoomathia_match
http://ns.inria.fr/zoomathia/CASSIANUS_BASSUS/geoponica/e/16/21/text/1,https://opentheso.huma-num.fr/?idc=pcrt1eSDN7pc4r&idt=th310,ass,1,zoomathia_match
http://ns.inria.fr/zoomathia/CASSIANUS_BASSUS/geoponica/e/16/21/text/1,https://opentheso.huma-num.fr/?idc=pcrtoASMcUbb46&idt=th310,months,1,zoomathia_match
http://ns.inria.fr/zoomathia/CASSIANUS_BASSUS/geoponica/e/16/21/text/1,https://opentheso.huma-num.fr/?idc=pcrt1eSDN7pc4r&idt=th310,asses,1,zoomathia_match
http://ns.inria.fr/zoomathia/CASSIANUS_BASSUS/geoponica/e/16/21/text/1,https://opentheso.huma-num.fr/?idc=105290&idt=th310,female,1,zoomathia_match
http://ns.inria.fr/zoomathia/CASSIANUS_BASSUS/geoponica/e/16/21/text/1,https://opentheso.huma-num.fr/?idc=pcrt1eSDN7pc4r&idt=th310,asses,1,zoomathia_match
http://ns.inria.fr/zoomathia/CASSIANUS_BASSUS/geoponica/e/16/21/text/1,https://opentheso.huma-num.fr/?idc=pcrt6i8AcPBoY2&idt=th310,horses,1,zoomathia_match
http://ns.inria.fr/zoomathia/CASSIANUS_BASSUS/geoponica/e/16/21/text/1,https://opentheso.huma-num.fr/?idc=pcrt1eSDN7pc4r&idt=th310,asses,1,zoomathia_match
http://ns.inria.fr/zoomathia/CASSIANUS_BASSUS/geoponica/e/16/21/text/1,https://opentheso.huma-num.fr/?idc=pcrtAWl3eAUQlA&idt=th310,milk,1,zoomathia_match
http://ns.inria.fr/zoomathia/CASSIANUS_BASSUS/geoponica/e/16/21/text/1,https://opentheso.huma-num.fr/?idc=105649&idt=th310,time,1,zoomathia_match
http://ns.inria.fr/zoomathia/CASSIANUS_BASSUS/geoponica/e/16/21/text/1,https://opentheso.huma-num.fr/?idc=pcrtpWT5t7kRx6&idt=th310,years,1,zoomathia_match
http://ns.inria.fr/zoomathia/CASSIANUS_BASSUS/geoponica/e/16/21/text/1,https://opentheso.huma-num.fr/?idc=pcrt6i8AcPBoY2&idt=th310,horses,1,zoomathia_match
http://ns.inria.fr/zoomathia/CASSIANUS_BASSUS/geoponica/e/16/21/text/1,https://opentheso.huma-num.fr/?idc=pcrt1eSDN7pc4r&idt=th310,asses,1,zoomathia_match
http://ns.inria.fr/zoomathia/CASSIANUS_BASSUS/geoponica/e/16/21/text/1,https://opentheso.huma-num.fr/?idc=pcrtkXXVYFfHbv&idt=th310,fit,1,zoomathia_match
http://ns.inria.fr/zoomathia/CASSIANUS_BASSUS/geoponica/e/16/21/text/1,https://opentheso.huma-num.fr/?idc=pcrtpWT5t7kRx6&idt=th310,years,1,zoomathia_match
http://ns.inria.fr/zoomathia/CASSIANUS_BASSUS/geoponica/e/16/21/text/1,https://opentheso.huma-num.fr/?idc=105550&idt=th310,care,1,zoomathia_match
http://ns.inria.fr/zoomathia/CASSIANUS_BASSUS/geoponica/e/16/21/text/1,https://opentheso.huma-num.fr/?idc=105371&idt=th310,offspring,1,zoomathia_match
http://ns.inria.fr/zoomathia/CASSIANUS_BASSUS/geoponica/e/16/21/text/1,https://opentheso.huma-num.fr/?idc=pcrt1eSDN7pc4r&idt=th310,ass,1,zoomathia_match
http://ns.inria.fr/zoomathia/CASSIANUS_BASSUS/geoponica/e/16/21/text/1,https://opentheso.huma-num.fr/?idc=pcrt6i8AcPBoY2&idt=th310,horse,1,zoomathia_match
http://ns.inria.fr/zoomathia/CASSIANUS_BASSUS/geoponica/e/16/21/text/1,https://opentheso.huma-num.fr/?idc=pcrtu4Do7EDGDg&idt=th310,garment,1,zoomathia_match
http://ns.inria.fr/zoomathia/CASSIANUS_BASSUS/geoponica/e/16/21/text/1,https://opentheso.huma-num.fr/?idc=pcrtu4Do7EDGDg&idt=th310,garment,1,zoomathia_match
http://ns.inria.fr/zoomathia/CASSIANUS_BASSUS/geoponica/e/16/21/text/1,https://opentheso.huma-num.fr/?idc=pcrtmwjz8S1ZgH&idt=th310,cure,1,zoomathia_match
http://ns.inria.fr/zoomathia/CASSIANUS_BASSUS/geoponica/e/16/21/text/1,https://opentheso.huma-num.fr/?idc=pcrt1eSDN7pc4r&idt=th310,asses,1,zoomathia_match
http://ns.inria.fr/zoomathia/CASSIANUS_BASSUS/geoponica/e/16/21/text/1,https://opentheso.huma-num.fr/?idc=105155&idt=th310,foot,1,zoomathia_match
http://ns.inria.fr/zoomathia/CASSIANUS_BASSUS/geoponica/e/16/21/text/1,https://opentheso.huma-num.fr/?idc=105646&idt=th310,warm,1,zoomathia_match
http://ns.inria.fr/zoomathia/CASSIANUS_BASSUS/geoponica/e/16/21/text/1,https://opentheso.huma-num.fr/?idc=107576&idt=th310,water,1,zoomathia_match
http://ns.inria.fr/zoomathia/CASSIANUS_BASSUS/geoponica/e/16/21/text/1,https://opentheso.huma-num.fr/?idc=pcrtRNmXmLw95p&idt=th310,scraper,1,zoomathia_match
http://ns.inria.fr/zoomathia/CASSIANUS_BASSUS/geoponica/e/16/21/text/1,https://opentheso.huma-num.fr/?idc=pcrt3jcrAaRENB&idt=th310,goat,1,zoomathia_match
http://ns.inria.fr/zoomathia/CASSIANUS_BASSUS/geoponica/e/16/21/text/1,https://opentheso.huma-num.fr/?idc=105408&idt=th310,urine,1,zoomathia_match
http://ns.inria.fr/zoomathia/CASSIANUS_BASSUS/geoponica/e/16/21/text/1,https://opentheso.huma-num.fr/?idc=pcrtmwjz8S1ZgH&idt=th310,cured,1,zoomathia_match
http://ns.inria.fr/zoomathia/CASSIANUS_BASSUS/geoponica/e/16/21/text/1,https://www.wikidata.org/wiki/Q551332,twelve months,0.4603,wikidata
http://ns.inria.fr/zoomathia/CASSIANUS_BASSUS/geoponica/e/16/21/text/1,https://www.wikidata.org/wiki/Q4605570,two years,0.3098,wikidata
http://ns.inria.fr/zoomathia/CASSIANUS_BASSUS/geoponica/e/16/21/text/1,http://dbpedia.org/resource/Donkey,asses,0.9999999999218971,DBpedia
http://ns.inria.fr/zoomathia/CASSIANUS_BASSUS/geoponica/e/16/21/text/1,http://dbpedia.org/resource/Initiation,admission,0.839753349265927,DBpedia
http://ns.inria.fr/zoomathia/CASSIANUS_BASSUS/geoponica/e/16/21/text/1,http://dbpedia.org/resource/Parenting,raise,0.979409003930226,DBpedia
http://ns.inria.fr/zoomathia/CASSIANUS_BASSUS/geoponica/e/16/21/text/1,http://dbpedia.org/resource/Horse,horses,0.9999958705558353,DBpedia
http://ns.inria.fr/zoomathia/CASSIANUS_BASSUS/geoponica/e/16/21/text/1,http://dbpedia.org/resource/Acting,acting,0.9829072794653292,DBpedia
http://ns.inria.fr/zoomathia/CASSIANUS_BASSUS/geoponica/e/16/21/text/1,http://dbpedia.org/resource/Domestication,tame,0.9746536044761828,DBpedia
http://ns.inria.fr/zoomathia/CASSIANUS_BASSUS/geoponica/e/16/21/text/1,http://dbpedia.org/resource/Wild_horse,wild,0.9999961540271504,DBpedia
http://ns.inria.fr/zoomathia/CASSIANUS_BASSUS/geoponica/e/16/21/text/1,http://dbpedia.org/resource/Donkey,asses,0.9999999999218971,DBpedia
http://ns.inria.fr/zoomathia/CASSIANUS_BASSUS/geoponica/e/16/21/text/1,http://dbpedia.org/resource/Fineness,fine,0.7532651094278059,DBpedia
http://ns.inria.fr/zoomathia/CASSIANUS_BASSUS/geoponica/e/16/21/text/1,http://dbpedia.org/resource/Foal,foals,1.0,DBpedia
http://ns.inria.fr/zoomathia/CASSIANUS_BASSUS/geoponica/e/16/21/text/1,http://dbpedia.org/resource/House_arrest,confined,0.9750198580811651,DBpedia
http://ns.inria.fr/zoomathia/CASSIANUS_BASSUS/geoponica/e/16/21/text/1,http://dbpedia.org/resource/Liberty,liberty,0.9996908472722621,DBpedia
http://ns.inria.fr/zoomathia/CASSIANUS_BASSUS/geoponica/e/16/21/text/1,http://dbpedia.org/resource/The_Animal,The animal,0.9999999998296971,DBpedia
http://ns.inria.fr/zoomathia/CASSIANUS_BASSUS/geoponica/e/16/21/text/1,http://dbpedia.org/resource/Tame_animal,tamed,1.0,DBpedia
http://ns.inria.fr/zoomathia/CASSIANUS_BASSUS/geoponica/e/16/21/text/1,http://dbpedia.org/resource/Name_server,answers,0.9718926848068979,DBpedia
http://ns.inria.fr/zoomathia/CASSIANUS_BASSUS/geoponica/e/16/21/text/1,http://dbpedia.org/resource/Domestication,tame,0.9746536044761828,DBpedia
http://ns.inria.fr/zoomathia/CASSIANUS_BASSUS/geoponica/e/16/21/text/1,http://dbpedia.org/resource/Animal,animals,0.9946105930915116,DBpedia
http://ns.inria.fr/zoomathia/CASSIANUS_BASSUS/geoponica/e/16/21/text/1,http://dbpedia.org/resource/Public_service,services,0.4919195684528495,DBpedia
http://ns.inria.fr/zoomathia/CASSIANUS_BASSUS/geoponica/e/16/21/text/1,http://dbpedia.org/resource/Tame_animal,tamed,1.0,DBpedia
http://ns.inria.fr/zoomathia/CASSIANUS_BASSUS/geoponica/e/16/21/text/1,http://dbpedia.org/resource/Wild_horse,wild,0.9999961540271504,DBpedia
http://ns.inria.fr/zoomathia/CASSIANUS_BASSUS/geoponica/e/16/21/text/1,http://dbpedia.org/resource/Animal,animals,0.9946105930915116,DBpedia
http://ns.inria.fr/zoomathia/CASSIANUS_BASSUS/geoponica/e/16/21/text/1,http://dbpedia.org/resource/Foal,offspring,0.9999968151375482,DBpedia
http://ns.inria.fr/zoomathia/CASSIANUS_BASSUS/geoponica/e/16/21/text/1,http://dbpedia.org/resource/Population_growth,grows,0.5607229597764863,DBpedia
http://ns.inria.fr/zoomathia/CASSIANUS_BASSUS/geoponica/e/16/21/text/1,http://dbpedia.org/resource/Animal,animals,0.9946105930915116,DBpedia
http://ns.inria.fr/zoomathia/CASSIANUS_BASSUS/geoponica/e/16/21/text/1,http://dbpedia.org/resource/Cover_version,cover,0.9023538392887502,DBpedia
http://ns.inria.fr/zoomathia/CASSIANUS_BASSUS/geoponica/e/16/21/text/1,http://dbpedia.org/resource/Day,days,0.6323193683084655,DBpedia
http://ns.inria.fr/zoomathia/CASSIANUS_BASSUS/geoponica/e/16/21/text/1,http://dbpedia.org/resource/Solstice,solstice,0.9338387853308786,DBpedia
http://ns.inria.fr/zoomathia/CASSIANUS_BASSUS/geoponica/e/16/21/text/1,http://dbpedia.org/resource/Hellraiser,The female,0.9999999999902229,DBpedia
http://ns.inria.fr/zoomathia/CASSIANUS_BASSUS/geoponica/e/16/21/text/1,http://dbpedia.org/resource/Donkey,ass,0.9999999972125124,DBpedia
http://ns.inria.fr/zoomathia/CASSIANUS_BASSUS/geoponica/e/16/21/text/1,http://dbpedia.org/resource/Offspring,young,0.9963699814307364,DBpedia
http://ns.inria.fr/zoomathia/CASSIANUS_BASSUS/geoponica/e/16/21/text/1,http://dbpedia.org/resource/Twelve_Months_(1980_film),twelve months,0.9999979733775107,DBpedia
http://ns.inria.fr/zoomathia/CASSIANUS_BASSUS/geoponica/e/16/21/text/1,http://dbpedia.org/resource/Horse,mares,0.8219260596126912,DBpedia
http://ns.inria.fr/zoomathia/CASSIANUS_BASSUS/geoponica/e/16/21/text/1,http://dbpedia.org/resource/Horse_breeding,covered,0.6204172141466644,DBpedia
http://ns.inria.fr/zoomathia/CASSIANUS_BASSUS/geoponica/e/16/21/text/1,http://dbpedia.org/resource/Donkey,asses,0.9999999999218971,DBpedia
http://ns.inria.fr/zoomathia/CASSIANUS_BASSUS/geoponica/e/16/21/text/1,http://dbpedia.org/resource/Female,female,0.9999993299852548,DBpedia
http://ns.inria.fr/zoomathia/CASSIANUS_BASSUS/geoponica/e/16/21/text/1,http://dbpedia.org/resource/Donkey,asses,0.9999999999218971,DBpedia
http://ns.inria.fr/zoomathia/CASSIANUS_BASSUS/geoponica/e/16/21/text/1,http://dbpedia.org/resource/Horse,horses,0.9999958705558353,DBpedia
http://ns.inria.fr/zoomathia/CASSIANUS_BASSUS/geoponica/e/16/21/text/1,http://dbpedia.org/resource/Wishing_(DJ_Drama_song),wishing,0.5818137906602219,DBpedia
http://ns.inria.fr/zoomathia/CASSIANUS_BASSUS/geoponica/e/16/21/text/1,http://dbpedia.org/resource/Anatomical_terms_of_location,superior,0.9999750813172991,DBpedia
http://ns.inria.fr/zoomathia/CASSIANUS_BASSUS/geoponica/e/16/21/text/1,http://dbpedia.org/resource/Sheep,breed,0.926381000265334,DBpedia
http://ns.inria.fr/zoomathia/CASSIANUS_BASSUS/geoponica/e/16/21/text/1,http://dbpedia.org/resource/Donkey,asses,0.9999999999218971,DBpedia
http://ns.inria.fr/zoomathia/CASSIANUS_BASSUS/geoponica/e/16/21/text/1,http://dbpedia.org/resource/Colt_(horse),colts,0.9994891086076125,DBpedia
http://ns.inria.fr/zoomathia/CASSIANUS_BASSUS/geoponica/e/16/21/text/1,http://dbpedia.org/resource/Horse,mares,0.8219260596126912,DBpedia
http://ns.inria.fr/zoomathia/CASSIANUS_BASSUS/geoponica/e/16/21/text/1,http://dbpedia.org/resource/Breastfeeding,fed,0.9984663061244496,DBpedia
http://ns.inria.fr/zoomathia/CASSIANUS_BASSUS/geoponica/e/16/21/text/1,http://dbpedia.org/resource/Milk,milk,0.9999858515800951,DBpedia
http://ns.inria.fr/zoomathia/CASSIANUS_BASSUS/geoponica/e/16/21/text/1,http://dbpedia.org/resource/Attachment_theory,attachment,0.9992538809032503,DBpedia
http://ns.inria.fr/zoomathia/CASSIANUS_BASSUS/geoponica/e/16/21/text/1,http://dbpedia.org/resource/Horse,mares,0.8219260596126912,DBpedia
http://ns.inria.fr/zoomathia/CASSIANUS_BASSUS/geoponica/e/16/21/text/1,http://dbpedia.org/resource/Habit,habit,0.5569293905892923,DBpedia
http://ns.inria.fr/zoomathia/CASSIANUS_BASSUS/geoponica/e/16/21/text/1,http://dbpedia.org/resource/Cover_version,cover,0.9023538392887502,DBpedia
http://ns.inria.fr/zoomathia/CASSIANUS_BASSUS/geoponica/e/16/21/text/1,http://dbpedia.org/resource/Let_Kunovice,Let,0.9999999998506155,DBpedia
http://ns.inria.fr/zoomathia/CASSIANUS_BASSUS/geoponica/e/16/21/text/1,http://dbpedia.org/resource/Time,time,0.8775797280453418,DBpedia
http://ns.inria.fr/zoomathia/CASSIANUS_BASSUS/geoponica/e/16/21/text/1,http://dbpedia.org/resource/Suction,sucking,0.9999846732080366,DBpedia
http://ns.inria.fr/zoomathia/CASSIANUS_BASSUS/geoponica/e/16/21/text/1,http://dbpedia.org/resource/Regard_(DJ),regard,0.9856851454133987,DBpedia
http://ns.inria.fr/zoomathia/CASSIANUS_BASSUS/geoponica/e/16/21/text/1,http://dbpedia.org/resource/Horse,horses,0.9999958705558353,DBpedia
http://ns.inria.fr/zoomathia/CASSIANUS_BASSUS/geoponica/e/16/21/text/1,http://dbpedia.org/resource/Donkey,asses,0.9999999999218971,DBpedia
http://ns.inria.fr/zoomathia/CASSIANUS_BASSUS/geoponica/e/16/21/text/1,http://dbpedia.org/resource/Seizure,fit,0.9998572872140437,DBpedia
http://ns.inria.fr/zoomathia/CASSIANUS_BASSUS/geoponica/e/16/21/text/1,http://dbpedia.org/resource/Initiation,admission,0.839753349265927,DBpedia
http://ns.inria.fr/zoomathia/CASSIANUS_BASSUS/geoponica/e/16/21/text/1,http://dbpedia.org/resource/Decade,ten years,0.9254141655752772,DBpedia
http://ns.inria.fr/zoomathia/CASSIANUS_BASSUS/geoponica/e/16/21/text/1,http://dbpedia.org/resource/Horse_management,care,0.9999999961613639,DBpedia
http://ns.inria.fr/zoomathia/CASSIANUS_BASSUS/geoponica/e/16/21/text/1,http://dbpedia.org/resource/Cover_version,cover,0.9023538392887502,DBpedia
http://ns.inria.fr/zoomathia/CASSIANUS_BASSUS/geoponica/e/16/21/text/1,http://dbpedia.org/resource/Physical_attractiveness,handsome,1.0,DBpedia
http://ns.inria.fr/zoomathia/CASSIANUS_BASSUS/geoponica/e/16/21/text/1,http://dbpedia.org/resource/Foal,offspring,0.9999968151375482,DBpedia
http://ns.inria.fr/zoomathia/CASSIANUS_BASSUS/geoponica/e/16/21/text/1,http://dbpedia.org/resource/SoltyRei,resemble,0.9998571033266089,DBpedia
http://ns.inria.fr/zoomathia/CASSIANUS_BASSUS/geoponica/e/16/21/text/1,http://dbpedia.org/resource/Beauty,beauty,0.904659320763021,DBpedia
http://ns.inria.fr/zoomathia/CASSIANUS_BASSUS/geoponica/e/16/21/text/1,http://dbpedia.org/resource/Donkey,ass,0.9999999972125124,DBpedia
http://ns.inria.fr/zoomathia/CASSIANUS_BASSUS/geoponica/e/16/21/text/1,http://dbpedia.org/resource/Horse,horse,0.9999999953403176,DBpedia
http://ns.inria.fr/zoomathia/CASSIANUS_BASSUS/geoponica/e/16/21/text/1,http://dbpedia.org/resource/Animal,animal,0.9999993770785189,DBpedia
http://ns.inria.fr/zoomathia/CASSIANUS_BASSUS/geoponica/e/16/21/text/1,http://dbpedia.org/resource/Initiation,admission,0.839753349265927,DBpedia
http://ns.inria.fr/zoomathia/CASSIANUS_BASSUS/geoponica/e/16/21/text/1,http://dbpedia.org/resource/Clothing,garment,0.9999968139528215,DBpedia
http://ns.inria.fr/zoomathia/CASSIANUS_BASSUS/geoponica/e/16/21/text/1,http://dbpedia.org/resource/Color,colour,0.9173247008613034,DBpedia
http://ns.inria.fr/zoomathia/CASSIANUS_BASSUS/geoponica/e/16/21/text/1,http://dbpedia.org/resource/Colt_(horse),colt,0.9994891086076125,DBpedia
http://ns.inria.fr/zoomathia/CASSIANUS_BASSUS/geoponica/e/16/21/text/1,http://dbpedia.org/resource/Color,colour,0.9173247008613034,DBpedia
http://ns.inria.fr/zoomathia/CASSIANUS_BASSUS/geoponica/e/16/21/text/1,http://dbpedia.org/resource/Clothing,garment,0.9999968139528215,DBpedia
http://ns.inria.fr/zoomathia/CASSIANUS_BASSUS/geoponica/e/16/21/text/1,http://dbpedia.org/resource/Animal,animal,0.9999993770785189,DBpedia
http://ns.inria.fr/zoomathia/CASSIANUS_BASSUS/geoponica/e/16/21/text/1,http://dbpedia.org/resource/Initiation,admission,0.839753349265927,DBpedia
http://ns.inria.fr/zoomathia/CASSIANUS_BASSUS/geoponica/e/16/21/text/1,http://dbpedia.org/resource/Horse_breeding,covered,0.6204172141466644,DBpedia
http://ns.inria.fr/zoomathia/CASSIANUS_BASSUS/geoponica/e/16/21/text/1,http://dbpedia.org/resource/Color,colour,0.9173247008613034,DBpedia
http://ns.inria.fr/zoomathia/CASSIANUS_BASSUS/geoponica/e/16/21/text/1,http://dbpedia.org/resource/Colt_(horse),colt,0.9994891086076125,DBpedia
http://ns.inria.fr/zoomathia/CASSIANUS_BASSUS/geoponica/e/16/21/text/1,http://dbpedia.org/resource/Werewolf,cure,0.548383149672419,DBpedia
http://ns.inria.fr/zoomathia/CASSIANUS_BASSUS/geoponica/e/16/21/text/1,http://dbpedia.org/resource/Limp,lame,0.9999720985161856,DBpedia
http://ns.inria.fr/zoomathia/CASSIANUS_BASSUS/geoponica/e/16/21/text/1,http://dbpedia.org/resource/Donkey,asses,0.9999999999218971,DBpedia
http://ns.inria.fr/zoomathia/CASSIANUS_BASSUS/geoponica/e/16/21/text/1,http://dbpedia.org/resource/Washing,wash,0.999999999964416,DBpedia
http://ns.inria.fr/zoomathia/CASSIANUS_BASSUS/geoponica/e/16/21/text/1,http://dbpedia.org/resource/Foot,foot,0.9999928340028927,DBpedia
http://ns.inria.fr/zoomathia/CASSIANUS_BASSUS/geoponica/e/16/21/text/1,http://dbpedia.org/resource/Temperature,warm,0.9882976021503848,DBpedia
http://ns.inria.fr/zoomathia/CASSIANUS_BASSUS/geoponica/e/16/21/text/1,http://dbpedia.org/resource/Water,water,0.9999955524904175,DBpedia
http://ns.inria.fr/zoomathia/CASSIANUS_BASSUS/geoponica/e/16/21/text/1,http://dbpedia.org/resource/Sustainable_energy,clean,0.9318552867685295,DBpedia
http://ns.inria.fr/zoomathia/CASSIANUS_BASSUS/geoponica/e/16/21/text/1,http://dbpedia.org/resource/Grader,scraper,0.9923557604273391,DBpedia
http://ns.inria.fr/zoomathia/CASSIANUS_BASSUS/geoponica/e/16/21/text/1,http://dbpedia.org/resource/Goat,goat,0.9999999966266842,DBpedia
http://ns.inria.fr/zoomathia/CASSIANUS_BASSUS/geoponica/e/16/21/text/1,http://dbpedia.org/resource/Ox,ox,0.6077812863300681,DBpedia
http://ns.inria.fr/zoomathia/CASSIANUS_BASSUS/geoponica/e/16/21/text/1,http://dbpedia.org/resource/Hot_spring,hot,0.7197673459145227,DBpedia
http://ns.inria.fr/zoomathia/CASSIANUS_BASSUS/geoponica/e/16/21/text/1,http://dbpedia.org/resource/Staling,stale,1.0,DBpedia
http://ns.inria.fr/zoomathia/CASSIANUS_BASSUS/geoponica/e/16/21/text/1,http://dbpedia.org/resource/Urine,urine,0.8175968093950476,DBpedia
http://ns.inria.fr/zoomathia/CASSIANUS_BASSUS/geoponica/e/16/21/text/1,http://dbpedia.org/resource/Ham,cured,0.8025907863489798,DBpedia
http://ns.inria.fr/zoomathia/CASSIANUS_BASSUS/geoponica/e/16/22/text/1,https://opentheso.huma-num.fr/?idc=pcrt0wSiSXpLTf&idt=th310,camel,1,zoomathia_match
http://ns.inria.fr/zoomathia/CASSIANUS_BASSUS/geoponica/e/16/22/text/1,https://opentheso.huma-num.fr/?idc=107576&idt=th310,water,1,zoomathia_match
http://ns.inria.fr/zoomathia/CASSIANUS_BASSUS/geoponica/e/16/22/text/1,https://opentheso.huma-num.fr/?idc=pcrtGSslMASdGf&idt=th310,days,1,zoomathia_match
http://ns.inria.fr/zoomathia/CASSIANUS_BASSUS/geoponica/e/16/22/text/1,https://opentheso.huma-num.fr/?idc=pcrtmwjz8S1ZgH&idt=th310,cured,1,zoomathia_match
http://ns.inria.fr/zoomathia/CASSIANUS_BASSUS/geoponica/e/16/22/text/1,https://opentheso.huma-num.fr/?idc=pcrtc6RmFQxFuS&idt=th310,pitch,1,zoomathia_match
http://ns.inria.fr/zoomathia/CASSIANUS_BASSUS/geoponica/e/16/22/text/1,https://opentheso.huma-num.fr/?idc=pcrt0wSiSXpLTf&idt=th310,camel,1,zoomathia_match
http://ns.inria.fr/zoomathia/CASSIANUS_BASSUS/geoponica/e/16/22/text/1,https://opentheso.huma-num.fr/?idc=pcrtAwNIXihhnw&idt=th310,Didymus,1,zoomathia_match
http://ns.inria.fr/zoomathia/CASSIANUS_BASSUS/geoponica/e/16/22/text/1,https://opentheso.huma-num.fr/?idc=pcrt0wSiSXpLTf&idt=th310,camel,1,zoomathia_match
http://ns.inria.fr/zoomathia/CASSIANUS_BASSUS/geoponica/e/16/22/text/1,https://opentheso.huma-num.fr/?idc=106004&idt=th310,wild,1,zoomathia_match
http://ns.inria.fr/zoomathia/CASSIANUS_BASSUS/geoponica/e/16/22/text/1,https://opentheso.huma-num.fr/?idc=pcrtRmvjGjzyOO&idt=th310,boars,1,zoomathia_match
http://ns.inria.fr/zoomathia/CASSIANUS_BASSUS/geoponica/e/16/22/text/1,https://opentheso.huma-num.fr/?idc=107860&idt=th310,Indian mountains,1,zoomathia_match
http://ns.inria.fr/zoomathia/CASSIANUS_BASSUS/geoponica/e/16/22/text/1,https://opentheso.huma-num.fr/?idc=pcrtRmvjGjzyOO&idt=th310,boar,1,zoomathia_match
http://ns.inria.fr/zoomathia/CASSIANUS_BASSUS/geoponica/e/16/22/text/1,https://opentheso.huma-num.fr/?idc=pcrt0wSiSXpLTf&idt=th310,camel,1,zoomathia_match
http://ns.inria.fr/zoomathia/CASSIANUS_BASSUS/geoponica/e/16/22/text/1,https://opentheso.huma-num.fr/?idc=pcrt0wSiSXpLTf&idt=th310,camel,1,zoomathia_match
http://ns.inria.fr/zoomathia/CASSIANUS_BASSUS/geoponica/e/16/22/text/1,https://opentheso.huma-num.fr/?idc=106492&idt=th310,mule,1,zoomathia_match
http://ns.inria.fr/zoomathia/CASSIANUS_BASSUS/geoponica/e/16/22/text/1,https://opentheso.huma-num.fr/?idc=pcrt6i8AcPBoY2&idt=th310,horse,1,zoomathia_match
http://ns.inria.fr/zoomathia/CASSIANUS_BASSUS/geoponica/e/16/22/text/1,https://opentheso.huma-num.fr/?idc=pcrt1eSDN7pc4r&idt=th310,ass,1,zoomathia_match
http://ns.inria.fr/zoomathia/CASSIANUS_BASSUS/geoponica/e/16/22/text/1,https://opentheso.huma-num.fr/?idc=pcrt0wSiSXpLTf&idt=th310,camel,1,zoomathia_match
http://ns.inria.fr/zoomathia/CASSIANUS_BASSUS/geoponica/e/16/22/text/1,https://opentheso.huma-num.fr/?idc=pcrtGm7ZMfoQrc&idt=th310,bears,1,zoomathia_match
http://ns.inria.fr/zoomathia/CASSIANUS_BASSUS/geoponica/e/16/22/text/1,https://opentheso.huma-num.fr/?idc=105173&idt=th310,hair,1,zoomathia_match
http://ns.inria.fr/zoomathia/CASSIANUS_BASSUS/geoponica/e/16/22/text/1,https://opentheso.huma-num.fr/?idc=105280&idt=th310,strength,1,zoomathia_match
http://ns.inria.fr/zoomathia/CASSIANUS_BASSUS/geoponica/e/16/22/text/1,https://opentheso.huma-num.fr/?idc=pcrtOQj6KuEbn2&idt=th310,kept,1,zoomathia_match
http://ns.inria.fr/zoomathia/CASSIANUS_BASSUS/geoponica/e/16/22/text/1,https://opentheso.huma-num.fr/?idc=105280&idt=th310,strength,1,zoomathia_match
http://ns.inria.fr/zoomathia/CASSIANUS_BASSUS/geoponica/e/16/22/text/1,https://opentheso.huma-num.fr/?idc=pcrt0wSiSXpLTf&idt=th310,camels,1,zoomathia_match
http://ns.inria.fr/zoomathia/CASSIANUS_BASSUS/geoponica/e/16/22/text/1,https://opentheso.huma-num.fr/?idc=pcrt0wSiSXpLTf&idt=th310,camels,1,zoomathia_match
http://ns.inria.fr/zoomathia/CASSIANUS_BASSUS/geoponica/e/16/22/text/1,https://opentheso.huma-num.fr/?idc=pcrtLnUS9cADfI&idt=th310,seen,1,zoomathia_match
http://ns.inria.fr/zoomathia/CASSIANUS_BASSUS/geoponica/e/16/22/text/1,https://opentheso.huma-num.fr/?idc=pcrtDoQWOTMlW7&idt=th310,dromedaries,1,zoomathia_match
http://ns.inria.fr/zoomathia/CASSIANUS_BASSUS/geoponica/e/16/22/text/1,https://opentheso.huma-num.fr/?idc=pcrt6i8AcPBoY2&idt=th310,horses,1,zoomathia_match
http://ns.inria.fr/zoomathia/CASSIANUS_BASSUS/geoponica/e/16/22/text/1,https://opentheso.huma-num.fr/?idc=pcrtLnUS9cADfI&idt=th310,saw,1,zoomathia_match
http://ns.inria.fr/zoomathia/CASSIANUS_BASSUS/geoponica/e/16/22/text/1,https://opentheso.huma-num.fr/?idc=107784&idt=th310,Rome,1,zoomathia_match
http://ns.inria.fr/zoomathia/CASSIANUS_BASSUS/geoponica/e/16/22/text/1,https://opentheso.huma-num.fr/?idc=pcrtLnUS9cADfI&idt=th310,seen,1,zoomathia_match
http://ns.inria.fr/zoomathia/CASSIANUS_BASSUS/geoponica/e/16/22/text/1,https://opentheso.huma-num.fr/?idc=107786&idt=th310,India,1,zoomathia_match
http://ns.inria.fr/zoomathia/CASSIANUS_BASSUS/geoponica/e/16/22/text/1,https://www.wikidata.org/wiki/Q506540,DIDYMUS,0.515,wikidata
http://ns.inria.fr/zoomathia/CASSIANUS_BASSUS/geoponica/e/16/22/text/1,https://www.wikidata.org/wiki/Q674439,Georgics,0.866,wikidata
http://ns.inria.fr/zoomathia/CASSIANUS_BASSUS/geoponica/e/16/22/text/1,https://www.wikidata.org/wiki/Q7768975,three days,0.3713,wikidata
http://ns.inria.fr/zoomathia/CASSIANUS_BASSUS/geoponica/e/16/22/text/1,https://www.wikidata.org/wiki/Q506540,Didymus,0.5167,wikidata
http://ns.inria.fr/zoomathia/CASSIANUS_BASSUS/geoponica/e/16/22/text/1,https://www.wikidata.org/wiki/Q132922,Bactrian,0.6367,wikidata
http://ns.inria.fr/zoomathia/CASSIANUS_BASSUS/geoponica/e/16/22/text/1,https://www.wikidata.org/wiki/Q328799,Indian,0.4322,wikidata
http://ns.inria.fr/zoomathia/CASSIANUS_BASSUS/geoponica/e/16/22/text/1,https://www.wikidata.org/wiki/Q132922,Bactrian,0.6367,wikidata
http://ns.inria.fr/zoomathia/CASSIANUS_BASSUS/geoponica/e/16/22/text/1,https://www.wikidata.org/wiki/Q166523,Florentinus,0.6387,wikidata
http://ns.inria.fr/zoomathia/CASSIANUS_BASSUS/geoponica/e/16/22/text/1,https://www.wikidata.org/wiki/Q674439,Georgics,0.866,wikidata
http://ns.inria.fr/zoomathia/CASSIANUS_BASSUS/geoponica/e/16/22/text/1,https://www.wikidata.org/wiki/Q220,Rome,0.6994,wikidata
http://ns.inria.fr/zoomathia/CASSIANUS_BASSUS/geoponica/e/16/22/text/1,https://www.wikidata.org/wiki/Q495357,Antioch,0.6722,wikidata
http://ns.inria.fr/zoomathia/CASSIANUS_BASSUS/geoponica/e/16/22/text/1,https://www.wikidata.org/wiki/Q668,India,0.7048,wikidata
http://ns.inria.fr/zoomathia/CASSIANUS_BASSUS/geoponica/e/16/22/text/1,http://dbpedia.org/resource/Didymus_the_Blind,DIDYMUS,0.966029729121993,DBpedia
http://ns.inria.fr/zoomathia/CASSIANUS_BASSUS/geoponica/e/16/22/text/1,http://dbpedia.org/resource/Georgics,Georgics,1.0,DBpedia
http://ns.inria.fr/zoomathia/CASSIANUS_BASSUS/geoponica/e/16/22/text/1,http://dbpedia.org/resource/Camel,camel,0.9994625841071391,DBpedia
http://ns.inria.fr/zoomathia/CASSIANUS_BASSUS/geoponica/e/16/22/text/1,http://dbpedia.org/resource/Water,water,0.9961438835740656,DBpedia
http://ns.inria.fr/zoomathia/CASSIANUS_BASSUS/geoponica/e/16/22/text/1,http://dbpedia.org/resource/Day,days,0.9919115010151507,DBpedia
http://ns.inria.fr/zoomathia/CASSIANUS_BASSUS/geoponica/e/16/22/text/1,http://dbpedia.org/resource/Salt-cured_meat,cured,0.6495368355397589,DBpedia
http://ns.inria.fr/zoomathia/CASSIANUS_BASSUS/geoponica/e/16/22/text/1,http://dbpedia.org/resource/Pitch-accent_language,pitch,0.9590443282666847,DBpedia
http://ns.inria.fr/zoomathia/CASSIANUS_BASSUS/geoponica/e/16/22/text/1,http://dbpedia.org/resource/Camel,camel,0.9994625841071391,DBpedia
http://ns.inria.fr/zoomathia/CASSIANUS_BASSUS/geoponica/e/16/22/text/1,http://dbpedia.org/resource/Cover_version,cover,0.8881830615191538,DBpedia
http://ns.inria.fr/zoomathia/CASSIANUS_BASSUS/geoponica/e/16/22/text/1,http://dbpedia.org/resource/Mare,dam,0.9999915368524639,DBpedia
http://ns.inria.fr/zoomathia/CASSIANUS_BASSUS/geoponica/e/16/22/text/1,http://dbpedia.org/resource/Foal,foal,1.0,DBpedia
http://ns.inria.fr/zoomathia/CASSIANUS_BASSUS/geoponica/e/16/22/text/1,http://dbpedia.org/resource/Didymus_the_Blind,Didymus,0.966029729121993,DBpedia
http://ns.inria.fr/zoomathia/CASSIANUS_BASSUS/geoponica/e/16/22/text/1,http://dbpedia.org/resource/Camel,camel,0.9994625841071391,DBpedia
http://ns.inria.fr/zoomathia/CASSIANUS_BASSUS/geoponica/e/16/22/text/1,http://dbpedia.org/resource/Fertilisation,impregnated,0.9735387427198827,DBpedia
http://ns.inria.fr/zoomathia/CASSIANUS_BASSUS/geoponica/e/16/22/text/1,http://dbpedia.org/resource/Wild_boar,wild boars,0.9999999996375664,DBpedia
http://ns.inria.fr/zoomathia/CASSIANUS_BASSUS/geoponica/e/16/22/text/1,http://dbpedia.org/resource/Pasture,pastures,0.9999999999860165,DBpedia
http://ns.inria.fr/zoomathia/CASSIANUS_BASSUS/geoponica/e/16/22/text/1,http://dbpedia.org/resource/Native_Americans_in_the_United_States,Indian,0.5231635322815824,DBpedia
http://ns.inria.fr/zoomathia/CASSIANUS_BASSUS/geoponica/e/16/22/text/1,http://dbpedia.org/resource/Mountain,mountains,0.9724373616530312,DBpedia
http://ns.inria.fr/zoomathia/CASSIANUS_BASSUS/geoponica/e/16/22/text/1,http://dbpedia.org/resource/Wild_boar,boar,0.9999998353063255,DBpedia
http://ns.inria.fr/zoomathia/CASSIANUS_BASSUS/geoponica/e/16/22/text/1,http://dbpedia.org/resource/Milch_camel_of_God,she-camel,0.9999999999984084,DBpedia
http://ns.inria.fr/zoomathia/CASSIANUS_BASSUS/geoponica/e/16/22/text/1,http://dbpedia.org/resource/Record_producer,produced,0.9943952589462746,DBpedia
http://ns.inria.fr/zoomathia/CASSIANUS_BASSUS/geoponica/e/16/22/text/1,http://dbpedia.org/resource/Camel,camel,0.9994625841071391,DBpedia
http://ns.inria.fr/zoomathia/CASSIANUS_BASSUS/geoponica/e/16/22/text/1,http://dbpedia.org/resource/Bunches,bunches,0.9999999619622039,DBpedia
http://ns.inria.fr/zoomathia/CASSIANUS_BASSUS/geoponica/e/16/22/text/1,http://dbpedia.org/resource/Mule,mule,0.9999999997168061,DBpedia
http://ns.inria.fr/zoomathia/CASSIANUS_BASSUS/geoponica/e/16/22/text/1,http://dbpedia.org/resource/Horse,horse,0.9999491613238488,DBpedia
http://ns.inria.fr/zoomathia/CASSIANUS_BASSUS/geoponica/e/16/22/text/1,http://dbpedia.org/resource/Donkey,ass,0.9537395700794674,DBpedia
http://ns.inria.fr/zoomathia/CASSIANUS_BASSUS/geoponica/e/16/22/text/1,http://dbpedia.org/resource/Camel,camel,0.9994625841071391,DBpedia
http://ns.inria.fr/zoomathia/CASSIANUS_BASSUS/geoponica/e/16/22/text/1,http://dbpedia.org/resource/Record_producer,produced,0.9943952589462746,DBpedia
http://ns.inria.fr/zoomathia/CASSIANUS_BASSUS/geoponica/e/16/22/text/1,http://dbpedia.org/resource/Bear,bears,0.94635847322801,DBpedia
http://ns.inria.fr/zoomathia/CASSIANUS_BASSUS/geoponica/e/16/22/text/1,http://dbpedia.org/resource/German_gold_mark,marks,0.6830278849224628,DBpedia
http://ns.inria.fr/zoomathia/CASSIANUS_BASSUS/geoponica/e/16/22/text/1,http://dbpedia.org/resource/Stallion,sire,0.8979923505987478,DBpedia
http://ns.inria.fr/zoomathia/CASSIANUS_BASSUS/geoponica/e/16/22/text/1,http://dbpedia.org/resource/Hair,hair,0.9998786487272413,DBpedia
http://ns.inria.fr/zoomathia/CASSIANUS_BASSUS/geoponica/e/16/22/text/1,http://dbpedia.org/resource/Physical_strength,powerful,0.9905548111557788,DBpedia
http://ns.inria.fr/zoomathia/CASSIANUS_BASSUS/geoponica/e/16/22/text/1,http://dbpedia.org/resource/Regard_(DJ),regard,0.9856851454133987,DBpedia
http://ns.inria.fr/zoomathia/CASSIANUS_BASSUS/geoponica/e/16/22/text/1,http://dbpedia.org/resource/Stumbling_block,stumble,0.9999999999993179,DBpedia
http://ns.inria.fr/zoomathia/CASSIANUS_BASSUS/geoponica/e/16/22/text/1,http://dbpedia.org/resource/Physical_strength,powerful,0.9905548111557788,DBpedia
http://ns.inria.fr/zoomathia/CASSIANUS_BASSUS/geoponica/e/16/22/text/1,http://dbpedia.org/resource/Portage,carries,0.9998634679434939,DBpedia
http://ns.inria.fr/zoomathia/CASSIANUS_BASSUS/geoponica/e/16/22/text/1,http://dbpedia.org/resource/Body_double,double,0.5527086086401007,DBpedia
http://ns.inria.fr/zoomathia/CASSIANUS_BASSUS/geoponica/e/16/22/text/1,http://dbpedia.org/resource/Refrain,burden,0.53507465611381,DBpedia
http://ns.inria.fr/zoomathia/CASSIANUS_BASSUS/geoponica/e/16/22/text/1,http://dbpedia.org/resource/Camel,camels,0.9927355897497351,DBpedia
http://ns.inria.fr/zoomathia/CASSIANUS_BASSUS/geoponica/e/16/22/text/1,http://dbpedia.org/resource/Bactrian_camel,Bactrian,1.0,DBpedia
http://ns.inria.fr/zoomathia/CASSIANUS_BASSUS/geoponica/e/16/22/text/1,http://dbpedia.org/resource/Camel,camels,0.9927355897497351,DBpedia
http://ns.inria.fr/zoomathia/CASSIANUS_BASSUS/geoponica/e/16/22/text/1,http://dbpedia.org/resource/Record_producer,produced,0.9943952589462746,DBpedia
http://ns.inria.fr/zoomathia/CASSIANUS_BASSUS/geoponica/e/16/22/text/1,http://dbpedia.org/resource/Dromedary,dromedaries,1.0,DBpedia
http://ns.inria.fr/zoomathia/CASSIANUS_BASSUS/geoponica/e/16/22/text/1,http://dbpedia.org/resource/Main_contention,contending,0.9998325816852834,DBpedia
http://ns.inria.fr/zoomathia/CASSIANUS_BASSUS/geoponica/e/16/22/text/1,http://dbpedia.org/resource/Horse,horses,0.9974415780806296,DBpedia
http://ns.inria.fr/zoomathia/CASSIANUS_BASSUS/geoponica/e/16/22/text/1,http://dbpedia.org/resource/Florentius_of_Peterborough,Florentinus,0.9999970543741666,DBpedia
http://ns.inria.fr/zoomathia/CASSIANUS_BASSUS/geoponica/e/16/22/text/1,http://dbpedia.org/resource/Georgics,Georgics,1.0,DBpedia
http://ns.inria.fr/zoomathia/CASSIANUS_BASSUS/geoponica/e/16/22/text/1,http://dbpedia.org/resource/Camelopardalis,camelopardalis,1.0,DBpedia
http://ns.inria.fr/zoomathia/CASSIANUS_BASSUS/geoponica/e/16/22/text/1,http://dbpedia.org/resource/Ancient_Rome,Rome,0.9675829487071803,DBpedia
http://ns.inria.fr/zoomathia/CASSIANUS_BASSUS/geoponica/e/16/22/text/1,http://dbpedia.org/resource/Camelopardalis,camelopardalis,1.0,DBpedia
http://ns.inria.fr/zoomathia/CASSIANUS_BASSUS/geoponica/e/16/22/text/1,http://dbpedia.org/resource/Antioch,Antioch,0.9864562440908766,DBpedia
http://ns.inria.fr/zoomathia/CASSIANUS_BASSUS/geoponica/e/16/22/text/1,http://dbpedia.org/resource/India,India,0.4562554189072781,DBpedia
