paragraph_uri,concept_uri,mention,score,origin
http://ns.inria.fr/zoomathia/ANTIGONUS/ἱστοριῶν_παραδόξων_συναγωγή/g_2/1/1/text/1,https://opentheso.huma-num.fr/?idc=pcrtyky7aii4ZT&idt=th310,Timaeus,1,zoomathia_match
http://ns.inria.fr/zoomathia/ANTIGONUS/ἱστοριῶν_παραδόξων_συναγωγή/g_2/1/1/text/1,https://opentheso.huma-num.fr/?idc=107792&idt=th310,Sicily,1,zoomathia_match
http://ns.inria.fr/zoomathia/ANTIGONUS/ἱστοριῶν_παραδόξων_συναγωγή/g_2/1/1/text/1,https://opentheso.huma-num.fr/?idc=107517&idt=th310,cicadas,1,zoomathia_match
http://ns.inria.fr/zoomathia/ANTIGONUS/ἱστοριῶν_παραδόξων_συναγωγή/g_2/1/1/text/1,https://opentheso.huma-num.fr/?idc=pcrtHfc0ScaO1k&idt=th310,sing,1,zoomathia_match
http://ns.inria.fr/zoomathia/ANTIGONUS/ἱστοριῶν_παραδόξων_συναγωγή/g_2/1/1/text/1,https://opentheso.huma-num.fr/?idc=pcrtzpSV0VaSnU&idt=th310,Ariston,1,zoomathia_match
http://ns.inria.fr/zoomathia/ANTIGONUS/ἱστοριῶν_παραδόξων_συναγωγή/g_2/1/1/text/1,https://opentheso.huma-num.fr/?idc=107934&idt=th310,Locri,1,zoomathia_match
http://ns.inria.fr/zoomathia/ANTIGONUS/ἱστοριῶν_παραδόξων_συναγωγή/g_2/1/1/text/1,https://opentheso.huma-num.fr/?idc=pcrtHfc0ScaO1k&idt=th310,sing,1,zoomathia_match
http://ns.inria.fr/zoomathia/ANTIGONUS/ἱστοριῶν_παραδόξων_συναγωγή/g_2/1/1/text/1,https://opentheso.huma-num.fr/?idc=107517&idt=th310,cicadas,1,zoomathia_match
http://ns.inria.fr/zoomathia/ANTIGONUS/ἱστοριῶν_παραδόξων_συναγωγή/g_2/1/1/text/1,https://opentheso.huma-num.fr/?idc=pcrtHfc0ScaO1k&idt=th310,sing,1,zoomathia_match
http://ns.inria.fr/zoomathia/ANTIGONUS/ἱστοριῶν_παραδόξων_συναγωγή/g_2/1/1/text/1,https://opentheso.huma-num.fr/?idc=pcrtWUyge94a85&idt=th310,set,1,zoomathia_match
http://ns.inria.fr/zoomathia/ANTIGONUS/ἱστοριῶν_παραδόξων_συναγωγή/g_2/1/1/text/1,https://opentheso.huma-num.fr/?idc=pcrt8ZVR5ZSxvu&idt=th310,fair,1,zoomathia_match
http://ns.inria.fr/zoomathia/ANTIGONUS/ἱστοριῶν_παραδόξων_συναγωγή/g_2/1/1/text/1,https://opentheso.huma-num.fr/?idc=pcrtBeRSLpmtm1&idt=th310,contest,1,zoomathia_match
http://ns.inria.fr/zoomathia/ANTIGONUS/ἱστοριῶν_παραδόξων_συναγωγή/g_2/1/1/text/1,https://opentheso.huma-num.fr/?idc=105428&idt=th310,reason,1,zoomathia_match
http://ns.inria.fr/zoomathia/ANTIGONUS/ἱστοριῶν_παραδόξων_συναγωγή/g_2/1/1/text/1,https://opentheso.huma-num.fr/?idc=pcrtHfc0ScaO1k&idt=th310,singing,1,zoomathia_match
http://ns.inria.fr/zoomathia/ANTIGONUS/ἱστοριῶν_παραδόξων_συναγωγή/g_2/1/1/text/1,https://opentheso.huma-num.fr/?idc=107517&idt=th310,cicada,1,zoomathia_match
http://ns.inria.fr/zoomathia/ANTIGONUS/ἱστοριῶν_παραδόξων_συναγωγή/g_2/1/1/text/1,https://opentheso.huma-num.fr/?idc=105121&idt=th310,flown,1,zoomathia_match
http://ns.inria.fr/zoomathia/ANTIGONUS/ἱστοριῶν_παραδόξων_συναγωγή/g_2/1/1/text/1,https://opentheso.huma-num.fr/?idc=105383&idt=th310,flown,1,zoomathia_match
http://ns.inria.fr/zoomathia/ANTIGONUS/ἱστοριῶν_παραδόξων_συναγωγή/g_2/1/1/text/1,https://opentheso.huma-num.fr/?idc=pcrtHfc0ScaO1k&idt=th310,sing,1,zoomathia_match
http://ns.inria.fr/zoomathia/ANTIGONUS/ἱστοριῶν_παραδόξων_συναγωγή/g_2/1/1/text/1,https://www.wikidata.org/wiki/Q176287,Timaeus,0.8717,wikidata
http://ns.inria.fr/zoomathia/ANTIGONUS/ἱστοριῶν_παραδόξων_συναγωγή/g_2/1/1/text/1,https://www.wikidata.org/wiki/Q1460,Sicily,0.7375,wikidata
http://ns.inria.fr/zoomathia/ANTIGONUS/ἱστοριῶν_παραδόξων_συναγωγή/g_2/1/1/text/1,https://www.wikidata.org/wiki/Q16018971,Alex,0.3759,wikidata
http://ns.inria.fr/zoomathia/ANTIGONUS/ἱστοριῶν_παραδόξων_συναγωγή/g_2/1/1/text/1,https://www.wikidata.org/wiki/Q764236,Locrians,0.7375,wikidata
http://ns.inria.fr/zoomathia/ANTIGONUS/ἱστοριῶν_παραδόξων_συναγωγή/g_2/1/1/text/1,https://www.wikidata.org/wiki/Q8471,Rhegium,0.7745,wikidata
http://ns.inria.fr/zoomathia/ANTIGONUS/ἱστοριῶν_παραδόξων_συναγωγή/g_2/1/1/text/1,https://www.wikidata.org/wiki/Q3706606,Locrian,0.8619,wikidata
http://ns.inria.fr/zoomathia/ANTIGONUS/ἱστοριῶν_παραδόξων_συναγωγή/g_2/1/1/text/1,https://www.wikidata.org/wiki/Q3622704,Ariston,0.6449,wikidata
http://ns.inria.fr/zoomathia/ANTIGONUS/ἱστοριῶν_παραδόξων_συναγωγή/g_2/1/1/text/1,https://www.wikidata.org/wiki/Q54619,Locri,0.7743,wikidata
http://ns.inria.fr/zoomathia/ANTIGONUS/ἱστοριῶν_παραδόξων_συναγωγή/g_2/1/1/text/1,https://www.wikidata.org/wiki/Q75459,Delphi,0.7356,wikidata
http://ns.inria.fr/zoomathia/ANTIGONUS/ἱστοριῶν_παραδόξων_συναγωγή/g_2/1/1/text/1,https://www.wikidata.org/wiki/Q75459,Delphi,0.7356,wikidata
http://ns.inria.fr/zoomathia/ANTIGONUS/ἱστοριῶν_παραδόξων_συναγωγή/g_2/1/1/text/1,https://www.wikidata.org/wiki/Q749541,Locrian,0.4626,wikidata
http://ns.inria.fr/zoomathia/ANTIGONUS/ἱστοριῶν_παραδόξων_συναγωγή/g_2/1/1/text/1,http://dbpedia.org/resource/Timaeus_of_Locri,Timaeus,0.9999998633736689,DBpedia
http://ns.inria.fr/zoomathia/ANTIGONUS/ἱστοριῶν_παραδόξων_συναγωγή/g_2/1/1/text/1,http://dbpedia.org/resource/History,history,0.9608630649180477,DBpedia
http://ns.inria.fr/zoomathia/ANTIGONUS/ἱστοριῶν_παραδόξων_συναγωγή/g_2/1/1/text/1,http://dbpedia.org/resource/Sicily,Sicily,0.9999991188921529,DBpedia
http://ns.inria.fr/zoomathia/ANTIGONUS/ἱστοριῶν_παραδόξων_συναγωγή/g_2/1/1/text/1,http://dbpedia.org/resource/Predestination,called,0.7418085572189321,DBpedia
http://ns.inria.fr/zoomathia/ANTIGONUS/ἱστοριῶν_παραδόξων_συναγωγή/g_2/1/1/text/1,http://dbpedia.org/resource/Alex_Rousseau,Alex,0.9999405609762452,DBpedia
http://ns.inria.fr/zoomathia/ANTIGONUS/ἱστοριῶν_παραδόξων_συναγωγή/g_2/1/1/text/1,http://dbpedia.org/resource/Theory_of_forms,forms,0.999799340097909,DBpedia
http://ns.inria.fr/zoomathia/ANTIGONUS/ἱστοριῶν_παραδόξων_συναγωγή/g_2/1/1/text/1,http://dbpedia.org/resource/Locris,Locrians,0.999779619735175,DBpedia
http://ns.inria.fr/zoomathia/ANTIGONUS/ἱστοριῶν_παραδόξων_συναγωγή/g_2/1/1/text/1,http://dbpedia.org/resource/Reggio_Calabria,Rhegium,1.0,DBpedia
http://ns.inria.fr/zoomathia/ANTIGONUS/ἱστοριῶν_παραδόξων_συναγωγή/g_2/1/1/text/1,http://dbpedia.org/resource/Cicada,cicadas,1.0,DBpedia
http://ns.inria.fr/zoomathia/ANTIGONUS/ἱστοριῶν_παραδόξων_συναγωγή/g_2/1/1/text/1,http://dbpedia.org/resource/Locris,Locrian,0.9998222662066701,DBpedia
http://ns.inria.fr/zoomathia/ANTIGONUS/ἱστοριῶν_παραδόξων_συναγωγή/g_2/1/1/text/1,http://dbpedia.org/resource/Singing,sing,0.9458695009878617,DBpedia
http://ns.inria.fr/zoomathia/ANTIGONUS/ἱστοριῶν_παραδόξων_συναγωγή/g_2/1/1/text/1,http://dbpedia.org/resource/Voicelessness,voiceless,0.998812758389832,DBpedia
http://ns.inria.fr/zoomathia/ANTIGONUS/ἱστοριῶν_παραδόξων_συναγωγή/g_2/1/1/text/1,http://dbpedia.org/resource/Fable,fabulous,1.0,DBpedia
http://ns.inria.fr/zoomathia/ANTIGONUS/ἱστοριῶν_παραδόξων_συναγωγή/g_2/1/1/text/1,http://dbpedia.org/resource/Ariston_of_Paionia,Ariston,0.6501804425593585,DBpedia
http://ns.inria.fr/zoomathia/ANTIGONUS/ἱστοριῶν_παραδόξων_συναγωγή/g_2/1/1/text/1,http://dbpedia.org/resource/Reggio_Calabria,Rhegium,1.0,DBpedia
http://ns.inria.fr/zoomathia/ANTIGONUS/ἱστοριῶν_παραδόξων_συναγωγή/g_2/1/1/text/1,http://dbpedia.org/resource/Eunomus_(king_of_Sparta),Eunomus,0.6967839905085035,DBpedia
http://ns.inria.fr/zoomathia/ANTIGONUS/ἱστοριῶν_παραδόξων_συναγωγή/g_2/1/1/text/1,http://dbpedia.org/resource/Locri,Locri,1.0,DBpedia
http://ns.inria.fr/zoomathia/ANTIGONUS/ἱστοριῶν_παραδόξων_συναγωγή/g_2/1/1/text/1,http://dbpedia.org/resource/Early_Muslim_conquests,arrived,0.7577156364691119,DBpedia
http://ns.inria.fr/zoomathia/ANTIGONUS/ἱστοριῶν_παραδόξων_συναγωγή/g_2/1/1/text/1,http://dbpedia.org/resource/Delphi,Delphi,0.9999997005392509,DBpedia
http://ns.inria.fr/zoomathia/ANTIGONUS/ἱστοριῶν_παραδόξων_συναγωγή/g_2/1/1/text/1,http://dbpedia.org/resource/Allotment_system,allotted,0.9577342647605663,DBpedia
http://ns.inria.fr/zoomathia/ANTIGONUS/ἱστοριῶν_παραδόξων_συναγωγή/g_2/1/1/text/1,http://dbpedia.org/resource/Order_theory,order,0.7765064887772256,DBpedia
http://ns.inria.fr/zoomathia/ANTIGONUS/ἱστοριῶν_παραδόξων_συναγωγή/g_2/1/1/text/1,http://dbpedia.org/resource/Performance_art,performance,0.9686649738807381,DBpedia
http://ns.inria.fr/zoomathia/ANTIGONUS/ἱστοριῶν_παραδόξων_συναγωγή/g_2/1/1/text/1,http://dbpedia.org/resource/Grappling_position,position,0.9526538552814551,DBpedia
http://ns.inria.fr/zoomathia/ANTIGONUS/ἱστοριῶν_παραδόξων_συναγωγή/g_2/1/1/text/1,http://dbpedia.org/resource/Delphi,Delphi,0.9999997005392509,DBpedia
http://ns.inria.fr/zoomathia/ANTIGONUS/ἱστοριῶν_παραδόξων_συναγωγή/g_2/1/1/text/1,http://dbpedia.org/resource/Deity,god,0.5438957111267428,DBpedia
http://ns.inria.fr/zoomathia/ANTIGONUS/ἱστοριῶν_παραδόξων_συναγωγή/g_2/1/1/text/1,http://dbpedia.org/resource/Piping_and_plumbing_fitting,fitting,0.7062414138074785,DBpedia
http://ns.inria.fr/zoomathia/ANTIGONUS/ἱστοριῶν_παραδόξων_συναγωγή/g_2/1/1/text/1,http://dbpedia.org/resource/Singing,sing,0.9458695009878617,DBpedia
http://ns.inria.fr/zoomathia/ANTIGONUS/ἱστοριῶν_παραδόξων_συναγωγή/g_2/1/1/text/1,http://dbpedia.org/resource/Cithara,cithara,1.0,DBpedia
http://ns.inria.fr/zoomathia/ANTIGONUS/ἱστοριῶν_παραδόξων_συναγωγή/g_2/1/1/text/1,http://dbpedia.org/resource/Cicada,cicadas,1.0,DBpedia
http://ns.inria.fr/zoomathia/ANTIGONUS/ἱστοριῶν_παραδόξων_συναγωγή/g_2/1/1/text/1,http://dbpedia.org/resource/Singing,sing,0.9458695009878617,DBpedia
http://ns.inria.fr/zoomathia/ANTIGONUS/ἱστοριῶν_παραδόξων_συναγωγή/g_2/1/1/text/1,http://dbpedia.org/resource/Theatrical_scenery,set,0.5381169684434577,DBpedia
http://ns.inria.fr/zoomathia/ANTIGONUS/ἱστοριῶν_παραδόξων_συναγωγή/g_2/1/1/text/1,http://dbpedia.org/resource/Fair,fair,0.5348802769701986,DBpedia
http://ns.inria.fr/zoomathia/ANTIGONUS/ἱστοριῶν_παραδόξων_συναγωγή/g_2/1/1/text/1,http://dbpedia.org/resource/Goal,success,0.7899171572486534,DBpedia
http://ns.inria.fr/zoomathia/ANTIGONUS/ἱστοριῶν_παραδόξων_συναγωγή/g_2/1/1/text/1,http://dbpedia.org/resource/Eunomus_(king_of_Sparta),Eunomus,0.6967839905085035,DBpedia
http://ns.inria.fr/zoomathia/ANTIGONUS/ἱστοριῶν_παραδόξων_συναγωγή/g_2/1/1/text/1,http://dbpedia.org/resource/Locris,Locrian,0.9998222662066701,DBpedia
http://ns.inria.fr/zoomathia/ANTIGONUS/ἱστοριῶν_παραδόξων_συναγωγή/g_2/1/1/text/1,http://dbpedia.org/resource/Chinese_Communist_Revolution,victorious,0.9900293202616661,DBpedia
http://ns.inria.fr/zoomathia/ANTIGONUS/ἱστοριῶν_παραδόξων_συναγωγή/g_2/1/1/text/1,http://dbpedia.org/resource/Competition,contest,0.8811364774766726,DBpedia
http://ns.inria.fr/zoomathia/ANTIGONUS/ἱστοριῶν_παραδόξων_συναγωγή/g_2/1/1/text/1,http://dbpedia.org/resource/Reason,reason,0.9996787704437471,DBpedia
http://ns.inria.fr/zoomathia/ANTIGONUS/ἱστοριῶν_παραδόξων_συναγωγή/g_2/1/1/text/1,http://dbpedia.org/resource/Child_singer,singing,0.885581107858553,DBpedia
http://ns.inria.fr/zoomathia/ANTIGONUS/ἱστοριῶν_παραδόξων_συναγωγή/g_2/1/1/text/1,http://dbpedia.org/resource/Cicada,cicada,0.9999957065961179,DBpedia
http://ns.inria.fr/zoomathia/ANTIGONUS/ἱστοριῶν_παραδόξων_συναγωγή/g_2/1/1/text/1,http://dbpedia.org/resource/Cithara,cithara,1.0,DBpedia
http://ns.inria.fr/zoomathia/ANTIGONUS/ἱστοριῶν_παραδόξων_συναγωγή/g_2/1/1/text/1,http://dbpedia.org/resource/Singing,sing,0.9458695009878617,DBpedia
http://ns.inria.fr/zoomathia/ANTIGONUS/ἱστοριῶν_παραδόξων_συναγωγή/g_2/1/1/text/1,http://dbpedia.org/resource/Assembly_language,assembled,0.9950130586256161,DBpedia
http://ns.inria.fr/zoomathia/ANTIGONUS/ἱστοριῶν_παραδόξων_συναγωγή/g_2/1/1/text/1,http://dbpedia.org/resource/Counting,multitude,0.9999973435709575,DBpedia
http://ns.inria.fr/zoomathia/ANTIGONUS/ἱστοριῶν_παραδόξων_συναγωγή/g_2/1/1/text/1,http://dbpedia.org/resource/Acclamation,acclaimed,0.9999998699338533,DBpedia
http://ns.inria.fr/zoomathia/ANTIGONUS/ἱστοριῶν_παραδόξων_συναγωγή/g_2/1/1/text/1,http://dbpedia.org/resource/Second_Battle_of_El_Alamein,victory,0.9951250826061367,DBpedia
http://ns.inria.fr/zoomathia/ANTIGONUS/ἱστοριῶν_παραδόξων_συναγωγή/g_2/1/2/text/1,https://opentheso.huma-num.fr/?idc=107517&idt=th310,cicadas,1,zoomathia_match
http://ns.inria.fr/zoomathia/ANTIGONUS/ἱστοριῶν_παραδόξων_συναγωγή/g_2/1/2/text/1,https://www.wikidata.org/wiki/Q122248,Heracles,0.4516,wikidata
http://ns.inria.fr/zoomathia/ANTIGONUS/ἱστοριῶν_παραδόξων_συναγωγή/g_2/1/2/text/1,http://dbpedia.org/resource/Sorting_algorithm,sort,0.8457924227162895,DBpedia
http://ns.inria.fr/zoomathia/ANTIGONUS/ἱστοριῶν_παραδόξων_συναγωγή/g_2/1/2/text/1,http://dbpedia.org/resource/Legend,legend,0.571629284054475,DBpedia
http://ns.inria.fr/zoomathia/ANTIGONUS/ἱστοριῶν_παραδόξων_συναγωγή/g_2/1/2/text/1,http://dbpedia.org/resource/Heracles,Heracles,0.9948122980733045,DBpedia
http://ns.inria.fr/zoomathia/ANTIGONUS/ἱστοριῶν_παραδόξων_συναγωγή/g_2/1/2/text/1,http://dbpedia.org/resource/Cicada,cicadas,0.9999999999999432,DBpedia
http://ns.inria.fr/zoomathia/ANTIGONUS/ἱστοριῶν_παραδόξων_συναγωγή/g_2/1/2/text/1,http://dbpedia.org/resource/Fallen_angel,falling,0.5228607733123928,DBpedia
http://ns.inria.fr/zoomathia/ANTIGONUS/ἱστοριῶν_παραδόξων_συναγωγή/g_2/1/2/text/1,http://dbpedia.org/resource/Glossary_of_professional_wrestling_terms,spot,0.6565825841640318,DBpedia
http://ns.inria.fr/zoomathia/ANTIGONUS/ἱστοριῶν_παραδόξων_συναγωγή/g_2/1/2/text/1,http://dbpedia.org/resource/Regions_of_France,region,0.523544826500796,DBpedia
http://ns.inria.fr/zoomathia/ANTIGONUS/ἱστοριῶν_παραδόξων_συναγωγή/g_2/1/2/text/1,http://dbpedia.org/resource/Prayer,prayed,0.5592262370394676,DBpedia
http://ns.inria.fr/zoomathia/ANTIGONUS/ἱστοριῶν_παραδόξων_συναγωγή/g_2/1/2/text/1,http://dbpedia.org/resource/Voicelessness,voiceless,0.9443752658348785,DBpedia
http://ns.inria.fr/zoomathia/ANTIGONUS/ἱστοριῶν_παραδόξων_συναγωγή/g_2/1/3/text/1,https://opentheso.huma-num.fr/?idc=105691&idt=th310,land,1,zoomathia_match
http://ns.inria.fr/zoomathia/ANTIGONUS/ἱστοριῶν_παραδόξων_συναγωγή/g_2/1/3/text/1,https://opentheso.huma-num.fr/?idc=107517&idt=th310,cicadas,1,zoomathia_match
http://ns.inria.fr/zoomathia/ANTIGONUS/ἱστοριῶν_παραδόξων_συναγωγή/g_2/1/3/text/1,https://www.wikidata.org/wiki/Q178488,Cephallenia,0.442,wikidata
http://ns.inria.fr/zoomathia/ANTIGONUS/ἱστοριῶν_παραδόξων_συναγωγή/g_2/1/3/text/1,http://dbpedia.org/resource/Cephalonia,Cephallenia,0.9999971107721095,DBpedia
http://ns.inria.fr/zoomathia/ANTIGONUS/ἱστοριῶν_παραδόξων_συναγωγή/g_2/1/3/text/1,http://dbpedia.org/resource/Partitions_of_Poland,partitions,0.4441698644070411,DBpedia
http://ns.inria.fr/zoomathia/ANTIGONUS/ἱστοριῶν_παραδόξων_συναγωγή/g_2/1/3/text/1,http://dbpedia.org/resource/Land_of_Israel,land,0.47460306957391796,DBpedia
http://ns.inria.fr/zoomathia/ANTIGONUS/ἱστοριῶν_παραδόξων_συναγωγή/g_2/1/3/text/1,http://dbpedia.org/resource/Cicada,cicadas,0.9999999669701657,DBpedia
http://ns.inria.fr/zoomathia/ANTIGONUS/ἱστοριῶν_παραδόξων_συναγωγή/g_2/1/4/text/1,https://opentheso.huma-num.fr/?idc=105943&idt=th310,frogs,1,zoomathia_match
http://ns.inria.fr/zoomathia/ANTIGONUS/ἱστοριῶν_παραδόξων_συναγωγή/g_2/1/4/text/1,https://opentheso.huma-num.fr/?idc=105391&idt=th310,voice,1,zoomathia_match
http://ns.inria.fr/zoomathia/ANTIGONUS/ἱστοριῶν_παραδόξων_συναγωγή/g_2/1/4/text/1,https://opentheso.huma-num.fr/?idc=pcrtWwfAxO4ZPq&idt=th310,Perseus,1,zoomathia_match
http://ns.inria.fr/zoomathia/ANTIGONUS/ἱστοριῶν_παραδόξων_συναγωγή/g_2/1/4/text/1,https://www.wikidata.org/wiki/Q1796044,Seriphus,0.456,wikidata
http://ns.inria.fr/zoomathia/ANTIGONUS/ἱστοριῶν_παραδόξων_συναγωγή/g_2/1/4/text/1,https://www.wikidata.org/wiki/Q122248,Heracles,0.4516,wikidata
http://ns.inria.fr/zoomathia/ANTIGONUS/ἱστοριῶν_παραδόξων_συναγωγή/g_2/1/4/text/1,http://dbpedia.org/resource/Frog,frogs,0.9837847623433348,DBpedia
http://ns.inria.fr/zoomathia/ANTIGONUS/ἱστοριῶν_παραδόξων_συναγωγή/g_2/1/4/text/1,http://dbpedia.org/resource/Human_voice,voice,0.788001994072078,DBpedia
http://ns.inria.fr/zoomathia/ANTIGONUS/ἱστοριῶν_παραδόξων_συναγωγή/g_2/1/4/text/1,http://dbpedia.org/resource/Serifos,Seriphus,0.9997169720795275,DBpedia
http://ns.inria.fr/zoomathia/ANTIGONUS/ἱστοριῶν_παραδόξων_συναγωγή/g_2/1/4/text/1,http://dbpedia.org/resource/Greek_mythology,legend,0.9722980109198078,DBpedia
http://ns.inria.fr/zoomathia/ANTIGONUS/ἱστοριῶν_παραδόξων_συναγωγή/g_2/1/4/text/1,http://dbpedia.org/resource/Serifos,Seriphians,0.9999999999912745,DBpedia
http://ns.inria.fr/zoomathia/ANTIGONUS/ἱστοριῶν_παραδόξων_συναγωγή/g_2/1/4/text/1,http://dbpedia.org/resource/Heracles,Heracles,0.9979942502807092,DBpedia
http://ns.inria.fr/zoomathia/ANTIGONUS/ἱστοριῶν_παραδόξων_συναγωγή/g_2/1/4/text/1,http://dbpedia.org/resource/Serifos,Seriphians,0.9999999999912745,DBpedia
http://ns.inria.fr/zoomathia/ANTIGONUS/ἱστοριῶν_παραδόξων_συναγωγή/g_2/1/4/text/1,http://dbpedia.org/resource/Perseus,Perseus,0.9999998291834945,DBpedia
http://ns.inria.fr/zoomathia/ANTIGONUS/ἱστοριῶν_παραδόξων_συναγωγή/g_2/1/6/text/1,https://opentheso.huma-num.fr/?idc=pcrtDtJwUVaZ0I&idt=th310,sheep,1,zoomathia_match
http://ns.inria.fr/zoomathia/ANTIGONUS/ἱστοριῶν_παραδόξων_συναγωγή/g_2/1/6/text/1,https://opentheso.huma-num.fr/?idc=pcrtLywf8Y5k0n&idt=th310,ram,1,zoomathia_match
http://ns.inria.fr/zoomathia/ANTIGONUS/ἱστοριῶν_παραδόξων_συναγωγή/g_2/1/6/text/1,https://opentheso.huma-num.fr/?idc=105304&idt=th310,Poet,1,zoomathia_match
http://ns.inria.fr/zoomathia/ANTIGONUS/ἱστοριῶν_παραδόξων_συναγωγή/g_2/1/6/text/1,https://opentheso.huma-num.fr/?idc=pcrto2X1tJXRSS&idt=th310,Poet,1,zoomathia_match
http://ns.inria.fr/zoomathia/ANTIGONUS/ἱστοριῶν_παραδόξων_συναγωγή/g_2/1/6/text/1,https://opentheso.huma-num.fr/?idc=105345&idt=th310,thirst,1,zoomathia_match
http://ns.inria.fr/zoomathia/ANTIGONUS/ἱστοριῶν_παραδόξων_συναγωγή/g_2/1/6/text/1,https://opentheso.huma-num.fr/?idc=pcrt4gr80Hd4Bm&idt=th310,knowledge,1,zoomathia_match
http://ns.inria.fr/zoomathia/ANTIGONUS/ἱστοριῶν_παραδόξων_συναγωγή/g_2/1/6/text/1,https://opentheso.huma-num.fr/?idc=108319&idt=th310,learned,1,zoomathia_match
http://ns.inria.fr/zoomathia/ANTIGONUS/ἱστοριῶν_παραδόξων_συναγωγή/g_2/1/6/text/1,https://opentheso.huma-num.fr/?idc=105290&idt=th310,female,1,zoomathia_match
http://ns.inria.fr/zoomathia/ANTIGONUS/ἱστοριῶν_παραδόξων_συναγωγή/g_2/1/6/text/1,https://opentheso.huma-num.fr/?idc=pcrtDtJwUVaZ0I&idt=th310,sheep,1,zoomathia_match
http://ns.inria.fr/zoomathia/ANTIGONUS/ἱστοριῶν_παραδόξων_συναγωγή/g_2/1/6/text/1,http://dbpedia.org/resource/Grammatical_number,singular,0.6918663340004196,DBpedia
http://ns.inria.fr/zoomathia/ANTIGONUS/ἱστοριῶν_παραδόξων_συναγωγή/g_2/1/6/text/1,http://dbpedia.org/resource/Gastrointestinal_tract,guts,0.9999999999995453,DBpedia
http://ns.inria.fr/zoomathia/ANTIGONUS/ἱστοριῶν_παραδόξων_συναγωγή/g_2/1/6/text/1,http://dbpedia.org/resource/Sheep,sheep,0.9831269682761123,DBpedia
http://ns.inria.fr/zoomathia/ANTIGONUS/ἱστοριῶν_παραδόξων_συναγωγή/g_2/1/6/text/1,http://dbpedia.org/resource/Sheep,ram,0.9878292822340519,DBpedia
http://ns.inria.fr/zoomathia/ANTIGONUS/ἱστοριῶν_παραδόξων_συναγωγή/g_2/1/6/text/1,http://dbpedia.org/resource/Soundless,soundless,0.9999999322778331,DBpedia
http://ns.inria.fr/zoomathia/ANTIGONUS/ἱστοριῶν_παραδόξων_συναγωγή/g_2/1/6/text/1,http://dbpedia.org/resource/Sheep,ewe,1.0,DBpedia
http://ns.inria.fr/zoomathia/ANTIGONUS/ἱστοριῶν_παραδόξων_συναγωγή/g_2/1/6/text/1,http://dbpedia.org/resource/Melody,melodious,0.9999999999998863,DBpedia
http://ns.inria.fr/zoomathia/ANTIGONUS/ἱστοριῶν_παραδόξων_συναγωγή/g_2/1/6/text/1,http://dbpedia.org/resource/Poet,Poet,0.9980355443316372,DBpedia
http://ns.inria.fr/zoomathia/ANTIGONUS/ἱστοριῶν_παραδόξων_συναγωγή/g_2/1/6/text/1,http://dbpedia.org/resource/Real_number,real,0.9502378877834559,DBpedia
http://ns.inria.fr/zoomathia/ANTIGONUS/ἱστοριῶν_παραδόξων_συναγωγή/g_2/1/6/text/1,http://dbpedia.org/resource/Thirst,thirst,0.9813465398427259,DBpedia
http://ns.inria.fr/zoomathia/ANTIGONUS/ἱστοριῶν_παραδόξων_συναγωγή/g_2/1/6/text/1,http://dbpedia.org/resource/Learning,learned,0.9330794436898382,DBpedia
http://ns.inria.fr/zoomathia/ANTIGONUS/ἱστοριῶν_παραδόξων_συναγωγή/g_2/1/6/text/1,http://dbpedia.org/resource/Reference,referring,0.9999999999998863,DBpedia
http://ns.inria.fr/zoomathia/ANTIGONUS/ἱστοριῶν_παραδόξων_συναγωγή/g_2/1/6/text/1,http://dbpedia.org/resource/String_instrument,strings,0.9998388838967013,DBpedia
http://ns.inria.fr/zoomathia/ANTIGONUS/ἱστοριῶν_παραδόξων_συναγωγή/g_2/1/6/text/1,http://dbpedia.org/resource/Female,female,0.9422032914870466,DBpedia
http://ns.inria.fr/zoomathia/ANTIGONUS/ἱστοριῶν_παραδόξων_συναγωγή/g_2/1/6/text/1,http://dbpedia.org/resource/Sheep,sheep,0.9831269682761123,DBpedia
http://ns.inria.fr/zoomathia/ANTIGONUS/ἱστοριῶν_παραδόξων_συναγωγή/g_2/1/7/text/1,https://opentheso.huma-num.fr/?idc=105981&idt=th310,thorn,1,zoomathia_match
http://ns.inria.fr/zoomathia/ANTIGONUS/ἱστοριῶν_παραδόξων_συναγωγή/g_2/1/7/text/1,https://opentheso.huma-num.fr/?idc=107792&idt=th310,Sicily,1,zoomathia_match
http://ns.inria.fr/zoomathia/ANTIGONUS/ἱστοριῶν_παραδόξων_συναγωγή/g_2/1/7/text/1,https://opentheso.huma-num.fr/?idc=pcrtBWawwFyKfi&idt=th310,deer,1,zoomathia_match
http://ns.inria.fr/zoomathia/ANTIGONUS/ἱστοριῶν_παραδόξων_συναγωγή/g_2/1/7/text/1,https://opentheso.huma-num.fr/?idc=pcrt448yYmVDuT&idt=th310,bones,1,zoomathia_match
http://ns.inria.fr/zoomathia/ANTIGONUS/ἱστοριῶν_παραδόξων_συναγωγή/g_2/1/7/text/1,https://opentheso.huma-num.fr/?idc=pcrtjI6RoZEkLO&idt=th310,flutes,1,zoomathia_match
http://ns.inria.fr/zoomathia/ANTIGONUS/ἱστοριῶν_παραδόξων_συναγωγή/g_2/1/7/text/1,https://opentheso.huma-num.fr/?idc=pcrtBWawwFyKfi&idt=th310,deer,1,zoomathia_match
http://ns.inria.fr/zoomathia/ANTIGONUS/ἱστοριῶν_παραδόξων_συναγωγή/g_2/1/7/text/1,https://opentheso.huma-num.fr/?idc=pcrtHfc0ScaO1k&idt=th310,sing,1,zoomathia_match
http://ns.inria.fr/zoomathia/ANTIGONUS/ἱστοριῶν_παραδόξων_συναγωγή/g_2/1/7/text/1,https://www.wikidata.org/wiki/Q1460,Sicily,0.4505,wikidata
http://ns.inria.fr/zoomathia/ANTIGONUS/ἱστοριῶν_παραδόξων_συναγωγή/g_2/1/7/text/1,http://dbpedia.org/resource/Marvellous,marvellous,0.9998681092898718,DBpedia
http://ns.inria.fr/zoomathia/ANTIGONUS/ἱστοριῶν_παραδόξων_συναγωγή/g_2/1/7/text/1,http://dbpedia.org/resource/Familiar,familiar,0.9999335829248985,DBpedia
http://ns.inria.fr/zoomathia/ANTIGONUS/ἱστοριῶν_παραδόξων_συναγωγή/g_2/1/7/text/1,http://dbpedia.org/resource/Fact,fact,0.9961748987377889,DBpedia
http://ns.inria.fr/zoomathia/ANTIGONUS/ἱστοριῶν_παραδόξων_συναγωγή/g_2/1/7/text/1,http://dbpedia.org/resource/Crataegus_monogyna,thorn,0.999995411687063,DBpedia
http://ns.inria.fr/zoomathia/ANTIGONUS/ἱστοριῶν_παραδόξων_συναγωγή/g_2/1/7/text/1,http://dbpedia.org/resource/Sicily,Sicily,0.9930872274367736,DBpedia
http://ns.inria.fr/zoomathia/ANTIGONUS/ἱστοριῶν_παραδόξων_συναγωγή/g_2/1/7/text/1,http://dbpedia.org/resource/Call_to_the_bar,called,0.6457044907953502,DBpedia
http://ns.inria.fr/zoomathia/ANTIGONUS/ἱστοριῶν_παραδόξων_συναγωγή/g_2/1/7/text/1,http://dbpedia.org/resource/Cardoon,cardoon,1.0,DBpedia
http://ns.inria.fr/zoomathia/ANTIGONUS/ἱστοριῶν_παραδόξων_συναγωγή/g_2/1/7/text/1,http://dbpedia.org/resource/Deer,deer,0.9985144022314647,DBpedia
http://ns.inria.fr/zoomathia/ANTIGONUS/ἱστοριῶν_παραδόξων_συναγωγή/g_2/1/7/text/1,http://dbpedia.org/resource/Tire,treads,0.9183193521635858,DBpedia
http://ns.inria.fr/zoomathia/ANTIGONUS/ἱστοριῶν_παραδόξων_συναγωγή/g_2/1/7/text/1,http://dbpedia.org/resource/Bone,bones,0.7868207092018502,DBpedia
http://ns.inria.fr/zoomathia/ANTIGONUS/ἱστοριῶν_παραδόξων_συναγωγή/g_2/1/7/text/1,http://dbpedia.org/resource/Soundless,soundless,0.9999999322778331,DBpedia
http://ns.inria.fr/zoomathia/ANTIGONUS/ἱστοριῶν_παραδόξων_συναγωγή/g_2/1/7/text/1,http://dbpedia.org/resource/Hollow_Earth,useless,0.9999999998686349,DBpedia
http://ns.inria.fr/zoomathia/ANTIGONUS/ἱστοριῶν_παραδόξων_συναγωγή/g_2/1/7/text/1,http://dbpedia.org/resource/Bullshit,making,0.9014138839252938,DBpedia
http://ns.inria.fr/zoomathia/ANTIGONUS/ἱστοριῶν_παραδόξων_συναγωγή/g_2/1/7/text/1,http://dbpedia.org/resource/Flute,flutes,0.7672964642104829,DBpedia
http://ns.inria.fr/zoomathia/ANTIGONUS/ἱστοριῶν_παραδόξων_συναγωγή/g_2/1/7/text/1,http://dbpedia.org/resource/Deer,deer,0.9985144022314647,DBpedia
http://ns.inria.fr/zoomathia/ANTIGONUS/ἱστοριῶν_παραδόξων_συναγωγή/g_2/1/7/text/1,http://dbpedia.org/resource/The_Fawn_(album),The fawn,0.9999911583922557,DBpedia
http://ns.inria.fr/zoomathia/ANTIGONUS/ἱστοριῶν_παραδόξων_συναγωγή/g_2/1/7/text/1,http://dbpedia.org/resource/Singing,sing,0.9987992933986504,DBpedia
http://ns.inria.fr/zoomathia/ANTIGONUS/ἱστοριῶν_παραδόξων_συναγωγή/g_2/1/7/text/1,http://dbpedia.org/resource/Standard_instrument_departure,departure,0.5572807130025712,DBpedia
http://ns.inria.fr/zoomathia/ANTIGONUS/ἱστοριῶν_παραδόξων_συναγωγή/g_2/1/7/text/1,http://dbpedia.org/resource/Extraterrestrial_life,life,0.6382203817681407,DBpedia
http://ns.inria.fr/zoomathia/ANTIGONUS/ἱστοριῶν_παραδόξων_συναγωγή/g_2/1/7/text/1,http://dbpedia.org/resource/Guarded,guarded,0.9943282267150949,DBpedia
http://ns.inria.fr/zoomathia/ANTIGONUS/ἱστοριῶν_παραδόξων_συναγωγή/g_2/1/7/text/1,http://dbpedia.org/resource/Human_penis,prick,0.9999999997604618,DBpedia
http://ns.inria.fr/zoomathia/ANTIGONUS/ἱστοριῶν_παραδόξων_συναγωγή/g_2/1/7/text/1,http://dbpedia.org/resource/Pleurisy,sharp,0.5737870364089221,DBpedia
http://ns.inria.fr/zoomathia/ANTIGONUS/ἱστοριῶν_παραδόξων_συναγωγή/g_2/1/7/text/1,http://dbpedia.org/resource/Cardoon,cardoon,1.0,DBpedia
http://ns.inria.fr/zoomathia/ANTIGONUS/ἱστοριῶν_παραδόξων_συναγωγή/g_2/1/8/text/1,https://opentheso.huma-num.fr/?idc=108311&idt=th310,partridges,1,zoomathia_match
http://ns.inria.fr/zoomathia/ANTIGONUS/ἱστοριῶν_παραδόξων_συναγωγή/g_2/1/8/text/1,https://opentheso.huma-num.fr/?idc=105691&idt=th310,land,1,zoomathia_match
http://ns.inria.fr/zoomathia/ANTIGONUS/ἱστοριῶν_παραδόξων_συναγωγή/g_2/1/8/text/1,http://dbpedia.org/resource/Partridge,partridges,0.8605232774340834,DBpedia
http://ns.inria.fr/zoomathia/ANTIGONUS/ἱστοριῶν_παραδόξων_συναγωγή/g_2/1/8/text/1,http://dbpedia.org/resource/Island,islands,0.8823327555290734,DBpedia
http://ns.inria.fr/zoomathia/ANTIGONUS/ἱστοριῶν_παραδόξων_συναγωγή/g_2/1/8/text/1,http://dbpedia.org/resource/Call_to_the_bar,called,0.6554470395956143,DBpedia
http://ns.inria.fr/zoomathia/ANTIGONUS/ἱστοριῶν_παραδόξων_συναγωγή/g_2/1/8/text/1,http://dbpedia.org/resource/Introduced_species,introduce,0.9999999999695888,DBpedia
http://ns.inria.fr/zoomathia/ANTIGONUS/ἱστοριῶν_παραδόξων_συναγωγή/g_2/1/8/text/1,http://dbpedia.org/resource/Dice,die,0.6494477147080185,DBpedia
http://ns.inria.fr/zoomathia/ANTIGONUS/ἱστοριῶν_παραδόξων_συναγωγή/g_2/1/8/text/1,http://dbpedia.org/resource/Child_prodigy,prodigious,0.9999999999924682,DBpedia
http://ns.inria.fr/zoomathia/ANTIGONUS/ἱστοριῶν_παραδόξων_συναγωγή/g_2/1/8/text/1,http://dbpedia.org/resource/Dice,die,0.6494477147080185,DBpedia
http://ns.inria.fr/zoomathia/ANTIGONUS/ἱστοριῶν_παραδόξων_συναγωγή/g_2/1/8/text/1,http://dbpedia.org/resource/Real_estate,land,0.910814125941885,DBpedia
http://ns.inria.fr/zoomathia/ANTIGONUS/ἱστοριῶν_παραδόξων_συναγωγή/g_2/1/9/text/1,https://opentheso.huma-num.fr/?idc=5073&idt=th310,mole,1,zoomathia_match
http://ns.inria.fr/zoomathia/ANTIGONUS/ἱστοριῶν_παραδόξων_συναγωγή/g_2/1/9/text/1,https://opentheso.huma-num.fr/?idc=108189&idt=th310,little owls,1,zoomathia_match
http://ns.inria.fr/zoomathia/ANTIGONUS/ἱστοριῶν_παραδόξων_συναγωγή/g_2/1/9/text/1,https://opentheso.huma-num.fr/?idc=108191&idt=th310,owls,1,zoomathia_match
http://ns.inria.fr/zoomathia/ANTIGONUS/ἱστοριῶν_παραδόξων_συναγωγή/g_2/1/9/text/1,https://www.wikidata.org/wiki/Q8257871,Boeotia,0.9159,wikidata
http://ns.inria.fr/zoomathia/ANTIGONUS/ἱστοριῶν_παραδόξων_συναγωγή/g_2/1/9/text/1,https://www.wikidata.org/wiki/Q593295,Coroneia,0.8812,wikidata
http://ns.inria.fr/zoomathia/ANTIGONUS/ἱστοριῶν_παραδόξων_συναγωγή/g_2/1/9/text/1,https://www.wikidata.org/wiki/Q34374,Crete,0.8792,wikidata
http://ns.inria.fr/zoomathia/ANTIGONUS/ἱστοριῶν_παραδόξων_συναγωγή/g_2/1/9/text/1,http://dbpedia.org/resource/Boeotia,Boeotia,1.0,DBpedia
http://ns.inria.fr/zoomathia/ANTIGONUS/ἱστοριῶν_παραδόξων_συναγωγή/g_2/1/9/text/1,http://dbpedia.org/resource/Great_tit,great,0.6738069330139704,DBpedia
http://ns.inria.fr/zoomathia/ANTIGONUS/ἱστοριῶν_παραδόξων_συναγωγή/g_2/1/9/text/1,http://dbpedia.org/resource/Blesmol,mole-rats,0.9999999899073941,DBpedia
http://ns.inria.fr/zoomathia/ANTIGONUS/ἱστοριῶν_παραδόξων_συναγωγή/g_2/1/9/text/1,http://dbpedia.org/resource/Coroneia_(Boeotia),Coroneia,0.8236797814736838,DBpedia
http://ns.inria.fr/zoomathia/ANTIGONUS/ἱστοριῶν_παραδόξων_συναγωγή/g_2/1/9/text/1,http://dbpedia.org/resource/Animal,animal,0.9922143941364914,DBpedia
http://ns.inria.fr/zoomathia/ANTIGONUS/ἱστοριῶν_παραδόξων_συναγωγή/g_2/1/9/text/1,http://dbpedia.org/resource/Death,dies,0.680639460096819,DBpedia
http://ns.inria.fr/zoomathia/ANTIGONUS/ἱστοριῶν_παραδόξων_συναγωγή/g_2/1/9/text/1,http://dbpedia.org/resource/Introduced_species,introduced,0.9986347646957051,DBpedia
http://ns.inria.fr/zoomathia/ANTIGONUS/ἱστοριῶν_παραδόξων_συναγωγή/g_2/1/9/text/1,http://dbpedia.org/resource/Owl,owls,0.837303878684432,DBpedia
http://ns.inria.fr/zoomathia/ANTIGONUS/ἱστοριῶν_παραδόξων_συναγωγή/g_2/1/9/text/1,http://dbpedia.org/resource/Crete,Crete,0.9899807210910103,DBpedia
http://ns.inria.fr/zoomathia/ANTIGONUS/ἱστοριῶν_παραδόξων_συναγωγή/g_2/1/9/text/1,http://dbpedia.org/resource/Administrative_regions_of_Greece,region,0.9058938371912922,DBpedia
http://ns.inria.fr/zoomathia/ANTIGONUS/ἱστοριῶν_παραδόξων_συναγωγή/g_2/1/9/text/1,http://dbpedia.org/resource/Endurance,endure,0.9999999999830607,DBpedia
http://ns.inria.fr/zoomathia/ANTIGONUS/ἱστοριῶν_παραδόξων_συναγωγή/g_2/1/9/text/1,http://dbpedia.org/resource/Divine_presence,presence,0.870684893881305,DBpedia
http://ns.inria.fr/zoomathia/ANTIGONUS/ἱστοριῶν_παραδόξων_συναγωγή/g_2/1/9/text/1,http://dbpedia.org/resource/Metal_toxicity,deadly,0.9999999997080522,DBpedia
http://ns.inria.fr/zoomathia/ANTIGONUS/ἱστοριῶν_παραδόξων_συναγωγή/g_2/1/9/text/1,http://dbpedia.org/resource/Animal,animal,0.9922143941364914,DBpedia
http://ns.inria.fr/zoomathia/ANTIGONUS/ἱστοριῶν_παραδόξων_συναγωγή/g_2/1/10/text/1,https://opentheso.huma-num.fr/?idc=106259&idt=th310,snakes,1,zoomathia_match
http://ns.inria.fr/zoomathia/ANTIGONUS/ἱστοριῶν_παραδόξων_συναγωγή/g_2/1/10/text/1,https://opentheso.huma-num.fr/?idc=107858&idt=th310,Astypalaea,1,zoomathia_match
http://ns.inria.fr/zoomathia/ANTIGONUS/ἱστοριῶν_παραδόξων_συναγωγή/g_2/1/10/text/1,https://opentheso.huma-num.fr/?idc=pcrtOl4a3UUtiu&idt=th310,hares,1,zoomathia_match
http://ns.inria.fr/zoomathia/ANTIGONUS/ἱστοριῶν_παραδόξων_συναγωγή/g_2/1/10/text/1,https://opentheso.huma-num.fr/?idc=106004&idt=th310,wild,1,zoomathia_match
http://ns.inria.fr/zoomathia/ANTIGONUS/ἱστοριῶν_παραδόξων_συναγωγή/g_2/1/10/text/1,https://opentheso.huma-num.fr/?idc=pcrtRmvjGjzyOO&idt=th310,boar,1,zoomathia_match
http://ns.inria.fr/zoomathia/ANTIGONUS/ἱστοριῶν_παραδόξων_συναγωγή/g_2/1/10/text/1,https://opentheso.huma-num.fr/?idc=pcrtBWawwFyKfi&idt=th310,deer,1,zoomathia_match
http://ns.inria.fr/zoomathia/ANTIGONUS/ἱστοριῶν_παραδόξων_συναγωγή/g_2/1/10/text/1,https://opentheso.huma-num.fr/?idc=5068&idt=th310,weasel,1,zoomathia_match
http://ns.inria.fr/zoomathia/ANTIGONUS/ἱστοριῶν_παραδόξων_συναγωγή/g_2/1/10/text/1,https://opentheso.huma-num.fr/?idc=pcrtLnUS9cADfI&idt=th310,seen,1,zoomathia_match
http://ns.inria.fr/zoomathia/ANTIGONUS/ἱστοριῶν_παραδόξων_συναγωγή/g_2/1/10/text/1,https://www.wikidata.org/wiki/Q216768,Astypalaea,0.8775,wikidata
http://ns.inria.fr/zoomathia/ANTIGONUS/ἱστοριῶν_παραδόξων_συναγωγή/g_2/1/10/text/1,https://www.wikidata.org/wiki/Q187471,Ithaca,0.7635,wikidata
http://ns.inria.fr/zoomathia/ANTIGONUS/ἱστοριῶν_παραδόξων_συναγωγή/g_2/1/10/text/1,https://www.wikidata.org/wiki/Q1016,Libya,0.7398,wikidata
http://ns.inria.fr/zoomathia/ANTIGONUS/ἱστοριῶν_παραδόξων_συναγωγή/g_2/1/10/text/1,https://www.wikidata.org/wiki/Q1475379,Rheneia,0.8909,wikidata
http://ns.inria.fr/zoomathia/ANTIGONUS/ἱστοριῶν_παραδόξων_συναγωγή/g_2/1/10/text/1,https://www.wikidata.org/wiki/Q173148,Delos,0.8343,wikidata
http://ns.inria.fr/zoomathia/ANTIGONUS/ἱστοριῶν_παραδόξων_συναγωγή/g_2/1/10/text/1,http://dbpedia.org/resource/Snake,snakes,0.9999918598263579,DBpedia
http://ns.inria.fr/zoomathia/ANTIGONUS/ἱστοριῶν_παραδόξων_συναγωγή/g_2/1/10/text/1,http://dbpedia.org/resource/Astypalaea,Astypalaea,0.9999992405622647,DBpedia
http://ns.inria.fr/zoomathia/ANTIGONUS/ἱστοριῶν_παραδόξων_συναγωγή/g_2/1/10/text/1,http://dbpedia.org/resource/Hare,hares,0.6856155062342846,DBpedia
http://ns.inria.fr/zoomathia/ANTIGONUS/ἱστοριῶν_παραδόξων_συναγωγή/g_2/1/10/text/1,http://dbpedia.org/resource/Ithaca,Ithaca,0.9971451462073117,DBpedia
http://ns.inria.fr/zoomathia/ANTIGONUS/ἱστοριῶν_παραδόξων_συναγωγή/g_2/1/10/text/1,http://dbpedia.org/resource/Wild_boar,wild boar,0.9999997126605948,DBpedia
http://ns.inria.fr/zoomathia/ANTIGONUS/ἱστοριῶν_παραδόξων_συναγωγή/g_2/1/10/text/1,http://dbpedia.org/resource/Deer,deer,0.9563711162633055,DBpedia
http://ns.inria.fr/zoomathia/ANTIGONUS/ἱστοριῶν_παραδόξων_συναγωγή/g_2/1/10/text/1,http://dbpedia.org/resource/Libya,Libya,0.9984107967051485,DBpedia
http://ns.inria.fr/zoomathia/ANTIGONUS/ἱστοριῶν_παραδόξων_συναγωγή/g_2/1/10/text/1,http://dbpedia.org/resource/Rineia,Rheneia,0.9999999999930083,DBpedia
http://ns.inria.fr/zoomathia/ANTIGONUS/ἱστοριῶν_παραδόξων_συναγωγή/g_2/1/10/text/1,http://dbpedia.org/resource/Delos,Delos,0.9999998174719333,DBpedia
http://ns.inria.fr/zoomathia/ANTIGONUS/ἱστοριῶν_παραδόξων_συναγωγή/g_2/1/11/text/1,https://opentheso.huma-num.fr/?idc=108181&idt=th310,crow,1,zoomathia_match
http://ns.inria.fr/zoomathia/ANTIGONUS/ἱστοριῶν_παραδόξων_συναγωγή/g_2/1/11/text/1,https://opentheso.huma-num.fr/?idc=105121&idt=th310,fly,1,zoomathia_match
http://ns.inria.fr/zoomathia/ANTIGONUS/ἱστοριῶν_παραδόξων_συναγωγή/g_2/1/11/text/1,https://opentheso.huma-num.fr/?idc=105383&idt=th310,fly,1,zoomathia_match
http://ns.inria.fr/zoomathia/ANTIGONUS/ἱστοριῶν_παραδόξων_συναγωγή/g_2/1/11/text/1,https://opentheso.huma-num.fr/?idc=pcrtLnUS9cADfI&idt=th310,seen,1,zoomathia_match
http://ns.inria.fr/zoomathia/ANTIGONUS/ἱστοριῶν_παραδόξων_συναγωγή/g_2/1/11/text/1,https://opentheso.huma-num.fr/?idc=105428&idt=th310,reason,1,zoomathia_match
http://ns.inria.fr/zoomathia/ANTIGONUS/ἱστοριῶν_παραδόξων_συναγωγή/g_2/1/11/text/1,https://opentheso.huma-num.fr/?idc=105318&idt=th310,myth,1,zoomathia_match
http://ns.inria.fr/zoomathia/ANTIGONUS/ἱστοριῶν_παραδόξων_συναγωγή/g_2/1/11/text/1,https://opentheso.huma-num.fr/?idc=pcrt6GNEPkImi8&idt=th310,Athena,1,zoomathia_match
http://ns.inria.fr/zoomathia/ANTIGONUS/ἱστοριῶν_παραδόξων_συναγωγή/g_2/1/11/text/1,https://opentheso.huma-num.fr/?idc=pcrtGm7ZMfoQrc&idt=th310,bore,1,zoomathia_match
http://ns.inria.fr/zoomathia/ANTIGONUS/ἱστοριῶν_παραδόξων_συναγωγή/g_2/1/11/text/1,https://opentheso.huma-num.fr/?idc=pcrtczeFRpwhLN&idt=th310,Erichthonius,1,zoomathia_match
http://ns.inria.fr/zoomathia/ANTIGONUS/ἱστοριῶν_παραδόξων_συναγωγή/g_2/1/11/text/1,https://opentheso.huma-num.fr/?idc=pcrt6GNEPkImi8&idt=th310,Athena,1,zoomathia_match
http://ns.inria.fr/zoomathia/ANTIGONUS/ἱστοριῶν_παραδόξων_συναγωγή/g_2/1/11/text/1,https://opentheso.huma-num.fr/?idc=105997&idt=th310,handed,1,zoomathia_match
http://ns.inria.fr/zoomathia/ANTIGONUS/ἱστοριῶν_παραδόξων_συναγωγή/g_2/1/11/text/1,https://opentheso.huma-num.fr/?idc=pcrt6GNEPkImi8&idt=th310,Athena,1,zoomathia_match
http://ns.inria.fr/zoomathia/ANTIGONUS/ἱστοριῶν_παραδόξων_συναγωγή/g_2/1/11/text/1,https://opentheso.huma-num.fr/?idc=pcrtx72BOMXZ2d&idt=th310,open,1,zoomathia_match
http://ns.inria.fr/zoomathia/ANTIGONUS/ἱστοριῶν_παραδόξων_συναγωγή/g_2/1/11/text/1,https://opentheso.huma-num.fr/?idc=105141&idt=th310,chest,1,zoomathia_match
http://ns.inria.fr/zoomathia/ANTIGONUS/ἱστοριῶν_παραδόξων_συναγωγή/g_2/1/11/text/1,https://opentheso.huma-num.fr/?idc=pcrtx72BOMXZ2d&idt=th310,opened,1,zoomathia_match
http://ns.inria.fr/zoomathia/ANTIGONUS/ἱστοριῶν_παραδόξων_συναγωγή/g_2/1/11/text/1,https://opentheso.huma-num.fr/?idc=105141&idt=th310,chest,1,zoomathia_match
http://ns.inria.fr/zoomathia/ANTIGONUS/ἱστοριῶν_παραδόξων_συναγωγή/g_2/1/11/text/1,https://opentheso.huma-num.fr/?idc=pcrtLnUS9cADfI&idt=th310,saw,1,zoomathia_match
http://ns.inria.fr/zoomathia/ANTIGONUS/ἱστοριῶν_παραδόξων_συναγωγή/g_2/1/11/text/1,https://opentheso.huma-num.fr/?idc=pcrtczeFRpwhLN&idt=th310,Erichthonius,1,zoomathia_match
http://ns.inria.fr/zoomathia/ANTIGONUS/ἱστοριῶν_παραδόξων_συναγωγή/g_2/1/11/text/1,https://opentheso.huma-num.fr/?idc=108181&idt=th310,crow,1,zoomathia_match
http://ns.inria.fr/zoomathia/ANTIGONUS/ἱστοριῶν_παραδόξων_συναγωγή/g_2/1/11/text/1,https://opentheso.huma-num.fr/?idc=pcrt6GNEPkImi8&idt=th310,Athena,1,zoomathia_match
http://ns.inria.fr/zoomathia/ANTIGONUS/ἱστοριῶν_παραδόξων_συναγωγή/g_2/1/11/text/1,https://opentheso.huma-num.fr/?idc=pcrtczeFRpwhLN&idt=th310,Erichthonius,1,zoomathia_match
http://ns.inria.fr/zoomathia/ANTIGONUS/ἱστοριῶν_παραδόξων_συναγωγή/g_2/1/11/text/1,https://opentheso.huma-num.fr/?idc=pcrtx72BOMXZ2d&idt=th310,open,1,zoomathia_match
http://ns.inria.fr/zoomathia/ANTIGONUS/ἱστοριῶν_παραδόξων_συναγωγή/g_2/1/11/text/1,https://opentheso.huma-num.fr/?idc=105405&idt=th310,hearing,1,zoomathia_match
http://ns.inria.fr/zoomathia/ANTIGONUS/ἱστοριῶν_παραδόξων_συναγωγή/g_2/1/11/text/1,https://opentheso.huma-num.fr/?idc=108181&idt=th310,crow,1,zoomathia_match
http://ns.inria.fr/zoomathia/ANTIGONUS/ἱστοριῶν_παραδόξων_συναγωγή/g_2/1/11/text/1,https://www.wikidata.org/wiki/Q3613938,Amelesagoras,0.9124,wikidata
http://ns.inria.fr/zoomathia/ANTIGONUS/ἱστοριῶν_παραδόξων_συναγωγή/g_2/1/11/text/1,https://www.wikidata.org/wiki/Q1064853,Athenian,0.8026,wikidata
http://ns.inria.fr/zoomathia/ANTIGONUS/ἱστοριῶν_παραδόξων_συναγωγή/g_2/1/11/text/1,https://www.wikidata.org/wiki/Q495133,Atthis,0.6972,wikidata
http://ns.inria.fr/zoomathia/ANTIGONUS/ἱστοριῶν_παραδόξων_συναγωγή/g_2/1/11/text/1,https://www.wikidata.org/wiki/Q37122,Athena,0.7048,wikidata
http://ns.inria.fr/zoomathia/ANTIGONUS/ἱστοριῶν_παραδόξων_συναγωγή/g_2/1/11/text/1,https://www.wikidata.org/wiki/Q44384,Hephaestus,0.7493,wikidata
http://ns.inria.fr/zoomathia/ANTIGONUS/ἱστοριῶν_παραδόξων_συναγωγή/g_2/1/11/text/1,https://www.wikidata.org/wiki/Q44384,Hephaestus,0.7493,wikidata
http://ns.inria.fr/zoomathia/ANTIGONUS/ἱστοριῶν_παραδόξων_συναγωγή/g_2/1/11/text/1,https://www.wikidata.org/wiki/Q3613938,Amelesagoras,0.9124,wikidata
http://ns.inria.fr/zoomathia/ANTIGONUS/ἱστοριῶν_παραδόξων_συναγωγή/g_2/1/11/text/1,https://www.wikidata.org/wiki/Q644921,Erichthonius,0.7493,wikidata
http://ns.inria.fr/zoomathia/ANTIGONUS/ἱστοριῶν_παραδόξων_συναγωγή/g_2/1/11/text/1,https://www.wikidata.org/wiki/Q37122,Athena,0.7048,wikidata
http://ns.inria.fr/zoomathia/ANTIGONUS/ἱστοριῶν_παραδόξων_συναγωγή/g_2/1/11/text/1,https://www.wikidata.org/wiki/Q12095863,Herse,0.7022,wikidata
http://ns.inria.fr/zoomathia/ANTIGONUS/ἱστοριῶν_παραδόξων_συναγωγή/g_2/1/11/text/1,https://www.wikidata.org/wiki/Q500739,Cecrops,0.7401,wikidata
http://ns.inria.fr/zoomathia/ANTIGONUS/ἱστοριῶν_παραδόξων_συναγωγή/g_2/1/11/text/1,https://www.wikidata.org/wiki/Q37122,Athena,0.7048,wikidata
http://ns.inria.fr/zoomathia/ANTIGONUS/ἱστοριῶν_παραδόξων_συναγωγή/g_2/1/11/text/1,https://www.wikidata.org/wiki/Q2068130,Pellene,0.7188,wikidata
http://ns.inria.fr/zoomathia/ANTIGONUS/ἱστοριῶν_παραδόξων_συναγωγή/g_2/1/11/text/1,https://www.wikidata.org/wiki/Q356875,Cecrops,0.6931,wikidata
http://ns.inria.fr/zoomathia/ANTIGONUS/ἱστοριῶν_παραδόξων_συναγωγή/g_2/1/11/text/1,https://www.wikidata.org/wiki/Q1353705,Erichthonius,0.7078,wikidata
http://ns.inria.fr/zoomathia/ANTIGONUS/ἱστοριῶν_παραδόξων_συναγωγή/g_2/1/11/text/1,https://www.wikidata.org/wiki/Q3613938,Amelesagoras,0.7028,wikidata
http://ns.inria.fr/zoomathia/ANTIGONUS/ἱστοριῶν_παραδόξων_συναγωγή/g_2/1/11/text/1,https://www.wikidata.org/wiki/Q21107056,Athena,0.6596,wikidata
http://ns.inria.fr/zoomathia/ANTIGONUS/ἱστοριῶν_παραδόξων_συναγωγή/g_2/1/11/text/1,https://www.wikidata.org/wiki/Q1357713,Lycabettus,0.6554,wikidata
http://ns.inria.fr/zoomathia/ANTIGONUS/ἱστοριῶν_παραδόξων_συναγωγή/g_2/1/11/text/1,https://www.wikidata.org/wiki/Q1353705,Erichthonius,0.7078,wikidata
http://ns.inria.fr/zoomathia/ANTIGONUS/ἱστοριῶν_παραδόξων_συναγωγή/g_2/1/11/text/1,http://dbpedia.org/resource/Amelesagoras,Amelesagoras,0.8019975032156035,DBpedia
http://ns.inria.fr/zoomathia/ANTIGONUS/ἱστοριῶν_παραδόξων_συναγωγή/g_2/1/11/text/1,http://dbpedia.org/resource/Athens,Athenian,1.0,DBpedia
http://ns.inria.fr/zoomathia/ANTIGONUS/ἱστοριῶν_παραδόξων_συναγωγή/g_2/1/11/text/1,http://dbpedia.org/resource/Selasphorus,Atthis,0.9999940369577173,DBpedia
http://ns.inria.fr/zoomathia/ANTIGONUS/ἱστοριῶν_παραδόξων_συναγωγή/g_2/1/11/text/1,http://dbpedia.org/resource/Crow,crow,0.9999825283565037,DBpedia
http://ns.inria.fr/zoomathia/ANTIGONUS/ἱστοριῶν_παραδόξων_συναγωγή/g_2/1/11/text/1,http://dbpedia.org/resource/Fly,fly,0.9930965777742625,DBpedia
http://ns.inria.fr/zoomathia/ANTIGONUS/ἱστοριῶν_παραδόξων_συναγωγή/g_2/1/11/text/1,http://dbpedia.org/resource/Acropolis_of_Athens,acropolis,0.9999999749330758,DBpedia
http://ns.inria.fr/zoomathia/ANTIGONUS/ἱστοριῶν_παραδόξων_συναγωγή/g_2/1/11/text/1,http://dbpedia.org/resource/Reason,reason,0.9363567362469704,DBpedia
http://ns.inria.fr/zoomathia/ANTIGONUS/ἱστοριῶν_παραδόξων_συναγωγή/g_2/1/11/text/1,http://dbpedia.org/resource/Hylomorphism,form,0.599055048478208,DBpedia
http://ns.inria.fr/zoomathia/ANTIGONUS/ἱστοριῶν_παραδόξων_συναγωγή/g_2/1/11/text/1,http://dbpedia.org/resource/Greek_mythology,myth,0.9999999999998863,DBpedia
http://ns.inria.fr/zoomathia/ANTIGONUS/ἱστοριῶν_παραδόξων_συναγωγή/g_2/1/11/text/1,http://dbpedia.org/resource/Athena,Athena,1.0,DBpedia
http://ns.inria.fr/zoomathia/ANTIGONUS/ἱστοριῶν_παραδόξων_συναγωγή/g_2/1/11/text/1,http://dbpedia.org/resource/Hephaestus,Hephaestus,1.0,DBpedia
http://ns.inria.fr/zoomathia/ANTIGONUS/ἱστοριῶν_παραδόξων_συναγωγή/g_2/1/11/text/1,http://dbpedia.org/resource/Missing_person,vanished,0.7696989872496006,DBpedia
http://ns.inria.fr/zoomathia/ANTIGONUS/ἱστοριῶν_παραδόξων_συναγωγή/g_2/1/11/text/1,http://dbpedia.org/resource/Hephaestus,Hephaestus,1.0,DBpedia
http://ns.inria.fr/zoomathia/ANTIGONUS/ἱστοριῶν_παραδόξων_συναγωγή/g_2/1/11/text/1,http://dbpedia.org/resource/Fell,fell,0.9772058113990445,DBpedia
http://ns.inria.fr/zoomathia/ANTIGONUS/ἱστοριῶν_παραδόξων_συναγωγή/g_2/1/11/text/1,http://dbpedia.org/resource/Earth,ground,0.9999020820922461,DBpedia
http://ns.inria.fr/zoomathia/ANTIGONUS/ἱστοριῶν_παραδόξων_συναγωγή/g_2/1/11/text/1,http://dbpedia.org/resource/Flatulence,emitted,0.654999270559647,DBpedia
http://ns.inria.fr/zoomathia/ANTIGONUS/ἱστοριῶν_παραδόξων_συναγωγή/g_2/1/11/text/1,http://dbpedia.org/resource/Semen,sperm,0.9999966269591639,DBpedia
http://ns.inria.fr/zoomathia/ANTIGONUS/ἱστοριῶν_παραδόξων_συναγωγή/g_2/1/11/text/1,http://dbpedia.org/resource/Earth,earth,0.9999933051858675,DBpedia
http://ns.inria.fr/zoomathia/ANTIGONUS/ἱστοριῶν_παραδόξων_συναγωγή/g_2/1/11/text/1,http://dbpedia.org/resource/Amelesagoras,Amelesagoras,0.8019975032156035,DBpedia
http://ns.inria.fr/zoomathia/ANTIGONUS/ἱστοριῶν_παραδόξων_συναγωγή/g_2/1/11/text/1,http://dbpedia.org/resource/Well,bore,0.9995355280358318,DBpedia
http://ns.inria.fr/zoomathia/ANTIGONUS/ἱστοριῶν_παραδόξων_συναγωγή/g_2/1/11/text/1,http://dbpedia.org/resource/Erichthonius_of_Athens,Erichthonius,1.0,DBpedia
http://ns.inria.fr/zoomathia/ANTIGONUS/ἱστοριῶν_παραδόξων_συναγωγή/g_2/1/11/text/1,http://dbpedia.org/resource/Athena,Athena,1.0,DBpedia
http://ns.inria.fr/zoomathia/ANTIGONUS/ἱστοριῶν_παραδόξων_συναγωγή/g_2/1/11/text/1,http://dbpedia.org/resource/Agraulos,Agraulos,0.923962028999484,DBpedia
http://ns.inria.fr/zoomathia/ANTIGONUS/ἱστοριῶν_παραδόξων_συναγωγή/g_2/1/11/text/1,http://dbpedia.org/resource/Pandrosus,Pandrosos,1.0,DBpedia
http://ns.inria.fr/zoomathia/ANTIGONUS/ἱστοριῶν_παραδόξων_συναγωγή/g_2/1/11/text/1,http://dbpedia.org/resource/Herse,Herse,0.9310234352322213,DBpedia
http://ns.inria.fr/zoomathia/ANTIGONUS/ἱστοριῶν_παραδόξων_συναγωγή/g_2/1/11/text/1,http://dbpedia.org/resource/Cecrops_I,Cecrops,1.0,DBpedia
http://ns.inria.fr/zoomathia/ANTIGONUS/ἱστοριῶν_παραδόξων_συναγωγή/g_2/1/11/text/1,http://dbpedia.org/resource/Athena,Athena,1.0,DBpedia
http://ns.inria.fr/zoomathia/ANTIGONUS/ἱστοριῶν_παραδόξων_συναγωγή/g_2/1/11/text/1,http://dbpedia.org/resource/Jury_instructions,instructed,0.999999999641318,DBpedia
http://ns.inria.fr/zoomathia/ANTIGONUS/ἱστοριῶν_παραδόξων_συναγωγή/g_2/1/11/text/1,http://dbpedia.org/resource/Open_set,open,0.8988525198912111,DBpedia
http://ns.inria.fr/zoomathia/ANTIGONUS/ἱστοριῶν_παραδόξων_συναγωγή/g_2/1/11/text/1,http://dbpedia.org/resource/Thorax,chest,0.9999791446601802,DBpedia
http://ns.inria.fr/zoomathia/ANTIGONUS/ἱστοριῶν_παραδόξων_συναγωγή/g_2/1/11/text/1,http://dbpedia.org/resource/Pellene,Pellene,1.0,DBpedia
http://ns.inria.fr/zoomathia/ANTIGONUS/ἱστοριῶν_παραδόξων_συναγωγή/g_2/1/11/text/1,http://dbpedia.org/resource/Wind_fetch,fetch,0.6485789036277948,DBpedia
http://ns.inria.fr/zoomathia/ANTIGONUS/ἱστοριῶν_παραδόξων_συναγωγή/g_2/1/11/text/1,http://dbpedia.org/resource/Military,defence,0.9613678800061985,DBpedia
http://ns.inria.fr/zoomathia/ANTIGONUS/ἱστοριῶν_παραδόξων_συναγωγή/g_2/1/11/text/1,http://dbpedia.org/resource/Acropolis_of_Athens,acropolis,0.9999999749330758,DBpedia
http://ns.inria.fr/zoomathia/ANTIGONUS/ἱστοριῶν_παραδόξων_συναγωγή/g_2/1/11/text/1,http://dbpedia.org/resource/Cecrops_I,Cecrops,1.0,DBpedia
http://ns.inria.fr/zoomathia/ANTIGONUS/ἱστοριῶν_παραδόξων_συναγωγή/g_2/1/11/text/1,http://dbpedia.org/resource/Agraulos,Agraulos,0.923962028999484,DBpedia
http://ns.inria.fr/zoomathia/ANTIGONUS/ἱστοριῶν_παραδόξων_συναγωγή/g_2/1/11/text/1,http://dbpedia.org/resource/Pandrosus,Pandrosos,1.0,DBpedia
http://ns.inria.fr/zoomathia/ANTIGONUS/ἱστοριῶν_παραδόξων_συναγωγή/g_2/1/11/text/1,http://dbpedia.org/resource/Fall_of_the_Berlin_Wall,opened,0.9367381954854587,DBpedia
http://ns.inria.fr/zoomathia/ANTIGONUS/ἱστοριῶν_παραδόξων_συναγωγή/g_2/1/11/text/1,http://dbpedia.org/resource/Thorax,chest,0.9999791446601802,DBpedia
http://ns.inria.fr/zoomathia/ANTIGONUS/ἱστοριῶν_παραδόξων_συναγωγή/g_2/1/11/text/1,http://dbpedia.org/resource/Snake,serpents,0.9905431766911285,DBpedia
http://ns.inria.fr/zoomathia/ANTIGONUS/ἱστοριῶν_παραδόξων_συναγωγή/g_2/1/11/text/1,http://dbpedia.org/resource/Erichthonius_of_Athens,Erichthonius,1.0,DBpedia
http://ns.inria.fr/zoomathia/ANTIGONUS/ἱστοριῶν_παραδόξων_συναγωγή/g_2/1/11/text/1,http://dbpedia.org/resource/Amelesagoras,Amelesagoras,0.8019975032156035,DBpedia
http://ns.inria.fr/zoomathia/ANTIGONUS/ἱστοριῶν_παραδόξων_συναγωγή/g_2/1/11/text/1,http://dbpedia.org/resource/Crow,crow,0.9999825283565037,DBpedia
http://ns.inria.fr/zoomathia/ANTIGONUS/ἱστοριῶν_παραδόξων_συναγωγή/g_2/1/11/text/1,http://dbpedia.org/resource/Treaty_of_Portsmouth,met,0.7092354523138314,DBpedia
http://ns.inria.fr/zoomathia/ANTIGONUS/ἱστοριῶν_παραδόξων_συναγωγή/g_2/1/11/text/1,http://dbpedia.org/resource/Athena,Athena,1.0,DBpedia
http://ns.inria.fr/zoomathia/ANTIGONUS/ἱστοριῶν_παραδόξων_συναγωγή/g_2/1/11/text/1,http://dbpedia.org/resource/Major_League_Baseball_on_ABC,carried,0.646556466026022,DBpedia
http://ns.inria.fr/zoomathia/ANTIGONUS/ἱστοριῶν_παραδόξων_συναγωγή/g_2/1/11/text/1,http://dbpedia.org/resource/Religious_calling,called,0.472618579419618,DBpedia
http://ns.inria.fr/zoomathia/ANTIGONUS/ἱστοριῶν_παραδόξων_συναγωγή/g_2/1/11/text/1,http://dbpedia.org/resource/Mount_Lycabettus,Lycabettus,1.0,DBpedia
http://ns.inria.fr/zoomathia/ANTIGONUS/ἱστοριῶν_παραδόξων_συναγωγή/g_2/1/11/text/1,http://dbpedia.org/resource/Erichthonius_of_Athens,Erichthonius,1.0,DBpedia
http://ns.inria.fr/zoomathia/ANTIGONUS/ἱστοριῶν_παραδόξων_συναγωγή/g_2/1/11/text/1,http://dbpedia.org/resource/Open_set,open,0.8988525198912111,DBpedia
http://ns.inria.fr/zoomathia/ANTIGONUS/ἱστοριῶν_παραδόξων_συναγωγή/g_2/1/11/text/1,http://dbpedia.org/resource/Grappling_position,position,0.9847447653906167,DBpedia
http://ns.inria.fr/zoomathia/ANTIGONUS/ἱστοριῶν_παραδόξων_συναγωγή/g_2/1/11/text/1,http://dbpedia.org/resource/Crow,crow,0.9999825283565037,DBpedia
http://ns.inria.fr/zoomathia/ANTIGONUS/ἱστοριῶν_παραδόξων_συναγωγή/g_2/1/11/text/1,http://dbpedia.org/resource/Bad_News_(Bad_News_album),bad news,0.5616463863561899,DBpedia
http://ns.inria.fr/zoomathia/ANTIGONUS/ἱστοριῶν_παραδόξων_συναγωγή/g_2/1/11/text/1,http://dbpedia.org/resource/Law,lawful,0.9885275819622126,DBpedia
http://ns.inria.fr/zoomathia/ANTIGONUS/ἱστοριῶν_παραδόξων_συναγωγή/g_2/1/11/text/1,http://dbpedia.org/resource/Acropolis_of_Athens,acropolis,0.9999999749330758,DBpedia
http://ns.inria.fr/zoomathia/ANTIGONUS/ἱστοριῶν_παραδόξων_συναγωγή/g_2/1/12/text/1,https://opentheso.huma-num.fr/?idc=106492&idt=th310,mules,1,zoomathia_match
http://ns.inria.fr/zoomathia/ANTIGONUS/ἱστοριῶν_παραδόξων_συναγωγή/g_2/1/12/text/1,https://opentheso.huma-num.fr/?idc=pcrtGm7ZMfoQrc&idt=th310,born,1,zoomathia_match
http://ns.inria.fr/zoomathia/ANTIGONUS/ἱστοριῶν_παραδόξων_συναγωγή/g_2/1/12/text/1,https://www.wikidata.org/wiki/Q7439685,Scythian,0.4633,wikidata
http://ns.inria.fr/zoomathia/ANTIGONUS/ἱστοριῶν_παραδόξων_συναγωγή/g_2/1/12/text/1,https://www.wikidata.org/wiki/Q1063649,Elis,0.459,wikidata
http://ns.inria.fr/zoomathia/ANTIGONUS/ἱστοριῶν_παραδόξων_συναγωγή/g_2/1/12/text/1,http://dbpedia.org/resource/Scythia,Scythian region,0.9999999999931788,DBpedia
http://ns.inria.fr/zoomathia/ANTIGONUS/ἱστοριῶν_παραδόξων_συναγωγή/g_2/1/12/text/1,http://dbpedia.org/resource/Ancient_Elis,Elis,0.985450443968337,DBpedia
http://ns.inria.fr/zoomathia/ANTIGONUS/ἱστοριῶν_παραδόξων_συναγωγή/g_2/1/12/text/1,http://dbpedia.org/resource/Mule,mules,0.9157928358466865,DBpedia
http://ns.inria.fr/zoomathia/ANTIGONUS/ἱστοριῶν_παραδόξων_συναγωγή/g_2/1/12/text/1,http://dbpedia.org/resource/Birth_name,born,0.3984513269806983,DBpedia
http://ns.inria.fr/zoomathia/ANTIGONUS/ἱστοριῶν_παραδόξων_συναγωγή/g_2/1/13/text/1,https://opentheso.huma-num.fr/?idc=106471&idt=th310,death,1,zoomathia_match
http://ns.inria.fr/zoomathia/ANTIGONUS/ἱστοριῶν_παραδόξων_συναγωγή/g_2/1/13/text/1,https://www.wikidata.org/wiki/Q4318,Theopompus,0.4346,wikidata
http://ns.inria.fr/zoomathia/ANTIGONUS/ἱστοριῶν_παραδόξων_συναγωγή/g_2/1/13/text/1,https://www.wikidata.org/wiki/Q200133,Chalcidians,0.4625,wikidata
http://ns.inria.fr/zoomathia/ANTIGONUS/ἱστοριῶν_παραδόξων_συναγωγή/g_2/1/13/text/1,https://www.wikidata.org/wiki/Q41741,Thrace,0.4521,wikidata
http://ns.inria.fr/zoomathia/ANTIGONUS/ἱστοριῶν_παραδόξων_συναγωγή/g_2/1/13/text/1,https://www.wikidata.org/wiki/Q152946,Beetle,0.4556,wikidata
http://ns.inria.fr/zoomathia/ANTIGONUS/ἱστοριῶν_παραδόξων_συναγωγή/g_2/1/13/text/1,http://dbpedia.org/resource/Theopompus,Theopompus,0.9999999994406039,DBpedia
http://ns.inria.fr/zoomathia/ANTIGONUS/ἱστοριῶν_παραδόξων_συναγωγή/g_2/1/13/text/1,http://dbpedia.org/resource/Mahallah,neighbourhood,0.6497852875083314,DBpedia
http://ns.inria.fr/zoomathia/ANTIGONUS/ἱστοριῶν_παραδόξων_συναγωγή/g_2/1/13/text/1,http://dbpedia.org/resource/Chalcis,Chalcidians,0.6647126245147922,DBpedia
http://ns.inria.fr/zoomathia/ANTIGONUS/ἱστοριῶν_παραδόξων_συναγωγή/g_2/1/13/text/1,http://dbpedia.org/resource/Thrace,Thrace,0.9898359237899118,DBpedia
http://ns.inria.fr/zoomathia/ANTIGONUS/ἱστοριῶν_παραδόξων_συναγωγή/g_2/1/13/text/1,http://dbpedia.org/resource/Nature,nature,0.9917402815657562,DBpedia
http://ns.inria.fr/zoomathia/ANTIGONUS/ἱστοριῶν_παραδόξων_συναγωγή/g_2/1/13/text/1,http://dbpedia.org/resource/Sorting_algorithm,sort,0.92341917004712,DBpedia
http://ns.inria.fr/zoomathia/ANTIGONUS/ἱστοριῶν_παραδόξων_συναγωγή/g_2/1/13/text/1,http://dbpedia.org/resource/Animal,animal,0.9676037185509423,DBpedia
http://ns.inria.fr/zoomathia/ANTIGONUS/ἱστοριῶν_παραδόξων_συναγωγή/g_2/1/13/text/1,http://dbpedia.org/resource/Russo-Georgian_War,enters,0.9999999910999691,DBpedia
http://ns.inria.fr/zoomathia/ANTIGONUS/ἱστοριῶν_παραδόξων_συναγωγή/g_2/1/13/text/1,http://dbpedia.org/resource/Prison_escape,escapes,0.7374520340961214,DBpedia
http://ns.inria.fr/zoomathia/ANTIGONUS/ἱστοριῶν_παραδόξων_συναγωγή/g_2/1/13/text/1,http://dbpedia.org/resource/Game_mechanics,turns,0.5063830164288308,DBpedia
http://ns.inria.fr/zoomathia/ANTIGONUS/ἱστοριῶν_παραδόξων_συναγωγή/g_2/1/13/text/1,http://dbpedia.org/resource/Circle,circle,0.9711607931535035,DBpedia
http://ns.inria.fr/zoomathia/ANTIGONUS/ἱστοριῶν_παραδόξων_συναγωγή/g_2/1/13/text/1,http://dbpedia.org/resource/Death,dies,0.6320350143425474,DBpedia
http://ns.inria.fr/zoomathia/ANTIGONUS/ἱστοριῶν_παραδόξων_συναγωγή/g_2/1/13/text/1,http://dbpedia.org/resource/Call_to_the_bar,called,0.6479897494794864,DBpedia
http://ns.inria.fr/zoomathia/ANTIGONUS/ἱστοριῶν_παραδόξων_συναγωγή/g_2/1/14/text/1,https://opentheso.huma-num.fr/?idc=pcrtva7NUywIgB&idt=th310,ravens,1,zoomathia_match
http://ns.inria.fr/zoomathia/ANTIGONUS/ἱστοριῶν_παραδόξων_συναγωγή/g_2/1/14/text/1,https://opentheso.huma-num.fr/?idc=pcrtva7NUywIgB&idt=th310,ravens,1,zoomathia_match
http://ns.inria.fr/zoomathia/ANTIGONUS/ἱστοριῶν_παραδόξων_συναγωγή/g_2/1/14/text/1,https://opentheso.huma-num.fr/?idc=pcrtjzKlry0LZi&idt=th310,bronze,1,zoomathia_match
http://ns.inria.fr/zoomathia/ANTIGONUS/ἱστοριῶν_παραδόξων_συναγωγή/g_2/1/14/text/1,https://opentheso.huma-num.fr/?idc=pcrtibXdLTUhhT&idt=th310,bronze,1,zoomathia_match
http://ns.inria.fr/zoomathia/ANTIGONUS/ἱστοριῶν_παραδόξων_συναγωγή/g_2/1/14/text/1,https://opentheso.huma-num.fr/?idc=pcrtw9Bj1aLvBN&idt=th310,cart,1,zoomathia_match
http://ns.inria.fr/zoomathia/ANTIGONUS/ἱστοριῶν_παραδόξων_συναγωγή/g_2/1/14/text/1,https://opentheso.huma-num.fr/?idc=pcrtbDhtpkBykh&idt=th310,cart,1,zoomathia_match
http://ns.inria.fr/zoomathia/ANTIGONUS/ἱστοριῶν_παραδόξων_συναγωγή/g_2/1/14/text/1,https://opentheso.huma-num.fr/?idc=pcrtLnUS9cADfI&idt=th310,seen,1,zoomathia_match
http://ns.inria.fr/zoomathia/ANTIGONUS/ἱστοριῶν_παραδόξων_συναγωγή/g_2/1/14/text/1,https://opentheso.huma-num.fr/?idc=pcrtw9Bj1aLvBN&idt=th310,cart,1,zoomathia_match
http://ns.inria.fr/zoomathia/ANTIGONUS/ἱστοριῶν_παραδόξων_συναγωγή/g_2/1/14/text/1,https://opentheso.huma-num.fr/?idc=pcrtbDhtpkBykh&idt=th310,cart,1,zoomathia_match
http://ns.inria.fr/zoomathia/ANTIGONUS/ἱστοριῶν_παραδόξων_συναγωγή/g_2/1/14/text/1,https://opentheso.huma-num.fr/?idc=105428&idt=th310,reason,1,zoomathia_match
http://ns.inria.fr/zoomathia/ANTIGONUS/ἱστοριῶν_παραδόξων_συναγωγή/g_2/1/14/text/1,https://opentheso.huma-num.fr/?idc=pcrtjzKlry0LZi&idt=th310,bronze,1,zoomathia_match
http://ns.inria.fr/zoomathia/ANTIGONUS/ἱστοριῶν_παραδόξων_συναγωγή/g_2/1/14/text/1,https://opentheso.huma-num.fr/?idc=pcrtibXdLTUhhT&idt=th310,bronze,1,zoomathia_match
http://ns.inria.fr/zoomathia/ANTIGONUS/ἱστοριῶν_παραδόξων_συναγωγή/g_2/1/14/text/1,https://opentheso.huma-num.fr/?idc=pcrtw9Bj1aLvBN&idt=th310,cart,1,zoomathia_match
http://ns.inria.fr/zoomathia/ANTIGONUS/ἱστοριῶν_παραδόξων_συναγωγή/g_2/1/14/text/1,https://opentheso.huma-num.fr/?idc=pcrtbDhtpkBykh&idt=th310,cart,1,zoomathia_match
http://ns.inria.fr/zoomathia/ANTIGONUS/ἱστοριῶν_παραδόξων_συναγωγή/g_2/1/14/text/1,https://opentheso.huma-num.fr/?idc=107576&idt=th310,water,1,zoomathia_match
http://ns.inria.fr/zoomathia/ANTIGONUS/ἱστοριῶν_παραδόξων_συναγωγή/g_2/1/14/text/1,https://opentheso.huma-num.fr/?idc=pcrtva7NUywIgB&idt=th310,ravens,1,zoomathia_match
http://ns.inria.fr/zoomathia/ANTIGONUS/ἱστοριῶν_παραδόξων_συναγωγή/g_2/1/14/text/1,https://opentheso.huma-num.fr/?idc=105649&idt=th310,time,1,zoomathia_match
http://ns.inria.fr/zoomathia/ANTIGONUS/ἱστοριῶν_παραδόξων_συναγωγή/g_2/1/14/text/1,https://www.wikidata.org/wiki/Q56427665,Crannon,0.4625,wikidata
http://ns.inria.fr/zoomathia/ANTIGONUS/ἱστοριῶν_παραδόξων_συναγωγή/g_2/1/14/text/1,https://www.wikidata.org/wiki/Q22807284,Thessaly,0.4516,wikidata
http://ns.inria.fr/zoomathia/ANTIGONUS/ἱστοριῶν_παραδόξων_συναγωγή/g_2/1/14/text/1,https://www.wikidata.org/wiki/Q3490945,only two,0.3263,wikidata
http://ns.inria.fr/zoomathia/ANTIGONUS/ἱστοριῶν_παραδόξων_συναγωγή/g_2/1/14/text/1,https://www.wikidata.org/wiki/Q4318,Theopompus,0.4346,wikidata
http://ns.inria.fr/zoomathia/ANTIGONUS/ἱστοριῶν_παραδόξων_συναγωγή/g_2/1/14/text/1,https://www.wikidata.org/wiki/Q56427665,Crannon,0.4625,wikidata
http://ns.inria.fr/zoomathia/ANTIGONUS/ἱστοριῶν_παραδόξων_συναγωγή/g_2/1/14/text/1,http://dbpedia.org/resource/Krannonas,Crannon,0.9283539623705004,DBpedia
http://ns.inria.fr/zoomathia/ANTIGONUS/ἱστοριῶν_παραδόξων_συναγωγή/g_2/1/14/text/1,http://dbpedia.org/resource/Thessaly,Thessaly,0.9278355196871173,DBpedia
http://ns.inria.fr/zoomathia/ANTIGONUS/ἱστοριῶν_παραδόξων_συναγωγή/g_2/1/14/text/1,http://dbpedia.org/resource/Raven,ravens,0.8820211780348488,DBpedia
http://ns.inria.fr/zoomathia/ANTIGONUS/ἱστοριῶν_παραδόξων_συναγωγή/g_2/1/14/text/1,http://dbpedia.org/resource/City,city,0.8328243913660939,DBpedia
http://ns.inria.fr/zoomathia/ANTIGONUS/ἱστοριῶν_παραδόξων_συναγωγή/g_2/1/14/text/1,http://dbpedia.org/resource/Emblem,emblem,0.9953250265592989,DBpedia
http://ns.inria.fr/zoomathia/ANTIGONUS/ἱστοριῶν_παραδόξων_συναγωγή/g_2/1/14/text/1,http://dbpedia.org/resource/Attachment_theory,attached,0.9755691470868018,DBpedia
http://ns.inria.fr/zoomathia/ANTIGONUS/ἱστοριῶν_παραδόξων_συναγωγή/g_2/1/14/text/1,http://dbpedia.org/resource/Phonograph_record,records,0.9994486926552023,DBpedia
http://ns.inria.fr/zoomathia/ANTIGONUS/ἱστοριῶν_παραδόξων_συναγωγή/g_2/1/14/text/1,http://dbpedia.org/resource/Proxeny,proxeny,1.0,DBpedia
http://ns.inria.fr/zoomathia/ANTIGONUS/ἱστοριῶν_παραδόξων_συναγωγή/g_2/1/14/text/1,http://dbpedia.org/resource/Customary_law,customary,0.7903489436810145,DBpedia
http://ns.inria.fr/zoomathia/ANTIGONUS/ἱστοριῶν_παραδόξων_συναγωγή/g_2/1/14/text/1,http://dbpedia.org/resource/Attachment_(law),attach,0.6736810240475818,DBpedia
http://ns.inria.fr/zoomathia/ANTIGONUS/ἱστοριῶν_παραδόξων_συναγωγή/g_2/1/14/text/1,http://dbpedia.org/resource/City,city,0.8328243913660939,DBpedia
http://ns.inria.fr/zoomathia/ANTIGONUS/ἱστοριῶν_παραδόξων_συναγωγή/g_2/1/14/text/1,http://dbpedia.org/resource/Emblem,emblem,0.9953250265592989,DBpedia
http://ns.inria.fr/zoomathia/ANTIGONUS/ἱστοριῶν_παραδόξων_συναγωγή/g_2/1/14/text/1,http://dbpedia.org/resource/Phonograph_record,records,0.9994486926552023,DBpedia
http://ns.inria.fr/zoomathia/ANTIGONUS/ἱστοριῶν_παραδόξων_συναγωγή/g_2/1/14/text/1,http://dbpedia.org/resource/Raven,ravens,0.8820211780348488,DBpedia
http://ns.inria.fr/zoomathia/ANTIGONUS/ἱστοριῶν_παραδόξων_συναγωγή/g_2/1/14/text/1,http://dbpedia.org/resource/Bronze,bronze,0.9308227484582238,DBpedia
http://ns.inria.fr/zoomathia/ANTIGONUS/ἱστοριῶν_παραδόξων_συναγωγή/g_2/1/14/text/1,http://dbpedia.org/resource/Cart,cart,0.9955956936075346,DBpedia
http://ns.inria.fr/zoomathia/ANTIGONUS/ἱστοριῶν_παραδόξων_συναγωγή/g_2/1/14/text/1,http://dbpedia.org/resource/Cart,cart,0.9955956936075346,DBpedia
http://ns.inria.fr/zoomathia/ANTIGONUS/ἱστοριῶν_παραδόξων_συναγωγή/g_2/1/14/text/1,http://dbpedia.org/resource/Reason,reason,0.9811266892353077,DBpedia
http://ns.inria.fr/zoomathia/ANTIGONUS/ἱστοριῶν_παραδόξων_συναγωγή/g_2/1/14/text/1,http://dbpedia.org/resource/Outlandish,outlandish,0.9999999617618877,DBpedia
http://ns.inria.fr/zoomathia/ANTIGONUS/ἱστοριῶν_παραδόξων_συναγωγή/g_2/1/14/text/1,http://dbpedia.org/resource/Bronze,bronze,0.9308227484582238,DBpedia
http://ns.inria.fr/zoomathia/ANTIGONUS/ἱστοριῶν_παραδόξων_συναγωγή/g_2/1/14/text/1,http://dbpedia.org/resource/Cart,cart,0.9955956936075346,DBpedia
http://ns.inria.fr/zoomathia/ANTIGONUS/ἱστοριῶν_παραδόξων_συναγωγή/g_2/1/14/text/1,http://dbpedia.org/resource/Dedication,dedication,0.9999229954239531,DBpedia
http://ns.inria.fr/zoomathia/ANTIGONUS/ἱστοριῶν_παραδόξων_συναγωγή/g_2/1/14/text/1,http://dbpedia.org/resource/Drought,drought,0.9393445827349796,DBpedia
http://ns.inria.fr/zoomathia/ANTIGONUS/ἱστοριῶν_παραδόξων_συναγωγή/g_2/1/14/text/1,http://dbpedia.org/resource/Wood_shingle,shake,0.9772708747597598,DBpedia
http://ns.inria.fr/zoomathia/ANTIGONUS/ἱστοριῶν_παραδόξων_συναγωγή/g_2/1/14/text/1,http://dbpedia.org/resource/God,god,0.9436570768243475,DBpedia
http://ns.inria.fr/zoomathia/ANTIGONUS/ἱστοριῶν_παραδόξων_συναγωγή/g_2/1/14/text/1,http://dbpedia.org/resource/Water,water,0.8885680091960567,DBpedia
http://ns.inria.fr/zoomathia/ANTIGONUS/ἱστοριῶν_παραδόξων_συναγωγή/g_2/1/14/text/1,http://dbpedia.org/resource/Prayer,prayers,0.8961919033313231,DBpedia
http://ns.inria.fr/zoomathia/ANTIGONUS/ἱστοριῶν_παραδόξων_συναγωγή/g_2/1/14/text/1,http://dbpedia.org/resource/Theopompus,Theopompus,0.9999999996669544,DBpedia
http://ns.inria.fr/zoomathia/ANTIGONUS/ἱστοριῶν_παραδόξων_συναγωγή/g_2/1/14/text/1,http://dbpedia.org/resource/Grammatical_number,singular,0.8678936412885797,DBpedia
http://ns.inria.fr/zoomathia/ANTIGONUS/ἱστοριῶν_παραδόξων_συναγωγή/g_2/1/14/text/1,http://dbpedia.org/resource/Raven,ravens,0.8820211780348488,DBpedia
http://ns.inria.fr/zoomathia/ANTIGONUS/ἱστοριῶν_παραδόξων_συναγωγή/g_2/1/14/text/1,http://dbpedia.org/resource/Stay_of_proceedings,stay,0.646288599436103,DBpedia
http://ns.inria.fr/zoomathia/ANTIGONUS/ἱστοριῶν_παραδόξων_συναγωγή/g_2/1/14/text/1,http://dbpedia.org/resource/Krannonas,Crannon,0.9283539623705004,DBpedia
http://ns.inria.fr/zoomathia/ANTIGONUS/ἱστοριῶν_παραδόξων_συναγωγή/g_2/1/14/text/1,http://dbpedia.org/resource/Time,time,0.8770412029761707,DBpedia
http://ns.inria.fr/zoomathia/ANTIGONUS/ἱστοριῶν_παραδόξων_συναγωγή/g_2/1/14/text/1,http://dbpedia.org/resource/Juvenile_fish,young,0.964764010267041,DBpedia
http://ns.inria.fr/zoomathia/ANTIGONUS/ἱστοριῶν_παραδόξων_συναγωγή/g_2/1/14/text/1,http://dbpedia.org/resource/Abandoned_railway,abandon,0.9999999016944279,DBpedia
http://ns.inria.fr/zoomathia/ANTIGONUS/ἱστοριῶν_παραδόξων_συναγωγή/g_2/1/14/text/1,http://dbpedia.org/resource/Juvenile_fish,young,0.964764010267041,DBpedia
http://ns.inria.fr/zoomathia/ANTIGONUS/ἱστοριῶν_παραδόξων_συναγωγή/g_2/1/15/text/1,https://opentheso.huma-num.fr/?idc=pcrtqVxjbmIO0s&idt=th310,Apollo,1,zoomathia_match
http://ns.inria.fr/zoomathia/ANTIGONUS/ἱστοριῶν_παραδόξων_συναγωγή/g_2/1/15/text/1,https://opentheso.huma-num.fr/?idc=pcrtva7NUywIgB&idt=th310,ravens,1,zoomathia_match
http://ns.inria.fr/zoomathia/ANTIGONUS/ἱστοριῶν_παραδόξων_συναγωγή/g_2/1/15/text/1,https://www.wikidata.org/wiki/Q37340,Apollo,0.4597,wikidata
http://ns.inria.fr/zoomathia/ANTIGONUS/ἱστοριῶν_παραδόξων_συναγωγή/g_2/1/15/text/1,https://www.wikidata.org/wiki/Q56427665,Crannon,0.4625,wikidata
http://ns.inria.fr/zoomathia/ANTIGONUS/ἱστοριῶν_παραδόξων_συναγωγή/g_2/1/15/text/1,https://www.wikidata.org/wiki/Q3490945,only two,0.3263,wikidata
http://ns.inria.fr/zoomathia/ANTIGONUS/ἱστοριῶν_παραδόξων_συναγωγή/g_2/1/15/text/1,http://dbpedia.org/resource/Lesbos,Lesbos,0.9999999999999716,DBpedia
http://ns.inria.fr/zoomathia/ANTIGONUS/ἱστοριῶν_παραδόξων_συναγωγή/g_2/1/15/text/1,http://dbpedia.org/resource/Sanctuary,sanctuary,0.9880306457080706,DBpedia
http://ns.inria.fr/zoomathia/ANTIGONUS/ἱστοριῶν_παραδόξων_συναγωγή/g_2/1/15/text/1,http://dbpedia.org/resource/Apollo,Apollo,0.9023959115708148,DBpedia
http://ns.inria.fr/zoomathia/ANTIGONUS/ἱστοριῶν_παραδόξων_συναγωγή/g_2/1/15/text/1,http://dbpedia.org/resource/Heroön,heroön,0.9892643435473292,DBpedia
http://ns.inria.fr/zoomathia/ANTIGONUS/ἱστοριῶν_παραδόξων_συναγωγή/g_2/1/15/text/1,http://dbpedia.org/resource/Cranon,Crannon,0.5926002066543026,DBpedia
http://ns.inria.fr/zoomathia/ANTIGONUS/ἱστοριῶν_παραδόξων_συναγωγή/g_2/1/15/text/1,http://dbpedia.org/resource/Common_raven,ravens,0.5603353448284991,DBpedia
http://ns.inria.fr/zoomathia/ANTIGONUS/ἱστοριῶν_παραδόξων_συναγωγή/g_2/1/15/text/1,http://dbpedia.org/resource/Free_area_of_the_Republic_of_China,areas,0.7538048382742262,DBpedia
http://ns.inria.fr/zoomathia/ANTIGONUS/ἱστοριῶν_παραδόξων_συναγωγή/g_2/1/17/text/1,https://opentheso.huma-num.fr/?idc=pcrt3jcrAaRENB&idt=th310,goat,1,zoomathia_match
http://ns.inria.fr/zoomathia/ANTIGONUS/ἱστοριῶν_παραδόξων_συναγωγή/g_2/1/17/text/1,https://opentheso.huma-num.fr/?idc=pcrt3jcrAaRENB&idt=th310,goats,1,zoomathia_match
http://ns.inria.fr/zoomathia/ANTIGONUS/ἱστοριῶν_παραδόξων_συναγωγή/g_2/1/17/text/1,https://opentheso.huma-num.fr/?idc=105404&idt=th310,taste,1,zoomathia_match
http://ns.inria.fr/zoomathia/ANTIGONUS/ἱστοριῶν_παραδόξων_συναγωγή/g_2/1/17/text/1,https://opentheso.huma-num.fr/?idc=pcrt3jcrAaRENB&idt=th310,goat,1,zoomathia_match
http://ns.inria.fr/zoomathia/ANTIGONUS/ἱστοριῶν_παραδόξων_συναγωγή/g_2/1/17/text/1,https://opentheso.huma-num.fr/?idc=105218&idt=th310,stomach,1,zoomathia_match
http://ns.inria.fr/zoomathia/ANTIGONUS/ἱστοριῶν_παραδόξων_συναγωγή/g_2/1/17/text/1,https://www.wikidata.org/wiki/Q18927,Lycia,0.4526,wikidata
http://ns.inria.fr/zoomathia/ANTIGONUS/ἱστοριῶν_παραδόξων_συναγωγή/g_2/1/17/text/1,http://dbpedia.org/resource/Lycia,Lycia,0.9999925992194549,DBpedia
http://ns.inria.fr/zoomathia/ANTIGONUS/ἱστοριῶν_παραδόξων_συναγωγή/g_2/1/17/text/1,http://dbpedia.org/resource/Population_growth,grows,0.9996545021296177,DBpedia
http://ns.inria.fr/zoomathia/ANTIGONUS/ἱστοριῶν_παραδόξων_συναγωγή/g_2/1/17/text/1,http://dbpedia.org/resource/Plant,plant,0.9996451489889716,DBpedia
http://ns.inria.fr/zoomathia/ANTIGONUS/ἱστοριῶν_παραδόξων_συναγωγή/g_2/1/17/text/1,http://dbpedia.org/resource/Call_to_the_bar,called,0.39389430449591284,DBpedia
http://ns.inria.fr/zoomathia/ANTIGONUS/ἱστοριῶν_παραδόξων_συναγωγή/g_2/1/17/text/1,http://dbpedia.org/resource/Goat,goat,0.9988436379833733,DBpedia
http://ns.inria.fr/zoomathia/ANTIGONUS/ἱστοριῶν_παραδόξων_συναγωγή/g_2/1/17/text/1,http://dbpedia.org/resource/Bane_(plant),bane,0.9505919003394518,DBpedia
http://ns.inria.fr/zoomathia/ANTIGONUS/ἱστοριῶν_παραδόξων_συναγωγή/g_2/1/17/text/1,http://dbpedia.org/resource/Local_food,local,0.7209066192344633,DBpedia
http://ns.inria.fr/zoomathia/ANTIGONUS/ἱστοριῶν_παραδόξων_συναγωγή/g_2/1/17/text/1,http://dbpedia.org/resource/Goat,goats,0.9943058647983316,DBpedia
http://ns.inria.fr/zoomathia/ANTIGONUS/ἱστοριῶν_παραδόξων_συναγωγή/g_2/1/17/text/1,http://dbpedia.org/resource/Taste,taste,0.9998259913937351,DBpedia
http://ns.inria.fr/zoomathia/ANTIGONUS/ἱστοριῶν_παραδόξων_συναγωγή/g_2/1/17/text/1,http://dbpedia.org/resource/Goat,goat,0.9988436379833733,DBpedia
http://ns.inria.fr/zoomathia/ANTIGONUS/ἱστοριῶν_παραδόξων_συναγωγή/g_2/1/17/text/1,http://dbpedia.org/resource/Eating,eats,0.8727037024013948,DBpedia
http://ns.inria.fr/zoomathia/ANTIGONUS/ἱστοριῶν_παραδόξων_συναγωγή/g_2/1/17/text/1,http://dbpedia.org/resource/Plant,plant,0.9996451489889716,DBpedia
http://ns.inria.fr/zoomathia/ANTIGONUS/ἱστοριῶν_παραδόξων_συναγωγή/g_2/1/17/text/1,http://dbpedia.org/resource/Ignorance,ignorance,0.9996588411186303,DBpedia
http://ns.inria.fr/zoomathia/ANTIGONUS/ἱστοριῶν_παραδόξων_συναγωγή/g_2/1/17/text/1,http://dbpedia.org/resource/Death,dies,0.99477132582057,DBpedia
http://ns.inria.fr/zoomathia/ANTIGONUS/ἱστοριῶν_παραδόξων_συναγωγή/g_2/1/17/text/1,http://dbpedia.org/resource/Effects_of_climate_change,result,0.4706125853974014,DBpedia
http://ns.inria.fr/zoomathia/ANTIGONUS/ἱστοριῶν_παραδόξων_συναγωγή/g_2/1/17/text/1,http://dbpedia.org/resource/Habitat_destruction,destruction,0.9932112495632953,DBpedia
http://ns.inria.fr/zoomathia/ANTIGONUS/ἱστοριῶν_παραδόξων_συναγωγή/g_2/1/17/text/1,http://dbpedia.org/resource/Sleeping_car,compartment,0.6466522738573649,DBpedia
http://ns.inria.fr/zoomathia/ANTIGONUS/ἱστοριῶν_παραδόξων_συναγωγή/g_2/1/17/text/1,http://dbpedia.org/resource/Stomach,stomach,0.9999474744989038,DBpedia
http://ns.inria.fr/zoomathia/ANTIGONUS/ἱστοριῶν_παραδόξων_συναγωγή/g_2/1/17/text/1,http://dbpedia.org/resource/Call_to_the_bar,called,0.39389430449591284,DBpedia
http://ns.inria.fr/zoomathia/ANTIGONUS/ἱστοριῶν_παραδόξων_συναγωγή/g_2/1/17/text/1,http://dbpedia.org/resource/Ovolo,echinus,0.999614082341465,DBpedia
http://ns.inria.fr/zoomathia/ANTIGONUS/ἱστοριῶν_παραδόξων_συναγωγή/g_2/1/19/text/1,https://opentheso.huma-num.fr/?idc=105127&idt=th310,horns,1,zoomathia_match
http://ns.inria.fr/zoomathia/ANTIGONUS/ἱστοριῶν_παραδόξων_συναγωγή/g_2/1/19/text/1,https://opentheso.huma-num.fr/?idc=pcrtnpPag9iONJ&idt=th310,bees,1,zoomathia_match
http://ns.inria.fr/zoomathia/ANTIGONUS/ἱστοριῶν_παραδόξων_συναγωγή/g_2/1/19/text/1,https://opentheso.huma-num.fr/?idc=105121&idt=th310,fly,1,zoomathia_match
http://ns.inria.fr/zoomathia/ANTIGONUS/ἱστοριῶν_παραδόξων_συναγωγή/g_2/1/19/text/1,https://opentheso.huma-num.fr/?idc=105383&idt=th310,fly,1,zoomathia_match
http://ns.inria.fr/zoomathia/ANTIGONUS/ἱστοριῶν_παραδόξων_συναγωγή/g_2/1/19/text/1,https://opentheso.huma-num.fr/?idc=pcrtnpPag9iONJ&idt=th310,bees,1,zoomathia_match
http://ns.inria.fr/zoomathia/ANTIGONUS/ἱστοριῶν_παραδόξων_συναγωγή/g_2/1/19/text/1,https://opentheso.huma-num.fr/?idc=pcrtGm7ZMfoQrc&idt=th310,born,1,zoomathia_match
http://ns.inria.fr/zoomathia/ANTIGONUS/ἱστοριῶν_παραδόξων_συναγωγή/g_2/1/19/text/1,https://opentheso.huma-num.fr/?idc=pcrtGm7ZMfoQrc&idt=th310,born,1,zoomathia_match
http://ns.inria.fr/zoomathia/ANTIGONUS/ἱστοριῶν_παραδόξων_συναγωγή/g_2/1/19/text/1,https://opentheso.huma-num.fr/?idc=pcrtnpPag9iONJ&idt=th310,bees,1,zoomathia_match
http://ns.inria.fr/zoomathia/ANTIGONUS/ἱστοριῶν_παραδόξων_συναγωγή/g_2/1/19/text/1,https://opentheso.huma-num.fr/?idc=pcrtYSaMriYJvU&idt=th310,crocodile,1,zoomathia_match
http://ns.inria.fr/zoomathia/ANTIGONUS/ἱστοριῶν_παραδόξων_συναγωγή/g_2/1/19/text/1,https://opentheso.huma-num.fr/?idc=pcrt2t2EtFSnPv&idt=th310,scorpions,1,zoomathia_match
http://ns.inria.fr/zoomathia/ANTIGONUS/ἱστοριῶν_παραδόξων_συναγωγή/g_2/1/19/text/1,https://opentheso.huma-num.fr/?idc=pcrt6i8AcPBoY2&idt=th310,horses,1,zoomathia_match
http://ns.inria.fr/zoomathia/ANTIGONUS/ἱστοριῶν_παραδόξων_συναγωγή/g_2/1/19/text/1,https://opentheso.huma-num.fr/?idc=pcrt2t2EtFSnPv&idt=th310,scorpions,1,zoomathia_match
http://ns.inria.fr/zoomathia/ANTIGONUS/ἱστοριῶν_παραδόξων_συναγωγή/g_2/1/19/text/1,https://opentheso.huma-num.fr/?idc=pcrt2t2EtFSnPv&idt=th310,scorpions,1,zoomathia_match
http://ns.inria.fr/zoomathia/ANTIGONUS/ἱστοριῶν_παραδόξων_συναγωγή/g_2/1/19/text/1,https://opentheso.huma-num.fr/?idc=pcrtYSaMriYJvU&idt=th310,crocodile,1,zoomathia_match
http://ns.inria.fr/zoomathia/ANTIGONUS/ἱστοριῶν_παραδόξων_συναγωγή/g_2/1/19/text/1,https://opentheso.huma-num.fr/?idc=107660&idt=th310,wasps,1,zoomathia_match
http://ns.inria.fr/zoomathia/ANTIGONUS/ἱστοριῶν_παραδόξων_συναγωγή/g_2/1/19/text/1,https://opentheso.huma-num.fr/?idc=105371&idt=th310,offspring,1,zoomathia_match
http://ns.inria.fr/zoomathia/ANTIGONUS/ἱστοριῶν_παραδόξων_συναγωγή/g_2/1/19/text/1,https://opentheso.huma-num.fr/?idc=pcrt6i8AcPBoY2&idt=th310,horse,1,zoomathia_match
http://ns.inria.fr/zoomathia/ANTIGONUS/ἱστοριῶν_παραδόξων_συναγωγή/g_2/1/19/text/1,https://opentheso.huma-num.fr/?idc=pcrt6ccLQhgjJq&idt=th310,Aristotle,1,zoomathia_match
http://ns.inria.fr/zoomathia/ANTIGONUS/ἱστοριῶν_παραδόξων_συναγωγή/g_2/1/19/text/1,https://opentheso.huma-num.fr/?idc=pcrt2t2EtFSnPv&idt=th310,scorpions,1,zoomathia_match
http://ns.inria.fr/zoomathia/ANTIGONUS/ἱστοριῶν_παραδόξων_συναγωγή/g_2/1/19/text/1,https://www.wikidata.org/wiki/Q79,Egypt,0.4625,wikidata
http://ns.inria.fr/zoomathia/ANTIGONUS/ἱστοριῶν_παραδόξων_συναγωγή/g_2/1/19/text/1,https://www.wikidata.org/wiki/Q360787,Archelaus,0.8322,wikidata
http://ns.inria.fr/zoomathia/ANTIGONUS/ἱστοριῶν_παραδόξων_συναγωγή/g_2/1/19/text/1,https://www.wikidata.org/wiki/Q11768,Egyptian,0.5947,wikidata
http://ns.inria.fr/zoomathia/ANTIGONUS/ἱστοριῶν_παραδόξων_συναγωγή/g_2/1/19/text/1,https://www.wikidata.org/wiki/Q34943,Ptolemy,0.8775,wikidata
http://ns.inria.fr/zoomathia/ANTIGONUS/ἱστοριῶν_παραδόξων_συναγωγή/g_2/1/19/text/1,https://www.wikidata.org/wiki/Q868,Aristotle,0.9074,wikidata
http://ns.inria.fr/zoomathia/ANTIGONUS/ἱστοριῶν_παραδόξων_συναγωγή/g_2/1/19/text/1,http://dbpedia.org/resource/Grammatical_number,singular,0.925573577418437,DBpedia
http://ns.inria.fr/zoomathia/ANTIGONUS/ἱστοριῶν_παραδόξων_συναγωγή/g_2/1/19/text/1,http://dbpedia.org/resource/Abiogenesis,formation,0.9927534114238504,DBpedia
http://ns.inria.fr/zoomathia/ANTIGONUS/ἱστοριῶν_παραδόξων_συναγωγή/g_2/1/19/text/1,http://dbpedia.org/resource/Shapeshifting,transformations,0.9895653354118775,DBpedia
http://ns.inria.fr/zoomathia/ANTIGONUS/ἱστοριῶν_παραδόξων_συναγωγή/g_2/1/19/text/1,http://dbpedia.org/resource/Animal,animals,0.9995650020239312,DBpedia
http://ns.inria.fr/zoomathia/ANTIGONUS/ἱστοριῶν_παραδόξων_συναγωγή/g_2/1/19/text/1,http://dbpedia.org/resource/Book_of_Genesis,genesis,0.9867607487077219,DBpedia
http://ns.inria.fr/zoomathia/ANTIGONUS/ἱστοριῶν_παραδόξων_συναγωγή/g_2/1/19/text/1,http://dbpedia.org/resource/Ptolemaic_Kingdom,Egypt,0.5655091134013279,DBpedia
http://ns.inria.fr/zoomathia/ANTIGONUS/ἱστοριῶν_παραδόξων_συναγωγή/g_2/1/19/text/1,http://dbpedia.org/resource/Ox,ox,0.9962402199298858,DBpedia
http://ns.inria.fr/zoomathia/ANTIGONUS/ἱστοριῶν_παραδόξων_συναγωγή/g_2/1/19/text/1,http://dbpedia.org/resource/Burial,buried,0.8633546590887222,DBpedia
http://ns.inria.fr/zoomathia/ANTIGONUS/ἱστοριῶν_παραδόξων_συναγωγή/g_2/1/19/text/1,http://dbpedia.org/resource/French_horn,horns,0.7116596344101334,DBpedia
http://ns.inria.fr/zoomathia/ANTIGONUS/ἱστοριῶν_παραδόξων_συναγωγή/g_2/1/19/text/1,http://dbpedia.org/resource/Earth,earth,0.9987420877469866,DBpedia
http://ns.inria.fr/zoomathia/ANTIGONUS/ἱστοριῶν_παραδόξων_συναγωγή/g_2/1/19/text/1,http://dbpedia.org/resource/Bee,bees,0.9999704867402576,DBpedia
http://ns.inria.fr/zoomathia/ANTIGONUS/ἱστοριῶν_παραδόξων_συναγωγή/g_2/1/19/text/1,http://dbpedia.org/resource/Fly,fly,0.9999999881810028,DBpedia
http://ns.inria.fr/zoomathia/ANTIGONUS/ἱστοριῶν_παραδόξων_συναγωγή/g_2/1/19/text/1,http://dbpedia.org/resource/Decomposition,rotting,0.9999545595052872,DBpedia
http://ns.inria.fr/zoomathia/ANTIGONUS/ἱστοριῶν_παραδόξων_συναγωγή/g_2/1/19/text/1,http://dbpedia.org/resource/Ox,ox,0.9962402199298858,DBpedia
http://ns.inria.fr/zoomathia/ANTIGONUS/ἱστοριῶν_παραδόξων_συναγωγή/g_2/1/19/text/1,http://dbpedia.org/resource/Solvation,dissolved,0.30629898972750014,DBpedia
http://ns.inria.fr/zoomathia/ANTIGONUS/ἱστοριῶν_παραδόξων_συναγωγή/g_2/1/19/text/1,http://dbpedia.org/resource/Insect,insect,0.9999945419004942,DBpedia
http://ns.inria.fr/zoomathia/ANTIGONUS/ἱστοριῶν_παραδόξων_συναγωγή/g_2/1/19/text/1,http://dbpedia.org/resource/Physical_attractiveness,pretty,0.9999999997758096,DBpedia
http://ns.inria.fr/zoomathia/ANTIGONUS/ἱστοριῶν_παραδόξων_συναγωγή/g_2/1/19/text/1,http://dbpedia.org/resource/Glossary_of_professional_wrestling_terms,turn,0.7453883855930753,DBpedia
http://ns.inria.fr/zoomathia/ANTIGONUS/ἱστοριῶν_παραδόξων_συναγωγή/g_2/1/19/text/1,http://dbpedia.org/resource/Attention,attention,0.999929894603313,DBpedia
http://ns.inria.fr/zoomathia/ANTIGONUS/ἱστοριῶν_παραδόξων_συναγωγή/g_2/1/19/text/1,http://dbpedia.org/resource/IP_address,addresses,0.7887198186729085,DBpedia
http://ns.inria.fr/zoomathia/ANTIGONUS/ἱστοριῶν_παραδόξων_συναγωγή/g_2/1/19/text/1,http://dbpedia.org/resource/Bee,bees,0.9999704867402576,DBpedia
http://ns.inria.fr/zoomathia/ANTIGONUS/ἱστοριῶν_παραδόξων_συναγωγή/g_2/1/19/text/1,http://dbpedia.org/resource/Vowel_length,long,0.9906547701297916,DBpedia
http://ns.inria.fr/zoomathia/ANTIGONUS/ἱστοριῶν_παραδόξων_συναγωγή/g_2/1/19/text/1,http://dbpedia.org/resource/Richard_Chancellor,reached,0.884797601582297,DBpedia
http://ns.inria.fr/zoomathia/ANTIGONUS/ἱστοριῶν_παραδόξων_συναγωγή/g_2/1/19/text/1,http://dbpedia.org/resource/Bee,bees,0.9999704867402576,DBpedia
http://ns.inria.fr/zoomathia/ANTIGONUS/ἱστοριῶν_παραδόξων_συναγωγή/g_2/1/19/text/1,http://dbpedia.org/resource/Crocodile,crocodile,0.9978746208974357,DBpedia
http://ns.inria.fr/zoomathia/ANTIGONUS/ἱστοριῶν_παραδόξων_συναγωγή/g_2/1/19/text/1,http://dbpedia.org/resource/Gene_expression,generates,0.7696007375008942,DBpedia
http://ns.inria.fr/zoomathia/ANTIGONUS/ἱστοριῶν_παραδόξων_συναγωγή/g_2/1/19/text/1,http://dbpedia.org/resource/Scorpion,scorpions,1.0,DBpedia
http://ns.inria.fr/zoomathia/ANTIGONUS/ἱστοριῶν_παραδόξων_συναγωγή/g_2/1/19/text/1,http://dbpedia.org/resource/Wasp,wasps,0.9997873741700396,DBpedia
http://ns.inria.fr/zoomathia/ANTIGONUS/ἱστοριῶν_παραδόξων_συναγωγή/g_2/1/19/text/1,http://dbpedia.org/resource/Generating_set_of_a_group,generated,0.7736970630280376,DBpedia
http://ns.inria.fr/zoomathia/ANTIGONUS/ἱστοριῶν_παραδόξων_συναγωγή/g_2/1/19/text/1,http://dbpedia.org/resource/Horse,horses,0.9893341473823455,DBpedia
http://ns.inria.fr/zoomathia/ANTIGONUS/ἱστοριῶν_παραδόξων_συναγωγή/g_2/1/19/text/1,http://dbpedia.org/resource/Archelaus_I_of_Macedon,Archelaus,0.9999993856219658,DBpedia
http://ns.inria.fr/zoomathia/ANTIGONUS/ἱστοριῶν_παραδόξων_συναγωγή/g_2/1/19/text/1,http://dbpedia.org/resource/Ancient_Egypt,Egyptian,0.9909915587076062,DBpedia
http://ns.inria.fr/zoomathia/ANTIGONUS/ἱστοριῶν_παραδόξων_συναγωγή/g_2/1/19/text/1,http://dbpedia.org/resource/Interpretatio_graeca,interpreted,0.9977118291632568,DBpedia
http://ns.inria.fr/zoomathia/ANTIGONUS/ἱστοριῶν_παραδόξων_συναγωγή/g_2/1/19/text/1,http://dbpedia.org/resource/Paradox,paradoxa,1.0,DBpedia
http://ns.inria.fr/zoomathia/ANTIGONUS/ἱστοριῶν_παραδόξων_συναγωγή/g_2/1/19/text/1,http://dbpedia.org/resource/Ptolemy_I_Soter,Ptolemy,0.9996491373388452,DBpedia
http://ns.inria.fr/zoomathia/ANTIGONUS/ἱστοριῶν_παραδόξων_συναγωγή/g_2/1/19/text/1,http://dbpedia.org/resource/Epigram,epigrams,1.0,DBpedia
http://ns.inria.fr/zoomathia/ANTIGONUS/ἱστοριῶν_παραδόξων_συναγωγή/g_2/1/19/text/1,http://dbpedia.org/resource/Scorpion,scorpions,1.0,DBpedia
http://ns.inria.fr/zoomathia/ANTIGONUS/ἱστοριῶν_παραδόξων_συναγωγή/g_2/1/19/text/1,http://dbpedia.org/resource/Scorpion,scorpions,1.0,DBpedia
http://ns.inria.fr/zoomathia/ANTIGONUS/ἱστοριῶν_παραδόξων_συναγωγή/g_2/1/19/text/1,http://dbpedia.org/resource/Nature,nature,0.9989037906772769,DBpedia
http://ns.inria.fr/zoomathia/ANTIGONUS/ἱστοριῶν_παραδόξων_συναγωγή/g_2/1/19/text/1,http://dbpedia.org/resource/Life,life,0.9882975725869368,DBpedia
http://ns.inria.fr/zoomathia/ANTIGONUS/ἱστοριῶν_παραδόξων_συναγωγή/g_2/1/19/text/1,http://dbpedia.org/resource/Solvation,dissolve,0.7853742324049469,DBpedia
http://ns.inria.fr/zoomathia/ANTIGONUS/ἱστοριῶν_παραδόξων_συναγωγή/g_2/1/19/text/1,http://dbpedia.org/resource/Crocodile,crocodile,0.9978746208974357,DBpedia
http://ns.inria.fr/zoomathia/ANTIGONUS/ἱστοριῶν_παραδόξων_συναγωγή/g_2/1/19/text/1,http://dbpedia.org/resource/Death,died,0.9999569785634698,DBpedia
http://ns.inria.fr/zoomathia/ANTIGONUS/ἱστοριῶν_παραδόξων_συναγωγή/g_2/1/19/text/1,http://dbpedia.org/resource/Wasp,wasps,0.9997873741700396,DBpedia
http://ns.inria.fr/zoomathia/ANTIGONUS/ἱστοριῶν_παραδόξων_συναγωγή/g_2/1/19/text/1,http://dbpedia.org/resource/Musical_note,Note,0.9999998939647469,DBpedia
http://ns.inria.fr/zoomathia/ANTIGONUS/ἱστοριῶν_παραδόξων_συναγωγή/g_2/1/19/text/1,http://dbpedia.org/resource/Offspring,offspring,0.9998292488736309,DBpedia
http://ns.inria.fr/zoomathia/ANTIGONUS/ἱστοριῶν_παραδόξων_συναγωγή/g_2/1/19/text/1,http://dbpedia.org/resource/Horse,horse,0.9998690130658373,DBpedia
http://ns.inria.fr/zoomathia/ANTIGONUS/ἱστοριῶν_παραδόξων_συναγωγή/g_2/1/19/text/1,http://dbpedia.org/resource/Cadaver,corpse,0.9999999999294005,DBpedia
http://ns.inria.fr/zoomathia/ANTIGONUS/ἱστοριῶν_παραδόξων_συναγωγή/g_2/1/19/text/1,http://dbpedia.org/resource/Wasp,wasps,0.9997873741700396,DBpedia
http://ns.inria.fr/zoomathia/ANTIGONUS/ἱστοριῶν_παραδόξων_συναγωγή/g_2/1/19/text/1,http://dbpedia.org/resource/Behold,behold,0.9999884659505478,DBpedia
http://ns.inria.fr/zoomathia/ANTIGONUS/ἱστοριῶν_παραδόξων_συναγωγή/g_2/1/19/text/1,http://dbpedia.org/resource/Nature,nature,0.9989037906772769,DBpedia
http://ns.inria.fr/zoomathia/ANTIGONUS/ἱστοριῶν_παραδόξων_συναγωγή/g_2/1/19/text/1,http://dbpedia.org/resource/United_States_Army_Air_Corps,creates,0.9999999999487272,DBpedia
http://ns.inria.fr/zoomathia/ANTIGONUS/ἱστοριῶν_παραδόξων_συναγωγή/g_2/1/19/text/1,http://dbpedia.org/resource/Aristotle,Aristotle,0.9999986119019553,DBpedia
http://ns.inria.fr/zoomathia/ANTIGONUS/ἱστοριῶν_παραδόξων_συναγωγή/g_2/1/19/text/1,http://dbpedia.org/resource/Scorpion,scorpions,1.0,DBpedia
http://ns.inria.fr/zoomathia/ANTIGONUS/ἱστοριῶν_παραδόξων_συναγωγή/g_2/1/19/text/1,http://dbpedia.org/resource/Generating_set_of_a_group,generated,0.7736970630280376,DBpedia
http://ns.inria.fr/zoomathia/ANTIGONUS/ἱστοριῶν_παραδόξων_συναγωγή/g_2/1/19/text/1,http://dbpedia.org/resource/Decomposition,rotting,0.9999545595052872,DBpedia
http://ns.inria.fr/zoomathia/ANTIGONUS/ἱστοριῶν_παραδόξων_συναγωγή/g_2/1/20/text/1,https://opentheso.huma-num.fr/?idc=107755&idt=th310,gecko,1,zoomathia_match
http://ns.inria.fr/zoomathia/ANTIGONUS/ἱστοριῶν_παραδόξων_συναγωγή/g_2/1/20/text/1,https://opentheso.huma-num.fr/?idc=105170&idt=th310,skin,1,zoomathia_match
http://ns.inria.fr/zoomathia/ANTIGONUS/ἱστοριῶν_παραδόξων_συναγωγή/g_2/1/20/text/1,https://opentheso.huma-num.fr/?idc=pcrt6ccLQhgjJq&idt=th310,Aristotle,1,zoomathia_match
http://ns.inria.fr/zoomathia/ANTIGONUS/ἱστοριῶν_παραδόξων_συναγωγή/g_2/1/20/text/1,https://opentheso.huma-num.fr/?idc=pcrtmwjz8S1ZgH&idt=th310,cure,1,zoomathia_match
http://ns.inria.fr/zoomathia/ANTIGONUS/ἱστοριῶν_παραδόξων_συναγωγή/g_2/1/20/text/1,https://opentheso.huma-num.fr/?idc=105966&idt=th310,epilepsy,1,zoomathia_match
http://ns.inria.fr/zoomathia/ANTIGONUS/ἱστοριῶν_παραδόξων_συναγωγή/g_2/1/20/text/1,https://opentheso.huma-num.fr/?idc=pcrtdtX7cfYccQ&idt=th310,seal,1,zoomathia_match
http://ns.inria.fr/zoomathia/ANTIGONUS/ἱστοριῶν_παραδόξων_συναγωγή/g_2/1/20/text/1,https://opentheso.huma-num.fr/?idc=pcrtGm7ZMfoQrc&idt=th310,born,1,zoomathia_match
http://ns.inria.fr/zoomathia/ANTIGONUS/ἱστοριῶν_παραδόξων_συναγωγή/g_2/1/20/text/1,https://opentheso.huma-num.fr/?idc=pcrtmmQBSGulBN&idt=th310,antler,1,zoomathia_match
http://ns.inria.fr/zoomathia/ANTIGONUS/ἱστοριῶν_παραδόξων_συναγωγή/g_2/1/20/text/1,https://www.wikidata.org/wiki/Q868,Aristotle,0.9074,wikidata
http://ns.inria.fr/zoomathia/ANTIGONUS/ἱστοριῶν_παραδόξων_συναγωγή/g_2/1/20/text/1,http://dbpedia.org/resource/Spider-Man,amazing,0.9160724691233817,DBpedia
http://ns.inria.fr/zoomathia/ANTIGONUS/ἱστοριῶν_παραδόξων_συναγωγή/g_2/1/20/text/1,http://dbpedia.org/resource/Global_catastrophic_risk,destruction,0.9814997744103688,DBpedia
http://ns.inria.fr/zoomathia/ANTIGONUS/ἱστοριῶν_παραδόξων_συναγωγή/g_2/1/20/text/1,http://dbpedia.org/resource/Gecko,gecko,0.9999850074880877,DBpedia
http://ns.inria.fr/zoomathia/ANTIGONUS/ἱστοριῶν_παραδόξων_συναγωγή/g_2/1/20/text/1,http://dbpedia.org/resource/Shed,sheds,0.9967972058319813,DBpedia
http://ns.inria.fr/zoomathia/ANTIGONUS/ἱστοριῶν_παραδόξων_συναγωγή/g_2/1/20/text/1,http://dbpedia.org/resource/Skin,skin,0.9995351323991369,DBpedia
http://ns.inria.fr/zoomathia/ANTIGONUS/ἱστοριῶν_παραδόξων_συναγωγή/g_2/1/20/text/1,http://dbpedia.org/resource/Shapeshifting,turns,0.9894046761568694,DBpedia
http://ns.inria.fr/zoomathia/ANTIGONUS/ἱστοριῶν_παραδόξων_συναγωγή/g_2/1/20/text/1,http://dbpedia.org/resource/Swallow,swallows,0.9693693802892006,DBpedia
http://ns.inria.fr/zoomathia/ANTIGONUS/ἱστοριῶν_παραδόξων_συναγωγή/g_2/1/20/text/1,http://dbpedia.org/resource/Aristotle,Aristotle,0.9999994832089868,DBpedia
http://ns.inria.fr/zoomathia/ANTIGONUS/ἱστοριῶν_παραδόξων_συναγωγή/g_2/1/20/text/1,http://dbpedia.org/resource/Writing,writes,0.999069790773752,DBpedia
http://ns.inria.fr/zoomathia/ANTIGONUS/ἱστοριῶν_παραδόξων_συναγωγή/g_2/1/20/text/1,http://dbpedia.org/resource/Cure,cure,0.9877695878906723,DBpedia
http://ns.inria.fr/zoomathia/ANTIGONUS/ἱστοριῶν_παραδόξων_συναγωγή/g_2/1/20/text/1,http://dbpedia.org/resource/Epilepsy,epilepsy,0.9998947272880611,DBpedia
http://ns.inria.fr/zoomathia/ANTIGONUS/ἱστοριῶν_παραδόξων_συναγωγή/g_2/1/20/text/1,http://dbpedia.org/resource/Likewise_(Frances_Quinlan_album),Likewise,0.752342286182005,DBpedia
http://ns.inria.fr/zoomathia/ANTIGONUS/ἱστοριῶν_παραδόξων_συναγωγή/g_2/1/20/text/1,http://dbpedia.org/resource/Pinniped,seal,0.9995555026162589,DBpedia
http://ns.inria.fr/zoomathia/ANTIGONUS/ἱστοριῶν_παραδόξων_συναγωγή/g_2/1/20/text/1,http://dbpedia.org/resource/Disgorgement,disgorge,1.0,DBpedia
http://ns.inria.fr/zoomathia/ANTIGONUS/ἱστοριῶν_παραδόξων_συναγωγή/g_2/1/20/text/1,http://dbpedia.org/resource/Whey,whey,1.0,DBpedia
http://ns.inria.fr/zoomathia/ANTIGONUS/ἱστοριῶν_παραδόξων_συναγωγή/g_2/1/20/text/1,http://dbpedia.org/resource/Disease,disease,0.9867960084615616,DBpedia
http://ns.inria.fr/zoomathia/ANTIGONUS/ἱστοριῶν_παραδόξων_συναγωγή/g_2/1/20/text/1,http://dbpedia.org/resource/Mare,Mares,0.9999999995333155,DBpedia
http://ns.inria.fr/zoomathia/ANTIGONUS/ἱστοριῶν_παραδόξων_συναγωγή/g_2/1/20/text/1,http://dbpedia.org/resource/Eating,eat,0.9621947411151178,DBpedia
http://ns.inria.fr/zoomathia/ANTIGONUS/ἱστοριῶν_παραδόξων_συναγωγή/g_2/1/20/text/1,http://dbpedia.org/resource/Tubercle,excrescence,1.0,DBpedia
http://ns.inria.fr/zoomathia/ANTIGONUS/ἱστοριῶν_παραδόξων_συναγωγή/g_2/1/20/text/1,http://dbpedia.org/resource/Birth,born,0.9206439161267631,DBpedia
http://ns.inria.fr/zoomathia/ANTIGONUS/ἱστοριῶν_παραδόξων_συναγωγή/g_2/1/20/text/1,http://dbpedia.org/resource/Offspring,young,0.5011127576296777,DBpedia
http://ns.inria.fr/zoomathia/ANTIGONUS/ἱστοριῶν_παραδόξων_συναγωγή/g_2/1/20/text/1,http://dbpedia.org/resource/Forehead,forehead,0.9997545381154886,DBpedia
http://ns.inria.fr/zoomathia/ANTIGONUS/ἱστοριῶν_παραδόξων_συναγωγή/g_2/1/20/text/1,http://dbpedia.org/resource/Deer,doe,1.0,DBpedia
http://ns.inria.fr/zoomathia/ANTIGONUS/ἱστοριῶν_παραδόξων_συναγωγή/g_2/1/20/text/1,http://dbpedia.org/resource/Earth,earth,0.9994242989302866,DBpedia
http://ns.inria.fr/zoomathia/ANTIGONUS/ἱστοριῶν_παραδόξων_συναγωγή/g_2/1/20/text/1,http://dbpedia.org/resource/Scotch_whisky,ways,0.9915802345268158,DBpedia
http://ns.inria.fr/zoomathia/ANTIGONUS/ἱστοριῶν_παραδόξων_συναγωγή/g_2/1/20/text/1,http://dbpedia.org/resource/Behavior,behaviours,0.959489281269969,DBpedia
http://ns.inria.fr/zoomathia/ANTIGONUS/ἱστοριῶν_παραδόξων_συναγωγή/g_2/1/20/text/1,http://dbpedia.org/resource/Great_tit,great,0.7834000707372273,DBpedia
http://ns.inria.fr/zoomathia/ANTIGONUS/ἱστοριῶν_παραδόξων_συναγωγή/g_2/1/20/text/1,http://dbpedia.org/resource/Card_game,deal,0.992532757443754,DBpedia
http://ns.inria.fr/zoomathia/ANTIGONUS/ἱστοριῶν_παραδόξων_συναγωγή/g_2/1/20/text/1,http://dbpedia.org/resource/Attention,attention,0.9514414813466979,DBpedia
http://ns.inria.fr/zoomathia/ANTIGONUS/ἱστοριῶν_παραδόξων_συναγωγή/g_2/1/20/text/1,http://dbpedia.org/resource/Deliberation,deliberate,1.0,DBpedia
http://ns.inria.fr/zoomathia/ANTIGONUS/ἱστοριῶν_παραδόξων_συναγωγή/g_2/1/20/text/1,http://dbpedia.org/resource/Choice,choice,0.9999968573294423,DBpedia
http://ns.inria.fr/zoomathia/ANTIGONUS/ἱστοριῶν_παραδόξων_συναγωγή/g_2/1/20/text/1,http://dbpedia.org/resource/Indeterminism,chance,0.9115411160733755,DBpedia
http://ns.inria.fr/zoomathia/ANTIGONUS/ἱστοριῶν_παραδόξων_συναγωγή/g_2/1/21/text/1,https://opentheso.huma-num.fr/?idc=107057&idt=th310,octopus,1,zoomathia_match
http://ns.inria.fr/zoomathia/ANTIGONUS/ἱστοριῶν_παραδόξων_συναγωγή/g_2/1/21/text/1,https://opentheso.huma-num.fr/?idc=pcrtGSslMASdGf&idt=th310,day,1,zoomathia_match
http://ns.inria.fr/zoomathia/ANTIGONUS/ἱστοριῶν_παραδόξων_συναγωγή/g_2/1/21/text/1,https://opentheso.huma-num.fr/?idc=105155&idt=th310,foot,1,zoomathia_match
http://ns.inria.fr/zoomathia/ANTIGONUS/ἱστοριῶν_παραδόξων_συναγωγή/g_2/1/21/text/1,https://opentheso.huma-num.fr/?idc=pcrtGm7ZMfoQrc&idt=th310,born,1,zoomathia_match
http://ns.inria.fr/zoomathia/ANTIGONUS/ἱστοριῶν_παραδόξων_συναγωγή/g_2/1/21/text/1,https://opentheso.huma-num.fr/?idc=pcrt4v7jKE3TVw&idt=th310,dog,1,zoomathia_match
http://ns.inria.fr/zoomathia/ANTIGONUS/ἱστοριῶν_παραδόξων_συναγωγή/g_2/1/21/text/1,https://opentheso.huma-num.fr/?idc=105148&idt=th310,belly,1,zoomathia_match
http://ns.inria.fr/zoomathia/ANTIGONUS/ἱστοριῶν_παραδόξων_συναγωγή/g_2/1/21/text/1,https://opentheso.huma-num.fr/?idc=105131&idt=th310,mouth,1,zoomathia_match
http://ns.inria.fr/zoomathia/ANTIGONUS/ἱστοριῶν_παραδόξων_συναγωγή/g_2/1/21/text/1,https://opentheso.huma-num.fr/?idc=pcrtm8QV6BzZoS&idt=th310,Herodotus,1,zoomathia_match
http://ns.inria.fr/zoomathia/ANTIGONUS/ἱστοριῶν_παραδόξων_συναγωγή/g_2/1/21/text/1,https://opentheso.huma-num.fr/?idc=pcrtGm7ZMfoQrc&idt=th310,born,1,zoomathia_match
http://ns.inria.fr/zoomathia/ANTIGONUS/ἱστοριῶν_παραδόξων_συναγωγή/g_2/1/21/text/1,https://opentheso.huma-num.fr/?idc=105974&idt=th310,viper,1,zoomathia_match
http://ns.inria.fr/zoomathia/ANTIGONUS/ἱστοριῶν_παραδόξων_συναγωγή/g_2/1/21/text/1,https://opentheso.huma-num.fr/?idc=105148&idt=th310,belly,1,zoomathia_match
http://ns.inria.fr/zoomathia/ANTIGONUS/ἱστοριῶν_παραδόξων_συναγωγή/g_2/1/21/text/1,https://www.wikidata.org/wiki/Q242899,Winter,0.3697,wikidata
http://ns.inria.fr/zoomathia/ANTIGONUS/ἱστοριῶν_παραδόξων_συναγωγή/g_2/1/21/text/1,https://www.wikidata.org/wiki/Q26825,Herodotus,0.9162,wikidata
http://ns.inria.fr/zoomathia/ANTIGONUS/ἱστοριῶν_παραδόξων_συναγωγή/g_2/1/21/text/1,http://dbpedia.org/resource/Octopus,The octopus,1.0,DBpedia
http://ns.inria.fr/zoomathia/ANTIGONUS/ἱστοριῶν_παραδόξων_συναγωγή/g_2/1/21/text/1,http://dbpedia.org/resource/Cannibalism,eats,0.9992306034942671,DBpedia
http://ns.inria.fr/zoomathia/ANTIGONUS/ἱστοριῶν_παραδόξων_συναγωγή/g_2/1/21/text/1,http://dbpedia.org/resource/Tentacle,tentacles,0.9735430506099477,DBpedia
http://ns.inria.fr/zoomathia/ANTIGONUS/ἱστοριῶν_παραδόξων_συναγωγή/g_2/1/21/text/1,http://dbpedia.org/resource/Winter,Winter,0.9993201455062921,DBpedia
http://ns.inria.fr/zoomathia/ANTIGONUS/ἱστοριῶν_παραδόξων_συναγωγή/g_2/1/21/text/1,http://dbpedia.org/resource/Poetry,poem,0.9994149417576195,DBpedia
http://ns.inria.fr/zoomathia/ANTIGONUS/ἱστοριῶν_παραδόξων_συναγωγή/g_2/1/21/text/1,http://dbpedia.org/resource/Winter,wintry,1.0,DBpedia
http://ns.inria.fr/zoomathia/ANTIGONUS/ἱστοριῶν_παραδόξων_συναγωγή/g_2/1/21/text/1,http://dbpedia.org/resource/Diurnality,day,0.9995314968825926,DBpedia
http://ns.inria.fr/zoomathia/ANTIGONUS/ἱστοριῶν_παραδόξων_συναγωγή/g_2/1/21/text/1,http://dbpedia.org/resource/Boneless_(song),boneless,0.8586704687943509,DBpedia
http://ns.inria.fr/zoomathia/ANTIGONUS/ἱστοριῶν_παραδόξων_συναγωγή/g_2/1/21/text/1,http://dbpedia.org/resource/Foot,foot,0.9529063356848512,DBpedia
http://ns.inria.fr/zoomathia/ANTIGONUS/ἱστοριῶν_παραδόξων_συναγωγή/g_2/1/21/text/1,http://dbpedia.org/resource/Abdomen,belly,0.7148167436223108,DBpedia
http://ns.inria.fr/zoomathia/ANTIGONUS/ἱστοριῶν_παραδόξων_συναγωγή/g_2/1/21/text/1,http://dbpedia.org/resource/Eating,feed,0.6433072354561011,DBpedia
http://ns.inria.fr/zoomathia/ANTIGONUS/ἱστοριῶν_παραδόξων_συναγωγή/g_2/1/21/text/1,http://dbpedia.org/resource/Mouth,mouth,0.9956607751271018,DBpedia
http://ns.inria.fr/zoomathia/ANTIGONUS/ἱστοριῶν_παραδόξων_συναγωγή/g_2/1/21/text/1,http://dbpedia.org/resource/Lion,lioness,1.0,DBpedia
http://ns.inria.fr/zoomathia/ANTIGONUS/ἱστοριῶν_παραδόξων_συναγωγή/g_2/1/21/text/1,http://dbpedia.org/resource/Fertilisation,conceive,0.8951509397151266,DBpedia
http://ns.inria.fr/zoomathia/ANTIGONUS/ἱστοριῶν_παραδόξων_συναγωγή/g_2/1/21/text/1,http://dbpedia.org/resource/Herodotus,Herodotus,0.9999999999999432,DBpedia
http://ns.inria.fr/zoomathia/ANTIGONUS/ἱστοριῶν_παραδόξων_συναγωγή/g_2/1/21/text/1,http://dbpedia.org/resource/Ejection_seat,ejects,0.9999999999937472,DBpedia
http://ns.inria.fr/zoomathia/ANTIGONUS/ἱστοριῶν_παραδόξων_συναγωγή/g_2/1/21/text/1,http://dbpedia.org/resource/Uterus,womb,1.0,DBpedia
http://ns.inria.fr/zoomathia/ANTIGONUS/ἱστοριῶν_παραδόξων_συναγωγή/g_2/1/21/text/1,http://dbpedia.org/resource/Viperidae,viper,0.5614224080105548,DBpedia
http://ns.inria.fr/zoomathia/ANTIGONUS/ἱστοριῶν_παραδόξων_συναγωγή/g_2/1/21/text/1,http://dbpedia.org/resource/Cannibalism,eat,0.9982490773996731,DBpedia
http://ns.inria.fr/zoomathia/ANTIGONUS/ἱστοριῶν_παραδόξων_συναγωγή/g_2/1/21/text/1,http://dbpedia.org/resource/Abdomen,belly,0.7148167436223108,DBpedia
http://ns.inria.fr/zoomathia/ANTIGONUS/ἱστοριῶν_παραδόξων_συναγωγή/g_2/1/23/text/1,https://opentheso.huma-num.fr/?idc=105289&idt=th310,male,1,zoomathia_match
http://ns.inria.fr/zoomathia/ANTIGONUS/ἱστοριῶν_παραδόξων_συναγωγή/g_2/1/23/text/1,https://opentheso.huma-num.fr/?idc=105293&idt=th310,old age,1,zoomathia_match
http://ns.inria.fr/zoomathia/ANTIGONUS/ἱστοριῶν_παραδόξων_συναγωγή/g_2/1/23/text/1,https://opentheso.huma-num.fr/?idc=105288&idt=th310,age,1,zoomathia_match
http://ns.inria.fr/zoomathia/ANTIGONUS/ἱστοριῶν_παραδόξων_συναγωγή/g_2/1/23/text/1,https://opentheso.huma-num.fr/?idc=105121&idt=th310,fly,1,zoomathia_match
http://ns.inria.fr/zoomathia/ANTIGONUS/ἱστοριῶν_παραδόξων_συναγωγή/g_2/1/23/text/1,https://opentheso.huma-num.fr/?idc=105383&idt=th310,fly,1,zoomathia_match
http://ns.inria.fr/zoomathia/ANTIGONUS/ἱστοριῶν_παραδόξων_συναγωγή/g_2/1/23/text/1,https://opentheso.huma-num.fr/?idc=105290&idt=th310,females,1,zoomathia_match
http://ns.inria.fr/zoomathia/ANTIGONUS/ἱστοριῶν_παραδόξων_συναγωγή/g_2/1/23/text/1,https://opentheso.huma-num.fr/?idc=105865&idt=th310,wings,1,zoomathia_match
http://ns.inria.fr/zoomathia/ANTIGONUS/ἱστοριῶν_παραδόξων_συναγωγή/g_2/1/23/text/1,https://opentheso.huma-num.fr/?idc=pcrtj2nMTJw5fg&idt=th310,Alcman,1,zoomathia_match
http://ns.inria.fr/zoomathia/ANTIGONUS/ἱστοριῶν_παραδόξων_συναγωγή/g_2/1/23/text/1,https://opentheso.huma-num.fr/?idc=105293&idt=th310,old age,1,zoomathia_match
http://ns.inria.fr/zoomathia/ANTIGONUS/ἱστοριῶν_παραδόξων_συναγωγή/g_2/1/23/text/1,https://opentheso.huma-num.fr/?idc=105288&idt=th310,age,1,zoomathia_match
http://ns.inria.fr/zoomathia/ANTIGONUS/ἱστοριῶν_παραδόξων_συναγωγή/g_2/1/23/text/1,https://opentheso.huma-num.fr/?idc=pcrtw6n4DvmdOZ&idt=th310,dances,1,zoomathia_match
http://ns.inria.fr/zoomathia/ANTIGONUS/ἱστοριῶν_παραδόξων_συναγωγή/g_2/1/23/text/1,https://opentheso.huma-num.fr/?idc=105392&idt=th310,speech,1,zoomathia_match
http://ns.inria.fr/zoomathia/ANTIGONUS/ἱστοριῶν_παραδόξων_συναγωγή/g_2/1/23/text/1,https://opentheso.huma-num.fr/?idc=105391&idt=th310,voiced,1,zoomathia_match
http://ns.inria.fr/zoomathia/ANTIGONUS/ἱστοριῶν_παραδόξων_συναγωγή/g_2/1/23/text/1,https://opentheso.huma-num.fr/?idc=107395&idt=th310,wave,1,zoomathia_match
http://ns.inria.fr/zoomathia/ANTIGONUS/ἱστοριῶν_παραδόξων_συναγωγή/g_2/1/23/text/1,https://opentheso.huma-num.fr/?idc=105121&idt=th310,flies,1,zoomathia_match
http://ns.inria.fr/zoomathia/ANTIGONUS/ἱστοριῶν_παραδόξων_συναγωγή/g_2/1/23/text/1,https://opentheso.huma-num.fr/?idc=105383&idt=th310,flies,1,zoomathia_match
http://ns.inria.fr/zoomathia/ANTIGONUS/ἱστοριῶν_παραδόξων_συναγωγή/g_2/1/23/text/1,https://opentheso.huma-num.fr/?idc=105976&idt=th310,heart,1,zoomathia_match
http://ns.inria.fr/zoomathia/ANTIGONUS/ἱστοριῶν_παραδόξων_συναγωγή/g_2/1/23/text/1,https://opentheso.huma-num.fr/?idc=105692&idt=th310,sea,1,zoomathia_match
http://ns.inria.fr/zoomathia/ANTIGONUS/ἱστοριῶν_παραδόξων_συναγωγή/g_2/1/23/text/1,https://opentheso.huma-num.fr/?idc=107209&idt=th310,purple,1,zoomathia_match
http://ns.inria.fr/zoomathia/ANTIGONUS/ἱστοριῶν_παραδόξων_συναγωγή/g_2/1/23/text/1,https://www.wikidata.org/wiki/Q298850,Alcman,0.9146,wikidata
http://ns.inria.fr/zoomathia/ANTIGONUS/ἱστοριῶν_παραδόξων_συναγωγή/g_2/1/23/text/1,https://www.wikidata.org/wiki/Q1312,Spring,0.3734,wikidata
http://ns.inria.fr/zoomathia/ANTIGONUS/ἱστοριῶν_παραδόξων_συναγωγή/g_2/1/23/text/1,http://dbpedia.org/resource/Male,male,0.9982031497170185,DBpedia
http://ns.inria.fr/zoomathia/ANTIGONUS/ἱστοριῶν_παραδόξων_συναγωγή/g_2/1/23/text/1,http://dbpedia.org/resource/Halcyon_(genus),halcyon,0.980244145502327,DBpedia
http://ns.inria.fr/zoomathia/ANTIGONUS/ἱστοριῶν_παραδόξων_συναγωγή/g_2/1/23/text/1,http://dbpedia.org/resource/Religious_calling,called,0.6529196664500595,DBpedia
http://ns.inria.fr/zoomathia/ANTIGONUS/ἱστοριῶν_παραδόξων_συναγωγή/g_2/1/23/text/1,http://dbpedia.org/resource/Weak_interaction,weak,0.7460903879621913,DBpedia
http://ns.inria.fr/zoomathia/ANTIGONUS/ἱστοριῶν_παραδόξων_συναγωγή/g_2/1/23/text/1,http://dbpedia.org/resource/Age_of_consent,age,0.6647710658327495,DBpedia
http://ns.inria.fr/zoomathia/ANTIGONUS/ἱστοριῶν_παραδόξων_συναγωγή/g_2/1/23/text/1,http://dbpedia.org/resource/Fly,fly,0.9351372347380588,DBpedia
http://ns.inria.fr/zoomathia/ANTIGONUS/ἱστοριῶν_παραδόξων_συναγωγή/g_2/1/23/text/1,http://dbpedia.org/resource/Female,females,0.9995549273638275,DBpedia
http://ns.inria.fr/zoomathia/ANTIGONUS/ἱστοριῶν_παραδόξων_συναγωγή/g_2/1/23/text/1,http://dbpedia.org/resource/Hereditary_carrier,carry,0.9255363409173186,DBpedia
http://ns.inria.fr/zoomathia/ANTIGONUS/ἱστοριῶν_παραδόξων_συναγωγή/g_2/1/23/text/1,http://dbpedia.org/resource/Insect_wing,wings,0.8729888326178329,DBpedia
http://ns.inria.fr/zoomathia/ANTIGONUS/ἱστοριῶν_παραδόξων_συναγωγή/g_2/1/23/text/1,http://dbpedia.org/resource/Alcman,Alcman,1.0,DBpedia
http://ns.inria.fr/zoomathia/ANTIGONUS/ἱστοριῶν_παραδόξων_συναγωγή/g_2/1/23/text/1,http://dbpedia.org/resource/Weak_interaction,weak,0.7460903879621913,DBpedia
http://ns.inria.fr/zoomathia/ANTIGONUS/ἱστοριῶν_παραδόξων_συναγωγή/g_2/1/23/text/1,http://dbpedia.org/resource/Age_of_consent,age,0.6647710658327495,DBpedia
http://ns.inria.fr/zoomathia/ANTIGONUS/ἱστοριῶν_παραδόξων_συναγωγή/g_2/1/23/text/1,http://dbpedia.org/resource/Greek_chorus,choruses,0.9955096949074952,DBpedia
http://ns.inria.fr/zoomathia/ANTIGONUS/ἱστοριῶν_παραδόξων_συναγωγή/g_2/1/23/text/1,http://dbpedia.org/resource/Dance,dances,0.8408567394381927,DBpedia
http://ns.inria.fr/zoomathia/ANTIGONUS/ἱστοριῶν_παραδόξων_συναγωγή/g_2/1/23/text/1,http://dbpedia.org/resource/Honey,honeyed,0.9999999999997726,DBpedia
http://ns.inria.fr/zoomathia/ANTIGONUS/ἱστοριῶν_παραδόξων_συναγωγή/g_2/1/23/text/1,http://dbpedia.org/resource/Arthropod_leg,limbs,0.9988266061670915,DBpedia
http://ns.inria.fr/zoomathia/ANTIGONUS/ἱστοριῶν_παραδόξων_συναγωγή/g_2/1/23/text/1,http://dbpedia.org/resource/Hereditary_carrier,carry,0.9255363409173186,DBpedia
http://ns.inria.fr/zoomathia/ANTIGONUS/ἱστοριῶν_παραδόξων_συναγωγή/g_2/1/23/text/1,http://dbpedia.org/resource/Foam,foam,0.9935225855883045,DBpedia
http://ns.inria.fr/zoomathia/ANTIGONUS/ἱστοριῶν_παραδόξων_συναγωγή/g_2/1/23/text/1,http://dbpedia.org/resource/Wave,wave,0.928653147732083,DBpedia
http://ns.inria.fr/zoomathia/ANTIGONUS/ἱστοριῶν_παραδόξων_συναγωγή/g_2/1/23/text/1,http://dbpedia.org/resource/Halcyon_(genus),halcyons,0.980244145502327,DBpedia
http://ns.inria.fr/zoomathia/ANTIGONUS/ἱστοριῶν_παραδόξων_συναγωγή/g_2/1/23/text/1,http://dbpedia.org/resource/CSS_Resolute,resolute,0.9999957358471613,DBpedia
http://ns.inria.fr/zoomathia/ANTIGONUS/ἱστοριῶν_παραδόξων_συναγωγή/g_2/1/23/text/1,http://dbpedia.org/resource/Heart,heart,0.9897141849588685,DBpedia
http://ns.inria.fr/zoomathia/ANTIGONUS/ἱστοριῶν_παραδόξων_συναγωγή/g_2/1/23/text/1,http://dbpedia.org/resource/Bird,bird,0.978916757700698,DBpedia
http://ns.inria.fr/zoomathia/ANTIGONUS/ἱστοριῶν_παραδόξων_συναγωγή/g_2/1/23/text/1,http://dbpedia.org/resource/Spring_family,Spring,0.5598535751930349,DBpedia
http://ns.inria.fr/zoomathia/ANTIGONUS/ἱστοριῶν_παραδόξων_συναγωγή/g_2/1/24/text/1,https://opentheso.huma-num.fr/?idc=pcrt4v7jKE3TVw&idt=th310,dogs,1,zoomathia_match
http://ns.inria.fr/zoomathia/ANTIGONUS/ἱστοριῶν_παραδόξων_συναγωγή/g_2/1/24/text/1,https://opentheso.huma-num.fr/?idc=105614&idt=th310,attacked,1,zoomathia_match
http://ns.inria.fr/zoomathia/ANTIGONUS/ἱστοριῶν_παραδόξων_συναγωγή/g_2/1/24/text/1,https://opentheso.huma-num.fr/?idc=pcrtc1ReiRiJUd&idt=th310,cast,1,zoomathia_match
http://ns.inria.fr/zoomathia/ANTIGONUS/ἱστοριῶν_παραδόξων_συναγωγή/g_2/1/24/text/1,https://opentheso.huma-num.fr/?idc=105997&idt=th310,hand,1,zoomathia_match
http://ns.inria.fr/zoomathia/ANTIGONUS/ἱστοριῶν_παραδόξων_συναγωγή/g_2/1/24/text/1,https://opentheso.huma-num.fr/?idc=pcrt4v7jKE3TVw&idt=th310,dogs,1,zoomathia_match
http://ns.inria.fr/zoomathia/ANTIGONUS/ἱστοριῶν_παραδόξων_συναγωγή/g_2/1/24/text/1,https://www.wikidata.org/wiki/Q47231,Odysseus,0.4534,wikidata
http://ns.inria.fr/zoomathia/ANTIGONUS/ἱστοριῶν_παραδόξων_συναγωγή/g_2/1/24/text/1,http://dbpedia.org/resource/Portraits_by_Vincent_van_Gogh,The Poet,0.9234404645260623,DBpedia
http://ns.inria.fr/zoomathia/ANTIGONUS/ἱστοριῶν_παραδόξων_συναγωγή/g_2/1/24/text/1,http://dbpedia.org/resource/Physical_attractiveness,pretty,0.9547795678086872,DBpedia
http://ns.inria.fr/zoomathia/ANTIGONUS/ἱστοριῶν_παραδόξων_συναγωγή/g_2/1/24/text/1,http://dbpedia.org/resource/Curiosity,curiosity,0.9999982885212413,DBpedia
http://ns.inria.fr/zoomathia/ANTIGONUS/ἱστοριῶν_παραδόξων_συναγωγή/g_2/1/24/text/1,http://dbpedia.org/resource/Odysseus,Odysseus,0.9999999999999716,DBpedia
http://ns.inria.fr/zoomathia/ANTIGONUS/ἱστοριῶν_παραδόξων_συναγωγή/g_2/1/24/text/1,http://dbpedia.org/resource/Dog,dogs,0.9991657074270986,DBpedia
http://ns.inria.fr/zoomathia/ANTIGONUS/ἱστοριῶν_παραδόξων_συναγωγή/g_2/1/24/text/1,http://dbpedia.org/resource/Attack_on_Pearl_Harbor,attacked,0.7251166437646367,DBpedia
http://ns.inria.fr/zoomathia/ANTIGONUS/ἱστοριῶν_παραδόξων_συναγωγή/g_2/1/24/text/1,http://dbpedia.org/resource/Swineherd,swineherd,0.9999999999359659,DBpedia
http://ns.inria.fr/zoomathia/ANTIGONUS/ἱστοριῶν_παραδόξων_συναγωγή/g_2/1/24/text/1,http://dbpedia.org/resource/Knowledge,cunning,0.9999981902336577,DBpedia
http://ns.inria.fr/zoomathia/ANTIGONUS/ἱστοριῶν_παραδόξων_συναγωγή/g_2/1/24/text/1,http://dbpedia.org/resource/Repoussé_and_chasing,chased,0.9971291207813542,DBpedia
http://ns.inria.fr/zoomathia/ANTIGONUS/ἱστοριῶν_παραδόξων_συναγωγή/g_2/1/24/text/1,http://dbpedia.org/resource/Dog,dogs,0.9991657074270986,DBpedia
http://ns.inria.fr/zoomathia/ANTIGONUS/ἱστοριῶν_παραδόξων_συναγωγή/g_2/1/24/text/1,http://dbpedia.org/resource/Harm,harm,0.44470007548084073,DBpedia
http://ns.inria.fr/zoomathia/ANTIGONUS/ἱστοριῶν_παραδόξων_συναγωγή/g_2/1/25/text/1,https://opentheso.huma-num.fr/?idc=107057&idt=th310,octopus,1,zoomathia_match
http://ns.inria.fr/zoomathia/ANTIGONUS/ἱστοριῶν_παραδόξων_συναγωγή/g_2/1/25/text/1,https://opentheso.huma-num.fr/?idc=105692&idt=th310,sea,1,zoomathia_match
http://ns.inria.fr/zoomathia/ANTIGONUS/ἱστοριῶν_παραδόξων_συναγωγή/g_2/1/25/text/1,https://opentheso.huma-num.fr/?idc=pcrt6pK15gEmbx&idt=th310,bed,1,zoomathia_match
http://ns.inria.fr/zoomathia/ANTIGONUS/ἱστοριῶν_παραδόξων_συναγωγή/g_2/1/25/text/1,https://opentheso.huma-num.fr/?idc=105304&idt=th310,poet,1,zoomathia_match
http://ns.inria.fr/zoomathia/ANTIGONUS/ἱστοριῶν_παραδόξων_συναγωγή/g_2/1/25/text/1,https://opentheso.huma-num.fr/?idc=pcrto2X1tJXRSS&idt=th310,poet,1,zoomathia_match
http://ns.inria.fr/zoomathia/ANTIGONUS/ἱστοριῶν_παραδόξων_συναγωγή/g_2/1/25/text/1,https://opentheso.huma-num.fr/?idc=107057&idt=th310,octopus,1,zoomathia_match
http://ns.inria.fr/zoomathia/ANTIGONUS/ἱστοριῶν_παραδόξων_συναγωγή/g_2/1/25/text/1,http://dbpedia.org/resource/Animal,animals,0.9942737058903443,DBpedia
http://ns.inria.fr/zoomathia/ANTIGONUS/ἱστοριῶν_παραδόξων_συναγωγή/g_2/1/25/text/1,http://dbpedia.org/resource/Identical_particles,indistinguishable,0.9155983666060401,DBpedia
http://ns.inria.fr/zoomathia/ANTIGONUS/ἱστοριῶν_παραδόξων_συναγωγή/g_2/1/25/text/1,http://dbpedia.org/resource/Color,colour,0.8226081921768277,DBpedia
http://ns.inria.fr/zoomathia/ANTIGONUS/ἱστοριῶν_παραδόξων_συναγωγή/g_2/1/25/text/1,http://dbpedia.org/resource/Entwine,entwine,0.9999991599693321,DBpedia
http://ns.inria.fr/zoomathia/ANTIGONUS/ἱστοριῶν_παραδόξων_συναγωγή/g_2/1/25/text/1,http://dbpedia.org/resource/Caught,catch,0.5520553973888216,DBpedia
http://ns.inria.fr/zoomathia/ANTIGONUS/ἱστοριῶν_παραδόξων_συναγωγή/g_2/1/25/text/1,http://dbpedia.org/resource/Fact,fact,0.9951012932607726,DBpedia
http://ns.inria.fr/zoomathia/ANTIGONUS/ἱστοριῶν_παραδόξων_συναγωγή/g_2/1/25/text/1,http://dbpedia.org/resource/Poet,poet,0.458885469533552,DBpedia
http://ns.inria.fr/zoomathia/ANTIGONUS/ἱστοριῶν_παραδόξων_συναγωγή/g_2/1/25/text/1,http://dbpedia.org/resource/Chapters_and_verses_of_the_Bible,verse,0.824082499468236,DBpedia
http://ns.inria.fr/zoomathia/ANTIGONUS/ἱστοριῶν_παραδόξων_συναγωγή/g_2/1/25/text/1,http://dbpedia.org/resource/Animism,spirit,0.3714962356110684,DBpedia
http://ns.inria.fr/zoomathia/ANTIGONUS/ἱστοριῶν_παραδόξων_συναγωγή/g_2/1/25/text/1,http://dbpedia.org/resource/Breast,breast,0.9271064806364989,DBpedia
http://ns.inria.fr/zoomathia/ANTIGONUS/ἱστοριῶν_παραδόξων_συναγωγή/g_2/1/25/text/1,http://dbpedia.org/resource/Child,child,0.9980608980052654,DBpedia
http://ns.inria.fr/zoomathia/ANTIGONUS/ἱστοριῶν_παραδόξων_συναγωγή/g_2/1/25/text/1,http://dbpedia.org/resource/Adaptation,adapt,0.7735039628152002,DBpedia
http://ns.inria.fr/zoomathia/ANTIGONUS/ἱστοριῶν_παραδόξων_συναγωγή/g_2/1/25/text/1,http://dbpedia.org/resource/Pop_music,popular,0.9729862774309108,DBpedia
http://ns.inria.fr/zoomathia/ANTIGONUS/ἱστοριῶν_παραδόξων_συναγωγή/g_2/1/26/text/1,https://opentheso.huma-num.fr/?idc=pcrt6ccLQhgjJq&idt=th310,Aristotle,1,zoomathia_match
http://ns.inria.fr/zoomathia/ANTIGONUS/ἱστοριῶν_παραδόξων_συναγωγή/g_2/1/26/text/1,https://opentheso.huma-num.fr/?idc=pcrtlSEevAHx0F&idt=th310,elk,1,zoomathia_match
http://ns.inria.fr/zoomathia/ANTIGONUS/ἱστοριῶν_παραδόξων_συναγωγή/g_2/1/26/text/1,https://opentheso.huma-num.fr/?idc=105270&idt=th310,size,1,zoomathia_match
http://ns.inria.fr/zoomathia/ANTIGONUS/ἱστοριῶν_παραδόξων_συναγωγή/g_2/1/26/text/1,https://opentheso.huma-num.fr/?idc=pcrt1eSDN7pc4r&idt=th310,ass,1,zoomathia_match
http://ns.inria.fr/zoomathia/ANTIGONUS/ἱστοριῶν_παραδόξων_συναγωγή/g_2/1/26/text/1,https://opentheso.huma-num.fr/?idc=105173&idt=th310,hair,1,zoomathia_match
http://ns.inria.fr/zoomathia/ANTIGONUS/ἱστοριῶν_παραδόξων_συναγωγή/g_2/1/26/text/1,https://www.wikidata.org/wiki/Q868,Aristotle,0.9074,wikidata
http://ns.inria.fr/zoomathia/ANTIGONUS/ἱστοριῶν_παραδόξων_συναγωγή/g_2/1/26/text/1,http://dbpedia.org/resource/Aristotle,Aristotle,0.9999984506537553,DBpedia
http://ns.inria.fr/zoomathia/ANTIGONUS/ἱστοριῶν_παραδόξων_συναγωγή/g_2/1/26/text/1,http://dbpedia.org/resource/Animal,animal,0.9999303359771882,DBpedia
http://ns.inria.fr/zoomathia/ANTIGONUS/ἱστοριῶν_παραδόξων_συναγωγή/g_2/1/26/text/1,http://dbpedia.org/resource/Call_to_the_bar,called,0.4753457370539831,DBpedia
http://ns.inria.fr/zoomathia/ANTIGONUS/ἱστοριῶν_παραδόξων_συναγωγή/g_2/1/26/text/1,http://dbpedia.org/resource/Quadrupedalism,quadruped,0.9999999999999716,DBpedia
http://ns.inria.fr/zoomathia/ANTIGONUS/ἱστοριῶν_παραδόξων_συναγωγή/g_2/1/26/text/1,http://dbpedia.org/resource/Egalitarianism,equal,0.4506083303237865,DBpedia
http://ns.inria.fr/zoomathia/ANTIGONUS/ἱστοριῶν_παραδόξων_συναγωγή/g_2/1/26/text/1,http://dbpedia.org/resource/Sizing,size,0.8327664670606252,DBpedia
http://ns.inria.fr/zoomathia/ANTIGONUS/ἱστοριῶν_παραδόξων_συναγωγή/g_2/1/26/text/1,http://dbpedia.org/resource/Donkey,ass,0.5220854023600716,DBpedia
http://ns.inria.fr/zoomathia/ANTIGONUS/ἱστοριῶν_παραδόξων_συναγωγή/g_2/1/26/text/1,http://dbpedia.org/resource/Thick-skinned_deformation,thick-skinned,0.9999992626043072,DBpedia
http://ns.inria.fr/zoomathia/ANTIGONUS/ἱστοριῶν_παραδόξων_συναγωγή/g_2/1/26/text/1,http://dbpedia.org/resource/Remarkable_(tablet),remarkable,0.8763642033697051,DBpedia
http://ns.inria.fr/zoomathia/ANTIGONUS/ἱστοριῶν_παραδόξων_συναγωγή/g_2/1/26/text/1,http://dbpedia.org/resource/Hair,hair,0.9939474666235936,DBpedia
http://ns.inria.fr/zoomathia/ANTIGONUS/ἱστοριῶν_παραδόξων_συναγωγή/g_2/1/26/text/1,http://dbpedia.org/resource/Color,colour,0.991137230041744,DBpedia
http://ns.inria.fr/zoomathia/ANTIGONUS/ἱστοριῶν_παραδόξων_συναγωγή/g_2/1/26/text/1,http://dbpedia.org/resource/Rapid_intensification,rapidly,0.9999999998695728,DBpedia
http://ns.inria.fr/zoomathia/ANTIGONUS/ἱστοριῶν_παραδόξων_συναγωγή/g_2/1/27/text/1,https://opentheso.huma-num.fr/?idc=pcrtnvLSUa7dJG&idt=th310,wolves,1,zoomathia_match
http://ns.inria.fr/zoomathia/ANTIGONUS/ἱστοριῶν_παραδόξων_συναγωγή/g_2/1/27/text/1,https://opentheso.huma-num.fr/?idc=pcrtmacMiMUZ2q&idt=th310,return,1,zoomathia_match
http://ns.inria.fr/zoomathia/ANTIGONUS/ἱστοριῶν_παραδόξων_συναγωγή/g_2/1/27/text/1,https://opentheso.huma-num.fr/?idc=pcrtOSOt2YziXO&idt=th310,nets,1,zoomathia_match
http://ns.inria.fr/zoomathia/ANTIGONUS/ἱστοριῶν_παραδόξων_συναγωγή/g_2/1/27/text/1,https://www.wikidata.org/wiki/Q4157284,Lake Maeotis,0.4611,wikidata
http://ns.inria.fr/zoomathia/ANTIGONUS/ἱστοριῶν_παραδόξων_συναγωγή/g_2/1/27/text/1,http://dbpedia.org/resource/Sea_of_Azov,Lake Maeotis,1.0,DBpedia
http://ns.inria.fr/zoomathia/ANTIGONUS/ἱστοριῶν_παραδόξων_συναγωγή/g_2/1/27/text/1,http://dbpedia.org/resource/Procurement,procure,0.9719640735489056,DBpedia
http://ns.inria.fr/zoomathia/ANTIGONUS/ἱστοριῶν_παραδόξων_συναγωγή/g_2/1/27/text/1,http://dbpedia.org/resource/Subsistence_agriculture,sustenance,0.6930826620013503,DBpedia
http://ns.inria.fr/zoomathia/ANTIGONUS/ἱστοριῶν_παραδόξων_συναγωγή/g_2/1/27/text/1,http://dbpedia.org/resource/Fisherman,fishermen,0.8436680148158219,DBpedia
http://ns.inria.fr/zoomathia/ANTIGONUS/ἱστοριῶν_παραδόξων_συναγωγή/g_2/1/27/text/1,http://dbpedia.org/resource/Fishing,catch,0.9998997499589999,DBpedia
http://ns.inria.fr/zoomathia/ANTIGONUS/ἱστοριῶν_παραδόξων_συναγωγή/g_2/1/27/text/1,http://dbpedia.org/resource/Rate_of_return,return,0.9221977011059038,DBpedia
http://ns.inria.fr/zoomathia/ANTIGONUS/ἱστοριῶν_παραδόξων_συναγωγή/g_2/1/27/text/1,http://dbpedia.org/resource/Suspect,suspect,0.9994960636305145,DBpedia
http://ns.inria.fr/zoomathia/ANTIGONUS/ἱστοριῶν_παραδόξων_συναγωγή/g_2/1/27/text/1,http://dbpedia.org/resource/Infidelity,cheated,0.8687211622508819,DBpedia
http://ns.inria.fr/zoomathia/ANTIGONUS/ἱστοριῶν_παραδόξων_συναγωγή/g_2/1/27/text/1,http://dbpedia.org/resource/Ruins,ruin,0.9999999991104289,DBpedia
http://ns.inria.fr/zoomathia/ANTIGONUS/ἱστοριῶν_παραδόξων_συναγωγή/g_2/1/27/text/1,http://dbpedia.org/resource/Fishing_net,nets,0.9999860901738152,DBpedia
http://ns.inria.fr/zoomathia/ANTIGONUS/ἱστοριῶν_παραδόξων_συναγωγή/g_2/1/27/text/1,http://dbpedia.org/resource/Fish,fish,0.7442550484418933,DBpedia
http://ns.inria.fr/zoomathia/ANTIGONUS/ἱστοριῶν_παραδόξων_συναγωγή/g_2/1/28/text/1,https://opentheso.huma-num.fr/?idc=pcrt0WrjgPTs33&idt=th310,men,1,zoomathia_match
http://ns.inria.fr/zoomathia/ANTIGONUS/ἱστοριῶν_παραδόξων_συναγωγή/g_2/1/28/text/1,https://opentheso.huma-num.fr/?idc=107538&idt=th310,trees,1,zoomathia_match
http://ns.inria.fr/zoomathia/ANTIGONUS/ἱστοριῶν_παραδόξων_συναγωγή/g_2/1/28/text/1,https://opentheso.huma-num.fr/?idc=pcrt0WrjgPTs33&idt=th310,men,1,zoomathia_match
http://ns.inria.fr/zoomathia/ANTIGONUS/ἱστοριῶν_παραδόξων_συναγωγή/g_2/1/28/text/1,https://opentheso.huma-num.fr/?idc=pcrtYXZG1V9Vz3&idt=th310,share,1,zoomathia_match
http://ns.inria.fr/zoomathia/ANTIGONUS/ἱστοριῶν_παραδόξων_συναγωγή/g_2/1/28/text/1,https://www.wikidata.org/wiki/Q41741,Thrace,0.4521,wikidata
http://ns.inria.fr/zoomathia/ANTIGONUS/ἱστοριῶν_παραδόξων_συναγωγή/g_2/1/28/text/1,http://dbpedia.org/resource/Thrace,Thrace,0.97280017008267,DBpedia
http://ns.inria.fr/zoomathia/ANTIGONUS/ἱστοριῶν_παραδόξων_συναγωγή/g_2/1/28/text/1,http://dbpedia.org/resource/Administrative_divisions_of_South_Korea,city,0.8762288306334742,DBpedia
http://ns.inria.fr/zoomathia/ANTIGONUS/ἱστοριῶν_παραδόξων_συναγωγή/g_2/1/28/text/1,http://dbpedia.org/resource/Religious_calling,called,0.444773147833576,DBpedia
http://ns.inria.fr/zoomathia/ANTIGONUS/ἱστοριῶν_παραδόξων_συναγωγή/g_2/1/28/text/1,http://dbpedia.org/resource/Man,men,0.9692599430917253,DBpedia
http://ns.inria.fr/zoomathia/ANTIGONUS/ἱστοριῶν_παραδόξων_συναγωγή/g_2/1/28/text/1,http://dbpedia.org/resource/Hawk,hawks,0.9835457229212112,DBpedia
http://ns.inria.fr/zoomathia/ANTIGONUS/ἱστοριῶν_παραδόξων_συναγωγή/g_2/1/28/text/1,http://dbpedia.org/resource/Multivariate_normal_distribution,jointly,0.9181032037135063,DBpedia
http://ns.inria.fr/zoomathia/ANTIGONUS/ἱστοριῶν_παραδόξων_συναγωγή/g_2/1/28/text/1,http://dbpedia.org/resource/Hunting,hunt,0.842482820657122,DBpedia
http://ns.inria.fr/zoomathia/ANTIGONUS/ἱστοριῶν_παραδόξων_συναγωγή/g_2/1/28/text/1,http://dbpedia.org/resource/Bird,birds,0.9707347543014494,DBpedia
http://ns.inria.fr/zoomathia/ANTIGONUS/ἱστοριῶν_παραδόξων_συναγωγή/g_2/1/28/text/1,http://dbpedia.org/resource/Tree,trees,0.9756600184228669,DBpedia
http://ns.inria.fr/zoomathia/ANTIGONUS/ἱστοριῶν_παραδόξων_συναγωγή/g_2/1/28/text/1,http://dbpedia.org/resource/Hawk,hawks,0.9835457229212112,DBpedia
http://ns.inria.fr/zoomathia/ANTIGONUS/ἱστοριῶν_παραδόξων_συναγωγή/g_2/1/28/text/1,http://dbpedia.org/resource/Bird,birds,0.9707347543014494,DBpedia
http://ns.inria.fr/zoomathia/ANTIGONUS/ἱστοριῶν_παραδόξων_συναγωγή/g_2/1/28/text/1,http://dbpedia.org/resource/Autumn,fall,0.7757641313798734,DBpedia
http://ns.inria.fr/zoomathia/ANTIGONUS/ἱστοριῶν_παραδόξων_συναγωγή/g_2/1/28/text/1,http://dbpedia.org/resource/Man,men,0.9692599430917253,DBpedia
http://ns.inria.fr/zoomathia/ANTIGONUS/ἱστοριῶν_παραδόξων_συναγωγή/g_2/1/28/text/1,http://dbpedia.org/resource/Jewish_exodus_from_Arab_and_Muslim_countries,flee,0.7024692997318176,DBpedia
http://ns.inria.fr/zoomathia/ANTIGONUS/ἱστοριῶν_παραδόξων_συναγωγή/g_2/1/28/text/1,http://dbpedia.org/resource/Plowshare,share,0.5617807293682915,DBpedia
http://ns.inria.fr/zoomathia/ANTIGONUS/ἱστοριῶν_παραδόξων_συναγωγή/g_2/1/28/text/1,http://dbpedia.org/resource/Meadowlark,prey,0.9533086170618761,DBpedia
http://ns.inria.fr/zoomathia/ANTIGONUS/ἱστοριῶν_παραδόξων_συναγωγή/g_2/1/28/text/1,http://dbpedia.org/resource/Hawk,hawks,0.9835457229212112,DBpedia
http://ns.inria.fr/zoomathia/ANTIGONUS/ἱστοριῶν_παραδόξων_συναγωγή/g_2/1/29/text/1,https://opentheso.huma-num.fr/?idc=105367&idt=th310,birth,1,zoomathia_match
http://ns.inria.fr/zoomathia/ANTIGONUS/ἱστοριῶν_παραδόξων_συναγωγή/g_2/1/29/text/1,https://opentheso.huma-num.fr/?idc=pcrtnvLSUa7dJG&idt=th310,wolves,1,zoomathia_match
http://ns.inria.fr/zoomathia/ANTIGONUS/ἱστοριῶν_παραδόξων_συναγωγή/g_2/1/29/text/1,https://opentheso.huma-num.fr/?idc=105614&idt=th310,attack,1,zoomathia_match
http://ns.inria.fr/zoomathia/ANTIGONUS/ἱστοριῶν_παραδόξων_συναγωγή/g_2/1/29/text/1,https://opentheso.huma-num.fr/?idc=pcrtEpGlZykUTy&idt=th310,lead,1,zoomathia_match
http://ns.inria.fr/zoomathia/ANTIGONUS/ἱστοριῶν_παραδόξων_συναγωγή/g_2/1/29/text/1,https://opentheso.huma-num.fr/?idc=105371&idt=th310,offspring,1,zoomathia_match
http://ns.inria.fr/zoomathia/ANTIGONUS/ἱστοριῶν_παραδόξων_συναγωγή/g_2/1/29/text/1,https://opentheso.huma-num.fr/?idc=pcrtSVdwKcS3MI&idt=th310,rock,1,zoomathia_match
http://ns.inria.fr/zoomathia/ANTIGONUS/ἱστοριῶν_παραδόξων_συναγωγή/g_2/1/29/text/1,https://opentheso.huma-num.fr/?idc=105290&idt=th310,female,1,zoomathia_match
http://ns.inria.fr/zoomathia/ANTIGONUS/ἱστοριῶν_παραδόξων_συναγωγή/g_2/1/29/text/1,https://opentheso.huma-num.fr/?idc=pcrtBWawwFyKfi&idt=th310,deer,1,zoomathia_match
http://ns.inria.fr/zoomathia/ANTIGONUS/ἱστοριῶν_παραδόξων_συναγωγή/g_2/1/29/text/1,https://opentheso.huma-num.fr/?idc=105921&idt=th310,ivy,1,zoomathia_match
http://ns.inria.fr/zoomathia/ANTIGONUS/ἱστοριῶν_παραδόξων_συναγωγή/g_2/1/29/text/1,https://opentheso.huma-num.fr/?idc=pcrtmmQBSGulBN&idt=th310,antlers,1,zoomathia_match
http://ns.inria.fr/zoomathia/ANTIGONUS/ἱστοριῶν_παραδόξων_συναγωγή/g_2/1/29/text/1,https://opentheso.huma-num.fr/?idc=105497&idt=th310,pleasure,1,zoomathia_match
http://ns.inria.fr/zoomathia/ANTIGONUS/ἱστοριῶν_παραδόξων_συναγωγή/g_2/1/29/text/1,http://dbpedia.org/resource/Tax_avoidance,avoid,0.9982514077838072,DBpedia
http://ns.inria.fr/zoomathia/ANTIGONUS/ἱστοριῶν_παραδόξων_συναγωγή/g_2/1/29/text/1,http://dbpedia.org/resource/Predation,predatory,0.999997547354264,DBpedia
http://ns.inria.fr/zoomathia/ANTIGONUS/ἱστοριῶν_παραδόξων_συναγωγή/g_2/1/29/text/1,http://dbpedia.org/resource/Animal,animals,0.9779670235690305,DBpedia
http://ns.inria.fr/zoomathia/ANTIGONUS/ἱστοριῶν_παραδόξων_συναγωγή/g_2/1/29/text/1,http://dbpedia.org/resource/Attack_on_Pearl_Harbor,attack,0.8190342219403739,DBpedia
http://ns.inria.fr/zoomathia/ANTIGONUS/ἱστοριῶν_παραδόξων_συναγωγή/g_2/1/29/text/1,http://dbpedia.org/resource/Lead,lead,0.9870080498049439,DBpedia
http://ns.inria.fr/zoomathia/ANTIGONUS/ἱστοριῶν_παραδόξων_συναγωγή/g_2/1/29/text/1,http://dbpedia.org/resource/Offspring,offspring,0.999637767656289,DBpedia
http://ns.inria.fr/zoomathia/ANTIGONUS/ἱστοριῶν_παραδόξων_συναγωγή/g_2/1/29/text/1,http://dbpedia.org/resource/Lair_(video_game),lair,0.9519280638806363,DBpedia
http://ns.inria.fr/zoomathia/ANTIGONUS/ἱστοριῶν_παραδόξων_συναγωγή/g_2/1/29/text/1,http://dbpedia.org/resource/Rock_music,rock,0.9974857499415515,DBpedia
http://ns.inria.fr/zoomathia/ANTIGONUS/ἱστοριῶν_παραδόξων_συναγωγή/g_2/1/29/text/1,http://dbpedia.org/resource/Barriers_to_exit,exit,0.45231217988361194,DBpedia
http://ns.inria.fr/zoomathia/ANTIGONUS/ἱστοριῶν_παραδόξων_συναγωγή/g_2/1/29/text/1,http://dbpedia.org/resource/Female,female,0.9999377118298094,DBpedia
http://ns.inria.fr/zoomathia/ANTIGONUS/ἱστοριῶν_παραδόξων_συναγωγή/g_2/1/29/text/1,http://dbpedia.org/resource/Deer,deer,0.9996750198256615,DBpedia
http://ns.inria.fr/zoomathia/ANTIGONUS/ἱστοριῶν_παραδόξων_συναγωγή/g_2/1/29/text/1,http://dbpedia.org/resource/Prisoner_of_war,captured,0.9660109848994263,DBpedia
http://ns.inria.fr/zoomathia/ANTIGONUS/ἱστοριῶν_παραδόξων_συναγωγή/g_2/1/29/text/1,http://dbpedia.org/resource/Hedera,ivy,0.9968715559580861,DBpedia
http://ns.inria.fr/zoomathia/ANTIGONUS/ἱστοριῶν_παραδόξων_συναγωγή/g_2/1/29/text/1,http://dbpedia.org/resource/Antler,antlers,0.9999999999974989,DBpedia
http://ns.inria.fr/zoomathia/ANTIGONUS/ἱστοριῶν_παραδόξων_συναγωγή/g_2/1/29/text/1,http://dbpedia.org/resource/Deer,Deer,0.9999555062681266,DBpedia
http://ns.inria.fr/zoomathia/ANTIGONUS/ἱστοριῶν_παραδόξων_συναγωγή/g_2/1/29/text/1,http://dbpedia.org/resource/Prisoner_of_war,captured,0.9660109848994263,DBpedia
http://ns.inria.fr/zoomathia/ANTIGONUS/ἱστοριῶν_παραδόξων_συναγωγή/g_2/1/29/text/1,http://dbpedia.org/resource/Piping,piping,0.55475326136667,DBpedia
http://ns.inria.fr/zoomathia/ANTIGONUS/ἱστοριῶν_παραδόξων_συναγωγή/g_2/1/29/text/1,http://dbpedia.org/resource/Singing,singing,0.9955588318525082,DBpedia
http://ns.inria.fr/zoomathia/ANTIGONUS/ἱστοριῶν_παραδόξων_συναγωγή/g_2/1/29/text/1,http://dbpedia.org/resource/Lie,lie,0.7169164455890303,DBpedia
http://ns.inria.fr/zoomathia/ANTIGONUS/ἱστοριῶν_παραδόξων_συναγωγή/g_2/1/29/text/1,http://dbpedia.org/resource/Second_Italo-Ethiopian_War,overcome,0.9999518925329597,DBpedia
http://ns.inria.fr/zoomathia/ANTIGONUS/ἱστοριῶν_παραδόξων_συναγωγή/g_2/1/29/text/1,http://dbpedia.org/resource/Pleasure,pleasure,0.987325364965133,DBpedia
http://ns.inria.fr/zoomathia/ANTIGONUS/ἱστοριῶν_παραδόξων_συναγωγή/g_2/1/31/text/1,https://opentheso.huma-num.fr/?idc=5077&idt=th310,leopard,1,zoomathia_match
http://ns.inria.fr/zoomathia/ANTIGONUS/ἱστοριῶν_παραδόξων_συναγωγή/g_2/1/31/text/1,https://opentheso.huma-num.fr/?idc=108337&idt=th310,hide,1,zoomathia_match
http://ns.inria.fr/zoomathia/ANTIGONUS/ἱστοριῶν_παραδόξων_συναγωγή/g_2/1/31/text/1,https://opentheso.huma-num.fr/?idc=pcrtW8Uu5SMsQy&idt=th310,hide,1,zoomathia_match
http://ns.inria.fr/zoomathia/ANTIGONUS/ἱστοριῶν_παραδόξων_συναγωγή/g_2/1/31/text/1,http://dbpedia.org/resource/Observation,observed,0.8680406447340763,DBpedia
http://ns.inria.fr/zoomathia/ANTIGONUS/ἱστοριῶν_παραδόξων_συναγωγή/g_2/1/31/text/1,http://dbpedia.org/resource/Neontology,living,0.9302391986458,DBpedia
http://ns.inria.fr/zoomathia/ANTIGONUS/ἱστοριῶν_παραδόξων_συναγωγή/g_2/1/31/text/1,http://dbpedia.org/resource/Happiness,delight,0.9999900195815413,DBpedia
http://ns.inria.fr/zoomathia/ANTIGONUS/ἱστοριῶν_παραδόξων_συναγωγή/g_2/1/31/text/1,http://dbpedia.org/resource/Odor,scent,0.9250060719633714,DBpedia
http://ns.inria.fr/zoomathia/ANTIGONUS/ἱστοριῶν_παραδόξων_συναγωγή/g_2/1/31/text/1,http://dbpedia.org/resource/Hunting_blind,hide,0.9688972155245272,DBpedia
http://ns.inria.fr/zoomathia/ANTIGONUS/ἱστοριῶν_παραδόξων_συναγωγή/g_2/1/31/text/1,http://dbpedia.org/resource/Predation,prey,0.9999403003370708,DBpedia
http://ns.inria.fr/zoomathia/ANTIGONUS/ἱστοριῶν_παραδόξων_συναγωγή/g_2/1/31/text/1,http://dbpedia.org/resource/Animal,animals,0.9963197812418041,DBpedia
http://ns.inria.fr/zoomathia/ANTIGONUS/ἱστοριῶν_παραδόξων_συναγωγή/g_2/1/31/text/1,http://dbpedia.org/resource/Close_vowel,close,0.6541660453420637,DBpedia
http://ns.inria.fr/zoomathia/ANTIGONUS/ἱστοριῶν_παραδόξων_συναγωγή/g_2/1/33/text/1,https://opentheso.huma-num.fr/?idc=105134&idt=th310,teeth,1,zoomathia_match
http://ns.inria.fr/zoomathia/ANTIGONUS/ἱστοριῶν_παραδόξων_συναγωγή/g_2/1/33/text/1,https://opentheso.huma-num.fr/?idc=pcrtYSaMriYJvU&idt=th310,crocodiles,1,zoomathia_match
http://ns.inria.fr/zoomathia/ANTIGONUS/ἱστοριῶν_παραδόξων_συναγωγή/g_2/1/33/text/1,https://opentheso.huma-num.fr/?idc=105246&idt=th310,nourishment,1,zoomathia_match
http://ns.inria.fr/zoomathia/ANTIGONUS/ἱστοριῶν_παραδόξων_συναγωγή/g_2/1/33/text/1,https://opentheso.huma-num.fr/?idc=pcrtYSaMriYJvU&idt=th310,crocodile,1,zoomathia_match
http://ns.inria.fr/zoomathia/ANTIGONUS/ἱστοριῶν_παραδόξων_συναγωγή/g_2/1/33/text/1,https://opentheso.huma-num.fr/?idc=pcrtYSaMriYJvU&idt=th310,crocodile,1,zoomathia_match
http://ns.inria.fr/zoomathia/ANTIGONUS/ἱστοριῶν_παραδόξων_συναγωγή/g_2/1/33/text/1,https://opentheso.huma-num.fr/?idc=105140&idt=th310,neck,1,zoomathia_match
http://ns.inria.fr/zoomathia/ANTIGONUS/ἱστοριῶν_παραδόξων_συναγωγή/g_2/1/33/text/1,https://opentheso.huma-num.fr/?idc=105616&idt=th310,bitten,1,zoomathia_match
http://ns.inria.fr/zoomathia/ANTIGONUS/ἱστοριῶν_παραδόξων_συναγωγή/g_2/1/33/text/1,https://opentheso.huma-num.fr/?idc=105134&idt=th310,teeth,1,zoomathia_match
http://ns.inria.fr/zoomathia/ANTIGONUS/ἱστοριῶν_παραδόξων_συναγωγή/g_2/1/33/text/1,https://www.wikidata.org/wiki/Q11768,Egyptian,0.412,wikidata
http://ns.inria.fr/zoomathia/ANTIGONUS/ἱστοριῶν_παραδόξων_συναγωγή/g_2/1/33/text/1,http://dbpedia.org/resource/Egyptian_plover,Egyptian plover,1.0,DBpedia
http://ns.inria.fr/zoomathia/ANTIGONUS/ἱστοριῶν_παραδόξων_συναγωγή/g_2/1/33/text/1,http://dbpedia.org/resource/Clean_and_jerk,cleans,0.9999999999971578,DBpedia
http://ns.inria.fr/zoomathia/ANTIGONUS/ἱστοριῶν_παραδόξων_συναγωγή/g_2/1/33/text/1,http://dbpedia.org/resource/Tooth,teeth,0.9977098370171005,DBpedia
http://ns.inria.fr/zoomathia/ANTIGONUS/ἱστοριῶν_παραδόξων_συναγωγή/g_2/1/33/text/1,http://dbpedia.org/resource/Crocodile,crocodiles,0.9998686195734505,DBpedia
http://ns.inria.fr/zoomathia/ANTIGONUS/ἱστοριῶν_παραδόξων_συναγωγή/g_2/1/33/text/1,http://dbpedia.org/resource/Gain_(electronics),gains,0.9641986328420841,DBpedia
http://ns.inria.fr/zoomathia/ANTIGONUS/ἱστοριῶν_παραδόξων_συναγωγή/g_2/1/33/text/1,http://dbpedia.org/resource/Crocodile,crocodile,0.999954199732134,DBpedia
http://ns.inria.fr/zoomathia/ANTIGONUS/ἱστοριῶν_παραδόξων_συναγωγή/g_2/1/33/text/1,http://dbpedia.org/resource/Crocodile,crocodile,0.999954199732134,DBpedia
http://ns.inria.fr/zoomathia/ANTIGONUS/ἱστοριῶν_παραδόξων_συναγωγή/g_2/1/33/text/1,http://dbpedia.org/resource/Rules_of_chess,moves,0.654488942705627,DBpedia
http://ns.inria.fr/zoomathia/ANTIGONUS/ἱστοριῶν_παραδόξων_συναγωγή/g_2/1/33/text/1,http://dbpedia.org/resource/Neck,neck,0.9588917443346947,DBpedia
http://ns.inria.fr/zoomathia/ANTIGONUS/ἱστοριῶν_παραδόξων_συναγωγή/g_2/1/33/text/1,http://dbpedia.org/resource/Bird,bird,0.9999603181145262,DBpedia
http://ns.inria.fr/zoomathia/ANTIGONUS/ἱστοριῶν_παραδόξων_συναγωγή/g_2/1/33/text/1,http://dbpedia.org/resource/Biting,bitten,0.9984188726433089,DBpedia
http://ns.inria.fr/zoomathia/ANTIGONUS/ἱστοριῶν_παραδόξων_συναγωγή/g_2/1/33/text/1,http://dbpedia.org/resource/2012_Summer_Olympics_closing_ceremony,closing,0.5839009140557831,DBpedia
http://ns.inria.fr/zoomathia/ANTIGONUS/ἱστοριῶν_παραδόξων_συναγωγή/g_2/1/33/text/1,http://dbpedia.org/resource/Tooth,teeth,0.9977098370171005,DBpedia
http://ns.inria.fr/zoomathia/ANTIGONUS/ἱστοριῶν_παραδόξων_συναγωγή/g_2/1/34/text/1,https://opentheso.huma-num.fr/?idc=pcrtaO1Rsn1iPp&idt=th310,tortoise,1,zoomathia_match
http://ns.inria.fr/zoomathia/ANTIGONUS/ἱστοριῶν_παραδόξων_συναγωγή/g_2/1/34/text/1,https://opentheso.huma-num.fr/?idc=106259&idt=th310,snake,1,zoomathia_match
http://ns.inria.fr/zoomathia/ANTIGONUS/ἱστοριῶν_παραδόξων_συναγωγή/g_2/1/34/text/1,https://opentheso.huma-num.fr/?idc=105920&idt=th310,oregano,1,zoomathia_match
http://ns.inria.fr/zoomathia/ANTIGONUS/ἱστοριῶν_παραδόξων_συναγωγή/g_2/1/34/text/1,https://opentheso.huma-num.fr/?idc=107596&idt=th310,leaves,1,zoomathia_match
http://ns.inria.fr/zoomathia/ANTIGONUS/ἱστοριῶν_παραδόξων_συναγωγή/g_2/1/34/text/1,https://opentheso.huma-num.fr/?idc=pcrtaO1Rsn1iPp&idt=th310,tortoise,1,zoomathia_match
http://ns.inria.fr/zoomathia/ANTIGONUS/ἱστοριῶν_παραδόξων_συναγωγή/g_2/1/34/text/1,https://opentheso.huma-num.fr/?idc=105920&idt=th310,oregano,1,zoomathia_match
http://ns.inria.fr/zoomathia/ANTIGONUS/ἱστοριῶν_παραδόξων_συναγωγή/g_2/1/34/text/1,http://dbpedia.org/resource/Tortoise,tortoise,0.9273605990969227,DBpedia
http://ns.inria.fr/zoomathia/ANTIGONUS/ἱστοριῶν_παραδόξων_συναγωγή/g_2/1/34/text/1,http://dbpedia.org/resource/Snake,snake,0.9999985034050497,DBpedia
http://ns.inria.fr/zoomathia/ANTIGONUS/ἱστοριῶν_παραδόξων_συναγωγή/g_2/1/34/text/1,http://dbpedia.org/resource/Oregano,oregano,0.9999999995049222,DBpedia
http://ns.inria.fr/zoomathia/ANTIGONUS/ἱστοριῶν_παραδόξων_συναγωγή/g_2/1/34/text/1,http://dbpedia.org/resource/Antidote,antidote,0.9999999999999432,DBpedia
http://ns.inria.fr/zoomathia/ANTIGONUS/ἱστοριῶν_παραδόξων_συναγωγή/g_2/1/34/text/1,http://dbpedia.org/resource/Striptease,stripped,0.5377620107872318,DBpedia
http://ns.inria.fr/zoomathia/ANTIGONUS/ἱστοριῶν_παραδόξων_συναγωγή/g_2/1/34/text/1,http://dbpedia.org/resource/Plant,plant,0.9963376410542233,DBpedia
http://ns.inria.fr/zoomathia/ANTIGONUS/ἱστοριῶν_παραδόξων_συναγωγή/g_2/1/34/text/1,http://dbpedia.org/resource/Leaf,leaves,0.9855394338925499,DBpedia
http://ns.inria.fr/zoomathia/ANTIGONUS/ἱστοριῶν_παραδόξων_συναγωγή/g_2/1/34/text/1,http://dbpedia.org/resource/Tortoise,tortoise,0.9273605990969227,DBpedia
http://ns.inria.fr/zoomathia/ANTIGONUS/ἱστοριῶν_παραδόξων_συναγωγή/g_2/1/34/text/1,http://dbpedia.org/resource/Death,died,0.9840691477757155,DBpedia
http://ns.inria.fr/zoomathia/ANTIGONUS/ἱστοριῶν_παραδόξων_συναγωγή/g_2/1/34/text/1,http://dbpedia.org/resource/Oregano,oregano,0.9999999995049222,DBpedia
http://ns.inria.fr/zoomathia/ANTIGONUS/ἱστοριῶν_παραδόξων_συναγωγή/g_2/1/34/text/1,http://dbpedia.org/resource/Eat_(restaurant),eat.,0.9999970395850875,DBpedia
http://ns.inria.fr/zoomathia/ANTIGONUS/ἱστοριῶν_παραδόξων_συναγωγή/g_2/1/35/text/1,https://opentheso.huma-num.fr/?idc=5068&idt=th310,weasel,1,zoomathia_match
http://ns.inria.fr/zoomathia/ANTIGONUS/ἱστοριῶν_παραδόξων_συναγωγή/g_2/1/35/text/1,https://opentheso.huma-num.fr/?idc=105848&idt=th310,fights,1,zoomathia_match
http://ns.inria.fr/zoomathia/ANTIGONUS/ἱστοριῶν_παραδόξων_συναγωγή/g_2/1/35/text/1,https://opentheso.huma-num.fr/?idc=106259&idt=th310,snake,1,zoomathia_match
http://ns.inria.fr/zoomathia/ANTIGONUS/ἱστοριῶν_παραδόξων_συναγωγή/g_2/1/35/text/1,https://opentheso.huma-num.fr/?idc=105917&idt=th310,rue,1,zoomathia_match
http://ns.inria.fr/zoomathia/ANTIGONUS/ἱστοριῶν_παραδόξων_συναγωγή/g_2/1/35/text/1,https://opentheso.huma-num.fr/?idc=105402&idt=th310,smell,1,zoomathia_match
http://ns.inria.fr/zoomathia/ANTIGONUS/ἱστοριῶν_παραδόξων_συναγωγή/g_2/1/35/text/1,https://opentheso.huma-num.fr/?idc=106259&idt=th310,snake,1,zoomathia_match
http://ns.inria.fr/zoomathia/ANTIGONUS/ἱστοριῶν_παραδόξων_συναγωγή/g_2/1/35/text/1,https://opentheso.huma-num.fr/?idc=105917&idt=th310,rue,1,zoomathia_match
http://ns.inria.fr/zoomathia/ANTIGONUS/ἱστοριῶν_παραδόξων_συναγωγή/g_2/1/35/text/1,https://opentheso.huma-num.fr/?idc=106259&idt=th310,snake,1,zoomathia_match
http://ns.inria.fr/zoomathia/ANTIGONUS/ἱστοριῶν_παραδόξων_συναγωγή/g_2/1/35/text/1,https://opentheso.huma-num.fr/?idc=105616&idt=th310,bite,1,zoomathia_match
http://ns.inria.fr/zoomathia/ANTIGONUS/ἱστοριῶν_παραδόξων_συναγωγή/g_2/1/35/text/1,https://opentheso.huma-num.fr/?idc=pcrt3mTg9h3RFE&idt=th310,wine,1,zoomathia_match
http://ns.inria.fr/zoomathia/ANTIGONUS/ἱστοριῶν_παραδόξων_συναγωγή/g_2/1/35/text/1,https://opentheso.huma-num.fr/?idc=pcrtamWjqMqPWT&idt=th310,pig,1,zoomathia_match
http://ns.inria.fr/zoomathia/ANTIGONUS/ἱστοριῶν_παραδόξων_συναγωγή/g_2/1/35/text/1,https://opentheso.huma-num.fr/?idc=105616&idt=th310,bitten,1,zoomathia_match
http://ns.inria.fr/zoomathia/ANTIGONUS/ἱστοριῶν_παραδόξων_συναγωγή/g_2/1/35/text/1,https://opentheso.huma-num.fr/?idc=106259&idt=th310,snake,1,zoomathia_match
http://ns.inria.fr/zoomathia/ANTIGONUS/ἱστοριῶν_παραδόξων_συναγωγή/g_2/1/35/text/1,https://opentheso.huma-num.fr/?idc=105950&idt=th310,crab,1,zoomathia_match
http://ns.inria.fr/zoomathia/ANTIGONUS/ἱστοριῶν_παραδόξων_συναγωγή/g_2/1/35/text/1,https://opentheso.huma-num.fr/?idc=106259&idt=th310,snake,1,zoomathia_match
http://ns.inria.fr/zoomathia/ANTIGONUS/ἱστοριῶν_παραδόξων_συναγωγή/g_2/1/35/text/1,https://opentheso.huma-num.fr/?idc=105616&idt=th310,bite,1,zoomathia_match
http://ns.inria.fr/zoomathia/ANTIGONUS/ἱστοριῶν_παραδόξων_συναγωγή/g_2/1/35/text/1,http://dbpedia.org/resource/Snake,snake,0.9999998278068041,DBpedia
http://ns.inria.fr/zoomathia/ANTIGONUS/ἱστοριῶν_παραδόξων_συναγωγή/g_2/1/35/text/1,http://dbpedia.org/resource/Cannibalism,eats,0.992017342315186,DBpedia
http://ns.inria.fr/zoomathia/ANTIGONUS/ἱστοριῶν_παραδόξων_συναγωγή/g_2/1/35/text/1,http://dbpedia.org/resource/Ruta_graveolens,rue,0.9767497615692426,DBpedia
http://ns.inria.fr/zoomathia/ANTIGONUS/ἱστοριῶν_παραδόξων_συναγωγή/g_2/1/35/text/1,http://dbpedia.org/resource/Dog,smell,0.6150836905444133,DBpedia
http://ns.inria.fr/zoomathia/ANTIGONUS/ἱστοριῶν_παραδόξων_συναγωγή/g_2/1/35/text/1,http://dbpedia.org/resource/Repugnant_battle_honours_of_the_Indian_Army,repugnant,0.9999955843260016,DBpedia
http://ns.inria.fr/zoomathia/ANTIGONUS/ἱστοριῶν_παραδόξων_συναγωγή/g_2/1/35/text/1,http://dbpedia.org/resource/Snake,snake,0.9999998278068041,DBpedia
http://ns.inria.fr/zoomathia/ANTIGONUS/ἱστοριῶν_παραδόξων_συναγωγή/g_2/1/35/text/1,http://dbpedia.org/resource/Addition,addition,0.8247945279364154,DBpedia
http://ns.inria.fr/zoomathia/ANTIGONUS/ἱστοριῶν_παραδόξων_συναγωγή/g_2/1/35/text/1,http://dbpedia.org/resource/Ruta_graveolens,rue,0.9767497615692426,DBpedia
http://ns.inria.fr/zoomathia/ANTIGONUS/ἱστοριῶν_παραδόξων_συναγωγή/g_2/1/35/text/1,http://dbpedia.org/resource/Reliability_of_Wikipedia,helps,0.9999999944708975,DBpedia
http://ns.inria.fr/zoomathia/ANTIGONUS/ἱστοριῶν_παραδόξων_συναγωγή/g_2/1/35/text/1,http://dbpedia.org/resource/Cohen–Macaulay_ring,unmixed,0.9901233030323724,DBpedia
http://ns.inria.fr/zoomathia/ANTIGONUS/ἱστοριῶν_παραδόξων_συναγωγή/g_2/1/35/text/1,http://dbpedia.org/resource/Wine,wine,0.9052516791004043,DBpedia
http://ns.inria.fr/zoomathia/ANTIGONUS/ἱστοριῶν_παραδόξων_συναγωγή/g_2/1/35/text/1,http://dbpedia.org/resource/Alcohol_intoxication,drunk,0.9998396739029526,DBpedia
http://ns.inria.fr/zoomathia/ANTIGONUS/ἱστοριῶν_παραδόξων_συναγωγή/g_2/1/35/text/1,http://dbpedia.org/resource/Pig,pig,0.9978564963677378,DBpedia
http://ns.inria.fr/zoomathia/ANTIGONUS/ἱστοριῶν_παραδόξων_συναγωγή/g_2/1/35/text/1,http://dbpedia.org/resource/Snakebite,bitten,0.9999998277487101,DBpedia
http://ns.inria.fr/zoomathia/ANTIGONUS/ἱστοριῶν_παραδόξων_συναγωγή/g_2/1/35/text/1,http://dbpedia.org/resource/Snake,snake,0.9999998278068041,DBpedia
http://ns.inria.fr/zoomathia/ANTIGONUS/ἱστοριῶν_παραδόξων_συναγωγή/g_2/1/35/text/1,http://dbpedia.org/resource/Hard_disk_drive_performance_characteristics,seeks,0.9999999999953388,DBpedia
http://ns.inria.fr/zoomathia/ANTIGONUS/ἱστοριῶν_παραδόξων_συναγωγή/g_2/1/35/text/1,http://dbpedia.org/resource/Crab,crab,0.9995293303877651,DBpedia
http://ns.inria.fr/zoomathia/ANTIGONUS/ἱστοριῶν_παραδόξων_συναγωγή/g_2/1/35/text/1,http://dbpedia.org/resource/Audio_engineer,recorded,0.7162892260643031,DBpedia
http://ns.inria.fr/zoomathia/ANTIGONUS/ἱστοριῶν_παραδόξων_συναγωγή/g_2/1/35/text/1,http://dbpedia.org/resource/Extremophile,extremely,0.999999999988006,DBpedia
http://ns.inria.fr/zoomathia/ANTIGONUS/ἱστοριῶν_παραδόξων_συναγωγή/g_2/1/35/text/1,http://dbpedia.org/resource/Efficacy,efficacious,0.9917907326704921,DBpedia
http://ns.inria.fr/zoomathia/ANTIGONUS/ἱστοριῶν_παραδόξων_συναγωγή/g_2/1/36/text/1,https://opentheso.huma-num.fr/?idc=pcrtL41Ddfw4XO&idt=th310,ring,1,zoomathia_match
http://ns.inria.fr/zoomathia/ANTIGONUS/ἱστοριῶν_παραδόξων_συναγωγή/g_2/1/36/text/1,https://opentheso.huma-num.fr/?idc=105935&idt=th310,dove,1,zoomathia_match
http://ns.inria.fr/zoomathia/ANTIGONUS/ἱστοριῶν_παραδόξων_συναγωγή/g_2/1/36/text/1,https://opentheso.huma-num.fr/?idc=105920&idt=th310,oregano,1,zoomathia_match
http://ns.inria.fr/zoomathia/ANTIGONUS/ἱστοριῶν_παραδόξων_συναγωγή/g_2/1/36/text/1,https://opentheso.huma-num.fr/?idc=105615&idt=th310,wound,1,zoomathia_match
http://ns.inria.fr/zoomathia/ANTIGONUS/ἱστοριῶν_παραδόξων_συναγωγή/g_2/1/36/text/1,http://dbpedia.org/resource/Oregano,oregano,0.9991771429376828,DBpedia
http://ns.inria.fr/zoomathia/ANTIGONUS/ἱστοριῶν_παραδόξων_συναγωγή/g_2/1/36/text/1,http://dbpedia.org/resource/Wound,wound,0.9997674068417959,DBpedia
http://ns.inria.fr/zoomathia/ANTIGONUS/ἱστοριῶν_παραδόξων_συναγωγή/g_2/1/36/text/1,http://dbpedia.org/resource/Health,health,0.9866699256752625,DBpedia
http://ns.inria.fr/zoomathia/ANTIGONUS/ἱστοριῶν_παραδόξων_συναγωγή/g_2/1/37/text/1,https://opentheso.huma-num.fr/?idc=pcrt6ccLQhgjJq&idt=th310,Aristotle,1,zoomathia_match
http://ns.inria.fr/zoomathia/ANTIGONUS/ἱστοριῶν_παραδόξων_συναγωγή/g_2/1/37/text/1,https://opentheso.huma-num.fr/?idc=105468&idt=th310,nest,1,zoomathia_match
http://ns.inria.fr/zoomathia/ANTIGONUS/ἱστοριῶν_παραδόξων_συναγωγή/g_2/1/37/text/1,https://opentheso.huma-num.fr/?idc=105865&idt=th310,wings,1,zoomathia_match
http://ns.inria.fr/zoomathia/ANTIGONUS/ἱστοριῶν_παραδόξων_συναγωγή/g_2/1/37/text/1,https://opentheso.huma-num.fr/?idc=pcrt6pK15gEmbx&idt=th310,bed,1,zoomathia_match
http://ns.inria.fr/zoomathia/ANTIGONUS/ἱστοριῶν_παραδόξων_συναγωγή/g_2/1/37/text/1,https://opentheso.huma-num.fr/?idc=107596&idt=th310,leaves,1,zoomathia_match
http://ns.inria.fr/zoomathia/ANTIGONUS/ἱστοριῶν_παραδόξων_συναγωγή/g_2/1/37/text/1,https://opentheso.huma-num.fr/?idc=pcrtIMsuG0RWTs&idt=th310,material,1,zoomathia_match
http://ns.inria.fr/zoomathia/ANTIGONUS/ἱστοριῶν_παραδόξων_συναγωγή/g_2/1/37/text/1,https://opentheso.huma-num.fr/?idc=pcrt3L8yViugRX&idt=th310,throws,1,zoomathia_match
http://ns.inria.fr/zoomathia/ANTIGONUS/ἱστοριῶν_παραδόξων_συναγωγή/g_2/1/37/text/1,https://opentheso.huma-num.fr/?idc=105407&idt=th310,excrement,1,zoomathia_match
http://ns.inria.fr/zoomathia/ANTIGONUS/ἱστοριῶν_παραδόξων_συναγωγή/g_2/1/37/text/1,https://opentheso.huma-num.fr/?idc=pcrt9vNUqRWTWt&idt=th310,teaches,1,zoomathia_match
http://ns.inria.fr/zoomathia/ANTIGONUS/ἱστοριῶν_παραδόξων_συναγωγή/g_2/1/37/text/1,https://opentheso.huma-num.fr/?idc=105407&idt=th310,excrement,1,zoomathia_match
http://ns.inria.fr/zoomathia/ANTIGONUS/ἱστοριῶν_παραδόξων_συναγωγή/g_2/1/37/text/1,https://www.wikidata.org/wiki/Q868,Aristotle,0.9074,wikidata
http://ns.inria.fr/zoomathia/ANTIGONUS/ἱστοριῶν_παραδόξων_συναγωγή/g_2/1/37/text/1,http://dbpedia.org/resource/Aristotle,Aristotle,0.9999992360878953,DBpedia
http://ns.inria.fr/zoomathia/ANTIGONUS/ἱστοριῶν_παραδόξων_συναγωγή/g_2/1/37/text/1,http://dbpedia.org/resource/Bird_nest,nest,0.9972586602236221,DBpedia
http://ns.inria.fr/zoomathia/ANTIGONUS/ἱστοριῶν_παραδόξων_συναγωγή/g_2/1/37/text/1,http://dbpedia.org/resource/Braid,plaits,0.9999999997109512,DBpedia
http://ns.inria.fr/zoomathia/ANTIGONUS/ἱστοριῶν_παραδόξων_συναγωγή/g_2/1/37/text/1,http://dbpedia.org/resource/Mud,mud,0.9999999984589749,DBpedia
http://ns.inria.fr/zoomathia/ANTIGONUS/ἱστοριῶν_παραδόξων_συναγωγή/g_2/1/37/text/1,http://dbpedia.org/resource/Twig,twigs,1.0,DBpedia
http://ns.inria.fr/zoomathia/ANTIGONUS/ἱστοριῶν_παραδόξων_συναγωγή/g_2/1/37/text/1,http://dbpedia.org/resource/Mud,mud,0.9999999984589749,DBpedia
http://ns.inria.fr/zoomathia/ANTIGONUS/ἱστοριῶν_παραδόξων_συναγωγή/g_2/1/37/text/1,http://dbpedia.org/resource/Wet_season,wet,0.9997149013217614,DBpedia
http://ns.inria.fr/zoomathia/ANTIGONUS/ἱστοριῶν_παραδόξων_συναγωγή/g_2/1/37/text/1,http://dbpedia.org/resource/Bread_roll,rolls,0.47219939284096774,DBpedia
http://ns.inria.fr/zoomathia/ANTIGONUS/ἱστοριῶν_παραδόξων_συναγωγή/g_2/1/37/text/1,http://dbpedia.org/resource/Guitar_picking,picks,0.6760745470675901,DBpedia
http://ns.inria.fr/zoomathia/ANTIGONUS/ἱστοριῶν_παραδόξων_συναγωγή/g_2/1/37/text/1,http://dbpedia.org/resource/Wing,wings,0.9938391426891406,DBpedia
http://ns.inria.fr/zoomathia/ANTIGONUS/ἱστοριῶν_παραδόξων_συναγωγή/g_2/1/37/text/1,http://dbpedia.org/resource/Bed,bed,0.998743220144086,DBpedia
http://ns.inria.fr/zoomathia/ANTIGONUS/ἱστοριῶν_παραδόξων_συναγωγή/g_2/1/37/text/1,http://dbpedia.org/resource/Straw,straw,0.9999999996341558,DBpedia
http://ns.inria.fr/zoomathia/ANTIGONUS/ἱστοριῶν_παραδόξων_συναγωγή/g_2/1/37/text/1,http://dbpedia.org/resource/Leaf,leaves,0.999998578577093,DBpedia
http://ns.inria.fr/zoomathia/ANTIGONUS/ἱστοριῶν_παραδόξων_συναγωγή/g_2/1/37/text/1,http://dbpedia.org/resource/Human,human,0.9999273108587242,DBpedia
http://ns.inria.fr/zoomathia/ANTIGONUS/ἱστοριῶν_παραδόξων_συναγωγή/g_2/1/37/text/1,http://dbpedia.org/resource/Golf_swing,putting,0.940453548608231,DBpedia
http://ns.inria.fr/zoomathia/ANTIGONUS/ἱστοριῶν_παραδόξων_συναγωγή/g_2/1/37/text/1,http://dbpedia.org/resource/Hardness,hard,0.7214528090419559,DBpedia
http://ns.inria.fr/zoomathia/ANTIGONUS/ἱστοριῶν_παραδόξων_συναγωγή/g_2/1/37/text/1,http://dbpedia.org/resource/Material,material,0.7696953266291552,DBpedia
http://ns.inria.fr/zoomathia/ANTIGONUS/ἱστοριῶν_παραδόξων_συναγωγή/g_2/1/37/text/1,http://dbpedia.org/resource/Hatchling,young,0.473163614152478,DBpedia
http://ns.inria.fr/zoomathia/ANTIGONUS/ἱστοριῶν_παραδόξων_συναγωγή/g_2/1/37/text/1,http://dbpedia.org/resource/Food,food,0.9999947551650034,DBpedia
http://ns.inria.fr/zoomathia/ANTIGONUS/ἱστοριῶν_παραδόξων_συναγωγή/g_2/1/37/text/1,http://dbpedia.org/resource/Glossary_of_professional_wrestling_terms,turn,0.953852246140685,DBpedia
http://ns.inria.fr/zoomathia/ANTIGONUS/ἱστοριῶν_παραδόξων_συναγωγή/g_2/1/37/text/1,http://dbpedia.org/resource/Whale_watching,watching,0.768528033506016,DBpedia
http://ns.inria.fr/zoomathia/ANTIGONUS/ἱστοριῶν_παραδόξων_συναγωγή/g_2/1/37/text/1,http://dbpedia.org/resource/Fodder,feed,0.6646364804361484,DBpedia
http://ns.inria.fr/zoomathia/ANTIGONUS/ἱστοριῶν_παραδόξων_συναγωγή/g_2/1/37/text/1,http://dbpedia.org/resource/Feces,excrement,0.9980863838843538,DBpedia
http://ns.inria.fr/zoomathia/ANTIGONUS/ἱστοριῶν_παραδόξων_συναγωγή/g_2/1/37/text/1,http://dbpedia.org/resource/Hatchling,young,0.473163614152478,DBpedia
http://ns.inria.fr/zoomathia/ANTIGONUS/ἱστοριῶν_παραδόξων_συναγωγή/g_2/1/37/text/1,http://dbpedia.org/resource/Glossary_of_professional_wrestling_terms,turn,0.953852246140685,DBpedia
http://ns.inria.fr/zoomathia/ANTIGONUS/ἱστοριῶν_παραδόξων_συναγωγή/g_2/1/37/text/1,http://dbpedia.org/resource/Military_discharge,discharge,0.9054640981191615,DBpedia
http://ns.inria.fr/zoomathia/ANTIGONUS/ἱστοριῶν_παραδόξων_συναγωγή/g_2/1/37/text/1,http://dbpedia.org/resource/Feces,excrement,0.9980863838843538,DBpedia
http://ns.inria.fr/zoomathia/ANTIGONUS/ἱστοριῶν_παραδόξων_συναγωγή/g_2/1/38/text/1,https://opentheso.huma-num.fr/?idc=107233&idt=th310,mating,1,zoomathia_match
http://ns.inria.fr/zoomathia/ANTIGONUS/ἱστοριῶν_παραδόξων_συναγωγή/g_2/1/38/text/1,https://opentheso.huma-num.fr/?idc=pcrtjH3S5xjpLz&idt=th310,mating,1,zoomathia_match
http://ns.inria.fr/zoomathia/ANTIGONUS/ἱστοριῶν_παραδόξων_συναγωγή/g_2/1/38/text/1,https://opentheso.huma-num.fr/?idc=pcrtKIbSH4QjSV&idt=th310,spit,1,zoomathia_match
http://ns.inria.fr/zoomathia/ANTIGONUS/ἱστοριῶν_παραδόξων_συναγωγή/g_2/1/38/text/1,https://opentheso.huma-num.fr/?idc=105131&idt=th310,mouths,1,zoomathia_match
http://ns.inria.fr/zoomathia/ANTIGONUS/ἱστοριῶν_παραδόξων_συναγωγή/g_2/1/38/text/1,http://dbpedia.org/resource/Columbidae,Pigeons,0.9968989325695162,DBpedia
http://ns.inria.fr/zoomathia/ANTIGONUS/ἱστοριῶν_παραδόξων_συναγωγή/g_2/1/38/text/1,http://dbpedia.org/resource/Star_system,multiple,0.927737290389251,DBpedia
http://ns.inria.fr/zoomathia/ANTIGONUS/ἱστοριῶν_παραδόξων_συναγωγή/g_2/1/38/text/1,http://dbpedia.org/resource/Mating,mating,0.9996671682353004,DBpedia
http://ns.inria.fr/zoomathia/ANTIGONUS/ἱστοριῶν_παραδόξων_συναγωγή/g_2/1/38/text/1,http://dbpedia.org/resource/Leaf,leave,0.9780421376984182,DBpedia
http://ns.inria.fr/zoomathia/ANTIGONUS/ἱστοριῶν_παραδόξων_συναγωγή/g_2/1/38/text/1,http://dbpedia.org/resource/Pairing,pairing,0.9780530239969637,DBpedia
http://ns.inria.fr/zoomathia/ANTIGONUS/ἱστοριῶν_παραδόξων_συναγωγή/g_2/1/38/text/1,http://dbpedia.org/resource/Widow,widowed,0.9999549552439687,DBpedia
http://ns.inria.fr/zoomathia/ANTIGONUS/ἱστοριῶν_παραδόξων_συναγωγή/g_2/1/38/text/1,http://dbpedia.org/resource/Offspring,young,0.9465156227838681,DBpedia
http://ns.inria.fr/zoomathia/ANTIGONUS/ἱστοριῶν_παραδόξων_συναγωγή/g_2/1/38/text/1,http://dbpedia.org/resource/Chewing_tobacco,chew,0.9124197099667948,DBpedia
http://ns.inria.fr/zoomathia/ANTIGONUS/ἱστοριῶν_παραδόξων_συναγωγή/g_2/1/38/text/1,http://dbpedia.org/resource/Taste,salty,0.9992059679960734,DBpedia
http://ns.inria.fr/zoomathia/ANTIGONUS/ἱστοριῶν_παραδόξων_συναγωγή/g_2/1/38/text/1,http://dbpedia.org/resource/Earth,earth,0.9818905456187831,DBpedia
http://ns.inria.fr/zoomathia/ANTIGONUS/ἱστοριῶν_παραδόξων_συναγωγή/g_2/1/38/text/1,http://dbpedia.org/resource/Saliva,spit,0.9967102969889231,DBpedia
http://ns.inria.fr/zoomathia/ANTIGONUS/ἱστοριῶν_παραδόξων_συναγωγή/g_2/1/38/text/1,http://dbpedia.org/resource/Food,food,0.9999883762428661,DBpedia
http://ns.inria.fr/zoomathia/ANTIGONUS/ἱστοριῶν_παραδόξων_συναγωγή/g_2/1/38/text/1,http://dbpedia.org/resource/Outline_of_food_preparation,prepared,0.9961515114019222,DBpedia
http://ns.inria.fr/zoomathia/ANTIGONUS/ἱστοριῶν_παραδόξων_συναγωγή/g_2/1/38/text/1,http://dbpedia.org/resource/River_mouth,mouths,0.675222646554657,DBpedia
http://ns.inria.fr/zoomathia/ANTIGONUS/ἱστοριῶν_παραδόξων_συναγωγή/g_2/1/39/text/1,https://opentheso.huma-num.fr/?idc=108311&idt=th310,Partridges,1,zoomathia_match
http://ns.inria.fr/zoomathia/ANTIGONUS/ἱστοριῶν_παραδόξων_συναγωγή/g_2/1/39/text/1,https://opentheso.huma-num.fr/?idc=105310&idt=th310,hunter,1,zoomathia_match
http://ns.inria.fr/zoomathia/ANTIGONUS/ἱστοριῶν_παραδόξων_συναγωγή/g_2/1/39/text/1,https://opentheso.huma-num.fr/?idc=105287&idt=th310,sex,1,zoomathia_match
http://ns.inria.fr/zoomathia/ANTIGONUS/ἱστοριῶν_παραδόξων_συναγωγή/g_2/1/39/text/1,https://opentheso.huma-num.fr/?idc=105289&idt=th310,males,1,zoomathia_match
http://ns.inria.fr/zoomathia/ANTIGONUS/ἱστοριῶν_παραδόξων_συναγωγή/g_2/1/39/text/1,https://opentheso.huma-num.fr/?idc=105548&idt=th310,eggs,1,zoomathia_match
http://ns.inria.fr/zoomathia/ANTIGONUS/ἱστοριῶν_παραδόξων_συναγωγή/g_2/1/39/text/1,https://opentheso.huma-num.fr/?idc=105290&idt=th310,female,1,zoomathia_match
http://ns.inria.fr/zoomathia/ANTIGONUS/ἱστοριῶν_παραδόξων_συναγωγή/g_2/1/39/text/1,https://opentheso.huma-num.fr/?idc=105848&idt=th310,fight,1,zoomathia_match
http://ns.inria.fr/zoomathia/ANTIGONUS/ἱστοριῶν_παραδόξων_συναγωγή/g_2/1/39/text/1,http://dbpedia.org/resource/Partridge,Partridges,0.9999999999961915,DBpedia
http://ns.inria.fr/zoomathia/ANTIGONUS/ἱστοριῶν_παραδόξων_συναγωγή/g_2/1/39/text/1,http://dbpedia.org/resource/Hunting,hunts,0.9885356671042869,DBpedia
http://ns.inria.fr/zoomathia/ANTIGONUS/ἱστοριῶν_παραδόξων_συναγωγή/g_2/1/39/text/1,http://dbpedia.org/resource/Offspring,young,0.5950146542821744,DBpedia
http://ns.inria.fr/zoomathia/ANTIGONUS/ἱστοριῶν_παραδόξων_συναγωγή/g_2/1/39/text/1,http://dbpedia.org/resource/Hunting,hunter,0.9991138870406858,DBpedia
http://ns.inria.fr/zoomathia/ANTIGONUS/ἱστοριῶν_παραδόξων_συναγωγή/g_2/1/39/text/1,http://dbpedia.org/resource/Disability,disabled,0.9997467189505195,DBpedia
http://ns.inria.fr/zoomathia/ANTIGONUS/ἱστοριῶν_παραδόξων_συναγωγή/g_2/1/39/text/1,http://dbpedia.org/resource/Offspring,young,0.5950146542821744,DBpedia
http://ns.inria.fr/zoomathia/ANTIGONUS/ἱστοριῶν_παραδόξων_συναγωγή/g_2/1/39/text/1,http://dbpedia.org/resource/Prison_escape,escape,0.8445624917586597,DBpedia
http://ns.inria.fr/zoomathia/ANTIGONUS/ἱστοριῶν_παραδόξων_συναγωγή/g_2/1/39/text/1,http://dbpedia.org/resource/Passion_of_Jesus,passion,0.9774408674399115,DBpedia
http://ns.inria.fr/zoomathia/ANTIGONUS/ἱστοριῶν_παραδόξων_συναγωγή/g_2/1/39/text/1,http://dbpedia.org/resource/Sex,sex,0.9292889780861365,DBpedia
http://ns.inria.fr/zoomathia/ANTIGONUS/ἱστοριῶν_παραδόξων_συναγωγή/g_2/1/39/text/1,http://dbpedia.org/resource/Male,males,0.9990723878416922,DBpedia
http://ns.inria.fr/zoomathia/ANTIGONUS/ἱστοριῶν_παραδόξων_συναγωγή/g_2/1/39/text/1,http://dbpedia.org/resource/Habitat_destruction,destroy,0.8860284773974249,DBpedia
http://ns.inria.fr/zoomathia/ANTIGONUS/ἱστοριῶν_παραδόξων_συναγωγή/g_2/1/39/text/1,http://dbpedia.org/resource/Egg,eggs,0.7277602627708062,DBpedia
http://ns.inria.fr/zoomathia/ANTIGONUS/ἱστοριῶν_παραδόξων_συναγωγή/g_2/1/39/text/1,http://dbpedia.org/resource/Female,female,0.9999784388757124,DBpedia
http://ns.inria.fr/zoomathia/ANTIGONUS/ἱστοριῶν_παραδόξων_συναγωγή/g_2/1/39/text/1,http://dbpedia.org/resource/Egg_incubation,incubate,0.9999999999723173,DBpedia
http://ns.inria.fr/zoomathia/ANTIGONUS/ἱστοριῶν_παραδόξων_συναγωγή/g_2/1/39/text/1,http://dbpedia.org/resource/Grave,plots,0.674344723489133,DBpedia
http://ns.inria.fr/zoomathia/ANTIGONUS/ἱστοριῶν_παραδόξων_συναγωγή/g_2/1/39/text/1,http://dbpedia.org/resource/Run_batted_in,runs,0.5065019013430386,DBpedia
http://ns.inria.fr/zoomathia/ANTIGONUS/ἱστοριῶν_παραδόξων_συναγωγή/g_2/1/39/text/1,http://dbpedia.org/resource/Widow,widowers,0.999999993999154,DBpedia
http://ns.inria.fr/zoomathia/ANTIGONUS/ἱστοριῶν_παραδόξων_συναγωγή/g_2/1/39/text/1,http://dbpedia.org/resource/Taxidermy,mounted,0.6562388010583451,DBpedia
http://ns.inria.fr/zoomathia/ANTIGONUS/ἱστοριῶν_παραδόξων_συναγωγή/g_2/1/40/text/1,https://opentheso.huma-num.fr/?idc=108639&idt=th310,pelicans,1,zoomathia_match
http://ns.inria.fr/zoomathia/ANTIGONUS/ἱστοριῶν_παραδόξων_συναγωγή/g_2/1/40/text/1,https://opentheso.huma-num.fr/?idc=107356&idt=th310,mussels,1,zoomathia_match
http://ns.inria.fr/zoomathia/ANTIGONUS/ἱστοριῶν_παραδόξων_συναγωγή/g_2/1/40/text/1,https://opentheso.huma-num.fr/?idc=105218&idt=th310,stomachs,1,zoomathia_match
http://ns.inria.fr/zoomathia/ANTIGONUS/ἱστοριῶν_παραδόξων_συναγωγή/g_2/1/40/text/1,https://opentheso.huma-num.fr/?idc=105176&idt=th310,shells,1,zoomathia_match
http://ns.inria.fr/zoomathia/ANTIGONUS/ἱστοριῶν_παραδόξων_συναγωγή/g_2/1/40/text/1,https://opentheso.huma-num.fr/?idc=pcrtx72BOMXZ2d&idt=th310,opened,1,zoomathia_match
http://ns.inria.fr/zoomathia/ANTIGONUS/ἱστοριῶν_παραδόξων_συναγωγή/g_2/1/40/text/1,https://opentheso.huma-num.fr/?idc=pcrtOPqdpwj043&idt=th310,meat,1,zoomathia_match
http://ns.inria.fr/zoomathia/ANTIGONUS/ἱστοριῶν_παραδόξων_συναγωγή/g_2/1/40/text/1,http://dbpedia.org/resource/Pelican,pelicans,0.999983910901902,DBpedia
http://ns.inria.fr/zoomathia/ANTIGONUS/ἱστοριῶν_παραδόξων_συναγωγή/g_2/1/40/text/1,http://dbpedia.org/resource/Smooth_muscle,smooth,0.9678663852779806,DBpedia
http://ns.inria.fr/zoomathia/ANTIGONUS/ἱστοριῶν_παραδόξων_συναγωγή/g_2/1/40/text/1,http://dbpedia.org/resource/Mussel,mussels,0.9998356444525975,DBpedia
http://ns.inria.fr/zoomathia/ANTIGONUS/ἱστοριῶν_παραδόξων_συναγωγή/g_2/1/40/text/1,http://dbpedia.org/resource/Professional_wrestling_holds,hold,0.3646163654889753,DBpedia
http://ns.inria.fr/zoomathia/ANTIGONUS/ἱστοριῶν_παραδόξων_συναγωγή/g_2/1/40/text/1,http://dbpedia.org/resource/Crop,crop,0.9102511300514925,DBpedia
http://ns.inria.fr/zoomathia/ANTIGONUS/ἱστοριῶν_παραδόξων_συναγωγή/g_2/1/40/text/1,http://dbpedia.org/resource/Exoskeleton,shells,0.9792383789621233,DBpedia
http://ns.inria.fr/zoomathia/ANTIGONUS/ἱστοριῶν_παραδόξων_συναγωγή/g_2/1/40/text/1,http://dbpedia.org/resource/Fall_of_the_Berlin_Wall,opened,0.8364988367233798,DBpedia
http://ns.inria.fr/zoomathia/ANTIGONUS/ἱστοριῶν_παραδόξων_συναγωγή/g_2/1/40/text/1,http://dbpedia.org/resource/Regurgitation_(digestion),regurgitate,0.9957431046910123,DBpedia
http://ns.inria.fr/zoomathia/ANTIGONUS/ἱστοριῶν_παραδόξων_συναγωγή/g_2/1/40/text/1,http://dbpedia.org/resource/Eating,eat,0.9992750615280664,DBpedia
http://ns.inria.fr/zoomathia/ANTIGONUS/ἱστοριῶν_παραδόξων_συναγωγή/g_2/1/40/text/1,http://dbpedia.org/resource/Meat,meat,0.9965348255778024,DBpedia
http://ns.inria.fr/zoomathia/ANTIGONUS/ἱστοριῶν_παραδόξων_συναγωγή/g_2/1/40/text/1,http://dbpedia.org/resource/Glossary_of_algebraic_geometry,separated,0.7159579387028926,DBpedia
http://ns.inria.fr/zoomathia/ANTIGONUS/ἱστοριῶν_παραδόξων_συναγωγή/g_2/1/41/text/1,https://opentheso.huma-num.fr/?idc=pcrtLnUS9cADfI&idt=th310,seen,1,zoomathia_match
http://ns.inria.fr/zoomathia/ANTIGONUS/ἱστοριῶν_παραδόξων_συναγωγή/g_2/1/41/text/1,https://opentheso.huma-num.fr/?idc=108042&idt=th310,vulture,1,zoomathia_match
http://ns.inria.fr/zoomathia/ANTIGONUS/ἱστοριῶν_παραδόξων_συναγωγή/g_2/1/41/text/1,https://opentheso.huma-num.fr/?idc=105468&idt=th310,nest,1,zoomathia_match
http://ns.inria.fr/zoomathia/ANTIGONUS/ἱστοριῶν_παραδόξων_συναγωγή/g_2/1/41/text/1,https://opentheso.huma-num.fr/?idc=pcrtbSBtDfFbDD&idt=th310,sophist,1,zoomathia_match
http://ns.inria.fr/zoomathia/ANTIGONUS/ἱστοριῶν_παραδόξων_συναγωγή/g_2/1/41/text/1,https://opentheso.huma-num.fr/?idc=105691&idt=th310,land,1,zoomathia_match
http://ns.inria.fr/zoomathia/ANTIGONUS/ἱστοριῶν_παραδόξων_συναγωγή/g_2/1/41/text/1,https://opentheso.huma-num.fr/?idc=105548&idt=th310,eggs,1,zoomathia_match
http://ns.inria.fr/zoomathia/ANTIGONUS/ἱστοριῶν_παραδόξων_συναγωγή/g_2/1/41/text/1,https://opentheso.huma-num.fr/?idc=pcrtSVdwKcS3MI&idt=th310,rocks,1,zoomathia_match
http://ns.inria.fr/zoomathia/ANTIGONUS/ἱστοριῶν_παραδόξων_συναγωγή/g_2/1/41/text/1,https://www.wikidata.org/wiki/Q720494,Herodorus,0.8601,wikidata
http://ns.inria.fr/zoomathia/ANTIGONUS/ἱστοριῶν_παραδόξων_συναγωγή/g_2/1/41/text/1,https://www.wikidata.org/wiki/Q2927235,Bryson,0.5068,wikidata
http://ns.inria.fr/zoomathia/ANTIGONUS/ἱστοριῶν_παραδόξων_συναγωγή/g_2/1/41/text/1,http://dbpedia.org/resource/Offspring,young,0.48228967451673627,DBpedia
http://ns.inria.fr/zoomathia/ANTIGONUS/ἱστοριῶν_παραδόξων_συναγωγή/g_2/1/41/text/1,http://dbpedia.org/resource/Vulture,vulture,0.9755237663292062,DBpedia
http://ns.inria.fr/zoomathia/ANTIGONUS/ἱστοριῶν_παραδόξων_συναγωγή/g_2/1/41/text/1,http://dbpedia.org/resource/Bird_nest,nest,0.8506845664150302,DBpedia
http://ns.inria.fr/zoomathia/ANTIGONUS/ἱστοριῶν_παραδόξων_συναγωγή/g_2/1/41/text/1,http://dbpedia.org/resource/Herodorus,Herodorus,0.9999999956119154,DBpedia
http://ns.inria.fr/zoomathia/ANTIGONUS/ἱστοριῶν_παραδόξων_συναγωγή/g_2/1/41/text/1,http://dbpedia.org/resource/Father,father,0.9992290261422522,DBpedia
http://ns.inria.fr/zoomathia/ANTIGONUS/ἱστοριῶν_παραδόξων_συναγωγή/g_2/1/41/text/1,http://dbpedia.org/resource/Arthur_E._Bryson,Bryson,0.3345703933871695,DBpedia
http://ns.inria.fr/zoomathia/ANTIGONUS/ἱστοριῶν_παραδόξων_συναγωγή/g_2/1/41/text/1,http://dbpedia.org/resource/Secondary_school,high,0.9419056710480215,DBpedia
http://ns.inria.fr/zoomathia/ANTIGONUS/ἱστοριῶν_παραδόξων_συναγωγή/g_2/1/41/text/1,http://dbpedia.org/resource/Ecoregion,land,0.6380865834321511,DBpedia
http://ns.inria.fr/zoomathia/ANTIGONUS/ἱστοριῶν_παραδόξων_συναγωγή/g_2/1/41/text/1,http://dbpedia.org/resource/Egg,eggs,0.8464742890398302,DBpedia
http://ns.inria.fr/zoomathia/ANTIGONUS/ἱστοριῶν_παραδόξων_συναγωγή/g_2/1/41/text/1,http://dbpedia.org/resource/Islet,rocks,0.5162632837838316,DBpedia
http://ns.inria.fr/zoomathia/ANTIGONUS/ἱστοριῶν_παραδόξων_συναγωγή/g_2/1/42/text/1,https://opentheso.huma-num.fr/?idc=108243&idt=th310,cinnamon,1,zoomathia_match
http://ns.inria.fr/zoomathia/ANTIGONUS/ἱστοριῶν_παραδόξων_συναγωγή/g_2/1/42/text/1,https://opentheso.huma-num.fr/?idc=pcrt0TJJTrHkN1&idt=th310,spice,1,zoomathia_match
http://ns.inria.fr/zoomathia/ANTIGONUS/ἱστοριῶν_παραδόξων_συναγωγή/g_2/1/42/text/1,https://opentheso.huma-num.fr/?idc=105468&idt=th310,nest,1,zoomathia_match
http://ns.inria.fr/zoomathia/ANTIGONUS/ἱστοριῶν_παραδόξων_συναγωγή/g_2/1/42/text/1,https://opentheso.huma-num.fr/?idc=105468&idt=th310,nests,1,zoomathia_match
http://ns.inria.fr/zoomathia/ANTIGONUS/ἱστοριῶν_παραδόξων_συναγωγή/g_2/1/42/text/1,https://opentheso.huma-num.fr/?idc=107538&idt=th310,trees,1,zoomathia_match
http://ns.inria.fr/zoomathia/ANTIGONUS/ἱστοριῶν_παραδόξων_συναγωγή/g_2/1/42/text/1,https://opentheso.huma-num.fr/?idc=pcrtEpGlZykUTy&idt=th310,lead,1,zoomathia_match
http://ns.inria.fr/zoomathia/ANTIGONUS/ἱστοριῶν_παραδόξων_συναγωγή/g_2/1/42/text/1,https://opentheso.huma-num.fr/?idc=105468&idt=th310,nests,1,zoomathia_match
http://ns.inria.fr/zoomathia/ANTIGONUS/ἱστοριῶν_παραδόξων_συναγωγή/g_2/1/42/text/1,http://dbpedia.org/resource/Cinnamon,cinnamon,0.9987986313533607,DBpedia
http://ns.inria.fr/zoomathia/ANTIGONUS/ἱστοριῶν_παραδόξων_συναγωγή/g_2/1/42/text/1,http://dbpedia.org/resource/Reference,refers,0.9999873575421763,DBpedia
http://ns.inria.fr/zoomathia/ANTIGONUS/ἱστοριῶν_παραδόξων_συναγωγή/g_2/1/42/text/1,http://dbpedia.org/resource/Bird,bird,0.9999853957451754,DBpedia
http://ns.inria.fr/zoomathia/ANTIGONUS/ἱστοριῶν_παραδόξων_συναγωγή/g_2/1/42/text/1,http://dbpedia.org/resource/Portage,carries,0.9238533256392147,DBpedia
http://ns.inria.fr/zoomathia/ANTIGONUS/ἱστοριῶν_παραδόξων_συναγωγή/g_2/1/42/text/1,http://dbpedia.org/resource/Spice,spice,0.9997604688249202,DBpedia
http://ns.inria.fr/zoomathia/ANTIGONUS/ἱστοριῶν_παραδόξων_συναγωγή/g_2/1/42/text/1,http://dbpedia.org/resource/Bird_nest,nest,0.7667965947897534,DBpedia
http://ns.inria.fr/zoomathia/ANTIGONUS/ἱστοριῶν_παραδόξων_συναγωγή/g_2/1/42/text/1,http://dbpedia.org/resource/Bird_nest,nests,0.9278127799653912,DBpedia
http://ns.inria.fr/zoomathia/ANTIGONUS/ἱστοριῶν_παραδόξων_συναγωγή/g_2/1/42/text/1,http://dbpedia.org/resource/Secondary_school,high,0.8648996008824215,DBpedia
http://ns.inria.fr/zoomathia/ANTIGONUS/ἱστοριῶν_παραδόξων_συναγωγή/g_2/1/42/text/1,http://dbpedia.org/resource/Tree,trees,0.9998813070676403,DBpedia
http://ns.inria.fr/zoomathia/ANTIGONUS/ἱστοριῶν_παραδόξων_συναγωγή/g_2/1/42/text/1,http://dbpedia.org/resource/Local_union,locals,0.6458414461091782,DBpedia
http://ns.inria.fr/zoomathia/ANTIGONUS/ἱστοριῶν_παραδόξων_συναγωγή/g_2/1/42/text/1,http://dbpedia.org/resource/Arrow,arrows,0.6755997670596208,DBpedia
http://ns.inria.fr/zoomathia/ANTIGONUS/ἱστοριῶν_παραδόξων_συναγωγή/g_2/1/42/text/1,http://dbpedia.org/resource/Lead,lead,0.9669294984809215,DBpedia
http://ns.inria.fr/zoomathia/ANTIGONUS/ἱστοριῶν_παραδόξων_συναγωγή/g_2/1/42/text/1,http://dbpedia.org/resource/Shoot,shoot,0.9190993685296027,DBpedia
http://ns.inria.fr/zoomathia/ANTIGONUS/ἱστοριῶν_παραδόξων_συναγωγή/g_2/1/42/text/1,http://dbpedia.org/resource/Control_flow,break,0.44015992186069997,DBpedia
http://ns.inria.fr/zoomathia/ANTIGONUS/ἱστοριῶν_παραδόξων_συναγωγή/g_2/1/42/text/1,http://dbpedia.org/resource/Bird_nest,nests,0.9278127799653912,DBpedia
http://ns.inria.fr/zoomathia/ANTIGONUS/ἱστοριῶν_παραδόξων_συναγωγή/g_2/1/43/text/1,https://opentheso.huma-num.fr/?idc=108165&idt=th310,cuckoo,1,zoomathia_match
http://ns.inria.fr/zoomathia/ANTIGONUS/ἱστοριῶν_παραδόξων_συναγωγή/g_2/1/43/text/1,https://opentheso.huma-num.fr/?idc=105468&idt=th310,nests,1,zoomathia_match
http://ns.inria.fr/zoomathia/ANTIGONUS/ἱστοριῶν_παραδόξων_συναγωγή/g_2/1/43/text/1,https://opentheso.huma-num.fr/?idc=105416&idt=th310,cowardice,1,zoomathia_match
http://ns.inria.fr/zoomathia/ANTIGONUS/ἱστοριῶν_παραδόξων_συναγωγή/g_2/1/43/text/1,https://opentheso.huma-num.fr/?idc=108165&idt=th310,cuckoos,1,zoomathia_match
http://ns.inria.fr/zoomathia/ANTIGONUS/ἱστοριῶν_παραδόξων_συναγωγή/g_2/1/43/text/1,https://opentheso.huma-num.fr/?idc=105174&idt=th310,feathers,1,zoomathia_match
http://ns.inria.fr/zoomathia/ANTIGONUS/ἱστοριῶν_παραδόξων_συναγωγή/g_2/1/43/text/1,https://opentheso.huma-num.fr/?idc=pcrt3L8yViugRX&idt=th310,throw,1,zoomathia_match
http://ns.inria.fr/zoomathia/ANTIGONUS/ἱστοριῶν_παραδόξων_συναγωγή/g_2/1/43/text/1,https://opentheso.huma-num.fr/?idc=108165&idt=th310,cuckoo,1,zoomathia_match
http://ns.inria.fr/zoomathia/ANTIGONUS/ἱστοριῶν_παραδόξων_συναγωγή/g_2/1/43/text/1,http://dbpedia.org/resource/The_Cuckoo_(song),The cuckoo,0.5757446616807413,DBpedia
http://ns.inria.fr/zoomathia/ANTIGONUS/ἱστοριῶν_παραδόξων_συναγωγή/g_2/1/43/text/1,http://dbpedia.org/resource/Quarterback_sneak,sneak,0.9056182614694023,DBpedia
http://ns.inria.fr/zoomathia/ANTIGONUS/ἱστοριῶν_παραδόξων_συναγωγή/g_2/1/43/text/1,http://dbpedia.org/resource/Offspring,young,0.9929246505522122,DBpedia
http://ns.inria.fr/zoomathia/ANTIGONUS/ἱστοριῶν_παραδόξων_συναγωγή/g_2/1/43/text/1,http://dbpedia.org/resource/Bird,birds,0.9983531936918643,DBpedia
http://ns.inria.fr/zoomathia/ANTIGONUS/ἱστοριῶν_παραδόξων_συναγωγή/g_2/1/43/text/1,http://dbpedia.org/resource/Cowardice,cowardice,0.9999999967756139,DBpedia
http://ns.inria.fr/zoomathia/ANTIGONUS/ἱστοριῶν_παραδόξων_συναγωγή/g_2/1/43/text/1,http://dbpedia.org/resource/Military,defend,0.5310690707681704,DBpedia
http://ns.inria.fr/zoomathia/ANTIGONUS/ἱστοριῶν_παραδόξων_συναγωγή/g_2/1/43/text/1,http://dbpedia.org/resource/Cuckoo,cuckoos,0.9996641437889866,DBpedia
http://ns.inria.fr/zoomathia/ANTIGONUS/ἱστοριῶν_παραδόξων_συναγωγή/g_2/1/43/text/1,http://dbpedia.org/resource/Feather,feathers,0.9998517256023169,DBpedia
http://ns.inria.fr/zoomathia/ANTIGONUS/ἱστοριῶν_παραδόξων_συναγωγή/g_2/1/43/text/1,http://dbpedia.org/resource/Pizzicato,plucked,0.9468763145534126,DBpedia
http://ns.inria.fr/zoomathia/ANTIGONUS/ἱστοριῶν_παραδόξων_συναγωγή/g_2/1/43/text/1,http://dbpedia.org/resource/Bird,birds,0.9983531936918643,DBpedia
http://ns.inria.fr/zoomathia/ANTIGONUS/ἱστοριῶν_παραδόξων_συναγωγή/g_2/1/43/text/1,http://dbpedia.org/resource/Bird,birds,0.9983531936918643,DBpedia
http://ns.inria.fr/zoomathia/ANTIGONUS/ἱστοριῶν_παραδόξων_συναγωγή/g_2/1/43/text/1,http://dbpedia.org/resource/Offspring,young,0.9929246505522122,DBpedia
http://ns.inria.fr/zoomathia/ANTIGONUS/ἱστοριῶν_παραδόξων_συναγωγή/g_2/1/43/text/1,http://dbpedia.org/resource/Beauty,beautiful,0.9997966069825255,DBpedia
http://ns.inria.fr/zoomathia/ANTIGONUS/ἱστοριῶν_παραδόξων_συναγωγή/g_2/1/44/text/1,https://opentheso.huma-num.fr/?idc=105121&idt=th310,flies,1,zoomathia_match
http://ns.inria.fr/zoomathia/ANTIGONUS/ἱστοριῶν_παραδόξων_συναγωγή/g_2/1/44/text/1,https://opentheso.huma-num.fr/?idc=105383&idt=th310,flies,1,zoomathia_match
http://ns.inria.fr/zoomathia/ANTIGONUS/ἱστοριῶν_παραδόξων_συναγωγή/g_2/1/44/text/1,https://opentheso.huma-num.fr/?idc=105290&idt=th310,female,1,zoomathia_match
http://ns.inria.fr/zoomathia/ANTIGONUS/ἱστοριῶν_παραδόξων_συναγωγή/g_2/1/44/text/1,https://opentheso.huma-num.fr/?idc=pcrt3jcrAaRENB&idt=th310,goat,1,zoomathia_match
http://ns.inria.fr/zoomathia/ANTIGONUS/ἱστοριῶν_παραδόξων_συναγωγή/g_2/1/44/text/1,https://opentheso.huma-num.fr/?idc=105262&idt=th310,udder,1,zoomathia_match
http://ns.inria.fr/zoomathia/ANTIGONUS/ἱστοριῶν_παραδόξων_συναγωγή/g_2/1/44/text/1,https://opentheso.huma-num.fr/?idc=105155&idt=th310,feet,1,zoomathia_match
http://ns.inria.fr/zoomathia/ANTIGONUS/ἱστοριῶν_παραδόξων_συναγωγή/g_2/1/44/text/1,https://opentheso.huma-num.fr/?idc=pcrtEpGlZykUTy&idt=th310,led,1,zoomathia_match
http://ns.inria.fr/zoomathia/ANTIGONUS/ἱστοριῶν_παραδόξων_συναγωγή/g_2/1/44/text/1,https://www.wikidata.org/wiki/Q192417,Callimachus,0.4346,wikidata
http://ns.inria.fr/zoomathia/ANTIGONUS/ἱστοριῶν_παραδόξων_συναγωγή/g_2/1/44/text/1,https://www.wikidata.org/wiki/Q79,Egypt,0.4625,wikidata
http://ns.inria.fr/zoomathia/ANTIGONUS/ἱστοριῶν_παραδόξων_συναγωγή/g_2/1/44/text/1,https://www.wikidata.org/wiki/Q44384,Hephaestus,0.4424,wikidata
http://ns.inria.fr/zoomathia/ANTIGONUS/ἱστοριῶν_παραδόξων_συναγωγή/g_2/1/44/text/1,https://www.wikidata.org/wiki/Q192417,Callimachus,0.4346,wikidata
http://ns.inria.fr/zoomathia/ANTIGONUS/ἱστοριῶν_παραδόξων_συναγωγή/g_2/1/44/text/1,http://dbpedia.org/resource/Female,female,0.9994802179465994,DBpedia
http://ns.inria.fr/zoomathia/ANTIGONUS/ἱστοριῶν_παραδόξων_συναγωγή/g_2/1/44/text/1,http://dbpedia.org/resource/Goat,goat,0.9990182859696323,DBpedia
http://ns.inria.fr/zoomathia/ANTIGONUS/ἱστοριῶν_παραδόξων_συναγωγή/g_2/1/44/text/1,http://dbpedia.org/resource/Breastfeeding,suckles,1.0,DBpedia
http://ns.inria.fr/zoomathia/ANTIGONUS/ἱστοριῶν_παραδόξων_συναγωγή/g_2/1/44/text/1,http://dbpedia.org/resource/Fact,fact,0.9997694011574045,DBpedia
http://ns.inria.fr/zoomathia/ANTIGONUS/ἱστοριῶν_παραδόξων_συναγωγή/g_2/1/44/text/1,http://dbpedia.org/resource/Breastfeeding,suckles,1.0,DBpedia
http://ns.inria.fr/zoomathia/ANTIGONUS/ἱστοριῶν_παραδόξων_συναγωγή/g_2/1/44/text/1,http://dbpedia.org/resource/Udder,udder,1.0,DBpedia
http://ns.inria.fr/zoomathia/ANTIGONUS/ἱστοριῶν_παραδόξων_συναγωγή/g_2/1/44/text/1,http://dbpedia.org/resource/Visual_impairment,blind,0.98654088569693,DBpedia
http://ns.inria.fr/zoomathia/ANTIGONUS/ἱστοριῶν_παραδόξων_συναγωγή/g_2/1/44/text/1,http://dbpedia.org/resource/Bird,bird,0.9992649192650902,DBpedia
http://ns.inria.fr/zoomathia/ANTIGONUS/ἱστοριῶν_παραδόξων_συναγωγή/g_2/1/44/text/1,http://dbpedia.org/resource/Limp,lame,0.9999068963443747,DBpedia
http://ns.inria.fr/zoomathia/ANTIGONUS/ἱστοριῶν_παραδόξων_συναγωγή/g_2/1/44/text/1,http://dbpedia.org/resource/Callimachus,Callimachus,1.0,DBpedia
http://ns.inria.fr/zoomathia/ANTIGONUS/ἱστοριῶν_παραδόξων_συναγωγή/g_2/1/44/text/1,http://dbpedia.org/resource/Ptolemaic_Kingdom,Egypt,0.39567609465196435,DBpedia
http://ns.inria.fr/zoomathia/ANTIGONUS/ἱστοριῶν_παραδόξων_συναγωγή/g_2/1/44/text/1,http://dbpedia.org/resource/Wishing_(DJ_Drama_song),wishing,0.5818137906602219,DBpedia
http://ns.inria.fr/zoomathia/ANTIGONUS/ἱστοριῶν_παραδόξων_συναγωγή/g_2/1/44/text/1,http://dbpedia.org/resource/Bird,bird,0.9992649192650902,DBpedia
http://ns.inria.fr/zoomathia/ANTIGONUS/ἱστοριῶν_παραδόξων_συναγωγή/g_2/1/44/text/1,http://dbpedia.org/resource/Wikipedia,account,0.5711485298317955,DBpedia
http://ns.inria.fr/zoomathia/ANTIGONUS/ἱστοριῶν_παραδόξων_συναγωγή/g_2/1/44/text/1,http://dbpedia.org/resource/Confirmation,confirmed,0.9877822814943863,DBpedia
http://ns.inria.fr/zoomathia/ANTIGONUS/ἱστοριῶν_παραδόξων_συναγωγή/g_2/1/44/text/1,http://dbpedia.org/resource/Limp,lame,0.9999068963443747,DBpedia
http://ns.inria.fr/zoomathia/ANTIGONUS/ἱστοριῶν_παραδόξων_συναγωγή/g_2/1/44/text/1,http://dbpedia.org/resource/Type_species,type,0.9580902833612198,DBpedia
http://ns.inria.fr/zoomathia/ANTIGONUS/ἱστοριῶν_παραδόξων_συναγωγή/g_2/1/44/text/1,http://dbpedia.org/resource/Connexionalism,connexion,0.9999999997816076,DBpedia
http://ns.inria.fr/zoomathia/ANTIGONUS/ἱστοριῶν_παραδόξων_συναγωγή/g_2/1/44/text/1,http://dbpedia.org/resource/Hephaestus,Hephaestus,0.9999999999967031,DBpedia
http://ns.inria.fr/zoomathia/ANTIGONUS/ἱστοριῶν_παραδόξων_συναγωγή/g_2/1/44/text/1,http://dbpedia.org/resource/Lamedh,lamed,0.9999999999920419,DBpedia
http://ns.inria.fr/zoomathia/ANTIGONUS/ἱστοριῶν_παραδόξων_συναγωγή/g_2/1/44/text/1,http://dbpedia.org/resource/Arthropod_leg,limbs,0.9992774799038658,DBpedia
http://ns.inria.fr/zoomathia/ANTIGONUS/ἱστοριῶν_παραδόξων_συναγωγή/g_2/1/44/text/1,http://dbpedia.org/resource/Light-emitting_diode,led,0.999159280327575,DBpedia
http://ns.inria.fr/zoomathia/ANTIGONUS/ἱστοριῶν_παραδόξων_συναγωγή/g_2/1/44/text/1,http://dbpedia.org/resource/Speech,speak,0.96434997849872,DBpedia
http://ns.inria.fr/zoomathia/ANTIGONUS/ἱστοριῶν_παραδόξων_συναγωγή/g_2/1/44/text/1,http://dbpedia.org/resource/Callimachus,Callimachus,1.0,DBpedia
http://ns.inria.fr/zoomathia/ANTIGONUS/ἱστοριῶν_παραδόξων_συναγωγή/g_2/1/45/text/1,https://opentheso.huma-num.fr/?idc=pcrt6ccLQhgjJq&idt=th310,Aristotle,1,zoomathia_match
http://ns.inria.fr/zoomathia/ANTIGONUS/ἱστοριῶν_παραδόξων_συναγωγή/g_2/1/45/text/1,https://opentheso.huma-num.fr/?idc=pcrttto0QeS1er&idt=th310,eagle,1,zoomathia_match
http://ns.inria.fr/zoomathia/ANTIGONUS/ἱστοριῶν_παραδόξων_συναγωγή/g_2/1/45/text/1,https://opentheso.huma-num.fr/?idc=105137&idt=th310,beak,1,zoomathia_match
http://ns.inria.fr/zoomathia/ANTIGONUS/ἱστοριῶν_παραδόξων_συναγωγή/g_2/1/45/text/1,https://opentheso.huma-num.fr/?idc=108058&idt=th310,starvation,1,zoomathia_match
http://ns.inria.fr/zoomathia/ANTIGONUS/ἱστοριῶν_παραδόξων_συναγωγή/g_2/1/45/text/1,https://opentheso.huma-num.fr/?idc=108042&idt=th310,vulture,1,zoomathia_match
http://ns.inria.fr/zoomathia/ANTIGONUS/ἱστοριῶν_παραδόξων_συναγωγή/g_2/1/45/text/1,https://opentheso.huma-num.fr/?idc=pcrtc1ReiRiJUd&idt=th310,cast,1,zoomathia_match
http://ns.inria.fr/zoomathia/ANTIGONUS/ἱστοριῶν_παραδόξων_συναγωγή/g_2/1/45/text/1,https://opentheso.huma-num.fr/?idc=pcrttto0QeS1er&idt=th310,eagle,1,zoomathia_match
http://ns.inria.fr/zoomathia/ANTIGONUS/ἱστοριῶν_παραδόξων_συναγωγή/g_2/1/45/text/1,https://opentheso.huma-num.fr/?idc=pcrtbnf4dSz1IR&idt=th310,sun,1,zoomathia_match
http://ns.inria.fr/zoomathia/ANTIGONUS/ἱστοριῶν_παραδόξων_συναγωγή/g_2/1/45/text/1,https://opentheso.huma-num.fr/?idc=105128&idt=th310,eyes,1,zoomathia_match
http://ns.inria.fr/zoomathia/ANTIGONUS/ἱστοριῶν_παραδόξων_συναγωγή/g_2/1/45/text/1,https://opentheso.huma-num.fr/?idc=pcrthTAMawVNg8&idt=th310,face,1,zoomathia_match
http://ns.inria.fr/zoomathia/ANTIGONUS/ἱστοριῶν_παραδόξων_συναγωγή/g_2/1/45/text/1,https://opentheso.huma-num.fr/?idc=106018&idt=th310,face,1,zoomathia_match
http://ns.inria.fr/zoomathia/ANTIGONUS/ἱστοριῶν_παραδόξων_συναγωγή/g_2/1/45/text/1,https://opentheso.huma-num.fr/?idc=pcrtbnf4dSz1IR&idt=th310,sun,1,zoomathia_match
http://ns.inria.fr/zoomathia/ANTIGONUS/ἱστοριῶν_παραδόξων_συναγωγή/g_2/1/45/text/1,https://www.wikidata.org/wiki/Q868,Aristotle,0.9074,wikidata
http://ns.inria.fr/zoomathia/ANTIGONUS/ἱστοριῶν_παραδόξων_συναγωγή/g_2/1/45/text/1,http://dbpedia.org/resource/Aristotle,Aristotle,0.9999966990866279,DBpedia
http://ns.inria.fr/zoomathia/ANTIGONUS/ἱστοριῶν_παραδόξων_συναγωγή/g_2/1/45/text/1,http://dbpedia.org/resource/Population_growth,grows,0.9830534337613686,DBpedia
http://ns.inria.fr/zoomathia/ANTIGONUS/ἱστοριῶν_παραδόξων_συναγωγή/g_2/1/45/text/1,http://dbpedia.org/resource/Beak,beak,0.9999999813892944,DBpedia
http://ns.inria.fr/zoomathia/ANTIGONUS/ἱστοριῶν_παραδόξων_συναγωγή/g_2/1/45/text/1,http://dbpedia.org/resource/Population_growth,grows,0.9830534337613686,DBpedia
http://ns.inria.fr/zoomathia/ANTIGONUS/ἱστοριῶν_παραδόξων_συναγωγή/g_2/1/45/text/1,http://dbpedia.org/resource/Curve,curves,0.7434123794229234,DBpedia
http://ns.inria.fr/zoomathia/ANTIGONUS/ἱστοριῶν_παραδόξων_συναγωγή/g_2/1/45/text/1,http://dbpedia.org/resource/Exception_handling_syntax,finally,0.9674606078975632,DBpedia
http://ns.inria.fr/zoomathia/ANTIGONUS/ἱστοριῶν_παραδόξων_συναγωγή/g_2/1/45/text/1,http://dbpedia.org/resource/Death,dies,0.998873017557257,DBpedia
http://ns.inria.fr/zoomathia/ANTIGONUS/ἱστοριῶν_παραδόξων_συναγωγή/g_2/1/45/text/1,http://dbpedia.org/resource/Starvation,starvation,0.9999990311802239,DBpedia
http://ns.inria.fr/zoomathia/ANTIGONUS/ἱστοριῶν_παραδόξων_συναγωγή/g_2/1/45/text/1,http://dbpedia.org/resource/New_York_(magazine),The vulture,0.8655883869435187,DBpedia
http://ns.inria.fr/zoomathia/ANTIGONUS/ἱστοριῶν_παραδόξων_συναγωγή/g_2/1/45/text/1,http://dbpedia.org/resource/Offspring,young,0.9111822988930268,DBpedia
http://ns.inria.fr/zoomathia/ANTIGONUS/ἱστοριῶν_παραδόξων_συναγωγή/g_2/1/45/text/1,http://dbpedia.org/resource/Steel_casting,cast,0.648228365801816,DBpedia
http://ns.inria.fr/zoomathia/ANTIGONUS/ἱστοριῶν_παραδόξων_συναγωγή/g_2/1/45/text/1,http://dbpedia.org/resource/Offspring,young,0.9111822988930268,DBpedia
http://ns.inria.fr/zoomathia/ANTIGONUS/ἱστοριῶν_παραδόξων_συναγωγή/g_2/1/45/text/1,http://dbpedia.org/resource/Sun,sun,0.9990207972722305,DBpedia
http://ns.inria.fr/zoomathia/ANTIGONUS/ἱστοριῶν_παραδόξων_συναγωγή/g_2/1/45/text/1,http://dbpedia.org/resource/Eye,eyes,0.9755968707967616,DBpedia
http://ns.inria.fr/zoomathia/ANTIGONUS/ἱστοριῶν_παραδόξων_συναγωγή/g_2/1/45/text/1,http://dbpedia.org/resource/Face,face,0.995084492841719,DBpedia
http://ns.inria.fr/zoomathia/ANTIGONUS/ἱστοριῶν_παραδόξων_συναγωγή/g_2/1/45/text/1,http://dbpedia.org/resource/Sun,sun,0.9990207972722305,DBpedia
http://ns.inria.fr/zoomathia/ANTIGONUS/ἱστοριῶν_παραδόξων_συναγωγή/g_2/1/45/text/1,http://dbpedia.org/resource/Volleyball,kills,0.9295373346701625,DBpedia
http://ns.inria.fr/zoomathia/ANTIGONUS/ἱστοριῶν_παραδόξων_συναγωγή/g_2/1/47/text/1,https://opentheso.huma-num.fr/?idc=pcrtSGYXpNbhwF&idt=th310,foxes,1,zoomathia_match
http://ns.inria.fr/zoomathia/ANTIGONUS/ἱστοριῶν_παραδόξων_συναγωγή/g_2/1/47/text/1,https://opentheso.huma-num.fr/?idc=105253&idt=th310,sense,1,zoomathia_match
http://ns.inria.fr/zoomathia/ANTIGONUS/ἱστοριῶν_παραδόξων_συναγωγή/g_2/1/47/text/1,https://opentheso.huma-num.fr/?idc=pcrtxWLeS2I4TG&idt=th310,fish-hook,1,zoomathia_match
http://ns.inria.fr/zoomathia/ANTIGONUS/ἱστοριῶν_παραδόξων_συναγωγή/g_2/1/47/text/1,https://opentheso.huma-num.fr/?idc=pcrtHEc4SsdjMV&idt=th310,hook,1,zoomathia_match
http://ns.inria.fr/zoomathia/ANTIGONUS/ἱστοριῶν_παραδόξων_συναγωγή/g_2/1/47/text/1,https://opentheso.huma-num.fr/?idc=105616&idt=th310,bite,1,zoomathia_match
http://ns.inria.fr/zoomathia/ANTIGONUS/ἱστοριῶν_παραδόξων_συναγωγή/g_2/1/47/text/1,http://dbpedia.org/resource/Fox,foxes,0.889523795164627,DBpedia
http://ns.inria.fr/zoomathia/ANTIGONUS/ἱστοριῶν_παραδόξων_συναγωγή/g_2/1/47/text/1,http://dbpedia.org/resource/Swallowing,swallowed,0.999999938549225,DBpedia
http://ns.inria.fr/zoomathia/ANTIGONUS/ἱστοριῶν_παραδόξων_συναγωγή/g_2/1/47/text/1,http://dbpedia.org/resource/Biting,bite,0.9471711969430554,DBpedia
http://ns.inria.fr/zoomathia/ANTIGONUS/ἱστοριῶν_παραδόξων_συναγωγή/g_2/1/48/text/1,https://opentheso.huma-num.fr/?idc=107057&idt=th310,octopus,1,zoomathia_match
http://ns.inria.fr/zoomathia/ANTIGONUS/ἱστοριῶν_παραδόξων_συναγωγή/g_2/1/48/text/1,https://opentheso.huma-num.fr/?idc=pcrtc1ReiRiJUd&idt=th310,cast,1,zoomathia_match
http://ns.inria.fr/zoomathia/ANTIGONUS/ἱστοριῶν_παραδόξων_συναγωγή/g_2/1/48/text/1,http://dbpedia.org/resource/Octopus,The octopus,0.9999999999906208,DBpedia
http://ns.inria.fr/zoomathia/ANTIGONUS/ἱστοριῶν_παραδόξων_συναγωγή/g_2/1/48/text/1,http://dbpedia.org/resource/Put_option,puts,0.9999547219357761,DBpedia
http://ns.inria.fr/zoomathia/ANTIGONUS/ἱστοριῶν_παραδόξων_συναγωγή/g_2/1/48/text/1,http://dbpedia.org/resource/Food,food,0.9965830420960311,DBpedia
http://ns.inria.fr/zoomathia/ANTIGONUS/ἱστοριῶν_παραδόξων_συναγωγή/g_2/1/48/text/1,http://dbpedia.org/resource/Burrow,den,0.9999997311104856,DBpedia
http://ns.inria.fr/zoomathia/ANTIGONUS/ἱστοριῶν_παραδόξων_συναγωγή/g_2/1/48/text/1,http://dbpedia.org/resource/Usability,usable,0.9999999750086207,DBpedia
http://ns.inria.fr/zoomathia/ANTIGONUS/ἱστοριῶν_παραδόξων_συναγωγή/g_2/1/48/text/1,http://dbpedia.org/resource/Bit,bits,0.9998950568998809,DBpedia
http://ns.inria.fr/zoomathia/ANTIGONUS/ἱστοριῶν_παραδόξων_συναγωγή/g_2/1/48/text/1,http://dbpedia.org/resource/Scavenger,consumed,0.996110432214378,DBpedia
http://ns.inria.fr/zoomathia/ANTIGONUS/ἱστοριῶν_παραδόξων_συναγωγή/g_2/1/48/text/1,http://dbpedia.org/resource/Romani_diaspora,expels,0.8700554896329646,DBpedia
http://ns.inria.fr/zoomathia/ANTIGONUS/ἱστοριῶν_παραδόξων_συναγωγή/g_2/1/48/text/1,http://dbpedia.org/resource/Unusable_(film),unusable,0.8350665558223482,DBpedia
http://ns.inria.fr/zoomathia/ANTIGONUS/ἱστοριῶν_παραδόξων_συναγωγή/g_2/1/48/text/1,http://dbpedia.org/resource/Predation,preys,0.9999999999998295,DBpedia
http://ns.inria.fr/zoomathia/ANTIGONUS/ἱστοριῶν_παραδόξων_συναγωγή/g_2/1/48/text/1,http://dbpedia.org/resource/Fish,fish,0.9998824156299438,DBpedia
http://ns.inria.fr/zoomathia/ANTIGONUS/ἱστοριῶν_παραδόξων_συναγωγή/g_2/1/48/text/1,http://dbpedia.org/resource/Poultry_feed,feed,0.5114222054386096,DBpedia
http://ns.inria.fr/zoomathia/ANTIGONUS/ἱστοριῶν_παραδόξων_συναγωγή/g_2/1/48/text/1,http://dbpedia.org/resource/Metamorphosis,changing,0.9999924702571386,DBpedia
http://ns.inria.fr/zoomathia/ANTIGONUS/ἱστοριῶν_παραδόξων_συναγωγή/g_2/1/48/text/1,http://dbpedia.org/resource/Color,colour,0.9992206771657498,DBpedia
http://ns.inria.fr/zoomathia/ANTIGONUS/ἱστοριῶν_παραδόξων_συναγωγή/g_2/1/48/text/1,http://dbpedia.org/resource/SoltyRei,resemble,0.9904110086030935,DBpedia
http://ns.inria.fr/zoomathia/ANTIGONUS/ἱστοριῶν_παραδόξων_συναγωγή/g_2/1/48/text/1,http://dbpedia.org/resource/Gastrolith,stones,0.9601643804307488,DBpedia
http://ns.inria.fr/zoomathia/ANTIGONUS/ἱστοριῶν_παραδόξων_συναγωγή/g_2/1/49/text/1,https://opentheso.huma-num.fr/?idc=107237&idt=th310,nautilus,1,zoomathia_match
http://ns.inria.fr/zoomathia/ANTIGONUS/ἱστοριῶν_παραδόξων_συναγωγή/g_2/1/49/text/1,https://opentheso.huma-num.fr/?idc=107057&idt=th310,octopus,1,zoomathia_match
http://ns.inria.fr/zoomathia/ANTIGONUS/ἱστοριῶν_παραδόξων_συναγωγή/g_2/1/49/text/1,https://opentheso.huma-num.fr/?idc=105176&idt=th310,shell,1,zoomathia_match
http://ns.inria.fr/zoomathia/ANTIGONUS/ἱστοριῶν_παραδόξων_συναγωγή/g_2/1/49/text/1,https://opentheso.huma-num.fr/?idc=105176&idt=th310,shell,1,zoomathia_match
http://ns.inria.fr/zoomathia/ANTIGONUS/ἱστοριῶν_παραδόξων_συναγωγή/g_2/1/49/text/1,https://opentheso.huma-num.fr/?idc=pcrtmDqe8H6RNF&idt=th310,point,1,zoomathia_match
http://ns.inria.fr/zoomathia/ANTIGONUS/ἱστοριῶν_παραδόξων_συναγωγή/g_2/1/49/text/1,https://opentheso.huma-num.fr/?idc=pcrtEZtdnlGSe0&idt=th310,oars,1,zoomathia_match
http://ns.inria.fr/zoomathia/ANTIGONUS/ἱστοριῶν_παραδόξων_συναγωγή/g_2/1/49/text/1,http://dbpedia.org/resource/Nautilus,nautilus,0.9999999983684802,DBpedia
http://ns.inria.fr/zoomathia/ANTIGONUS/ἱστοριῶν_παραδόξων_συναγωγή/g_2/1/49/text/1,http://dbpedia.org/resource/Gastropod_shell,shell,0.7203143347064095,DBpedia
http://ns.inria.fr/zoomathia/ANTIGONUS/ἱστοριῶν_παραδόξων_συναγωγή/g_2/1/49/text/1,http://dbpedia.org/resource/Shapeshifting,turns,0.5348339395748811,DBpedia
http://ns.inria.fr/zoomathia/ANTIGONUS/ἱστοριῶν_παραδόξων_συναγωγή/g_2/1/49/text/1,http://dbpedia.org/resource/Ascending_colon,ascending,0.9072291171252668,DBpedia
http://ns.inria.fr/zoomathia/ANTIGONUS/ἱστοριῶν_παραδόξων_συναγωγή/g_2/1/49/text/1,http://dbpedia.org/resource/Marine_propulsion,propelled,0.9999999682796107,DBpedia
http://ns.inria.fr/zoomathia/ANTIGONUS/ἱστοριῶν_παραδόξων_συναγωγή/g_2/1/49/text/1,http://dbpedia.org/resource/Genealogy,descends,0.9999978298985425,DBpedia
http://ns.inria.fr/zoomathia/ANTIGONUS/ἱστοριῶν_παραδόξων_συναγωγή/g_2/1/49/text/1,http://dbpedia.org/resource/Obverse_and_reverse,reverses,0.9999916855879333,DBpedia
http://ns.inria.fr/zoomathia/ANTIGONUS/ἱστοριῶν_παραδόξων_συναγωγή/g_2/1/49/text/1,http://dbpedia.org/resource/Gastropod_shell,shell,0.7203143347064095,DBpedia
http://ns.inria.fr/zoomathia/ANTIGONUS/ἱστοριῶν_παραδόξων_συναγωγή/g_2/1/49/text/1,http://dbpedia.org/resource/Degree_of_a_polynomial,degree,0.5537846371522848,DBpedia
http://ns.inria.fr/zoomathia/ANTIGONUS/ἱστοριῶν_παραδόξων_συναγωγή/g_2/1/49/text/1,http://dbpedia.org/resource/Webbing,webbing,0.9242055617593202,DBpedia
http://ns.inria.fr/zoomathia/ANTIGONUS/ἱστοριῶν_παραδόξων_συναγωγή/g_2/1/49/text/1,http://dbpedia.org/resource/Membrane,membrane,0.8802293771473374,DBpedia
http://ns.inria.fr/zoomathia/ANTIGONUS/ἱστοριῶν_παραδόξων_συναγωγή/g_2/1/49/text/1,http://dbpedia.org/resource/Tentacle,tentacles,0.7983266968942768,DBpedia
http://ns.inria.fr/zoomathia/ANTIGONUS/ἱστοριῶν_παραδόξων_συναγωγή/g_2/1/49/text/1,http://dbpedia.org/resource/Peninsula,point,0.648252835111301,DBpedia
http://ns.inria.fr/zoomathia/ANTIGONUS/ἱστοριῶν_παραδόξων_συναγωγή/g_2/1/49/text/1,http://dbpedia.org/resource/Wind,breeze,0.9696912033563554,DBpedia
http://ns.inria.fr/zoomathia/ANTIGONUS/ἱστοριῶν_παραδόξων_συναγωγή/g_2/1/49/text/1,http://dbpedia.org/resource/Sail,sail,0.9998839311381837,DBpedia
http://ns.inria.fr/zoomathia/ANTIGONUS/ἱστοριῶν_παραδόξων_συναγωγή/g_2/1/49/text/1,http://dbpedia.org/resource/Tentacle,tentacles,0.7983266968942768,DBpedia
http://ns.inria.fr/zoomathia/ANTIGONUS/ἱστοριῶν_παραδόξων_συναγωγή/g_2/1/50/text/1,https://opentheso.huma-num.fr/?idc=pcrtnpPag9iONJ&idt=th310,bees,1,zoomathia_match
http://ns.inria.fr/zoomathia/ANTIGONUS/ἱστοριῶν_παραδόξων_συναγωγή/g_2/1/50/text/1,https://opentheso.huma-num.fr/?idc=107634&idt=th310,smoke,1,zoomathia_match
http://ns.inria.fr/zoomathia/ANTIGONUS/ἱστοριῶν_παραδόξων_συναγωγή/g_2/1/50/text/1,https://opentheso.huma-num.fr/?idc=105649&idt=th310,time,1,zoomathia_match
http://ns.inria.fr/zoomathia/ANTIGONUS/ἱστοριῶν_παραδόξων_συναγωγή/g_2/1/50/text/1,https://opentheso.huma-num.fr/?idc=105470&idt=th310,hive,1,zoomathia_match
http://ns.inria.fr/zoomathia/ANTIGONUS/ἱστοριῶν_παραδόξων_συναγωγή/g_2/1/50/text/1,https://opentheso.huma-num.fr/?idc=107538&idt=th310,trees,1,zoomathia_match
http://ns.inria.fr/zoomathia/ANTIGONUS/ἱστοριῶν_παραδόξων_συναγωγή/g_2/1/50/text/1,https://opentheso.huma-num.fr/?idc=107578&idt=th310,worker bees,1,zoomathia_match
http://ns.inria.fr/zoomathia/ANTIGONUS/ἱστοριῶν_παραδόξων_συναγωγή/g_2/1/50/text/1,https://opentheso.huma-num.fr/?idc=pcrtnpPag9iONJ&idt=th310,bees,1,zoomathia_match
http://ns.inria.fr/zoomathia/ANTIGONUS/ἱστοριῶν_παραδόξων_συναγωγή/g_2/1/50/text/1,https://opentheso.huma-num.fr/?idc=pcrtnpPag9iONJ&idt=th310,bees,1,zoomathia_match
http://ns.inria.fr/zoomathia/ANTIGONUS/ἱστοριῶν_παραδόξων_συναγωγή/g_2/1/50/text/1,https://opentheso.huma-num.fr/?idc=105470&idt=th310,hive,1,zoomathia_match
http://ns.inria.fr/zoomathia/ANTIGONUS/ἱστοριῶν_παραδόξων_συναγωγή/g_2/1/50/text/1,https://opentheso.huma-num.fr/?idc=pcrtnpPag9iONJ&idt=th310,bees,1,zoomathia_match
http://ns.inria.fr/zoomathia/ANTIGONUS/ἱστοριῶν_παραδόξων_συναγωγή/g_2/1/50/text/1,https://opentheso.huma-num.fr/?idc=pcrtnpPag9iONJ&idt=th310,bees,1,zoomathia_match
http://ns.inria.fr/zoomathia/ANTIGONUS/ἱστοριῶν_παραδόξων_συναγωγή/g_2/1/50/text/1,https://opentheso.huma-num.fr/?idc=pcrteddANclva4&idt=th310,gather,1,zoomathia_match
http://ns.inria.fr/zoomathia/ANTIGONUS/ἱστοριῶν_παραδόξων_συναγωγή/g_2/1/50/text/1,https://opentheso.huma-num.fr/?idc=105139&idt=th310,combs,1,zoomathia_match
http://ns.inria.fr/zoomathia/ANTIGONUS/ἱστοριῶν_παραδόξων_συναγωγή/g_2/1/50/text/1,https://opentheso.huma-num.fr/?idc=105402&idt=th310,smell,1,zoomathia_match
http://ns.inria.fr/zoomathia/ANTIGONUS/ἱστοριῶν_παραδόξων_συναγωγή/g_2/1/50/text/1,https://opentheso.huma-num.fr/?idc=105470&idt=th310,hive,1,zoomathia_match
http://ns.inria.fr/zoomathia/ANTIGONUS/ἱστοριῶν_παραδόξων_συναγωγή/g_2/1/50/text/1,https://opentheso.huma-num.fr/?idc=105407&idt=th310,excrement,1,zoomathia_match
http://ns.inria.fr/zoomathia/ANTIGONUS/ἱστοριῶν_παραδόξων_συναγωγή/g_2/1/50/text/1,https://opentheso.huma-num.fr/?idc=107519&idt=th310,work,1,zoomathia_match
http://ns.inria.fr/zoomathia/ANTIGONUS/ἱστοριῶν_παραδόξων_συναγωγή/g_2/1/50/text/1,https://opentheso.huma-num.fr/?idc=107660&idt=th310,wasp,1,zoomathia_match
http://ns.inria.fr/zoomathia/ANTIGONUS/ἱστοριῶν_παραδόξων_συναγωγή/g_2/1/50/text/1,https://opentheso.huma-num.fr/?idc=105149&idt=th310,legs,1,zoomathia_match
http://ns.inria.fr/zoomathia/ANTIGONUS/ἱστοριῶν_παραδόξων_συναγωγή/g_2/1/50/text/1,https://opentheso.huma-num.fr/?idc=105865&idt=th310,wings,1,zoomathia_match
http://ns.inria.fr/zoomathia/ANTIGONUS/ἱστοριῶν_παραδόξων_συναγωγή/g_2/1/50/text/1,https://opentheso.huma-num.fr/?idc=pcrt6ccLQhgjJq&idt=th310,Aristotle,1,zoomathia_match
http://ns.inria.fr/zoomathia/ANTIGONUS/ἱστοριῶν_παραδόξων_συναγωγή/g_2/1/50/text/1,https://opentheso.huma-num.fr/?idc=107660&idt=th310,wasps,1,zoomathia_match
http://ns.inria.fr/zoomathia/ANTIGONUS/ἱστοριῶν_παραδόξων_συναγωγή/g_2/1/50/text/1,https://opentheso.huma-num.fr/?idc=105121&idt=th310,fly,1,zoomathia_match
http://ns.inria.fr/zoomathia/ANTIGONUS/ἱστοριῶν_παραδόξων_συναγωγή/g_2/1/50/text/1,https://opentheso.huma-num.fr/?idc=105383&idt=th310,fly,1,zoomathia_match
http://ns.inria.fr/zoomathia/ANTIGONUS/ἱστοριῶν_παραδόξων_συναγωγή/g_2/1/50/text/1,https://opentheso.huma-num.fr/?idc=105184&idt=th310,stings,1,zoomathia_match
http://ns.inria.fr/zoomathia/ANTIGONUS/ἱστοριῶν_παραδόξων_συναγωγή/g_2/1/50/text/1,https://www.wikidata.org/wiki/Q868,Aristotle,0.9074,wikidata
http://ns.inria.fr/zoomathia/ANTIGONUS/ἱστοριῶν_παραδόξων_συναγωγή/g_2/1/50/text/1,http://dbpedia.org/resource/Bee,bees,0.9915661244282642,DBpedia
http://ns.inria.fr/zoomathia/ANTIGONUS/ἱστοριῶν_παραδόξων_συναγωγή/g_2/1/50/text/1,http://dbpedia.org/resource/Fumigation,fumigated,1.0,DBpedia
http://ns.inria.fr/zoomathia/ANTIGONUS/ἱστοριῶν_παραδόξων_συναγωγή/g_2/1/50/text/1,http://dbpedia.org/resource/Smoke,smoke,0.9999871675654775,DBpedia
http://ns.inria.fr/zoomathia/ANTIGONUS/ἱστοριῶν_παραδόξων_συναγωγή/g_2/1/50/text/1,http://dbpedia.org/resource/Cannibalism,eat,0.9983886655603128,DBpedia
http://ns.inria.fr/zoomathia/ANTIGONUS/ἱστοριῶν_παραδόξων_συναγωγή/g_2/1/50/text/1,http://dbpedia.org/resource/Inertia,rest,0.9247727017679975,DBpedia
http://ns.inria.fr/zoomathia/ANTIGONUS/ἱστοριῶν_παραδόξων_συναγωγή/g_2/1/50/text/1,http://dbpedia.org/resource/Time,time,0.9989277657488281,DBpedia
http://ns.inria.fr/zoomathia/ANTIGONUS/ἱστοριῶν_παραδόξων_συναγωγή/g_2/1/50/text/1,http://dbpedia.org/resource/Food,food,0.99995926752901,DBpedia
http://ns.inria.fr/zoomathia/ANTIGONUS/ἱστοριῶν_παραδόξων_συναγωγή/g_2/1/50/text/1,http://dbpedia.org/resource/Smear_campaign,smear,0.760756752642637,DBpedia
http://ns.inria.fr/zoomathia/ANTIGONUS/ἱστοριῶν_παραδόξων_συναγωγή/g_2/1/50/text/1,http://dbpedia.org/resource/Beehive,hive,0.999999999965894,DBpedia
http://ns.inria.fr/zoomathia/ANTIGONUS/ἱστοριῶν_παραδόξων_συναγωγή/g_2/1/50/text/1,http://dbpedia.org/resource/Professional_wrestling_throws,drops,0.9994697213526269,DBpedia
http://ns.inria.fr/zoomathia/ANTIGONUS/ἱστοριῶν_παραδόξων_συναγωγή/g_2/1/50/text/1,http://dbpedia.org/resource/Tree,trees,0.9999319601261445,DBpedia
http://ns.inria.fr/zoomathia/ANTIGONUS/ἱστοριῶν_παραδόξων_συναγωγή/g_2/1/50/text/1,http://dbpedia.org/resource/Animal,animals,0.999963921629029,DBpedia
http://ns.inria.fr/zoomathia/ANTIGONUS/ἱστοριῶν_παραδόξων_συναγωγή/g_2/1/50/text/1,http://dbpedia.org/resource/Worker_bee,worker bees,1.0,DBpedia
http://ns.inria.fr/zoomathia/ANTIGONUS/ἱστοριῶν_παραδόξων_συναγωγή/g_2/1/50/text/1,http://dbpedia.org/resource/Death,kill,0.9413756314057897,DBpedia
http://ns.inria.fr/zoomathia/ANTIGONUS/ἱστοριῶν_παραδόξων_συναγωγή/g_2/1/50/text/1,http://dbpedia.org/resource/Bee,bees,0.9915661244282642,DBpedia
http://ns.inria.fr/zoomathia/ANTIGONUS/ἱστοριῶν_παραδόξων_συναγωγή/g_2/1/50/text/1,http://dbpedia.org/resource/Death,kill,0.9413756314057897,DBpedia
http://ns.inria.fr/zoomathia/ANTIGONUS/ἱστοριῶν_παραδόξων_συναγωγή/g_2/1/50/text/1,http://dbpedia.org/resource/Beehive,hive,0.999999999965894,DBpedia
http://ns.inria.fr/zoomathia/ANTIGONUS/ἱστοριῶν_παραδόξων_συναγωγή/g_2/1/50/text/1,http://dbpedia.org/resource/Carry_flag,carry,0.4976814028863449,DBpedia
http://ns.inria.fr/zoomathia/ANTIGONUS/ἱστοριῶν_παραδόξων_συναγωγή/g_2/1/50/text/1,http://dbpedia.org/resource/Cadaver,body,0.9985653710747106,DBpedia
http://ns.inria.fr/zoomathia/ANTIGONUS/ἱστοριῶν_παραδόξων_συναγωγή/g_2/1/50/text/1,http://dbpedia.org/resource/Bee,bees,0.9915661244282642,DBpedia
http://ns.inria.fr/zoomathia/ANTIGONUS/ἱστοριῶν_παραδόξων_συναγωγή/g_2/1/50/text/1,http://dbpedia.org/resource/Lesion,damage,0.8769823272082895,DBpedia
http://ns.inria.fr/zoomathia/ANTIGONUS/ἱστοριῶν_παραδόξων_συναγωγή/g_2/1/50/text/1,http://dbpedia.org/resource/Bird_migration,enter,0.9750554723469672,DBpedia
http://ns.inria.fr/zoomathia/ANTIGONUS/ἱστοριῶν_παραδόξων_συναγωγή/g_2/1/50/text/1,http://dbpedia.org/resource/Security_guard,guards,0.991304610691014,DBpedia
http://ns.inria.fr/zoomathia/ANTIGONUS/ἱστοριῶν_παραδόξων_συναγωγή/g_2/1/50/text/1,http://dbpedia.org/resource/Bee,bees,0.9915661244282642,DBpedia
http://ns.inria.fr/zoomathia/ANTIGONUS/ἱστοριῶν_παραδόξων_συναγωγή/g_2/1/50/text/1,http://dbpedia.org/resource/Nectar,nectar,0.9999999999994316,DBpedia
http://ns.inria.fr/zoomathia/ANTIGONUS/ἱστοριῶν_παραδόξων_συναγωγή/g_2/1/50/text/1,http://dbpedia.org/resource/Smooth_muscle,smooth,0.8440193765626282,DBpedia
http://ns.inria.fr/zoomathia/ANTIGONUS/ἱστοριῶν_παραδόξων_συναγωγή/g_2/1/50/text/1,http://dbpedia.org/resource/Honeycomb,combs,1.0,DBpedia
http://ns.inria.fr/zoomathia/ANTIGONUS/ἱστοριῶν_παραδόξων_συναγωγή/g_2/1/50/text/1,http://dbpedia.org/resource/Death,bad,0.6914819624149651,DBpedia
http://ns.inria.fr/zoomathia/ANTIGONUS/ἱστοριῶν_παραδόξων_συναγωγή/g_2/1/50/text/1,http://dbpedia.org/resource/Pheromone,smell,0.9999842795050333,DBpedia
http://ns.inria.fr/zoomathia/ANTIGONUS/ἱστοριῶν_παραδόξων_συναγωγή/g_2/1/50/text/1,http://dbpedia.org/resource/Food,food,0.99995926752901,DBpedia
http://ns.inria.fr/zoomathia/ANTIGONUS/ἱστοριῶν_παραδόξων_συναγωγή/g_2/1/50/text/1,http://dbpedia.org/resource/Perfume,perfume,0.9999999999539568,DBpedia
http://ns.inria.fr/zoomathia/ANTIGONUS/ἱστοριῶν_παραδόξων_συναγωγή/g_2/1/50/text/1,http://dbpedia.org/resource/Beehive,hive,0.999999999965894,DBpedia
http://ns.inria.fr/zoomathia/ANTIGONUS/ἱστοριῶν_παραδόξων_συναγωγή/g_2/1/50/text/1,http://dbpedia.org/resource/Military_discharge,discharge,0.9996590723373528,DBpedia
http://ns.inria.fr/zoomathia/ANTIGONUS/ἱστοριῶν_παραδόξων_συναγωγή/g_2/1/50/text/1,http://dbpedia.org/resource/Feces,excrement,0.999999965832331,DBpedia
http://ns.inria.fr/zoomathia/ANTIGONUS/ἱστοριῶν_παραδόξων_συναγωγή/g_2/1/50/text/1,http://dbpedia.org/resource/Australian_Aboriginal_elder,elders,0.7977389928292665,DBpedia
http://ns.inria.fr/zoomathia/ANTIGONUS/ἱστοριῶν_παραδόξων_συναγωγή/g_2/1/50/text/1,http://dbpedia.org/resource/Arthropod_leg,legs,0.9999999018095925,DBpedia
http://ns.inria.fr/zoomathia/ANTIGONUS/ἱστοριῶν_παραδόξων_συναγωγή/g_2/1/50/text/1,http://dbpedia.org/resource/Insect_wing,wings,0.998930189573368,DBpedia
http://ns.inria.fr/zoomathia/ANTIGONUS/ἱστοριῶν_παραδόξων_συναγωγή/g_2/1/50/text/1,http://dbpedia.org/resource/Marketing_buzz,buzz,0.9036566770671055,DBpedia
http://ns.inria.fr/zoomathia/ANTIGONUS/ἱστοριῶν_παραδόξων_συναγωγή/g_2/1/50/text/1,http://dbpedia.org/resource/Aristotle,Aristotle,0.999999906136968,DBpedia
http://ns.inria.fr/zoomathia/ANTIGONUS/ἱστοριῶν_παραδόξων_συναγωγή/g_2/1/50/text/1,http://dbpedia.org/resource/Stingless_bee,stingless,1.0,DBpedia
http://ns.inria.fr/zoomathia/ANTIGONUS/ἱστοριῶν_παραδόξων_συναγωγή/g_2/1/50/text/1,http://dbpedia.org/resource/Wasp,wasps,0.9999861119946772,DBpedia
http://ns.inria.fr/zoomathia/ANTIGONUS/ἱστοριῶν_παραδόξων_συναγωγή/g_2/1/50/text/1,http://dbpedia.org/resource/Fly,fly,0.9999999999965894,DBpedia
http://ns.inria.fr/zoomathia/ANTIGONUS/ἱστοριῶν_παραδόξων_συναγωγή/g_2/1/50/text/1,http://dbpedia.org/resource/Stinger,stings,1.0,DBpedia
http://ns.inria.fr/zoomathia/ANTIGONUS/ἱστοριῶν_παραδόξων_συναγωγή/g_2/1/51/text/1,https://opentheso.huma-num.fr/?idc=pcrtijMsjiUOEr&idt=th310,bison,1,zoomathia_match
http://ns.inria.fr/zoomathia/ANTIGONUS/ἱστοριῶν_παραδόξων_συναγωγή/g_2/1/51/text/1,https://opentheso.huma-num.fr/?idc=105134&idt=th310,teeth,1,zoomathia_match
http://ns.inria.fr/zoomathia/ANTIGONUS/ἱστοριῶν_παραδόξων_συναγωγή/g_2/1/51/text/1,https://opentheso.huma-num.fr/?idc=105127&idt=th310,horned,1,zoomathia_match
http://ns.inria.fr/zoomathia/ANTIGONUS/ἱστοριῶν_παραδόξων_συναγωγή/g_2/1/51/text/1,https://opentheso.huma-num.fr/?idc=105407&idt=th310,excrement,1,zoomathia_match
http://ns.inria.fr/zoomathia/ANTIGONUS/ἱστοριῶν_παραδόξων_συναγωγή/g_2/1/51/text/1,https://opentheso.huma-num.fr/?idc=105173&idt=th310,hair,1,zoomathia_match
http://ns.inria.fr/zoomathia/ANTIGONUS/ἱστοριῶν_παραδόξων_συναγωγή/g_2/1/51/text/1,https://opentheso.huma-num.fr/?idc=105474&idt=th310,fear,1,zoomathia_match
http://ns.inria.fr/zoomathia/ANTIGONUS/ἱστοριῶν_παραδόξων_συναγωγή/g_2/1/51/text/1,https://www.wikidata.org/wiki/Q249561,Paeonia,0.4621,wikidata
http://ns.inria.fr/zoomathia/ANTIGONUS/ἱστοριῶν_παραδόξων_συναγωγή/g_2/1/51/text/1,http://dbpedia.org/resource/Peony,Paeonia,0.9999666097704702,DBpedia
http://ns.inria.fr/zoomathia/ANTIGONUS/ἱστοριῶν_παραδόξων_συναγωγή/g_2/1/51/text/1,http://dbpedia.org/resource/Maxilla,upper,0.843080240081501,DBpedia
http://ns.inria.fr/zoomathia/ANTIGONUS/ἱστοριῶν_παραδόξων_συναγωγή/g_2/1/51/text/1,http://dbpedia.org/resource/Tooth,teeth,0.9999129877498514,DBpedia
http://ns.inria.fr/zoomathia/ANTIGONUS/ἱστοριῶν_παραδόξων_συναγωγή/g_2/1/51/text/1,http://dbpedia.org/resource/Cattle,ox,0.744931061117893,DBpedia
http://ns.inria.fr/zoomathia/ANTIGONUS/ἱστοριῶν_παραδόξων_συναγωγή/g_2/1/51/text/1,http://dbpedia.org/resource/Animal,beast,0.9502741584457282,DBpedia
http://ns.inria.fr/zoomathia/ANTIGONUS/ἱστοριῶν_παραδόξων_συναγωγή/g_2/1/51/text/1,http://dbpedia.org/resource/Home_invasion,pursued,0.9565679740741054,DBpedia
http://ns.inria.fr/zoomathia/ANTIGONUS/ἱστοριῶν_παραδόξων_συναγωγή/g_2/1/51/text/1,http://dbpedia.org/resource/Project,projects,0.8968066318137615,DBpedia
http://ns.inria.fr/zoomathia/ANTIGONUS/ἱστοριῶν_παραδόξων_συναγωγή/g_2/1/51/text/1,http://dbpedia.org/resource/Feces,excrement,0.9976512541375561,DBpedia
http://ns.inria.fr/zoomathia/ANTIGONUS/ἱστοριῶν_παραδόξων_συναγωγή/g_2/1/51/text/1,http://dbpedia.org/resource/Feces,dung,0.9947302743987374,DBpedia
http://ns.inria.fr/zoomathia/ANTIGONUS/ἱστοριῶν_παραδόξων_συναγωγή/g_2/1/51/text/1,http://dbpedia.org/resource/Burn,burns,0.943141252382435,DBpedia
http://ns.inria.fr/zoomathia/ANTIGONUS/ἱστοριῶν_παραδόξων_συναγωγή/g_2/1/51/text/1,http://dbpedia.org/resource/English_Foxhound,hounds,0.7799112142764953,DBpedia
http://ns.inria.fr/zoomathia/ANTIGONUS/ἱστοριῶν_παραδόξων_συναγωγή/g_2/1/51/text/1,http://dbpedia.org/resource/Hair,hair,0.9973752535176287,DBpedia
http://ns.inria.fr/zoomathia/ANTIGONUS/ἱστοριῶν_παραδόξων_συναγωγή/g_2/1/51/text/1,http://dbpedia.org/resource/Waterfall,falls,0.9965413079859164,DBpedia
http://ns.inria.fr/zoomathia/ANTIGONUS/ἱστοριῶν_παραδόξων_συναγωγή/g_2/1/51/text/1,http://dbpedia.org/resource/Fear,fear,0.9989664474126236,DBpedia
http://ns.inria.fr/zoomathia/ANTIGONUS/ἱστοριῶν_παραδόξων_συναγωγή/g_2/1/52/text/1,https://opentheso.huma-num.fr/?idc=pcrtEpGlZykUTy&idt=th310,led,1,zoomathia_match
http://ns.inria.fr/zoomathia/ANTIGONUS/ἱστοριῶν_παραδόξων_συναγωγή/g_2/1/52/text/1,https://opentheso.huma-num.fr/?idc=pcrtEpGlZykUTy&idt=th310,led,1,zoomathia_match
http://ns.inria.fr/zoomathia/ANTIGONUS/ἱστοριῶν_παραδόξων_συναγωγή/g_2/1/52/text/1,https://opentheso.huma-num.fr/?idc=pcrtLnUS9cADfI&idt=th310,saw,1,zoomathia_match
http://ns.inria.fr/zoomathia/ANTIGONUS/ἱστοριῶν_παραδόξων_συναγωγή/g_2/1/52/text/1,https://opentheso.huma-num.fr/?idc=pcrthTAMawVNg8&idt=th310,face,1,zoomathia_match
http://ns.inria.fr/zoomathia/ANTIGONUS/ἱστοριῶν_παραδόξων_συναγωγή/g_2/1/52/text/1,https://opentheso.huma-num.fr/?idc=106018&idt=th310,face,1,zoomathia_match
http://ns.inria.fr/zoomathia/ANTIGONUS/ἱστοριῶν_παραδόξων_συναγωγή/g_2/1/52/text/1,https://opentheso.huma-num.fr/?idc=pcrt3L8yViugRX&idt=th310,threw,1,zoomathia_match
http://ns.inria.fr/zoomathia/ANTIGONUS/ἱστοριῶν_παραδόξων_συναγωγή/g_2/1/52/text/1,http://dbpedia.org/resource/King,King,0.6930899739021785,DBpedia
http://ns.inria.fr/zoomathia/ANTIGONUS/ἱστοριῶν_παραδόξων_συναγωγή/g_2/1/52/text/1,http://dbpedia.org/resource/Scythia,Scythia,0.9994394039021858,DBpedia
http://ns.inria.fr/zoomathia/ANTIGONUS/ἱστοριῶν_παραδόξων_συναγωγή/g_2/1/52/text/1,http://dbpedia.org/resource/Nobility,noble,0.8546445492163671,DBpedia
http://ns.inria.fr/zoomathia/ANTIGONUS/ἱστοριῶν_παραδόξων_συναγωγή/g_2/1/52/text/1,http://dbpedia.org/resource/Light-emitting_diode,led,0.9991380624782265,DBpedia
http://ns.inria.fr/zoomathia/ANTIGONUS/ἱστοριῶν_παραδόξων_συναγωγή/g_2/1/52/text/1,http://dbpedia.org/resource/Foal,foal,1.0,DBpedia
http://ns.inria.fr/zoomathia/ANTIGONUS/ἱστοριῶν_παραδόξων_συναγωγή/g_2/1/52/text/1,http://dbpedia.org/resource/Mating,mate,0.9591786614582611,DBpedia
http://ns.inria.fr/zoomathia/ANTIGONUS/ἱστοριῶν_παραδόξων_συναγωγή/g_2/1/52/text/1,http://dbpedia.org/resource/Foal,foal,1.0,DBpedia
http://ns.inria.fr/zoomathia/ANTIGONUS/ἱστοριῶν_παραδόξων_συναγωγή/g_2/1/52/text/1,http://dbpedia.org/resource/Cover_version,covering,0.8193046567821216,DBpedia
http://ns.inria.fr/zoomathia/ANTIGONUS/ἱστοριῶν_παραδόξων_συναγωγή/g_2/1/52/text/1,http://dbpedia.org/resource/Light-emitting_diode,led,0.9991380624782265,DBpedia
http://ns.inria.fr/zoomathia/ANTIGONUS/ἱστοριῶν_παραδόξων_συναγωγή/g_2/1/52/text/1,http://dbpedia.org/resource/Foal,foal,1.0,DBpedia
http://ns.inria.fr/zoomathia/ANTIGONUS/ἱστοριῶν_παραδόξων_συναγωγή/g_2/1/52/text/1,http://dbpedia.org/resource/Working_animal,mounted,0.9731836089832865,DBpedia
http://ns.inria.fr/zoomathia/ANTIGONUS/ἱστοριῶν_παραδόξων_συναγωγή/g_2/1/52/text/1,http://dbpedia.org/resource/Face,face,0.9700761949186842,DBpedia
http://ns.inria.fr/zoomathia/ANTIGONUS/ἱστοριῶν_παραδόξων_συναγωγή/g_2/1/53/text/1,https://opentheso.huma-num.fr/?idc=106935&idt=th310,marine,1,zoomathia_match
http://ns.inria.fr/zoomathia/ANTIGONUS/ἱστοριῶν_παραδόξων_συναγωγή/g_2/1/53/text/1,https://opentheso.huma-num.fr/?idc=pcrtoWmR7YcVct&idt=th310,dolphin,1,zoomathia_match
http://ns.inria.fr/zoomathia/ANTIGONUS/ἱστοριῶν_παραδόξων_συναγωγή/g_2/1/53/text/1,https://opentheso.huma-num.fr/?idc=pcrtvrjSD13Uee&idt=th310,Caria,1,zoomathia_match
http://ns.inria.fr/zoomathia/ANTIGONUS/ἱστοριῶν_παραδόξων_συναγωγή/g_2/1/53/text/1,https://opentheso.huma-num.fr/?idc=pcrtvrjSD13Uee&idt=th310,Caria,1,zoomathia_match
http://ns.inria.fr/zoomathia/ANTIGONUS/ἱστοριῶν_παραδόξων_συναγωγή/g_2/1/53/text/1,https://opentheso.huma-num.fr/?idc=pcrtoWmR7YcVct&idt=th310,dolphin,1,zoomathia_match
http://ns.inria.fr/zoomathia/ANTIGONUS/ἱστοριῶν_παραδόξων_συναγωγή/g_2/1/53/text/1,https://opentheso.huma-num.fr/?idc=105615&idt=th310,wounds,1,zoomathia_match
http://ns.inria.fr/zoomathia/ANTIGONUS/ἱστοριῶν_παραδόξων_συναγωγή/g_2/1/53/text/1,https://www.wikidata.org/wiki/Q1294031,Tarentum,0.8802,wikidata
http://ns.inria.fr/zoomathia/ANTIGONUS/ἱστοριῶν_παραδόξων_συναγωγή/g_2/1/53/text/1,https://www.wikidata.org/wiki/Q193214,Caria,0.9025,wikidata
http://ns.inria.fr/zoomathia/ANTIGONUS/ἱστοριῶν_παραδόξων_συναγωγή/g_2/1/53/text/1,https://www.wikidata.org/wiki/Q193214,Caria,0.9025,wikidata
http://ns.inria.fr/zoomathia/ANTIGONUS/ἱστοριῶν_παραδόξων_συναγωγή/g_2/1/53/text/1,http://dbpedia.org/resource/Animal,creatures,0.8712141821979877,DBpedia
http://ns.inria.fr/zoomathia/ANTIGONUS/ἱστοριῶν_παραδόξων_συναγωγή/g_2/1/53/text/1,http://dbpedia.org/resource/Tamest,tamest,0.6694456024659259,DBpedia
http://ns.inria.fr/zoomathia/ANTIGONUS/ἱστοριῶν_παραδόξων_συναγωγή/g_2/1/53/text/1,http://dbpedia.org/resource/Passion_(emotion),passionate,0.9961868950385092,DBpedia
http://ns.inria.fr/zoomathia/ANTIGONUS/ἱστοριῶν_παραδόξων_συναγωγή/g_2/1/53/text/1,http://dbpedia.org/resource/Manner_of_articulation,manner,0.9989502596320095,DBpedia
http://ns.inria.fr/zoomathia/ANTIGONUS/ἱστοριῶν_παραδόξων_συναγωγή/g_2/1/53/text/1,http://dbpedia.org/resource/Single-sex_education,boys,0.47050146363954265,DBpedia
http://ns.inria.fr/zoomathia/ANTIGONUS/ἱστοριῶν_παραδόξων_συναγωγή/g_2/1/53/text/1,http://dbpedia.org/resource/Civility,happened,0.8069434227011985,DBpedia
http://ns.inria.fr/zoomathia/ANTIGONUS/ἱστοριῶν_παραδόξων_συναγωγή/g_2/1/53/text/1,http://dbpedia.org/resource/Taranto,Tarentum,0.9999201323232062,DBpedia
http://ns.inria.fr/zoomathia/ANTIGONUS/ἱστοριῶν_παραδόξων_συναγωγή/g_2/1/53/text/1,http://dbpedia.org/resource/Caria,Caria,0.9999548454877162,DBpedia
http://ns.inria.fr/zoomathia/ANTIGONUS/ἱστοριῶν_παραδόξων_συναγωγή/g_2/1/53/text/1,http://dbpedia.org/resource/Caria,Caria,0.9999548454877162,DBpedia
http://ns.inria.fr/zoomathia/ANTIGONUS/ἱστοριῶν_παραδόξων_συναγωγή/g_2/1/53/text/1,http://dbpedia.org/resource/Prisoner_of_war,captured,0.9980177356129062,DBpedia
http://ns.inria.fr/zoomathia/ANTIGONUS/ἱστοριῶν_παραδόξων_συναγωγή/g_2/1/53/text/1,http://dbpedia.org/resource/Wound,wounds,0.6722394949630893,DBpedia
http://ns.inria.fr/zoomathia/ANTIGONUS/ἱστοριῶν_παραδόξων_συναγωγή/g_2/1/53/text/1,http://dbpedia.org/resource/Large_numbers,large number,0.9999999833750622,DBpedia
http://ns.inria.fr/zoomathia/ANTIGONUS/ἱστοριῶν_παραδόξων_συναγωγή/g_2/1/53/text/1,http://dbpedia.org/resource/Aid,aid,0.9895312168845077,DBpedia
http://ns.inria.fr/zoomathia/ANTIGONUS/ἱστοριῶν_παραδόξων_συναγωγή/g_2/1/53/text/1,http://dbpedia.org/resource/Fisherman,fisherman,0.9804735212992497,DBpedia
http://ns.inria.fr/zoomathia/ANTIGONUS/ἱστοριῶν_παραδόξων_συναγωγή/g_2/1/53/text/1,http://dbpedia.org/resource/Software_release_life_cycle,released,0.7335084487972569,DBpedia
http://ns.inria.fr/zoomathia/ANTIGONUS/ἱστοριῶν_παραδόξων_συναγωγή/g_2/1/54/text/1,https://opentheso.huma-num.fr/?idc=pcrtnvLSUa7dJG&idt=th310,wolves,1,zoomathia_match
http://ns.inria.fr/zoomathia/ANTIGONUS/ἱστοριῶν_παραδόξων_συναγωγή/g_2/1/54/text/1,https://opentheso.huma-num.fr/?idc=pcrt6ccLQhgjJq&idt=th310,Aristotle,1,zoomathia_match
http://ns.inria.fr/zoomathia/ANTIGONUS/ἱστοριῶν_παραδόξων_συναγωγή/g_2/1/54/text/1,https://opentheso.huma-num.fr/?idc=105367&idt=th310,birth,1,zoomathia_match
http://ns.inria.fr/zoomathia/ANTIGONUS/ἱστοριῶν_παραδόξων_συναγωγή/g_2/1/54/text/1,https://opentheso.huma-num.fr/?idc=105331&idt=th310,period,1,zoomathia_match
http://ns.inria.fr/zoomathia/ANTIGONUS/ἱστοριῶν_παραδόξων_συναγωγή/g_2/1/54/text/1,https://opentheso.huma-num.fr/?idc=pcrtpWT5t7kRx6&idt=th310,year,1,zoomathia_match
http://ns.inria.fr/zoomathia/ANTIGONUS/ἱστοριῶν_παραδόξων_συναγωγή/g_2/1/54/text/1,https://opentheso.huma-num.fr/?idc=105428&idt=th310,reason,1,zoomathia_match
http://ns.inria.fr/zoomathia/ANTIGONUS/ἱστοριῶν_παραδόξων_συναγωγή/g_2/1/54/text/1,https://opentheso.huma-num.fr/?idc=pcrtDEPs1Xszll&idt=th310,Leto,1,zoomathia_match
http://ns.inria.fr/zoomathia/ANTIGONUS/ἱστοριῶν_παραδόξων_συναγωγή/g_2/1/54/text/1,https://opentheso.huma-num.fr/?idc=pcrtGSslMASdGf&idt=th310,days,1,zoomathia_match
http://ns.inria.fr/zoomathia/ANTIGONUS/ἱστοριῶν_παραδόξων_συναγωγή/g_2/1/54/text/1,https://opentheso.huma-num.fr/?idc=105649&idt=th310,time,1,zoomathia_match
http://ns.inria.fr/zoomathia/ANTIGONUS/ἱστοριῶν_παραδόξων_συναγωγή/g_2/1/54/text/1,https://opentheso.huma-num.fr/?idc=pcrtnvLSUa7dJG&idt=th310,wolf,1,zoomathia_match
http://ns.inria.fr/zoomathia/ANTIGONUS/ἱστοριῶν_παραδόξων_συναγωγή/g_2/1/54/text/1,https://www.wikidata.org/wiki/Q868,Aristotle,0.7508,wikidata
http://ns.inria.fr/zoomathia/ANTIGONUS/ἱστοριῶν_παραδόξων_συναγωγή/g_2/1/54/text/1,https://www.wikidata.org/wiki/Q48416710,Leto,0.6088,wikidata
http://ns.inria.fr/zoomathia/ANTIGONUS/ἱστοριῶν_παραδόξων_συναγωγή/g_2/1/54/text/1,https://www.wikidata.org/wiki/Q243333,Hyperboreans,0.747,wikidata
http://ns.inria.fr/zoomathia/ANTIGONUS/ἱστοριῶν_παραδόξων_συναγωγή/g_2/1/54/text/1,https://www.wikidata.org/wiki/Q2191799,Delos,0.6645,wikidata
http://ns.inria.fr/zoomathia/ANTIGONUS/ἱστοριῶν_παραδόξων_συναγωγή/g_2/1/54/text/1,https://www.wikidata.org/wiki/Q15262992,twelve days,0.4657,wikidata
http://ns.inria.fr/zoomathia/ANTIGONUS/ἱστοριῶν_παραδόξων_συναγωγή/g_2/1/54/text/1,http://dbpedia.org/resource/Birth,parturition,0.9996891431110441,DBpedia
http://ns.inria.fr/zoomathia/ANTIGONUS/ἱστοριῶν_παραδόξων_συναγωγή/g_2/1/54/text/1,http://dbpedia.org/resource/Aristotle,Aristotle,0.9999996277229695,DBpedia
http://ns.inria.fr/zoomathia/ANTIGONUS/ἱστοριῶν_παραδόξων_συναγωγή/g_2/1/54/text/1,http://dbpedia.org/resource/Binary_relation,relation,0.8910715767744606,DBpedia
http://ns.inria.fr/zoomathia/ANTIGONUS/ἱστοριῶν_παραδόξων_συναγωγή/g_2/1/54/text/1,http://dbpedia.org/resource/Fable,fabulous,1.0,DBpedia
http://ns.inria.fr/zoomathia/ANTIGONUS/ἱστοριῶν_παραδόξων_συναγωγή/g_2/1/54/text/1,http://dbpedia.org/resource/Consciousness,conscious,0.9832255066518353,DBpedia
http://ns.inria.fr/zoomathia/ANTIGONUS/ἱστοριῶν_παραδόξων_συναγωγή/g_2/1/54/text/1,http://dbpedia.org/resource/Extended_play,single,0.7510903132960757,DBpedia
http://ns.inria.fr/zoomathia/ANTIGONUS/ἱστοριῶν_παραδόξων_συναγωγή/g_2/1/54/text/1,http://dbpedia.org/resource/Orbital_period,period,0.9257506263568349,DBpedia
http://ns.inria.fr/zoomathia/ANTIGONUS/ἱστοριῶν_παραδόξων_συναγωγή/g_2/1/54/text/1,http://dbpedia.org/resource/The_Reason_(Hoobastank_song),The reason,0.44136143122982524,DBpedia
http://ns.inria.fr/zoomathia/ANTIGONUS/ἱστοριῶν_παραδόξων_συναγωγή/g_2/1/54/text/1,http://dbpedia.org/resource/Narrative,story,0.8646560565467323,DBpedia
http://ns.inria.fr/zoomathia/ANTIGONUS/ἱστοριῶν_παραδόξων_συναγωγή/g_2/1/54/text/1,http://dbpedia.org/resource/Leto,Leto,0.9999999969699616,DBpedia
http://ns.inria.fr/zoomathia/ANTIGONUS/ἱστοριῶν_παραδόξων_συναγωγή/g_2/1/54/text/1,http://dbpedia.org/resource/Hyperborea,Hyperboreans,1.0,DBpedia
http://ns.inria.fr/zoomathia/ANTIGONUS/ἱστοριῶν_παραδόξων_συναγωγή/g_2/1/54/text/1,http://dbpedia.org/resource/Delos,Delos,0.99999999462716,DBpedia
http://ns.inria.fr/zoomathia/ANTIGONUS/ἱστοριῶν_παραδόξων_συναγωγή/g_2/1/54/text/1,http://dbpedia.org/resource/February_29,days,0.7135046098671333,DBpedia
http://ns.inria.fr/zoomathia/ANTIGONUS/ἱστοριῶν_παραδόξων_συναγωγή/g_2/1/54/text/1,http://dbpedia.org/resource/Time,time,0.9588917096015911,DBpedia
http://ns.inria.fr/zoomathia/ANTIGONUS/ἱστοριῶν_παραδόξων_συναγωγή/g_2/1/54/text/1,http://dbpedia.org/resource/Substantial_form,form,0.9982873043149524,DBpedia
http://ns.inria.fr/zoomathia/ANTIGONUS/ἱστοριῶν_παραδόξων_συναγωγή/g_2/1/55/text/1,https://opentheso.huma-num.fr/?idc=108189&idt=th310,little owl,1,zoomathia_match
http://ns.inria.fr/zoomathia/ANTIGONUS/ἱστοριῶν_παραδόξων_συναγωγή/g_2/1/55/text/1,https://opentheso.huma-num.fr/?idc=108191&idt=th310,owl,1,zoomathia_match
http://ns.inria.fr/zoomathia/ANTIGONUS/ἱστοριῶν_παραδόξων_συναγωγή/g_2/1/55/text/1,https://opentheso.huma-num.fr/?idc=108181&idt=th310,crow,1,zoomathia_match
http://ns.inria.fr/zoomathia/ANTIGONUS/ἱστοριῶν_παραδόξων_συναγωγή/g_2/1/55/text/1,https://opentheso.huma-num.fr/?idc=108181&idt=th310,crow,1,zoomathia_match
http://ns.inria.fr/zoomathia/ANTIGONUS/ἱστοριῶν_παραδόξων_συναγωγή/g_2/1/55/text/1,https://opentheso.huma-num.fr/?idc=108191&idt=th310,owl,1,zoomathia_match
http://ns.inria.fr/zoomathia/ANTIGONUS/ἱστοριῶν_παραδόξων_συναγωγή/g_2/1/55/text/1,https://opentheso.huma-num.fr/?idc=pcrtGSslMASdGf&idt=th310,day,1,zoomathia_match
http://ns.inria.fr/zoomathia/ANTIGONUS/ἱστοριῶν_παραδόξων_συναγωγή/g_2/1/55/text/1,https://opentheso.huma-num.fr/?idc=108191&idt=th310,owl,1,zoomathia_match
http://ns.inria.fr/zoomathia/ANTIGONUS/ἱστοριῶν_παραδόξων_συναγωγή/g_2/1/55/text/1,https://opentheso.huma-num.fr/?idc=108191&idt=th310,owl,1,zoomathia_match
http://ns.inria.fr/zoomathia/ANTIGONUS/ἱστοριῶν_παραδόξων_συναγωγή/g_2/1/55/text/1,https://opentheso.huma-num.fr/?idc=108181&idt=th310,crow,1,zoomathia_match
http://ns.inria.fr/zoomathia/ANTIGONUS/ἱστοριῶν_παραδόξων_συναγωγή/g_2/1/55/text/1,https://opentheso.huma-num.fr/?idc=108181&idt=th310,crow,1,zoomathia_match
http://ns.inria.fr/zoomathia/ANTIGONUS/ἱστοριῶν_παραδόξων_συναγωγή/g_2/1/55/text/1,https://opentheso.huma-num.fr/?idc=pcrtGSslMASdGf&idt=th310,day,1,zoomathia_match
http://ns.inria.fr/zoomathia/ANTIGONUS/ἱστοριῶν_παραδόξων_συναγωγή/g_2/1/55/text/1,http://dbpedia.org/resource/Crow,crow,0.7472711205993499,DBpedia
http://ns.inria.fr/zoomathia/ANTIGONUS/ἱστοριῶν_παραδόξων_συναγωγή/g_2/1/55/text/1,http://dbpedia.org/resource/Crow,crow,0.7472711205993499,DBpedia
http://ns.inria.fr/zoomathia/ANTIGONUS/ἱστοριῶν_παραδόξων_συναγωγή/g_2/1/55/text/1,http://dbpedia.org/resource/Day,day,0.4069027868380987,DBpedia
http://ns.inria.fr/zoomathia/ANTIGONUS/ἱστοριῶν_παραδόξων_συναγωγή/g_2/1/55/text/1,http://dbpedia.org/resource/Crow,crow,0.7472711205993499,DBpedia
http://ns.inria.fr/zoomathia/ANTIGONUS/ἱστοριῶν_παραδόξων_συναγωγή/g_2/1/55/text/1,http://dbpedia.org/resource/Night,night,0.9885067706212237,DBpedia
http://ns.inria.fr/zoomathia/ANTIGONUS/ἱστοριῶν_παραδόξων_συναγωγή/g_2/1/55/text/1,http://dbpedia.org/resource/Crow,crow,0.7472711205993499,DBpedia
http://ns.inria.fr/zoomathia/ANTIGONUS/ἱστοριῶν_παραδόξων_συναγωγή/g_2/1/55/text/1,http://dbpedia.org/resource/Night,night,0.9885067706212237,DBpedia
http://ns.inria.fr/zoomathia/ANTIGONUS/ἱστοριῶν_παραδόξων_συναγωγή/g_2/1/55/text/1,http://dbpedia.org/resource/Day,day,0.4069027868380987,DBpedia
http://ns.inria.fr/zoomathia/ANTIGONUS/ἱστοριῶν_παραδόξων_συναγωγή/g_2/1/56/text/1,https://opentheso.huma-num.fr/?idc=pcrt1eSDN7pc4r&idt=th310,ass,1,zoomathia_match
http://ns.inria.fr/zoomathia/ANTIGONUS/ἱστοριῶν_παραδόξων_συναγωγή/g_2/1/56/text/1,https://opentheso.huma-num.fr/?idc=105832&idt=th310,war,1,zoomathia_match
http://ns.inria.fr/zoomathia/ANTIGONUS/ἱστοριῶν_παραδόξων_συναγωγή/g_2/1/56/text/1,https://opentheso.huma-num.fr/?idc=pcrt1eSDN7pc4r&idt=th310,ass,1,zoomathia_match
http://ns.inria.fr/zoomathia/ANTIGONUS/ἱστοριῶν_παραδόξων_συναγωγή/g_2/1/56/text/1,https://opentheso.huma-num.fr/?idc=pcrtN9SmgYNZfq&idt=th310,scratches,1,zoomathia_match
http://ns.inria.fr/zoomathia/ANTIGONUS/ἱστοριῶν_παραδόξων_συναγωγή/g_2/1/56/text/1,https://opentheso.huma-num.fr/?idc=105981&idt=th310,thorns,1,zoomathia_match
http://ns.inria.fr/zoomathia/ANTIGONUS/ἱστοριῶν_παραδόξων_συναγωγή/g_2/1/56/text/1,https://opentheso.huma-num.fr/?idc=pcrt3L8yViugRX&idt=th310,throws,1,zoomathia_match
http://ns.inria.fr/zoomathia/ANTIGONUS/ἱστοριῶν_παραδόξων_συναγωγή/g_2/1/56/text/1,https://opentheso.huma-num.fr/?idc=105548&idt=th310,eggs,1,zoomathia_match
http://ns.inria.fr/zoomathia/ANTIGONUS/ἱστοριῶν_παραδόξων_συναγωγή/g_2/1/56/text/1,https://opentheso.huma-num.fr/?idc=105121&idt=th310,flies,1,zoomathia_match
http://ns.inria.fr/zoomathia/ANTIGONUS/ἱστοριῶν_παραδόξων_συναγωγή/g_2/1/56/text/1,https://opentheso.huma-num.fr/?idc=105383&idt=th310,flies,1,zoomathia_match
http://ns.inria.fr/zoomathia/ANTIGONUS/ἱστοριῶν_παραδόξων_συναγωγή/g_2/1/56/text/1,https://opentheso.huma-num.fr/?idc=pcrtwGYY49SaR0&idt=th310,pecks,1,zoomathia_match
http://ns.inria.fr/zoomathia/ANTIGONUS/ἱστοριῶν_παραδόξων_συναγωγή/g_2/1/56/text/1,http://dbpedia.org/resource/Donkey,ass,0.9263561680310755,DBpedia
http://ns.inria.fr/zoomathia/ANTIGONUS/ἱστοριῶν_παραδόξων_συναγωγή/g_2/1/56/text/1,http://dbpedia.org/resource/Donkey,ass,0.9263561680310755,DBpedia
http://ns.inria.fr/zoomathia/ANTIGONUS/ἱστοριῶν_παραδόξων_συναγωγή/g_2/1/56/text/1,http://dbpedia.org/resource/Scratching,scratches,0.9498371405863835,DBpedia
http://ns.inria.fr/zoomathia/ANTIGONUS/ἱστοριῶν_παραδόξων_συναγωγή/g_2/1/56/text/1,"http://dbpedia.org/resource/Thorns,_spines,_and_prickles",thorns,0.9985912065000987,DBpedia
http://ns.inria.fr/zoomathia/ANTIGONUS/ἱστοριῶν_παραδόξων_συναγωγή/g_2/1/56/text/1,"http://dbpedia.org/resource/Brays,_Missouri",brays,0.8586704687943509,DBpedia
http://ns.inria.fr/zoomathia/ANTIGONUS/ἱστοριῶν_παραδόξων_συναγωγή/g_2/1/56/text/1,http://dbpedia.org/resource/Egg,eggs,0.6771028089334167,DBpedia
http://ns.inria.fr/zoomathia/ANTIGONUS/ἱστοριῶν_παραδόξων_συναγωγή/g_2/1/56/text/1,http://dbpedia.org/resource/Bird,nestlings,0.9999999999996589,DBpedia
http://ns.inria.fr/zoomathia/ANTIGONUS/ἱστοριῶν_παραδόξων_συναγωγή/g_2/1/56/text/1,http://dbpedia.org/resource/Glossary_of_professional_wrestling_terms,fall,0.9502704730093129,DBpedia
http://ns.inria.fr/zoomathia/ANTIGONUS/ἱστοριῶν_παραδόξων_συναγωγή/g_2/1/56/text/1,http://dbpedia.org/resource/Injury,injury,0.9880401772074342,DBpedia
http://ns.inria.fr/zoomathia/ANTIGONUS/ἱστοριῶν_παραδόξων_συναγωγή/g_2/1/56/text/1,http://dbpedia.org/resource/Pecking,pecks,0.9999999999999147,DBpedia
http://ns.inria.fr/zoomathia/ANTIGONUS/ἱστοριῶν_παραδόξων_συναγωγή/g_2/1/56/text/1,http://dbpedia.org/resource/Skin_condition,sores,0.9999999975555625,DBpedia
http://ns.inria.fr/zoomathia/ANTIGONUS/ἱστοριῶν_παραδόξων_συναγωγή/g_2/1/57/text/1,https://opentheso.huma-num.fr/?idc=pcrtSGYXpNbhwF&idt=th310,fox,1,zoomathia_match
http://ns.inria.fr/zoomathia/ANTIGONUS/ἱστοριῶν_παραδόξων_συναγωγή/g_2/1/57/text/1,https://opentheso.huma-num.fr/?idc=pcrtva7NUywIgB&idt=th310,raven,1,zoomathia_match
http://ns.inria.fr/zoomathia/ANTIGONUS/ἱστοριῶν_παραδόξων_συναγωγή/g_2/1/57/text/1,https://opentheso.huma-num.fr/?idc=pcrtSGYXpNbhwF&idt=th310,fox,1,zoomathia_match
http://ns.inria.fr/zoomathia/ANTIGONUS/ἱστοριῶν_παραδόξων_συναγωγή/g_2/1/57/text/1,https://opentheso.huma-num.fr/?idc=pcrtva7NUywIgB&idt=th310,raven,1,zoomathia_match
http://ns.inria.fr/zoomathia/ANTIGONUS/ἱστοριῶν_παραδόξων_συναγωγή/g_2/1/57/text/1,https://opentheso.huma-num.fr/?idc=105832&idt=th310,war,1,zoomathia_match
http://ns.inria.fr/zoomathia/ANTIGONUS/ἱστοριῶν_παραδόξων_συναγωγή/g_2/1/57/text/1,https://opentheso.huma-num.fr/?idc=pcrtSGYXpNbhwF&idt=th310,fox,1,zoomathia_match
http://ns.inria.fr/zoomathia/ANTIGONUS/ἱστοριῶν_παραδόξων_συναγωγή/g_2/1/57/text/1,http://dbpedia.org/resource/Merlin,merlin,0.9998498363901789,DBpedia
http://ns.inria.fr/zoomathia/ANTIGONUS/ἱστοριῶν_παραδόξων_συναγωγή/g_2/1/57/text/1,http://dbpedia.org/resource/Fox,fox,0.9380893294634696,DBpedia
http://ns.inria.fr/zoomathia/ANTIGONUS/ἱστοριῶν_παραδόξων_συναγωγή/g_2/1/57/text/1,http://dbpedia.org/resource/Raven,raven,0.9565416831098578,DBpedia
http://ns.inria.fr/zoomathia/ANTIGONUS/ἱστοριῶν_παραδόξων_συναγωγή/g_2/1/57/text/1,http://dbpedia.org/resource/Fox,fox,0.9380893294634696,DBpedia
http://ns.inria.fr/zoomathia/ANTIGONUS/ἱστοριῶν_παραδόξων_συναγωγή/g_2/1/57/text/1,http://dbpedia.org/resource/Friendship,friends,0.8772039723958117,DBpedia
http://ns.inria.fr/zoomathia/ANTIGONUS/ἱστοριῶν_παραδόξων_συναγωγή/g_2/1/57/text/1,http://dbpedia.org/resource/Raven,raven,0.9565416831098578,DBpedia
http://ns.inria.fr/zoomathia/ANTIGONUS/ἱστοριῶν_παραδόξων_συναγωγή/g_2/1/57/text/1,http://dbpedia.org/resource/Merlin,merlin,0.9998498363901789,DBpedia
http://ns.inria.fr/zoomathia/ANTIGONUS/ἱστοριῶν_παραδόξων_συναγωγή/g_2/1/57/text/1,http://dbpedia.org/resource/Aid,aid,0.9928343280514388,DBpedia
http://ns.inria.fr/zoomathia/ANTIGONUS/ἱστοριῶν_παραδόξων_συναγωγή/g_2/1/57/text/1,http://dbpedia.org/resource/Fox,fox,0.9380893294634696,DBpedia
http://ns.inria.fr/zoomathia/ANTIGONUS/ἱστοριῶν_παραδόξων_συναγωγή/g_2/1/58/text/1,https://opentheso.huma-num.fr/?idc=pcrtbnf4dSz1IR&idt=th310,sun,1,zoomathia_match
http://ns.inria.fr/zoomathia/ANTIGONUS/ἱστοριῶν_παραδόξων_συναγωγή/g_2/1/58/text/1,https://opentheso.huma-num.fr/?idc=pcrt3jcrAaRENB&idt=th310,goats,1,zoomathia_match
http://ns.inria.fr/zoomathia/ANTIGONUS/ἱστοριῶν_παραδόξων_συναγωγή/g_2/1/58/text/1,https://opentheso.huma-num.fr/?idc=pcrthTAMawVNg8&idt=th310,facing,1,zoomathia_match
http://ns.inria.fr/zoomathia/ANTIGONUS/ἱστοριῶν_παραδόξων_συναγωγή/g_2/1/58/text/1,https://opentheso.huma-num.fr/?idc=106018&idt=th310,facing,1,zoomathia_match
http://ns.inria.fr/zoomathia/ANTIGONUS/ἱστοριῶν_παραδόξων_συναγωγή/g_2/1/58/text/1,http://dbpedia.org/resource/Sun,sun,0.9994891985742496,DBpedia
http://ns.inria.fr/zoomathia/ANTIGONUS/ἱστοριῶν_παραδόξων_συναγωγή/g_2/1/58/text/1,http://dbpedia.org/resource/Glossary_of_professional_wrestling_terms,turns,0.668765676040497,DBpedia
http://ns.inria.fr/zoomathia/ANTIGONUS/ἱστοριῶν_παραδόξων_συναγωγή/g_2/1/58/text/1,http://dbpedia.org/resource/Goat,goats,0.9999913484578619,DBpedia
http://ns.inria.fr/zoomathia/ANTIGONUS/ἱστοριῶν_παραδόξων_συναγωγή/g_2/1/58/text/1,http://dbpedia.org/resource/Lie,lie,0.8820515540882425,DBpedia
http://ns.inria.fr/zoomathia/ANTIGONUS/ἱστοριῶν_παραδόξων_συναγωγή/g_2/1/58/text/1,http://dbpedia.org/resource/Facing_colour,facing,0.6127032409977174,DBpedia
http://ns.inria.fr/zoomathia/ANTIGONUS/ἱστοριῶν_παραδόξων_συναγωγή/g_2/1/59/text/1,https://opentheso.huma-num.fr/?idc=105255&idt=th310,sleep,1,zoomathia_match
http://ns.inria.fr/zoomathia/ANTIGONUS/ἱστοριῶν_παραδόξων_συναγωγή/g_2/1/59/text/1,https://opentheso.huma-num.fr/?idc=pcrthTAMawVNg8&idt=th310,facing,1,zoomathia_match
http://ns.inria.fr/zoomathia/ANTIGONUS/ἱστοριῶν_παραδόξων_συναγωγή/g_2/1/59/text/1,https://opentheso.huma-num.fr/?idc=106018&idt=th310,facing,1,zoomathia_match
http://ns.inria.fr/zoomathia/ANTIGONUS/ἱστοριῶν_παραδόξων_συναγωγή/g_2/1/59/text/1,https://opentheso.huma-num.fr/?idc=105255&idt=th310,sleep,1,zoomathia_match
http://ns.inria.fr/zoomathia/ANTIGONUS/ἱστοριῶν_παραδόξων_συναγωγή/g_2/1/59/text/1,https://opentheso.huma-num.fr/?idc=pcrt4v7jKE3TVw&idt=th310,dog,1,zoomathia_match
http://ns.inria.fr/zoomathia/ANTIGONUS/ἱστοριῶν_παραδόξων_συναγωγή/g_2/1/59/text/1,https://opentheso.huma-num.fr/?idc=107592&idt=th310,star,1,zoomathia_match
http://ns.inria.fr/zoomathia/ANTIGONUS/ἱστοριῶν_παραδόξων_συναγωγή/g_2/1/59/text/1,https://opentheso.huma-num.fr/?idc=pcrthTAMawVNg8&idt=th310,facing,1,zoomathia_match
http://ns.inria.fr/zoomathia/ANTIGONUS/ἱστοριῶν_παραδόξων_συναγωγή/g_2/1/59/text/1,https://opentheso.huma-num.fr/?idc=106018&idt=th310,facing,1,zoomathia_match
http://ns.inria.fr/zoomathia/ANTIGONUS/ἱστοριῶν_παραδόξων_συναγωγή/g_2/1/59/text/1,https://opentheso.huma-num.fr/?idc=107592&idt=th310,star,1,zoomathia_match
http://ns.inria.fr/zoomathia/ANTIGONUS/ἱστοριῶν_παραδόξων_συναγωγή/g_2/1/59/text/1,https://opentheso.huma-num.fr/?idc=pcrt6ccLQhgjJq&idt=th310,Aristotle,1,zoomathia_match
http://ns.inria.fr/zoomathia/ANTIGONUS/ἱστοριῶν_παραδόξων_συναγωγή/g_2/1/59/text/1,https://opentheso.huma-num.fr/?idc=105550&idt=th310,care,1,zoomathia_match
http://ns.inria.fr/zoomathia/ANTIGONUS/ἱστοριῶν_παραδόξων_συναγωγή/g_2/1/59/text/1,https://opentheso.huma-num.fr/?idc=107519&idt=th310,work,1,zoomathia_match
http://ns.inria.fr/zoomathia/ANTIGONUS/ἱστοριῶν_παραδόξων_συναγωγή/g_2/1/59/text/1,https://opentheso.huma-num.fr/?idc=pcrtK3Ric1GReJ&idt=th310,books,1,zoomathia_match
http://ns.inria.fr/zoomathia/ANTIGONUS/ἱστοριῶν_παραδόξων_συναγωγή/g_2/1/59/text/1,https://opentheso.huma-num.fr/?idc=pcrtelsaPcm6iS&idt=th310,dwell,1,zoomathia_match
http://ns.inria.fr/zoomathia/ANTIGONUS/ἱστοριῶν_παραδόξων_συναγωγή/g_2/1/59/text/1,https://www.wikidata.org/wiki/Q13566891,Lycus,0.705,wikidata
http://ns.inria.fr/zoomathia/ANTIGONUS/ἱστοριῶν_παραδόξων_συναγωγή/g_2/1/59/text/1,https://www.wikidata.org/wiki/Q1016,Libya,0.7398,wikidata
http://ns.inria.fr/zoomathia/ANTIGONUS/ἱστοριῶν_παραδόξων_συναγωγή/g_2/1/59/text/1,https://www.wikidata.org/wiki/Q203245,the night,0.3713,wikidata
http://ns.inria.fr/zoomathia/ANTIGONUS/ἱστοριῶν_παραδόξων_συναγωγή/g_2/1/59/text/1,https://www.wikidata.org/wiki/Q868,Aristotle,0.9074,wikidata
http://ns.inria.fr/zoomathia/ANTIGONUS/ἱστοριῶν_παραδόξων_συναγωγή/g_2/1/59/text/1,http://dbpedia.org/resource/Kelkit_River,Lycus,0.9416166679796117,DBpedia
http://ns.inria.fr/zoomathia/ANTIGONUS/ἱστοριῶν_παραδόξων_συναγωγή/g_2/1/59/text/1,http://dbpedia.org/resource/Narration,narrates,1.0,DBpedia
http://ns.inria.fr/zoomathia/ANTIGONUS/ἱστοριῶν_παραδόξων_συναγωγή/g_2/1/59/text/1,http://dbpedia.org/resource/Ancient_Libya,Libya,0.9972799302442017,DBpedia
http://ns.inria.fr/zoomathia/ANTIGONUS/ἱστοριῶν_παραδόξων_συναγωγή/g_2/1/59/text/1,http://dbpedia.org/resource/Herd,flocks,0.8424424609658245,DBpedia
http://ns.inria.fr/zoomathia/ANTIGONUS/ἱστοριῶν_παραδόξων_συναγωγή/g_2/1/59/text/1,http://dbpedia.org/resource/Stress_(biology),generally,0.9957486240871748,DBpedia
http://ns.inria.fr/zoomathia/ANTIGONUS/ἱστοριῶν_παραδόξων_συναγωγή/g_2/1/59/text/1,http://dbpedia.org/resource/Sleep,sleep,0.9999864510411244,DBpedia
http://ns.inria.fr/zoomathia/ANTIGONUS/ἱστοριῶν_παραδόξων_συναγωγή/g_2/1/59/text/1,http://dbpedia.org/resource/Railroad_switch,facing,0.9297645283906429,DBpedia
http://ns.inria.fr/zoomathia/ANTIGONUS/ἱστοριῶν_παραδόξων_συναγωγή/g_2/1/59/text/1,http://dbpedia.org/resource/Sleep,sleep,0.9999864510411244,DBpedia
http://ns.inria.fr/zoomathia/ANTIGONUS/ἱστοριῶν_παραδόξων_συναγωγή/g_2/1/59/text/1,http://dbpedia.org/resource/Indeterminism,chance,0.9926869145309495,DBpedia
http://ns.inria.fr/zoomathia/ANTIGONUS/ἱστοριῶν_παραδόξων_συναγωγή/g_2/1/59/text/1,http://dbpedia.org/resource/Lie,lie,0.9857023287840886,DBpedia
http://ns.inria.fr/zoomathia/ANTIGONUS/ἱστοριῶν_παραδόξων_συναγωγή/g_2/1/59/text/1,http://dbpedia.org/resource/Night,night,0.9967175120081729,DBpedia
http://ns.inria.fr/zoomathia/ANTIGONUS/ἱστοριῶν_παραδόξων_συναγωγή/g_2/1/59/text/1,http://dbpedia.org/resource/Sirius,dog-star,1.0,DBpedia
http://ns.inria.fr/zoomathia/ANTIGONUS/ἱστοριῶν_παραδόξων_συναγωγή/g_2/1/59/text/1,http://dbpedia.org/resource/River_source,rises,0.7063337167724215,DBpedia
http://ns.inria.fr/zoomathia/ANTIGONUS/ἱστοριῶν_παραδόξων_συναγωγή/g_2/1/59/text/1,http://dbpedia.org/resource/Shapeshifting,turned,0.6775298478642414,DBpedia
http://ns.inria.fr/zoomathia/ANTIGONUS/ἱστοριῶν_παραδόξων_συναγωγή/g_2/1/59/text/1,http://dbpedia.org/resource/Railroad_switch,facing,0.9297645283906429,DBpedia
http://ns.inria.fr/zoomathia/ANTIGONUS/ἱστοριῶν_παραδόξων_συναγωγή/g_2/1/59/text/1,http://dbpedia.org/resource/Non-player_character,inhabitants,0.9491021887278762,DBpedia
http://ns.inria.fr/zoomathia/ANTIGONUS/ἱστοριῶν_παραδόξων_συναγωγή/g_2/1/59/text/1,http://dbpedia.org/resource/Evidence,evidence,0.8751547161316833,DBpedia
http://ns.inria.fr/zoomathia/ANTIGONUS/ἱστοριῶν_παραδόξων_συναγωγή/g_2/1/59/text/1,http://dbpedia.org/resource/Mantle_plume,rising,0.3333324177329361,DBpedia
http://ns.inria.fr/zoomathia/ANTIGONUS/ἱστοριῶν_παραδόξων_συναγωγή/g_2/1/59/text/1,http://dbpedia.org/resource/Aristotle,Aristotle,0.9999975241842616,DBpedia
http://ns.inria.fr/zoomathia/ANTIGONUS/ἱστοριῶν_παραδόξων_συναγωγή/g_2/1/59/text/1,http://dbpedia.org/resource/Subject-matter_jurisdiction,matters,0.999999999986187,DBpedia
http://ns.inria.fr/zoomathia/ANTIGONUS/ἱστοριῶν_παραδόξων_συναγωγή/g_2/1/59/text/1,http://dbpedia.org/resource/Instinct,instincts,1.0,DBpedia
http://ns.inria.fr/zoomathia/ANTIGONUS/ἱστοριῶν_παραδόξων_συναγωγή/g_2/1/59/text/1,http://dbpedia.org/resource/Animal,animals,0.9863897767072938,DBpedia
http://ns.inria.fr/zoomathia/ANTIGONUS/ἱστοριῶν_παραδόξων_συναγωγή/g_2/1/59/text/1,http://dbpedia.org/resource/Life,life,0.6163122720627108,DBpedia
http://ns.inria.fr/zoomathia/ANTIGONUS/ἱστοριῶν_παραδόξων_συναγωγή/g_2/1/59/text/1,http://dbpedia.org/resource/Great_tit,great,0.7574740842138363,DBpedia
http://ns.inria.fr/zoomathia/ANTIGONUS/ἱστοριῶν_παραδόξων_συναγωγή/g_2/1/59/text/1,http://dbpedia.org/resource/Card_game,deal,0.5068868784827185,DBpedia
http://ns.inria.fr/zoomathia/ANTIGONUS/ἱστοριῶν_παραδόξων_συναγωγή/g_2/1/59/text/1,http://dbpedia.org/resource/Health_care,care,0.47719206844529016,DBpedia
http://ns.inria.fr/zoomathia/ANTIGONUS/ἱστοριῶν_παραδόξων_συναγωγή/g_2/1/59/text/1,http://dbpedia.org/resource/Major,major,0.7705947905197446,DBpedia
http://ns.inria.fr/zoomathia/ANTIGONUS/ἱστοριῶν_παραδόξων_συναγωγή/g_2/1/59/text/1,http://dbpedia.org/resource/Eclipse,total,0.8610642053174618,DBpedia
http://ns.inria.fr/zoomathia/ANTIGONUS/ἱστοριῶν_παραδόξων_συναγωγή/g_2/1/59/text/1,http://dbpedia.org/resource/Seventy_(LDS_Church),seventy,0.9009493802242731,DBpedia
http://ns.inria.fr/zoomathia/ANTIGONUS/ἱστοριῶν_παραδόξων_συναγωγή/g_2/1/59/text/1,http://dbpedia.org/resource/Subject-matter_jurisdiction,matters,0.999999999986187,DBpedia
http://ns.inria.fr/zoomathia/ANTIGONUS/ἱστοριῶν_παραδόξων_συναγωγή/g_2/1/59/text/1,http://dbpedia.org/resource/Contact_breaker,dwell,0.620862172598977,DBpedia
http://ns.inria.fr/zoomathia/ANTIGONUS/ἱστοριῶν_παραδόξων_συναγωγή/g_2/1/59/text/1,http://dbpedia.org/resource/Narrative,narrative,0.9967757258063095,DBpedia
http://ns.inria.fr/zoomathia/ANTIGONUS/ἱστοριῶν_παραδόξων_συναγωγή/g_2/1/59/text/1,http://dbpedia.org/resource/Panti,summarize,0.9999999907669235,DBpedia
http://ns.inria.fr/zoomathia/ANTIGONUS/ἱστοριῶν_παραδόξων_συναγωγή/g_2/1/59/text/1,http://dbpedia.org/resource/Strange_quark,strange,0.8362554566226093,DBpedia
http://ns.inria.fr/zoomathia/ANTIGONUS/ἱστοριῶν_παραδόξων_συναγωγή/g_2/1/59/text/1,http://dbpedia.org/resource/Paradox,paradoxical,0.9999175939590487,DBpedia
http://ns.inria.fr/zoomathia/ANTIGONUS/ἱστοριῶν_παραδόξων_συναγωγή/g_2/1/59/text/1,http://dbpedia.org/resource/Information,content,0.7760260168009752,DBpedia
http://ns.inria.fr/zoomathia/ANTIGONUS/ἱστοριῶν_παραδόξων_συναγωγή/g_2/1/59/text/1,http://dbpedia.org/resource/Pauline_epistles,writings,0.7367238088187799,DBpedia
http://ns.inria.fr/zoomathia/ANTIGONUS/ἱστοριῶν_παραδόξων_συναγωγή/g_2/1/60/text/1,https://opentheso.huma-num.fr/?idc=105691&idt=th310,land,1,zoomathia_match
http://ns.inria.fr/zoomathia/ANTIGONUS/ἱστοριῶν_παραδόξων_συναγωγή/g_2/1/60/text/1,https://opentheso.huma-num.fr/?idc=105206&idt=th310,lungs,1,zoomathia_match
http://ns.inria.fr/zoomathia/ANTIGONUS/ἱστοριῶν_παραδόξων_συναγωγή/g_2/1/60/text/1,https://opentheso.huma-num.fr/?idc=107660&idt=th310,wasps,1,zoomathia_match
http://ns.inria.fr/zoomathia/ANTIGONUS/ἱστοριῶν_παραδόξων_συναγωγή/g_2/1/60/text/1,https://opentheso.huma-num.fr/?idc=pcrtnpPag9iONJ&idt=th310,bees,1,zoomathia_match
http://ns.inria.fr/zoomathia/ANTIGONUS/ἱστοριῶν_παραδόξων_συναγωγή/g_2/1/60/text/1,http://dbpedia.org/resource/Terrestrial_animal,land animals,0.9999999997309317,DBpedia
http://ns.inria.fr/zoomathia/ANTIGONUS/ἱστοριῶν_παραδόξων_συναγωγή/g_2/1/60/text/1,http://dbpedia.org/resource/Lung,lungs,0.9984724590404802,DBpedia
http://ns.inria.fr/zoomathia/ANTIGONUS/ἱστοριῶν_παραδόξων_συναγωγή/g_2/1/60/text/1,http://dbpedia.org/resource/Breathing,breathe,0.9999999868179971,DBpedia
http://ns.inria.fr/zoomathia/ANTIGONUS/ἱστοριῶν_παραδόξων_συναγωγή/g_2/1/60/text/1,http://dbpedia.org/resource/Wasp,wasps,0.9951076097694623,DBpedia
http://ns.inria.fr/zoomathia/ANTIGONUS/ἱστοριῶν_παραδόξων_συναγωγή/g_2/1/60/text/1,http://dbpedia.org/resource/Bee,bees,0.9783921315361412,DBpedia
http://ns.inria.fr/zoomathia/ANTIGONUS/ἱστοριῶν_παραδόξων_συναγωγή/g_2/1/60/text/1,http://dbpedia.org/resource/Breathing,breathe,0.9999999868179971,DBpedia
http://ns.inria.fr/zoomathia/ANTIGONUS/ἱστοριῶν_παραδόξων_συναγωγή/g_2/1/61/text/1,https://opentheso.huma-num.fr/?idc=105778&idt=th310,bladders,1,zoomathia_match
http://ns.inria.fr/zoomathia/ANTIGONUS/ἱστοριῶν_παραδόξων_συναγωγή/g_2/1/61/text/1,https://opentheso.huma-num.fr/?idc=105223&idt=th310,intestines,1,zoomathia_match
http://ns.inria.fr/zoomathia/ANTIGONUS/ἱστοριῶν_παραδόξων_συναγωγή/g_2/1/61/text/1,https://opentheso.huma-num.fr/?idc=105223&idt=th310,intestines,1,zoomathia_match
http://ns.inria.fr/zoomathia/ANTIGONUS/ἱστοριῶν_παραδόξων_συναγωγή/g_2/1/61/text/1,https://opentheso.huma-num.fr/?idc=105778&idt=th310,bladders,1,zoomathia_match
http://ns.inria.fr/zoomathia/ANTIGONUS/ἱστοριῶν_παραδόξων_συναγωγή/g_2/1/61/text/1,http://dbpedia.org/resource/Animal,animals,0.9947634159168977,DBpedia
http://ns.inria.fr/zoomathia/ANTIGONUS/ἱστοριῶν_παραδόξων_συναγωγή/g_2/1/61/text/1,http://dbpedia.org/resource/Urinary_bladder,bladders,0.9999999916012996,DBpedia
http://ns.inria.fr/zoomathia/ANTIGONUS/ἱστοριῶν_παραδόξων_συναγωγή/g_2/1/61/text/1,http://dbpedia.org/resource/Gastrointestinal_tract,intestines,0.9786009318327106,DBpedia
http://ns.inria.fr/zoomathia/ANTIGONUS/ἱστοριῶν_παραδόξων_συναγωγή/g_2/1/61/text/1,http://dbpedia.org/resource/Gastrointestinal_tract,intestines,0.9786009318327106,DBpedia
http://ns.inria.fr/zoomathia/ANTIGONUS/ἱστοριῶν_παραδόξων_συναγωγή/g_2/1/61/text/1,http://dbpedia.org/resource/Urinary_bladder,bladders,0.9999999916012996,DBpedia
http://ns.inria.fr/zoomathia/ANTIGONUS/ἱστοριῶν_παραδόξων_συναγωγή/g_2/1/62/text/1,https://opentheso.huma-num.fr/?idc=105155&idt=th310,feet,1,zoomathia_match
http://ns.inria.fr/zoomathia/ANTIGONUS/ἱστοριῶν_παραδόξων_συναγωγή/g_2/1/62/text/1,http://dbpedia.org/resource/Animal,animals,0.9916795022026953,DBpedia
http://ns.inria.fr/zoomathia/ANTIGONUS/ἱστοριῶν_παραδόξων_συναγωγή/g_2/1/63/text/1,https://opentheso.huma-num.fr/?idc=pcrt5d9Jszp0TO&idt=th310,Illyrians,1,zoomathia_match
http://ns.inria.fr/zoomathia/ANTIGONUS/ἱστοριῶν_παραδόξων_συναγωγή/g_2/1/63/text/1,https://opentheso.huma-num.fr/?idc=105155&idt=th310,feet,1,zoomathia_match
http://ns.inria.fr/zoomathia/ANTIGONUS/ἱστοριῶν_παραδόξων_συναγωγή/g_2/1/63/text/1,https://opentheso.huma-num.fr/?idc=105127&idt=th310,horned,1,zoomathia_match
http://ns.inria.fr/zoomathia/ANTIGONUS/ἱστοριῶν_παραδόξων_συναγωγή/g_2/1/63/text/1,https://opentheso.huma-num.fr/?idc=105163&idt=th310,hooves,1,zoomathia_match
http://ns.inria.fr/zoomathia/ANTIGONUS/ἱστοριῶν_παραδόξων_συναγωγή/g_2/1/63/text/1,https://opentheso.huma-num.fr/?idc=105127&idt=th310,horned,1,zoomathia_match
http://ns.inria.fr/zoomathia/ANTIGONUS/ἱστοριῶν_παραδόξων_συναγωγή/g_2/1/63/text/1,https://opentheso.huma-num.fr/?idc=105163&idt=th310,hoof,1,zoomathia_match
http://ns.inria.fr/zoomathia/ANTIGONUS/ἱστοριῶν_παραδόξων_συναγωγή/g_2/1/63/text/1,https://opentheso.huma-num.fr/?idc=pcrt1eSDN7pc4r&idt=th310,ass,1,zoomathia_match
http://ns.inria.fr/zoomathia/ANTIGONUS/ἱστοριῶν_παραδόξων_συναγωγή/g_2/1/63/text/1,https://opentheso.huma-num.fr/?idc=pcrtMDwioq1wOs&idt=th310,knucklebone,1,zoomathia_match
http://ns.inria.fr/zoomathia/ANTIGONUS/ἱστοριῶν_παραδόξων_συναγωγή/g_2/1/63/text/1,https://www.wikidata.org/wiki/Q146715,Illyrians,0.9029,wikidata
http://ns.inria.fr/zoomathia/ANTIGONUS/ἱστοριῶν_παραδόξων_συναγωγή/g_2/1/63/text/1,https://www.wikidata.org/wiki/Q249561,Paeonia,0.8372,wikidata
http://ns.inria.fr/zoomathia/ANTIGONUS/ἱστοριῶν_παραδόξων_συναγωγή/g_2/1/63/text/1,https://www.wikidata.org/wiki/Q328799,Indian,0.4322,wikidata
http://ns.inria.fr/zoomathia/ANTIGONUS/ἱστοριῶν_παραδόξων_συναγωγή/g_2/1/63/text/1,http://dbpedia.org/resource/Illyrians,Illyrians,0.9999999999997726,DBpedia
http://ns.inria.fr/zoomathia/ANTIGONUS/ἱστοριῶν_παραδόξων_συναγωγή/g_2/1/63/text/1,http://dbpedia.org/resource/Peony,Paeonia,0.9999999972074534,DBpedia
http://ns.inria.fr/zoomathia/ANTIGONUS/ἱστοριῶν_παραδόξων_συναγωγή/g_2/1/63/text/1,http://dbpedia.org/resource/Animal,animal,0.9845706921041382,DBpedia
http://ns.inria.fr/zoomathia/ANTIGONUS/ἱστοριῶν_παραδόξων_συναγωγή/g_2/1/63/text/1,http://dbpedia.org/resource/Hoof,hooves,0.9948819116317861,DBpedia
http://ns.inria.fr/zoomathia/ANTIGONUS/ἱστοριῶν_παραδόξων_συναγωγή/g_2/1/63/text/1,http://dbpedia.org/resource/Animal,beasts,0.9670581686880402,DBpedia
http://ns.inria.fr/zoomathia/ANTIGONUS/ἱστοριῶν_παραδόξων_συναγωγή/g_2/1/63/text/1,http://dbpedia.org/resource/Hoof,hoof,0.9880393275981605,DBpedia
http://ns.inria.fr/zoomathia/ANTIGONUS/ἱστοριῶν_παραδόξων_συναγωγή/g_2/1/63/text/1,http://dbpedia.org/resource/Indian_people,Indian,0.5228241830074617,DBpedia
http://ns.inria.fr/zoomathia/ANTIGONUS/ἱστοριῶν_παραδόξων_συναγωγή/g_2/1/63/text/1,http://dbpedia.org/resource/Donkey,ass,0.997535279413647,DBpedia
http://ns.inria.fr/zoomathia/ANTIGONUS/ἱστοριῶν_παραδόξων_συναγωγή/g_2/1/63/text/1,http://dbpedia.org/resource/Animal,animal,0.9845706921041382,DBpedia
http://ns.inria.fr/zoomathia/ANTIGONUS/ἱστοριῶν_παραδόξων_συναγωγή/g_2/1/64/text/1,https://opentheso.huma-num.fr/?idc=105289&idt=th310,male,1,zoomathia_match
http://ns.inria.fr/zoomathia/ANTIGONUS/ἱστοριῶν_παραδόξων_συναγωγή/g_2/1/64/text/1,https://opentheso.huma-num.fr/?idc=105134&idt=th310,teeth,1,zoomathia_match
http://ns.inria.fr/zoomathia/ANTIGONUS/ἱστοριῶν_παραδόξων_συναγωγή/g_2/1/64/text/1,https://opentheso.huma-num.fr/?idc=105290&idt=th310,female,1,zoomathia_match
http://ns.inria.fr/zoomathia/ANTIGONUS/ἱστοριῶν_παραδόξων_συναγωγή/g_2/1/64/text/1,http://dbpedia.org/resource/Male,male,0.9972380181756118,DBpedia
http://ns.inria.fr/zoomathia/ANTIGONUS/ἱστοριῶν_παραδόξων_συναγωγή/g_2/1/64/text/1,http://dbpedia.org/resource/Tooth,teeth,0.9985851272449743,DBpedia
http://ns.inria.fr/zoomathia/ANTIGONUS/ἱστοριῶν_παραδόξων_συναγωγή/g_2/1/64/text/1,http://dbpedia.org/resource/Female,female,0.9981046124227922,DBpedia
http://ns.inria.fr/zoomathia/ANTIGONUS/ἱστοριῶν_παραδόξων_συναγωγή/g_2/1/64/text/1,http://dbpedia.org/resource/Human,humans,0.9961547966223252,DBpedia
http://ns.inria.fr/zoomathia/ANTIGONUS/ἱστοριῶν_παραδόξων_συναγωγή/g_2/1/64/text/1,http://dbpedia.org/resource/Animal,animals,0.9967624479222361,DBpedia
http://ns.inria.fr/zoomathia/ANTIGONUS/ἱστοριῶν_παραδόξων_συναγωγή/g_2/1/65/text/1,https://opentheso.huma-num.fr/?idc=105976&idt=th310,heart,1,zoomathia_match
http://ns.inria.fr/zoomathia/ANTIGONUS/ἱστοριῶν_παραδόξων_συναγωγή/g_2/1/65/text/1,https://opentheso.huma-num.fr/?idc=pcrt6i8AcPBoY2&idt=th310,horse,1,zoomathia_match
http://ns.inria.fr/zoomathia/ANTIGONUS/ἱστοριῶν_παραδόξων_συναγωγή/g_2/1/65/text/1,http://dbpedia.org/resource/Heart,heart,0.9981931858836615,DBpedia
http://ns.inria.fr/zoomathia/ANTIGONUS/ἱστοριῶν_παραδόξων_συναγωγή/g_2/1/65/text/1,http://dbpedia.org/resource/Horse,horse,0.9997403140752198,DBpedia
http://ns.inria.fr/zoomathia/ANTIGONUS/ἱστοριῶν_παραδόξων_συναγωγή/g_2/1/65/text/1,http://dbpedia.org/resource/Bone,bony,0.6641295624373527,DBpedia
http://ns.inria.fr/zoomathia/ANTIGONUS/ἱστοριῶν_παραδόξων_συναγωγή/g_2/1/65/text/1,http://dbpedia.org/resource/Cattle,cattle,0.9998513383126828,DBpedia
http://ns.inria.fr/zoomathia/ANTIGONUS/ἱστοριῶν_παραδόξων_συναγωγή/g_2/1/66/text/1,https://opentheso.huma-num.fr/?idc=pcrtBWawwFyKfi&idt=th310,deer,1,zoomathia_match
http://ns.inria.fr/zoomathia/ANTIGONUS/ἱστοριῶν_παραδόξων_συναγωγή/g_2/1/66/text/1,https://opentheso.huma-num.fr/?idc=105164&idt=th310,tail,1,zoomathia_match
http://ns.inria.fr/zoomathia/ANTIGONUS/ἱστοριῶν_παραδόξων_συναγωγή/g_2/1/66/text/1,http://dbpedia.org/resource/Deer,deer,0.964541149777359,DBpedia
http://ns.inria.fr/zoomathia/ANTIGONUS/ἱστοριῶν_παραδόξων_συναγωγή/g_2/1/66/text/1,http://dbpedia.org/resource/Gall,gall,0.9991461345025539,DBpedia
http://ns.inria.fr/zoomathia/ANTIGONUS/ἱστοριῶν_παραδόξων_συναγωγή/g_2/1/66/text/1,http://dbpedia.org/resource/Tail,tail,0.8215453296837586,DBpedia
http://ns.inria.fr/zoomathia/ANTIGONUS/ἱστοριῶν_παραδόξων_συναγωγή/g_2/1/67/text/1,https://opentheso.huma-num.fr/?idc=105218&idt=th310,stomach,1,zoomathia_match
http://ns.inria.fr/zoomathia/ANTIGONUS/ἱστοριῶν_παραδόξων_συναγωγή/g_2/1/67/text/1,https://opentheso.huma-num.fr/?idc=105131&idt=th310,mouths,1,zoomathia_match
http://ns.inria.fr/zoomathia/ANTIGONUS/ἱστοριῶν_παραδόξων_συναγωγή/g_2/1/67/text/1,http://dbpedia.org/resource/Fish,Fish,0.9998585168728018,DBpedia
http://ns.inria.fr/zoomathia/ANTIGONUS/ἱστοριῶν_παραδόξων_συναγωγή/g_2/1/67/text/1,http://dbpedia.org/resource/Esophagus,gullet,1.0,DBpedia
http://ns.inria.fr/zoomathia/ANTIGONUS/ἱστοριῶν_παραδόξων_συναγωγή/g_2/1/67/text/1,http://dbpedia.org/resource/Stomach,stomach,0.9999870001458373,DBpedia
http://ns.inria.fr/zoomathia/ANTIGONUS/ἱστοριῶν_παραδόξων_συναγωγή/g_2/1/67/text/1,http://dbpedia.org/resource/Fish,fish,0.9998489117609729,DBpedia
http://ns.inria.fr/zoomathia/ANTIGONUS/ἱστοριῶν_παραδόξων_συναγωγή/g_2/1/67/text/1,http://dbpedia.org/resource/Waterfall,falls,0.8313420385848566,DBpedia
http://ns.inria.fr/zoomathia/ANTIGONUS/ἱστοριῶν_παραδόξων_συναγωγή/g_2/1/67/text/1,http://dbpedia.org/resource/River_mouth,mouths,0.9996100020049675,DBpedia
http://ns.inria.fr/zoomathia/ANTIGONUS/ἱστοριῶν_παραδόξων_συναγωγή/g_2/1/67/text/1,http://dbpedia.org/resource/Chase_gun,chase,0.3951559252577428,DBpedia
http://ns.inria.fr/zoomathia/ANTIGONUS/ἱστοριῶν_παραδόξων_συναγωγή/g_2/1/68/text/1,https://opentheso.huma-num.fr/?idc=106259&idt=th310,Snakes,1,zoomathia_match
http://ns.inria.fr/zoomathia/ANTIGONUS/ἱστοριῶν_παραδόξων_συναγωγή/g_2/1/68/text/1,https://opentheso.huma-num.fr/?idc=105128&idt=th310,eyes,1,zoomathia_match
http://ns.inria.fr/zoomathia/ANTIGONUS/ἱστοριῶν_παραδόξων_συναγωγή/g_2/1/68/text/1,http://dbpedia.org/resource/Snake,Snakes,0.9999973762503517,DBpedia
http://ns.inria.fr/zoomathia/ANTIGONUS/ἱστοριῶν_παραδόξων_συναγωγή/g_2/1/68/text/1,http://dbpedia.org/resource/Rib_cage,ribs,0.9833525721034007,DBpedia
http://ns.inria.fr/zoomathia/ANTIGONUS/ἱστοριῶν_παραδόξων_συναγωγή/g_2/1/68/text/1,http://dbpedia.org/resource/Eye,eyes,0.8875248078372624,DBpedia
http://ns.inria.fr/zoomathia/ANTIGONUS/ἱστοριῶν_παραδόξων_συναγωγή/g_2/1/68/text/1,http://dbpedia.org/resource/Ossification,grow,0.3931178257517255,DBpedia
http://ns.inria.fr/zoomathia/ANTIGONUS/ἱστοριῶν_παραδόξων_συναγωγή/g_2/1/69/text/1,https://opentheso.huma-num.fr/?idc=108565&idt=th310,parrot,1,zoomathia_match
http://ns.inria.fr/zoomathia/ANTIGONUS/ἱστοριῶν_παραδόξων_συναγωγή/g_2/1/69/text/1,http://dbpedia.org/resource/Fish,fish,0.9467594086288813,DBpedia
http://ns.inria.fr/zoomathia/ANTIGONUS/ἱστοριῶν_παραδόξων_συναγωγή/g_2/1/72/text/1,https://opentheso.huma-num.fr/?idc=105173&idt=th310,hair,1,zoomathia_match
http://ns.inria.fr/zoomathia/ANTIGONUS/ἱστοριῶν_παραδόξων_συναγωγή/g_2/1/72/text/1,https://opentheso.huma-num.fr/?idc=pcrtd6p9oHq1Tf&idt=th310,black,1,zoomathia_match
http://ns.inria.fr/zoomathia/ANTIGONUS/ἱστοριῶν_παραδόξων_συναγωγή/g_2/1/72/text/1,https://opentheso.huma-num.fr/?idc=pcrt3kpULwWUS2&idt=th310,black,1,zoomathia_match
http://ns.inria.fr/zoomathia/ANTIGONUS/ἱστοριῶν_παραδόξων_συναγωγή/g_2/1/72/text/1,http://dbpedia.org/resource/Hair,hair,0.9954879356334678,DBpedia
http://ns.inria.fr/zoomathia/ANTIGONUS/ἱστοριῶν_παραδόξων_συναγωγή/g_2/1/72/text/1,http://dbpedia.org/resource/Black,black,0.43597608710068325,DBpedia
http://ns.inria.fr/zoomathia/ANTIGONUS/ἱστοριῶν_παραδόξων_συναγωγή/g_2/1/74/text/1,https://opentheso.huma-num.fr/?idc=105927&idt=th310,ants,1,zoomathia_match
http://ns.inria.fr/zoomathia/ANTIGONUS/ἱστοριῶν_παραδόξων_συναγωγή/g_2/1/74/text/1,https://opentheso.huma-num.fr/?idc=105920&idt=th310,oregano,1,zoomathia_match
http://ns.inria.fr/zoomathia/ANTIGONUS/ἱστοριῶν_παραδόξων_συναγωγή/g_2/1/74/text/1,https://opentheso.huma-num.fr/?idc=108773&idt=th310,sulphur,1,zoomathia_match
http://ns.inria.fr/zoomathia/ANTIGONUS/ἱστοριῶν_παραδόξων_συναγωγή/g_2/1/74/text/1,http://dbpedia.org/resource/Ant,ants,0.9999971181724476,DBpedia
http://ns.inria.fr/zoomathia/ANTIGONUS/ἱστοριῶν_παραδόξων_συναγωγή/g_2/1/74/text/1,http://dbpedia.org/resource/Oregano,oregano,0.9973729384719096,DBpedia
http://ns.inria.fr/zoomathia/ANTIGONUS/ἱστοριῶν_παραδόξων_συναγωγή/g_2/1/74/text/1,http://dbpedia.org/resource/Abandoned_railway,abandon,0.8247978883280709,DBpedia
http://ns.inria.fr/zoomathia/ANTIGONUS/ἱστοριῶν_παραδόξων_συναγωγή/g_2/1/74/text/1,http://dbpedia.org/resource/Ant_colony,anthill,0.9999999992745927,DBpedia
http://ns.inria.fr/zoomathia/ANTIGONUS/ἱστοριῶν_παραδόξων_συναγωγή/g_2/1/75/text/1,https://opentheso.huma-num.fr/?idc=108311&idt=th310,partridges,1,zoomathia_match
http://ns.inria.fr/zoomathia/ANTIGONUS/ἱστοριῶν_παραδόξων_συναγωγή/g_2/1/75/text/1,https://opentheso.huma-num.fr/?idc=105290&idt=th310,female,1,zoomathia_match
http://ns.inria.fr/zoomathia/ANTIGONUS/ἱστοριῶν_παραδόξων_συναγωγή/g_2/1/75/text/1,https://opentheso.huma-num.fr/?idc=105289&idt=th310,male,1,zoomathia_match
http://ns.inria.fr/zoomathia/ANTIGONUS/ἱστοριῶν_παραδόξων_συναγωγή/g_2/1/75/text/1,http://dbpedia.org/resource/Partridge,partridges,0.9795835703724054,DBpedia
http://ns.inria.fr/zoomathia/ANTIGONUS/ἱστοριῶν_παραδόξων_συναγωγή/g_2/1/75/text/1,http://dbpedia.org/resource/Female,female,0.9993344869692894,DBpedia
http://ns.inria.fr/zoomathia/ANTIGONUS/ἱστοριῶν_παραδόξων_συναγωγή/g_2/1/75/text/1,http://dbpedia.org/resource/Windward_and_leeward,downwind,0.9911064396897609,DBpedia
http://ns.inria.fr/zoomathia/ANTIGONUS/ἱστοριῶν_παραδόξων_συναγωγή/g_2/1/75/text/1,http://dbpedia.org/resource/Male,male,0.9991162957361215,DBpedia
http://ns.inria.fr/zoomathia/ANTIGONUS/ἱστοριῶν_παραδόξων_συναγωγή/g_2/1/75/text/1,http://dbpedia.org/resource/Fertilisation,fertilized,0.9959982228298578,DBpedia
http://ns.inria.fr/zoomathia/ANTIGONUS/ἱστοριῶν_παραδόξων_συναγωγή/g_2/1/76/text/1,https://opentheso.huma-num.fr/?idc=5012&idt=th310,starfish,1,zoomathia_match
http://ns.inria.fr/zoomathia/ANTIGONUS/ἱστοριῶν_παραδόξων_συναγωγή/g_2/1/76/text/1,http://dbpedia.org/resource/Starfish,starfish,0.9935805560767662,DBpedia
http://ns.inria.fr/zoomathia/ANTIGONUS/ἱστοριῶν_παραδόξων_συναγωγή/g_2/1/76/text/1,http://dbpedia.org/resource/Temperature,hot,0.3893558126633186,DBpedia
http://ns.inria.fr/zoomathia/ANTIGONUS/ἱστοριῶν_παραδόξων_συναγωγή/g_2/1/76/text/1,http://dbpedia.org/resource/Fish,fish,0.9966613079747515,DBpedia
http://ns.inria.fr/zoomathia/ANTIGONUS/ἱστοριῶν_παραδόξων_συναγωγή/g_2/1/76/text/1,http://dbpedia.org/resource/Caught,catches,0.9996562712866292,DBpedia
http://ns.inria.fr/zoomathia/ANTIGONUS/ἱστοριῶν_παραδόξων_συναγωγή/g_2/1/76/text/1,http://dbpedia.org/resource/Professional_wrestling_holds,hold,0.48394586837351095,DBpedia
http://ns.inria.fr/zoomathia/ANTIGONUS/ἱστοριῶν_παραδόξων_συναγωγή/g_2/1/76/text/1,http://dbpedia.org/resource/Boiling,boiled,0.9867453124506064,DBpedia
http://ns.inria.fr/zoomathia/ANTIGONUS/ἱστοριῶν_παραδόξων_συναγωγή/g_2/1/77/text/1,https://opentheso.huma-num.fr/?idc=4994&idt=th310,sponge,1,zoomathia_match
http://ns.inria.fr/zoomathia/ANTIGONUS/ἱστοριῶν_παραδόξων_συναγωγή/g_2/1/77/text/1,https://opentheso.huma-num.fr/?idc=105642&idt=th310,wind,1,zoomathia_match
http://ns.inria.fr/zoomathia/ANTIGONUS/ἱστοριῶν_παραδόξων_συναγωγή/g_2/1/77/text/1,https://opentheso.huma-num.fr/?idc=105692&idt=th310,sea,1,zoomathia_match
http://ns.inria.fr/zoomathia/ANTIGONUS/ἱστοριῶν_παραδόξων_συναγωγή/g_2/1/77/text/1,http://dbpedia.org/resource/Sponge,sponge,0.9951078056144531,DBpedia
http://ns.inria.fr/zoomathia/ANTIGONUS/ἱστοριῶν_παραδόξων_συναγωγή/g_2/1/77/text/1,http://dbpedia.org/resource/Perception,perception,0.9842356171824553,DBpedia
http://ns.inria.fr/zoomathia/ANTIGONUS/ἱστοριῶν_παραδόξων_συναγωγή/g_2/1/77/text/1,http://dbpedia.org/resource/Awareness,aware,0.9904480767079179,DBpedia
http://ns.inria.fr/zoomathia/ANTIGONUS/ἱστοριῶν_παραδόξων_συναγωγή/g_2/1/77/text/1,http://dbpedia.org/resource/Pull_technology,pull,0.9999919371305359,DBpedia
http://ns.inria.fr/zoomathia/ANTIGONUS/ἱστοριῶν_παραδόξων_συναγωγή/g_2/1/77/text/1,http://dbpedia.org/resource/Contract,contracts,0.8873420266047003,DBpedia
http://ns.inria.fr/zoomathia/ANTIGONUS/ἱστοριῶν_παραδόξων_συναγωγή/g_2/1/77/text/1,http://dbpedia.org/resource/Hardness,hard,0.55394001271746,DBpedia
http://ns.inria.fr/zoomathia/ANTIGONUS/ἱστοριῶν_παραδόξων_συναγωγή/g_2/1/77/text/1,http://dbpedia.org/resource/Job,job,0.98373257604903,DBpedia
http://ns.inria.fr/zoomathia/ANTIGONUS/ἱστοριῶν_παραδόξων_συναγωγή/g_2/1/77/text/1,http://dbpedia.org/resource/Removal_jurisdiction,remove,0.8111292178247429,DBpedia
http://ns.inria.fr/zoomathia/ANTIGONUS/ἱστοριῶν_παραδόξων_συναγωγή/g_2/1/77/text/1,http://dbpedia.org/resource/Wind,wind,0.6638902774958874,DBpedia
http://ns.inria.fr/zoomathia/ANTIGONUS/ἱστοριῶν_παραδόξων_συναγωγή/g_2/1/77/text/1,http://dbpedia.org/resource/Sea_state,rough,0.5823463961767115,DBpedia
http://ns.inria.fr/zoomathia/ANTIGONUS/ἱστοριῶν_παραδόξων_συναγωγή/g_2/1/78/text/1,https://opentheso.huma-num.fr/?idc=105644&idt=th310,snow,1,zoomathia_match
http://ns.inria.fr/zoomathia/ANTIGONUS/ἱστοριῶν_παραδόξων_συναγωγή/g_2/1/78/text/1,https://opentheso.huma-num.fr/?idc=107842&idt=th310,Cyprus,1,zoomathia_match
http://ns.inria.fr/zoomathia/ANTIGONUS/ἱστοριῶν_παραδόξων_συναγωγή/g_2/1/78/text/1,https://opentheso.huma-num.fr/?idc=pcrt16pnvNar4g&idt=th310,copper,1,zoomathia_match
http://ns.inria.fr/zoomathia/ANTIGONUS/ἱστοριῶν_παραδόξων_συναγωγή/g_2/1/78/text/1,https://opentheso.huma-num.fr/?idc=pcrt5bIL1UtwcT&idt=th310,ore,1,zoomathia_match
http://ns.inria.fr/zoomathia/ANTIGONUS/ἱστοριῶν_παραδόξων_συναγωγή/g_2/1/78/text/1,https://opentheso.huma-num.fr/?idc=pcrtTcvLDTNT86&idt=th310,smelted,1,zoomathia_match
http://ns.inria.fr/zoomathia/ANTIGONUS/ἱστοριῶν_παραδόξων_συναγωγή/g_2/1/78/text/1,https://opentheso.huma-num.fr/?idc=105121&idt=th310,fly,1,zoomathia_match
http://ns.inria.fr/zoomathia/ANTIGONUS/ἱστοριῶν_παραδόξων_συναγωγή/g_2/1/78/text/1,https://opentheso.huma-num.fr/?idc=105383&idt=th310,fly,1,zoomathia_match
http://ns.inria.fr/zoomathia/ANTIGONUS/ἱστοριῶν_παραδόξων_συναγωγή/g_2/1/78/text/1,https://opentheso.huma-num.fr/?idc=pcrtoc8yjoUorS&idt=th310,furnaces,1,zoomathia_match
http://ns.inria.fr/zoomathia/ANTIGONUS/ἱστοριῶν_παραδόξων_συναγωγή/g_2/1/78/text/1,https://opentheso.huma-num.fr/?idc=105644&idt=th310,snow,1,zoomathia_match
http://ns.inria.fr/zoomathia/ANTIGONUS/ἱστοριῶν_παραδόξων_συναγωγή/g_2/1/78/text/1,https://opentheso.huma-num.fr/?idc=pcrtmhUStm5T6Y&idt=th310,fire,1,zoomathia_match
http://ns.inria.fr/zoomathia/ANTIGONUS/ἱστοριῶν_παραδόξων_συναγωγή/g_2/1/78/text/1,https://www.wikidata.org/wiki/Q229,Cyprus,0.4575,wikidata
http://ns.inria.fr/zoomathia/ANTIGONUS/ἱστοριῶν_παραδόξων_συναγωγή/g_2/1/78/text/1,https://www.wikidata.org/wiki/Q13554032,Carystus,0.4592,wikidata
http://ns.inria.fr/zoomathia/ANTIGONUS/ἱστοριῶν_παραδόξων_συναγωγή/g_2/1/78/text/1,http://dbpedia.org/resource/Snow,snow,0.982924143167264,DBpedia
http://ns.inria.fr/zoomathia/ANTIGONUS/ἱστοριῶν_παραδόξων_συναγωγή/g_2/1/78/text/1,http://dbpedia.org/resource/Shaggy_Rogers,shaggy,0.9992692162788889,DBpedia
http://ns.inria.fr/zoomathia/ANTIGONUS/ἱστοριῶν_παραδόξων_συναγωγή/g_2/1/78/text/1,http://dbpedia.org/resource/Animal,creatures,0.5208276431631288,DBpedia
http://ns.inria.fr/zoomathia/ANTIGONUS/ἱστοριῶν_παραδόξων_συναγωγή/g_2/1/78/text/1,http://dbpedia.org/resource/Cyprus,Cyprus,0.9281107757681066,DBpedia
http://ns.inria.fr/zoomathia/ANTIGONUS/ἱστοριῶν_παραδόξων_συναγωγή/g_2/1/78/text/1,http://dbpedia.org/resource/Copper_extraction,copper ore,0.993338900144865,DBpedia
http://ns.inria.fr/zoomathia/ANTIGONUS/ἱστοριῶν_παραδόξων_συναγωγή/g_2/1/78/text/1,http://dbpedia.org/resource/Smelting,smelted,0.9999974424680451,DBpedia
http://ns.inria.fr/zoomathia/ANTIGONUS/ἱστοριῶν_παραδόξων_συναγωγή/g_2/1/78/text/1,http://dbpedia.org/resource/Animal,creature,0.7514408718679313,DBpedia
http://ns.inria.fr/zoomathia/ANTIGONUS/ἱστοριῶν_παραδόξων_συναγωγή/g_2/1/78/text/1,http://dbpedia.org/resource/Fly,fly,0.8803344650311219,DBpedia
http://ns.inria.fr/zoomathia/ANTIGONUS/ἱστοριῶν_παραδόξων_συναγωγή/g_2/1/78/text/1,http://dbpedia.org/resource/Generating_set_of_a_group,generated,0.4561721695585722,DBpedia
http://ns.inria.fr/zoomathia/ANTIGONUS/ἱστοριῶν_παραδόξων_συναγωγή/g_2/1/78/text/1,http://dbpedia.org/resource/Furnace,furnaces,0.856698435446835,DBpedia
http://ns.inria.fr/zoomathia/ANTIGONUS/ἱστοριῶν_παραδόξων_συναγωγή/g_2/1/78/text/1,http://dbpedia.org/resource/Carystus,Carystus,0.99999999999892,DBpedia
http://ns.inria.fr/zoomathia/ANTIGONUS/ἱστοριῶν_παραδόξων_συναγωγή/g_2/1/78/text/1,http://dbpedia.org/resource/Animal,animals,0.9998795053453704,DBpedia
http://ns.inria.fr/zoomathia/ANTIGONUS/ἱστοριῶν_παραδόξων_συναγωγή/g_2/1/78/text/1,http://dbpedia.org/resource/Snow,snow,0.982924143167264,DBpedia
http://ns.inria.fr/zoomathia/ANTIGONUS/ἱστοριῶν_παραδόξων_συναγωγή/g_2/1/78/text/1,http://dbpedia.org/resource/Fire,fire,0.9939040421983133,DBpedia
http://ns.inria.fr/zoomathia/ANTIGONUS/ἱστοριῶν_παραδόξων_συναγωγή/g_2/1/79/text/1,https://opentheso.huma-num.fr/?idc=108635&idt=th310,Hypanis,1,zoomathia_match
http://ns.inria.fr/zoomathia/ANTIGONUS/ἱστοριῶν_παραδόξων_συναγωγή/g_2/1/79/text/1,https://opentheso.huma-num.fr/?idc=105699&idt=th310,Bosphorus,1,zoomathia_match
http://ns.inria.fr/zoomathia/ANTIGONUS/ἱστοριῶν_παραδόξων_συναγωγή/g_2/1/79/text/1,https://opentheso.huma-num.fr/?idc=107437&idt=th310,solstice,1,zoomathia_match
http://ns.inria.fr/zoomathia/ANTIGONUS/ἱστοριῶν_παραδόξων_συναγωγή/g_2/1/79/text/1,https://opentheso.huma-num.fr/?idc=108399&idt=th310,grapes,1,zoomathia_match
http://ns.inria.fr/zoomathia/ANTIGONUS/ἱστοριῶν_παραδόξων_συναγωγή/g_2/1/79/text/1,https://opentheso.huma-num.fr/?idc=pcrtx72BOMXZ2d&idt=th310,open,1,zoomathia_match
http://ns.inria.fr/zoomathia/ANTIGONUS/ἱστοριῶν_παραδόξων_συναγωγή/g_2/1/79/text/1,https://opentheso.huma-num.fr/?idc=106753&idt=th310,winged,1,zoomathia_match
http://ns.inria.fr/zoomathia/ANTIGONUS/ἱστοριῶν_παραδόξων_συναγωγή/g_2/1/79/text/1,https://opentheso.huma-num.fr/?idc=pcrtGSslMASdGf&idt=th310,day,1,zoomathia_match
http://ns.inria.fr/zoomathia/ANTIGONUS/ἱστοριῶν_παραδόξων_συναγωγή/g_2/1/79/text/1,https://opentheso.huma-num.fr/?idc=106753&idt=th310,winged,1,zoomathia_match
http://ns.inria.fr/zoomathia/ANTIGONUS/ἱστοριῶν_παραδόξων_συναγωγή/g_2/1/79/text/1,https://www.wikidata.org/wiki/Q49083820,Hypanis,0.4591,wikidata
http://ns.inria.fr/zoomathia/ANTIGONUS/ἱστοριῶν_παραδόξων_συναγωγή/g_2/1/79/text/1,https://www.wikidata.org/wiki/Q1814174,one day,0.3511,wikidata
http://ns.inria.fr/zoomathia/ANTIGONUS/ἱστοριῶν_παραδόξων_συναγωγή/g_2/1/79/text/1,http://dbpedia.org/resource/Southern_Bug,Hypanis,0.9735015088728567,DBpedia
http://ns.inria.fr/zoomathia/ANTIGONUS/ἱστοριῶν_παραδόξων_συναγωγή/g_2/1/79/text/1,http://dbpedia.org/resource/Kerch_Strait,Cimmerian Bosphorus,1.0,DBpedia
http://ns.inria.fr/zoomathia/ANTIGONUS/ἱστοριῶν_παραδόξων_συναγωγή/g_2/1/79/text/1,http://dbpedia.org/resource/Solstice,solstice,0.9839295387553852,DBpedia
http://ns.inria.fr/zoomathia/ANTIGONUS/ἱστοριῶν_παραδόξων_συναγωγή/g_2/1/79/text/1,http://dbpedia.org/resource/Marsupial,pouches,0.9845231613872907,DBpedia
http://ns.inria.fr/zoomathia/ANTIGONUS/ἱστοριῶν_παραδόξων_συναγωγή/g_2/1/79/text/1,http://dbpedia.org/resource/Grape,grapes,0.9945272480585965,DBpedia
http://ns.inria.fr/zoomathia/ANTIGONUS/ἱστοριῶν_παραδόξων_συναγωγή/g_2/1/79/text/1,http://dbpedia.org/resource/Myrmecochory,carried,0.9168312389874851,DBpedia
http://ns.inria.fr/zoomathia/ANTIGONUS/ἱστοριῶν_παραδόξων_συναγωγή/g_2/1/79/text/1,http://dbpedia.org/resource/Wing,winged,0.5872205982233011,DBpedia
http://ns.inria.fr/zoomathia/ANTIGONUS/ἱστοριῶν_παραδόξων_συναγωγή/g_2/1/79/text/1,http://dbpedia.org/resource/Animal,animal,0.9612088257892187,DBpedia
http://ns.inria.fr/zoomathia/ANTIGONUS/ἱστοριῶν_παραδόξων_συναγωγή/g_2/1/79/text/1,http://dbpedia.org/resource/Pupa,emerges,0.7743206832893724,DBpedia
http://ns.inria.fr/zoomathia/ANTIGONUS/ἱστοριῶν_παραδόξων_συναγωγή/g_2/1/79/text/1,http://dbpedia.org/resource/Life,lives,0.6898512863852485,DBpedia
http://ns.inria.fr/zoomathia/ANTIGONUS/ἱστοριῶν_παραδόξων_συναγωγή/g_2/1/79/text/1,http://dbpedia.org/resource/Day,day,0.9091974503696768,DBpedia
http://ns.inria.fr/zoomathia/ANTIGONUS/ἱστοριῶν_παραδόξων_συναγωγή/g_2/1/79/text/1,http://dbpedia.org/resource/Grammatical_number,singular,0.8734106306627198,DBpedia
http://ns.inria.fr/zoomathia/ANTIGONUS/ἱστοριῶν_παραδόξων_συναγωγή/g_2/1/79/text/1,http://dbpedia.org/resource/Wing,winged,0.5872205982233011,DBpedia
http://ns.inria.fr/zoomathia/ANTIGONUS/ἱστοριῶν_παραδόξων_συναγωγή/g_2/1/79/text/1,http://dbpedia.org/resource/Legendary_creature,creature,0.9138735308789955,DBpedia
http://ns.inria.fr/zoomathia/ANTIGONUS/ἱστοριῶν_παραδόξων_συναγωγή/g_2/1/80/text/1,https://opentheso.huma-num.fr/?idc=105691&idt=th310,Land,1,zoomathia_match
http://ns.inria.fr/zoomathia/ANTIGONUS/ἱστοριῶν_παραδόξων_συναγωγή/g_2/1/80/text/1,https://opentheso.huma-num.fr/?idc=pcrt2t2EtFSnPv&idt=th310,scorpions,1,zoomathia_match
http://ns.inria.fr/zoomathia/ANTIGONUS/ἱστοριῶν_παραδόξων_συναγωγή/g_2/1/80/text/1,https://opentheso.huma-num.fr/?idc=105942&idt=th310,spider,1,zoomathia_match
http://ns.inria.fr/zoomathia/ANTIGONUS/ἱστοριῶν_παραδόξων_συναγωγή/g_2/1/80/text/1,https://opentheso.huma-num.fr/?idc=105290&idt=th310,female,1,zoomathia_match
http://ns.inria.fr/zoomathia/ANTIGONUS/ἱστοριῶν_παραδόξων_συναγωγή/g_2/1/80/text/1,https://opentheso.huma-num.fr/?idc=105289&idt=th310,male,1,zoomathia_match
http://ns.inria.fr/zoomathia/ANTIGONUS/ἱστοριῶν_παραδόξων_συναγωγή/g_2/1/80/text/1,https://opentheso.huma-num.fr/?idc=105548&idt=th310,eggs,1,zoomathia_match
http://ns.inria.fr/zoomathia/ANTIGONUS/ἱστοριῶν_παραδόξων_συναγωγή/g_2/1/80/text/1,http://dbpedia.org/resource/Land,Land,0.9586573652154736,DBpedia
http://ns.inria.fr/zoomathia/ANTIGONUS/ἱστοριῶν_παραδόξων_συναγωγή/g_2/1/80/text/1,http://dbpedia.org/resource/Scorpion,scorpions,0.9999999999991758,DBpedia
http://ns.inria.fr/zoomathia/ANTIGONUS/ἱστοριῶν_παραδόξων_συναγωγή/g_2/1/80/text/1,http://dbpedia.org/resource/Sri_Lankan_Civil_War,kills,0.6534785959687398,DBpedia
http://ns.inria.fr/zoomathia/ANTIGONUS/ἱστοριῶν_παραδόξων_συναγωγή/g_2/1/80/text/1,http://dbpedia.org/resource/Female,female,0.9999750150557264,DBpedia
http://ns.inria.fr/zoomathia/ANTIGONUS/ἱστοριῶν_παραδόξων_συναγωγή/g_2/1/80/text/1,http://dbpedia.org/resource/Parent,parent,0.9999430295539448,DBpedia
http://ns.inria.fr/zoomathia/ANTIGONUS/ἱστοριῶν_παραδόξων_συναγωγή/g_2/1/80/text/1,http://dbpedia.org/resource/Male,male,0.9995470044465156,DBpedia
http://ns.inria.fr/zoomathia/ANTIGONUS/ἱστοριῶν_παραδόξων_συναγωγή/g_2/1/80/text/1,http://dbpedia.org/resource/Egg_incubation,incubate,0.999999972798037,DBpedia
http://ns.inria.fr/zoomathia/ANTIGONUS/ἱστοριῶν_παραδόξων_συναγωγή/g_2/1/80/text/1,http://dbpedia.org/resource/Bird_egg,eggs,0.524733675241109,DBpedia
http://ns.inria.fr/zoomathia/ANTIGONUS/ἱστοριῶν_παραδόξων_συναγωγή/g_2/1/80/text/1,http://dbpedia.org/resource/Jointure,jointly,0.5398516927933823,DBpedia
http://ns.inria.fr/zoomathia/ANTIGONUS/ἱστοριῶν_παραδόξων_συναγωγή/g_2/1/81/text/1,https://opentheso.huma-num.fr/?idc=106259&idt=th310,snakes,1,zoomathia_match
http://ns.inria.fr/zoomathia/ANTIGONUS/ἱστοριῶν_παραδόξων_συναγωγή/g_2/1/81/text/1,https://opentheso.huma-num.fr/?idc=106259&idt=th310,snake,1,zoomathia_match
http://ns.inria.fr/zoomathia/ANTIGONUS/ἱστοριῶν_παραδόξων_συναγωγή/g_2/1/81/text/1,https://opentheso.huma-num.fr/?idc=106471&idt=th310,death,1,zoomathia_match
http://ns.inria.fr/zoomathia/ANTIGONUS/ἱστοριῶν_παραδόξων_συναγωγή/g_2/1/81/text/1,https://opentheso.huma-num.fr/?idc=pcrtWUyge94a85&idt=th310,set,1,zoomathia_match
http://ns.inria.fr/zoomathia/ANTIGONUS/ἱστοριῶν_παραδόξων_συναγωγή/g_2/1/81/text/1,https://opentheso.huma-num.fr/?idc=pcrtdtX7cfYccQ&idt=th310,seal,1,zoomathia_match
http://ns.inria.fr/zoomathia/ANTIGONUS/ἱστοριῶν_παραδόξων_συναγωγή/g_2/1/81/text/1,https://opentheso.huma-num.fr/?idc=pcrt0WrjgPTs33&idt=th310,man,1,zoomathia_match
http://ns.inria.fr/zoomathia/ANTIGONUS/ἱστοριῶν_παραδόξων_συναγωγή/g_2/1/81/text/1,https://opentheso.huma-num.fr/?idc=105260&idt=th310,breath,1,zoomathia_match
http://ns.inria.fr/zoomathia/ANTIGONUS/ἱστοριῶν_παραδόξων_συναγωγή/g_2/1/81/text/1,https://opentheso.huma-num.fr/?idc=105367&idt=th310,birth,1,zoomathia_match
http://ns.inria.fr/zoomathia/ANTIGONUS/ἱστοριῶν_παραδόξων_συναγωγή/g_2/1/81/text/1,https://www.wikidata.org/wiki/Q360787,Archelaus,0.4584,wikidata
http://ns.inria.fr/zoomathia/ANTIGONUS/ἱστοριῶν_παραδόξων_συναγωγή/g_2/1/81/text/1,https://www.wikidata.org/wiki/Q500739,Cecrops,0.4564,wikidata
http://ns.inria.fr/zoomathia/ANTIGONUS/ἱστοριῶν_παραδόξων_συναγωγή/g_2/1/81/text/1,http://dbpedia.org/resource/Grammatical_number,singular,0.9981793057234386,DBpedia
http://ns.inria.fr/zoomathia/ANTIGONUS/ἱστοριῶν_παραδόξων_συναγωγή/g_2/1/81/text/1,http://dbpedia.org/resource/Spinal_cord,spinal cord,0.9999659533172267,DBpedia
http://ns.inria.fr/zoomathia/ANTIGONUS/ἱστοριῶν_παραδόξων_συναγωγή/g_2/1/81/text/1,http://dbpedia.org/resource/Cadaver,corpses,0.9999967764319652,DBpedia
http://ns.inria.fr/zoomathia/ANTIGONUS/ἱστοριῶν_παραδόξων_συναγωγή/g_2/1/81/text/1,http://dbpedia.org/resource/Decomposition,rots,1.0,DBpedia
http://ns.inria.fr/zoomathia/ANTIGONUS/ἱστοριῶν_παραδόξων_συναγωγή/g_2/1/81/text/1,http://dbpedia.org/resource/Snake,snakes,0.9999993267399524,DBpedia
http://ns.inria.fr/zoomathia/ANTIGONUS/ἱστοριῶν_παραδόξων_συναγωγή/g_2/1/81/text/1,http://dbpedia.org/resource/Generating_set_of_a_group,generated,0.9724494432587192,DBpedia
http://ns.inria.fr/zoomathia/ANTIGONUS/ἱστοριῶν_παραδόξων_συναγωγή/g_2/1/81/text/1,http://dbpedia.org/resource/Vertebral_column,spine,0.9998080196016,DBpedia
http://ns.inria.fr/zoomathia/ANTIGONUS/ἱστοριῶν_παραδόξων_συναγωγή/g_2/1/81/text/1,http://dbpedia.org/resource/Grammatical_person,person,0.9912850435782256,DBpedia
http://ns.inria.fr/zoomathia/ANTIGONUS/ἱστοριῶν_παραδόξων_συναγωγή/g_2/1/81/text/1,http://dbpedia.org/resource/Odor,odour,0.9999999959856041,DBpedia
http://ns.inria.fr/zoomathia/ANTIGONUS/ἱστοριῶν_παραδόξων_συναγωγή/g_2/1/81/text/1,http://dbpedia.org/resource/Death,dead,0.9998613666245779,DBpedia
http://ns.inria.fr/zoomathia/ANTIGONUS/ἱστοριῶν_παραδόξων_συναγωγή/g_2/1/81/text/1,http://dbpedia.org/resource/Snake,snake,0.9999997689384639,DBpedia
http://ns.inria.fr/zoomathia/ANTIGONUS/ἱστοριῶν_παραδόξων_συναγωγή/g_2/1/81/text/1,http://dbpedia.org/resource/Battle_of_Cape_Matapan,encountered,0.999817606874753,DBpedia
http://ns.inria.fr/zoomathia/ANTIGONUS/ἱστοριῶν_παραδόξων_συναγωγή/g_2/1/81/text/1,http://dbpedia.org/resource/Epigram,epigram,1.0,DBpedia
http://ns.inria.fr/zoomathia/ANTIGONUS/ἱστοριῶν_παραδόξων_συναγωγή/g_2/1/81/text/1,http://dbpedia.org/resource/Archelaus_I_of_Macedon,Archelaus,0.9999188088758599,DBpedia
http://ns.inria.fr/zoomathia/ANTIGONUS/ἱστοριῶν_παραδόξων_συναγωγή/g_2/1/81/text/1,http://dbpedia.org/resource/Phonograph_record,records,0.9911640129176508,DBpedia
http://ns.inria.fr/zoomathia/ANTIGONUS/ἱστοριῶν_παραδόξων_συναγωγή/g_2/1/81/text/1,http://dbpedia.org/resource/Marvels,marvels,1.0,DBpedia
http://ns.inria.fr/zoomathia/ANTIGONUS/ἱστοριῶν_παραδόξων_συναγωγή/g_2/1/81/text/1,http://dbpedia.org/resource/Being,beings,0.9982802322746912,DBpedia
http://ns.inria.fr/zoomathia/ANTIGONUS/ἱστοριῶν_παραδόξων_συναγωγή/g_2/1/81/text/1,http://dbpedia.org/resource/Life_expectancy,lifetime,0.45154992748970163,DBpedia
http://ns.inria.fr/zoomathia/ANTIGONUS/ἱστοριῶν_παραδόξων_συναγωγή/g_2/1/81/text/1,http://dbpedia.org/resource/Set_theory,set,0.6871159620354429,DBpedia
http://ns.inria.fr/zoomathia/ANTIGONUS/ἱστοριῶν_παραδόξων_συναγωγή/g_2/1/81/text/1,http://dbpedia.org/resource/Pinniped,seal,0.9998785996497025,DBpedia
http://ns.inria.fr/zoomathia/ANTIGONUS/ἱστοριῶν_παραδόξων_συναγωγή/g_2/1/81/text/1,http://dbpedia.org/resource/Umbilical_cord,cord,0.9996284383142133,DBpedia
http://ns.inria.fr/zoomathia/ANTIGONUS/ἱστοριῶν_παραδόξων_συναγωγή/g_2/1/81/text/1,http://dbpedia.org/resource/Tree_hollow,hollow,0.9981540468788584,DBpedia
http://ns.inria.fr/zoomathia/ANTIGONUS/ἱστοριῶν_παραδόξων_συναγωγή/g_2/1/81/text/1,http://dbpedia.org/resource/Vertebral_column,spine,0.9998080196016,DBpedia
http://ns.inria.fr/zoomathia/ANTIGONUS/ἱστοριῶν_παραδόξων_συναγωγή/g_2/1/81/text/1,http://dbpedia.org/resource/Human,man,0.9742038779954721,DBpedia
http://ns.inria.fr/zoomathia/ANTIGONUS/ἱστοριῶν_παραδόξων_συναγωγή/g_2/1/81/text/1,http://dbpedia.org/resource/Comes,Comes,0.9999999999732836,DBpedia
http://ns.inria.fr/zoomathia/ANTIGONUS/ἱστοριῶν_παραδόξων_συναγωγή/g_2/1/81/text/1,http://dbpedia.org/resource/Zherichinius,terrible,0.752342286182005,DBpedia
http://ns.inria.fr/zoomathia/ANTIGONUS/ἱστοριῶν_παραδόξων_συναγωγή/g_2/1/81/text/1,http://dbpedia.org/resource/Snake,serpent,0.9996199606933133,DBpedia
http://ns.inria.fr/zoomathia/ANTIGONUS/ἱστοριῶν_παραδόξων_συναγωγή/g_2/1/81/text/1,http://dbpedia.org/resource/Cadaver,body,0.7337603566892287,DBpedia
http://ns.inria.fr/zoomathia/ANTIGONUS/ἱστοριῶν_παραδόξων_συναγωγή/g_2/1/81/text/1,http://dbpedia.org/resource/Decomposition,rotted,0.9999984478833533,DBpedia
http://ns.inria.fr/zoomathia/ANTIGONUS/ἱστοριῶν_παραδόξων_συναγωγή/g_2/1/81/text/1,http://dbpedia.org/resource/Breathing,breath,0.999999999936108,DBpedia
http://ns.inria.fr/zoomathia/ANTIGONUS/ἱστοριῶν_παραδόξων_συναγωγή/g_2/1/81/text/1,http://dbpedia.org/resource/Child_prodigy,prodigy,0.9999267675852725,DBpedia
http://ns.inria.fr/zoomathia/ANTIGONUS/ἱστοριῶν_παραδόξων_συναγωγή/g_2/1/81/text/1,http://dbpedia.org/resource/Life,living,0.9600348708265242,DBpedia
http://ns.inria.fr/zoomathia/ANTIGONUS/ἱστοριῶν_παραδόξων_συναγωγή/g_2/1/81/text/1,http://dbpedia.org/resource/Death,dead,0.9998613666245779,DBpedia
http://ns.inria.fr/zoomathia/ANTIGONUS/ἱστοριῶν_παραδόξων_συναγωγή/g_2/1/81/text/1,http://dbpedia.org/resource/Cecrops_I,Cecrops,0.9999999999993179,DBpedia
http://ns.inria.fr/zoomathia/ANTIGONUS/ἱστοριῶν_παραδόξων_συναγωγή/g_2/1/81/text/1,http://dbpedia.org/resource/Marvel_Comics,marvel,0.6720252508185364,DBpedia
http://ns.inria.fr/zoomathia/ANTIGONUS/ἱστοριῶν_παραδόξων_συναγωγή/g_2/1/81/text/1,http://dbpedia.org/resource/Matter,matter,0.9989093058551247,DBpedia
http://ns.inria.fr/zoomathia/ANTIGONUS/ἱστοριῶν_παραδόξων_συναγωγή/g_2/1/81/text/1,http://dbpedia.org/resource/God,phenomenon,0.6389120473856844,DBpedia
http://ns.inria.fr/zoomathia/ANTIGONUS/ἱστοριῶν_παραδόξων_συναγωγή/g_2/1/81/text/1,http://dbpedia.org/resource/Hearsay,hearsay,0.8857038973637035,DBpedia
http://ns.inria.fr/zoomathia/ANTIGONUS/ἱστοριῶν_παραδόξων_συναγωγή/g_2/1/81/text/1,http://dbpedia.org/resource/Jesus,sayings,0.5545575953456302,DBpedia
http://ns.inria.fr/zoomathia/ANTIGONUS/ἱστοριῶν_παραδόξων_συναγωγή/g_2/1/81/text/1,http://dbpedia.org/resource/Currency_union,common currency,0.8389745922986452,DBpedia
http://ns.inria.fr/zoomathia/ANTIGONUS/ἱστοριῶν_παραδόξων_συναγωγή/g_2/1/81/text/1,http://dbpedia.org/resource/Evidence,evidence,0.9622181090074305,DBpedia
http://ns.inria.fr/zoomathia/ANTIGONUS/ἱστοριῶν_παραδόξων_συναγωγή/g_2/1/81/text/1,http://dbpedia.org/resource/Epigram,epigram,1.0,DBpedia
http://ns.inria.fr/zoomathia/ANTIGONUS/ἱστοριῶν_παραδόξων_συναγωγή/g_2/1/83/text/1,https://opentheso.huma-num.fr/?idc=107031&idt=th310,mullet,1,zoomathia_match
http://ns.inria.fr/zoomathia/ANTIGONUS/ἱστοριῶν_παραδόξων_συναγωγή/g_2/1/83/text/1,https://opentheso.huma-num.fr/?idc=108337&idt=th310,hides,1,zoomathia_match
http://ns.inria.fr/zoomathia/ANTIGONUS/ἱστοριῶν_παραδόξων_συναγωγή/g_2/1/83/text/1,https://opentheso.huma-num.fr/?idc=pcrtW8Uu5SMsQy&idt=th310,hides,1,zoomathia_match
http://ns.inria.fr/zoomathia/ANTIGONUS/ἱστοριῶν_παραδόξων_συναγωγή/g_2/1/83/text/1,https://opentheso.huma-num.fr/?idc=105124&idt=th310,head,1,zoomathia_match
http://ns.inria.fr/zoomathia/ANTIGONUS/ἱστοριῶν_παραδόξων_συναγωγή/g_2/1/83/text/1,https://opentheso.huma-num.fr/?idc=108337&idt=th310,hiding,1,zoomathia_match
http://ns.inria.fr/zoomathia/ANTIGONUS/ἱστοριῶν_παραδόξων_συναγωγή/g_2/1/83/text/1,https://opentheso.huma-num.fr/?idc=pcrtW8Uu5SMsQy&idt=th310,hiding,1,zoomathia_match
http://ns.inria.fr/zoomathia/ANTIGONUS/ἱστοριῶν_παραδόξων_συναγωγή/g_2/1/83/text/1,http://dbpedia.org/resource/Goatfish,mullet,0.7534971353549419,DBpedia
http://ns.inria.fr/zoomathia/ANTIGONUS/ἱστοριῶν_παραδόξων_συναγωγή/g_2/1/83/text/1,http://dbpedia.org/resource/Bird_hide,hides,0.693152979228739,DBpedia
http://ns.inria.fr/zoomathia/ANTIGONUS/ἱστοριῶν_παραδόξων_συναγωγή/g_2/1/83/text/1,http://dbpedia.org/resource/Head,head,0.7042502838969826,DBpedia
http://ns.inria.fr/zoomathia/ANTIGONUS/ἱστοριῶν_παραδόξων_συναγωγή/g_2/1/83/text/1,http://dbpedia.org/resource/Hiding_(TV_series),hiding,0.9302777821262667,DBpedia
http://ns.inria.fr/zoomathia/ANTIGONUS/ἱστοριῶν_παραδόξων_συναγωγή/g_2/1/83/text/1,http://dbpedia.org/resource/Human_body,body,0.9442375614042853,DBpedia
http://ns.inria.fr/zoomathia/ANTIGONUS/ἱστοριῶν_παραδόξων_συναγωγή/g_2/1/84/text/1,https://opentheso.huma-num.fr/?idc=pcrtJzuAzNR9vn&idt=th310,birds of prey,1,zoomathia_match
http://ns.inria.fr/zoomathia/ANTIGONUS/ἱστοριῶν_παραδόξων_συναγωγή/g_2/1/84/text/1,http://dbpedia.org/resource/Bird,birds,0.9934854221615189,DBpedia
http://ns.inria.fr/zoomathia/ANTIGONUS/ἱστοριῶν_παραδόξων_συναγωγή/g_2/1/84/text/1,http://dbpedia.org/resource/Predation,prey,0.9998292062590319,DBpedia
http://ns.inria.fr/zoomathia/ANTIGONUS/ἱστοριῶν_παραδόξων_συναγωγή/g_2/1/84/text/1,http://dbpedia.org/resource/Mimicry,mimicry,0.9936724925585195,DBpedia
http://ns.inria.fr/zoomathia/ANTIGONUS/ἱστοριῶν_παραδόξων_συναγωγή/g_2/1/85/text/1,https://opentheso.huma-num.fr/?idc=105616&idt=th310,bitten,1,zoomathia_match
http://ns.inria.fr/zoomathia/ANTIGONUS/ἱστοριῶν_παραδόξων_συναγωγή/g_2/1/85/text/1,https://opentheso.huma-num.fr/?idc=pcrt4v7jKE3TVw&idt=th310,dog,1,zoomathia_match
http://ns.inria.fr/zoomathia/ANTIGONUS/ἱστοριῶν_παραδόξων_συναγωγή/g_2/1/85/text/1,http://dbpedia.org/resource/Animal,creature,0.6793297451986666,DBpedia
http://ns.inria.fr/zoomathia/ANTIGONUS/ἱστοριῶν_παραδόξων_συναγωγή/g_2/1/85/text/1,http://dbpedia.org/resource/Dog_bite,bitten,0.6092926686556688,DBpedia
http://ns.inria.fr/zoomathia/ANTIGONUS/ἱστοριῶν_παραδόξων_συναγωγή/g_2/1/85/text/1,http://dbpedia.org/resource/Dog,dog,0.9999998092406241,DBpedia
http://ns.inria.fr/zoomathia/ANTIGONUS/ἱστοριῶν_παραδόξων_συναγωγή/g_2/1/85/text/1,http://dbpedia.org/resource/Rabies,rabid,0.9939179886495556,DBpedia
http://ns.inria.fr/zoomathia/ANTIGONUS/ἱστοριῶν_παραδόξων_συναγωγή/g_2/1/85/text/1,http://dbpedia.org/resource/Human,humans,0.9999187848172877,DBpedia
http://ns.inria.fr/zoomathia/ANTIGONUS/ἱστοριῶν_παραδόξων_συναγωγή/g_2/1/87/text/1,https://opentheso.huma-num.fr/?idc=108707&idt=th310,Syracuse,1,zoomathia_match
http://ns.inria.fr/zoomathia/ANTIGONUS/ἱστοριῶν_παραδόξων_συναγωγή/g_2/1/87/text/1,https://opentheso.huma-num.fr/?idc=105548&idt=th310,eggs,1,zoomathia_match
http://ns.inria.fr/zoomathia/ANTIGONUS/ἱστοριῶν_παραδόξων_συναγωγή/g_2/1/87/text/1,https://opentheso.huma-num.fr/?idc=107233&idt=th310,mat,1,zoomathia_match
http://ns.inria.fr/zoomathia/ANTIGONUS/ἱστοριῶν_παραδόξων_συναγωγή/g_2/1/87/text/1,https://opentheso.huma-num.fr/?idc=pcrtjH3S5xjpLz&idt=th310,mat,1,zoomathia_match
http://ns.inria.fr/zoomathia/ANTIGONUS/ἱστοριῶν_παραδόξων_συναγωγή/g_2/1/87/text/1,https://opentheso.huma-num.fr/?idc=pcrt6z097U6IUf&idt=th310,drank,1,zoomathia_match
http://ns.inria.fr/zoomathia/ANTIGONUS/ἱστοριῶν_παραδόξων_συναγωγή/g_2/1/87/text/1,https://opentheso.huma-num.fr/?idc=105649&idt=th310,time,1,zoomathia_match
http://ns.inria.fr/zoomathia/ANTIGONUS/ἱστοριῶν_παραδόξων_συναγωγή/g_2/1/87/text/1,https://opentheso.huma-num.fr/?idc=105548&idt=th310,eggs,1,zoomathia_match
http://ns.inria.fr/zoomathia/ANTIGONUS/ἱστοριῶν_παραδόξων_συναγωγή/g_2/1/87/text/1,https://opentheso.huma-num.fr/?idc=105548&idt=th310,Eggs,1,zoomathia_match
http://ns.inria.fr/zoomathia/ANTIGONUS/ἱστοριῶν_παραδόξων_συναγωγή/g_2/1/87/text/1,https://opentheso.huma-num.fr/?idc=105646&idt=th310,warm,1,zoomathia_match
http://ns.inria.fr/zoomathia/ANTIGONUS/ἱστοριῶν_παραδόξων_συναγωγή/g_2/1/87/text/1,https://opentheso.huma-num.fr/?idc=pcrtfv4IrNiWE8&idt=th310,vessels,1,zoomathia_match
http://ns.inria.fr/zoomathia/ANTIGONUS/ἱστοριῶν_παραδόξων_συναγωγή/g_2/1/87/text/1,https://www.wikidata.org/wiki/Q128069,Syracuse,0.4539,wikidata
http://ns.inria.fr/zoomathia/ANTIGONUS/ἱστοριῶν_παραδόξων_συναγωγή/g_2/1/87/text/1,http://dbpedia.org/resource/Syracuse_Orange_football,Syracuse,0.37055054519268693,DBpedia
http://ns.inria.fr/zoomathia/ANTIGONUS/ἱστοριῶν_παραδόξων_συναγωγή/g_2/1/87/text/1,http://dbpedia.org/resource/Alcohol_intoxication,drunkard,0.8770913549932741,DBpedia
http://ns.inria.fr/zoomathia/ANTIGONUS/ἱστοριῶν_παραδόξων_συναγωγή/g_2/1/87/text/1,http://dbpedia.org/resource/Burial,buried,0.8868470789749773,DBpedia
http://ns.inria.fr/zoomathia/ANTIGONUS/ἱστοριῶν_παραδόξων_συναγωγή/g_2/1/87/text/1,http://dbpedia.org/resource/Egg,eggs,0.7640506837649655,DBpedia
http://ns.inria.fr/zoomathia/ANTIGONUS/ἱστοριῶν_παραδόξων_συναγωγή/g_2/1/87/text/1,http://dbpedia.org/resource/Ground_and_neutral,ground,0.7315289248775083,DBpedia
http://ns.inria.fr/zoomathia/ANTIGONUS/ἱστοριῶν_παραδόξων_συναγωγή/g_2/1/87/text/1,http://dbpedia.org/resource/Alcohol_(drug),drank,0.9829921111098218,DBpedia
http://ns.inria.fr/zoomathia/ANTIGONUS/ἱστοριῶν_παραδόξων_συναγωγή/g_2/1/87/text/1,http://dbpedia.org/resource/Continuous_function,continuously,0.9664077552802105,DBpedia
http://ns.inria.fr/zoomathia/ANTIGONUS/ἱστοριῶν_παραδόξων_συναγωγή/g_2/1/87/text/1,http://dbpedia.org/resource/Time,time,0.48690532846483314,DBpedia
http://ns.inria.fr/zoomathia/ANTIGONUS/ἱστοριῶν_παραδόξων_συναγωγή/g_2/1/87/text/1,http://dbpedia.org/resource/Egg,eggs,0.7640506837649655,DBpedia
http://ns.inria.fr/zoomathia/ANTIGONUS/ἱστοριῶν_παραδόξων_συναγωγή/g_2/1/87/text/1,http://dbpedia.org/resource/Egg,Eggs,0.7443029977197781,DBpedia
http://ns.inria.fr/zoomathia/ANTIGONUS/ἱστοριῶν_παραδόξων_συναγωγή/g_2/1/87/text/1,http://dbpedia.org/resource/Warm_front,warm,0.7168492693954935,DBpedia
http://ns.inria.fr/zoomathia/ANTIGONUS/ἱστοριῶν_παραδόξων_συναγωγή/g_2/1/88/text/1,https://opentheso.huma-num.fr/?idc=pcrtGm7ZMfoQrc&idt=th310,bears,1,zoomathia_match
http://ns.inria.fr/zoomathia/ANTIGONUS/ἱστοριῶν_παραδόξων_συναγωγή/g_2/1/88/text/1,https://opentheso.huma-num.fr/?idc=105649&idt=th310,time,1,zoomathia_match
http://ns.inria.fr/zoomathia/ANTIGONUS/ἱστοριῶν_παραδόξων_συναγωγή/g_2/1/88/text/1,https://opentheso.huma-num.fr/?idc=108042&idt=th310,vulture,1,zoomathia_match
http://ns.inria.fr/zoomathia/ANTIGONUS/ἱστοριῶν_παραδόξων_συναγωγή/g_2/1/88/text/1,https://opentheso.huma-num.fr/?idc=105550&idt=th310,care,1,zoomathia_match
http://ns.inria.fr/zoomathia/ANTIGONUS/ἱστοριῶν_παραδόξων_συναγωγή/g_2/1/88/text/1,http://dbpedia.org/resource/Bear,bears,0.8095863957696591,DBpedia
http://ns.inria.fr/zoomathia/ANTIGONUS/ἱστοριῶν_παραδόξων_συναγωγή/g_2/1/88/text/1,http://dbpedia.org/resource/Juvenile_fish,young,0.8616637361618833,DBpedia
http://ns.inria.fr/zoomathia/ANTIGONUS/ἱστοριῶν_παραδόξων_συναγωγή/g_2/1/88/text/1,http://dbpedia.org/resource/Zakir_Hussain_Selects,selects,0.6694456024659259,DBpedia
http://ns.inria.fr/zoomathia/ANTIGONUS/ἱστοριῶν_παραδόξων_συναγωγή/g_2/1/88/text/1,http://dbpedia.org/resource/Animal_feed,feed,0.9864549672727927,DBpedia
http://ns.inria.fr/zoomathia/ANTIGONUS/ἱστοριῶν_παραδόξων_συναγωγή/g_2/1/88/text/1,http://dbpedia.org/resource/Time,time,0.9913292474241436,DBpedia
http://ns.inria.fr/zoomathia/ANTIGONUS/ἱστοριῶν_παραδόξων_συναγωγή/g_2/1/88/text/1,http://dbpedia.org/resource/Claw,talons,0.9999999997766622,DBpedia
http://ns.inria.fr/zoomathia/ANTIGONUS/ἱστοριῶν_παραδόξων_συναγωγή/g_2/1/88/text/1,http://dbpedia.org/resource/Distortion,distorted,0.993865835832175,DBpedia
http://ns.inria.fr/zoomathia/ANTIGONUS/ἱστοριῶν_παραδόξων_συναγωγή/g_2/1/88/text/1,http://dbpedia.org/resource/Lubrication,seize,0.8084530139632081,DBpedia
http://ns.inria.fr/zoomathia/ANTIGONUS/ἱστοριῶν_παραδόξων_συναγωγή/g_2/1/88/text/1,http://dbpedia.org/resource/New_York_(magazine),The vulture,0.8655883869435187,DBpedia
http://ns.inria.fr/zoomathia/ANTIGONUS/ἱστοριῶν_παραδόξων_συναγωγή/g_2/1/88/text/1,http://dbpedia.org/resource/Child_care,care,0.4539175006850346,DBpedia
http://ns.inria.fr/zoomathia/ANTIGONUS/ἱστοριῶν_παραδόξων_συναγωγή/g_2/1/88/text/1,http://dbpedia.org/resource/Jitter,wander,0.9999992892348043,DBpedia
http://ns.inria.fr/zoomathia/ANTIGONUS/ἱστοριῶν_παραδόξων_συναγωγή/g_2/1/89/text/1,https://opentheso.huma-num.fr/?idc=105162&idt=th310,clawed,1,zoomathia_match
http://ns.inria.fr/zoomathia/ANTIGONUS/ἱστοριῶν_παραδόξων_συναγωγή/g_2/1/89/text/1,https://opentheso.huma-num.fr/?idc=105121&idt=th310,fly,1,zoomathia_match
http://ns.inria.fr/zoomathia/ANTIGONUS/ἱστοριῶν_παραδόξων_συναγωγή/g_2/1/89/text/1,https://opentheso.huma-num.fr/?idc=105383&idt=th310,fly,1,zoomathia_match
http://ns.inria.fr/zoomathia/ANTIGONUS/ἱστοριῶν_παραδόξων_συναγωγή/g_2/1/89/text/1,https://opentheso.huma-num.fr/?idc=108181&idt=th310,crow,1,zoomathia_match
http://ns.inria.fr/zoomathia/ANTIGONUS/ἱστοριῶν_παραδόξων_συναγωγή/g_2/1/89/text/1,https://opentheso.huma-num.fr/?idc=105121&idt=th310,fly,1,zoomathia_match
http://ns.inria.fr/zoomathia/ANTIGONUS/ἱστοριῶν_παραδόξων_συναγωγή/g_2/1/89/text/1,https://opentheso.huma-num.fr/?idc=105383&idt=th310,fly,1,zoomathia_match
http://ns.inria.fr/zoomathia/ANTIGONUS/ἱστοριῶν_παραδόξων_συναγωγή/g_2/1/89/text/1,https://opentheso.huma-num.fr/?idc=105649&idt=th310,time,1,zoomathia_match
http://ns.inria.fr/zoomathia/ANTIGONUS/ἱστοριῶν_παραδόξων_συναγωγή/g_2/1/89/text/1,http://dbpedia.org/resource/Grammatical_case,cases,0.8284269448501425,DBpedia
http://ns.inria.fr/zoomathia/ANTIGONUS/ἱστοριῶν_παραδόξων_συναγωγή/g_2/1/89/text/1,http://dbpedia.org/resource/Bird,birds,0.9988632820705681,DBpedia
http://ns.inria.fr/zoomathia/ANTIGONUS/ἱστοριῶν_παραδόξων_συναγωγή/g_2/1/89/text/1,http://dbpedia.org/resource/Ejection_seat,eject,0.9983321672792038,DBpedia
http://ns.inria.fr/zoomathia/ANTIGONUS/ἱστοριῶν_παραδόξων_συναγωγή/g_2/1/89/text/1,http://dbpedia.org/resource/Offspring,young,0.8047772489201204,DBpedia
http://ns.inria.fr/zoomathia/ANTIGONUS/ἱστοριῶν_παραδόξων_συναγωγή/g_2/1/89/text/1,http://dbpedia.org/resource/Fly,fly,0.9979171177521197,DBpedia
http://ns.inria.fr/zoomathia/ANTIGONUS/ἱστοριῶν_παραδόξων_συναγωγή/g_2/1/89/text/1,http://dbpedia.org/resource/Crow,crow,0.9798679422889119,DBpedia
http://ns.inria.fr/zoomathia/ANTIGONUS/ἱστοριῶν_παραδόξων_συναγωγή/g_2/1/89/text/1,http://dbpedia.org/resource/Fly,fly,0.9979171177521197,DBpedia
http://ns.inria.fr/zoomathia/ANTIGONUS/ἱστοριῶν_παραδόξων_συναγωγή/g_2/1/89/text/1,http://dbpedia.org/resource/Web_feed,feeds,0.8978347310748636,DBpedia
http://ns.inria.fr/zoomathia/ANTIGONUS/ἱστοριῶν_παραδόξων_συναγωγή/g_2/1/89/text/1,http://dbpedia.org/resource/Time,time,0.9910086461642728,DBpedia
http://ns.inria.fr/zoomathia/ANTIGONUS/ἱστοριῶν_παραδόξων_συναγωγή/g_2/1/90/text/1,https://opentheso.huma-num.fr/?idc=pcrtLnUS9cADfI&idt=th310,seen,1,zoomathia_match
http://ns.inria.fr/zoomathia/ANTIGONUS/ἱστοριῶν_παραδόξων_συναγωγή/g_2/1/90/text/1,https://opentheso.huma-num.fr/?idc=108165&idt=th310,cuckoo,1,zoomathia_match
http://ns.inria.fr/zoomathia/ANTIGONUS/ἱστοριῶν_παραδόξων_συναγωγή/g_2/1/90/text/1,https://opentheso.huma-num.fr/?idc=105548&idt=th310,eggs,1,zoomathia_match
http://ns.inria.fr/zoomathia/ANTIGONUS/ἱστοριῶν_παραδόξων_συναγωγή/g_2/1/90/text/1,https://opentheso.huma-num.fr/?idc=105468&idt=th310,nest,1,zoomathia_match
http://ns.inria.fr/zoomathia/ANTIGONUS/ἱστοριῶν_παραδόξων_συναγωγή/g_2/1/90/text/1,https://opentheso.huma-num.fr/?idc=105121&idt=th310,flies,1,zoomathia_match
http://ns.inria.fr/zoomathia/ANTIGONUS/ἱστοριῶν_παραδόξων_συναγωγή/g_2/1/90/text/1,https://opentheso.huma-num.fr/?idc=105383&idt=th310,flies,1,zoomathia_match
http://ns.inria.fr/zoomathia/ANTIGONUS/ἱστοριῶν_παραδόξων_συναγωγή/g_2/1/90/text/1,https://opentheso.huma-num.fr/?idc=106004&idt=th310,wild,1,zoomathia_match
http://ns.inria.fr/zoomathia/ANTIGONUS/ἱστοριῶν_παραδόξων_συναγωγή/g_2/1/90/text/1,https://opentheso.huma-num.fr/?idc=105548&idt=th310,eggs,1,zoomathia_match
http://ns.inria.fr/zoomathia/ANTIGONUS/ἱστοριῶν_παραδόξων_συναγωγή/g_2/1/90/text/1,http://dbpedia.org/resource/No-One_(film),No-one,0.801997503215558,DBpedia
http://ns.inria.fr/zoomathia/ANTIGONUS/ἱστοριῶν_παραδόξων_συναγωγή/g_2/1/90/text/1,http://dbpedia.org/resource/Bird_egg,eggs,0.9438140008596394,DBpedia
http://ns.inria.fr/zoomathia/ANTIGONUS/ἱστοριῶν_παραδόξων_συναγωγή/g_2/1/90/text/1,http://dbpedia.org/resource/Bird_nest,nest,0.8253467890489801,DBpedia
http://ns.inria.fr/zoomathia/ANTIGONUS/ἱστοριῶν_παραδόξων_συναγωγή/g_2/1/90/text/1,http://dbpedia.org/resource/Bird,birds,0.9979109257082308,DBpedia
http://ns.inria.fr/zoomathia/ANTIGONUS/ἱστοριῶν_παραδόξων_συναγωγή/g_2/1/90/text/1,http://dbpedia.org/resource/Columbidae,pigeon,0.8458133776381809,DBpedia
http://ns.inria.fr/zoomathia/ANTIGONUS/ἱστοριῶν_παραδόξων_συναγωγή/g_2/1/90/text/1,http://dbpedia.org/resource/Scavenger,consumed,0.9996799675164458,DBpedia
http://ns.inria.fr/zoomathia/ANTIGONUS/ἱστοριῶν_παραδόξων_συναγωγή/g_2/1/90/text/1,http://dbpedia.org/resource/Bird_egg,eggs,0.9438140008596394,DBpedia
http://ns.inria.fr/zoomathia/ANTIGONUS/ἱστοριῶν_παραδόξων_συναγωγή/g_2/1/92/text/1,https://opentheso.huma-num.fr/?idc=pcrt3jcrAaRENB&idt=th310,Goats,1,zoomathia_match
http://ns.inria.fr/zoomathia/ANTIGONUS/ἱστοριῶν_παραδόξων_συναγωγή/g_2/1/92/text/1,https://opentheso.huma-num.fr/?idc=pcrtDtJwUVaZ0I&idt=th310,sheep,1,zoomathia_match
http://ns.inria.fr/zoomathia/ANTIGONUS/ἱστοριῶν_παραδόξων_συναγωγή/g_2/1/92/text/1,https://opentheso.huma-num.fr/?idc=105367&idt=th310,birth,1,zoomathia_match
http://ns.inria.fr/zoomathia/ANTIGONUS/ἱστοριῶν_παραδόξων_συναγωγή/g_2/1/92/text/1,https://opentheso.huma-num.fr/?idc=105289&idt=th310,male,1,zoomathia_match
http://ns.inria.fr/zoomathia/ANTIGONUS/ἱστοριῶν_παραδόξων_συναγωγή/g_2/1/92/text/1,https://opentheso.huma-num.fr/?idc=105371&idt=th310,offspring,1,zoomathia_match
http://ns.inria.fr/zoomathia/ANTIGONUS/ἱστοριῶν_παραδόξων_συναγωγή/g_2/1/92/text/1,https://opentheso.huma-num.fr/?idc=107812&idt=th310,north,1,zoomathia_match
http://ns.inria.fr/zoomathia/ANTIGONUS/ἱστοριῶν_παραδόξων_συναγωγή/g_2/1/92/text/1,https://opentheso.huma-num.fr/?idc=107033&idt=th310,north wind,1,zoomathia_match
http://ns.inria.fr/zoomathia/ANTIGONUS/ἱστοριῶν_παραδόξων_συναγωγή/g_2/1/92/text/1,https://opentheso.huma-num.fr/?idc=105642&idt=th310,wind,1,zoomathia_match
http://ns.inria.fr/zoomathia/ANTIGONUS/ἱστοριῶν_παραδόξων_συναγωγή/g_2/1/92/text/1,https://opentheso.huma-num.fr/?idc=105290&idt=th310,female,1,zoomathia_match
http://ns.inria.fr/zoomathia/ANTIGONUS/ἱστοριῶν_παραδόξων_συναγωγή/g_2/1/92/text/1,https://opentheso.huma-num.fr/?idc=105642&idt=th310,wind,1,zoomathia_match
http://ns.inria.fr/zoomathia/ANTIGONUS/ἱστοριῶν_παραδόξων_συναγωγή/g_2/1/92/text/1,https://opentheso.huma-num.fr/?idc=105371&idt=th310,offspring,1,zoomathia_match
http://ns.inria.fr/zoomathia/ANTIGONUS/ἱστοριῶν_παραδόξων_συναγωγή/g_2/1/92/text/1,https://opentheso.huma-num.fr/?idc=108030&idt=th310,white,1,zoomathia_match
http://ns.inria.fr/zoomathia/ANTIGONUS/ἱστοριῶν_παραδόξων_συναγωγή/g_2/1/92/text/1,https://opentheso.huma-num.fr/?idc=108030&idt=th310,white,1,zoomathia_match
http://ns.inria.fr/zoomathia/ANTIGONUS/ἱστοριῶν_παραδόξων_συναγωγή/g_2/1/92/text/1,https://opentheso.huma-num.fr/?idc=105909&idt=th310,veins,1,zoomathia_match
http://ns.inria.fr/zoomathia/ANTIGONUS/ἱστοριῶν_παραδόξων_συναγωγή/g_2/1/92/text/1,https://opentheso.huma-num.fr/?idc=105135&idt=th310,tongue,1,zoomathia_match
http://ns.inria.fr/zoomathia/ANTIGONUS/ἱστοριῶν_παραδόξων_συναγωγή/g_2/1/92/text/1,https://opentheso.huma-num.fr/?idc=pcrtLywf8Y5k0n&idt=th310,ram,1,zoomathia_match
http://ns.inria.fr/zoomathia/ANTIGONUS/ἱστοριῶν_παραδόξων_συναγωγή/g_2/1/92/text/1,https://opentheso.huma-num.fr/?idc=pcrtd6p9oHq1Tf&idt=th310,black,1,zoomathia_match
http://ns.inria.fr/zoomathia/ANTIGONUS/ἱστοριῶν_παραδόξων_συναγωγή/g_2/1/92/text/1,https://opentheso.huma-num.fr/?idc=pcrt3kpULwWUS2&idt=th310,black,1,zoomathia_match
http://ns.inria.fr/zoomathia/ANTIGONUS/ἱστοριῶν_παραδόξων_συναγωγή/g_2/1/92/text/1,https://opentheso.huma-num.fr/?idc=105909&idt=th310,veins,1,zoomathia_match
http://ns.inria.fr/zoomathia/ANTIGONUS/ἱστοριῶν_παραδόξων_συναγωγή/g_2/1/92/text/1,https://opentheso.huma-num.fr/?idc=pcrtd6p9oHq1Tf&idt=th310,black,1,zoomathia_match
http://ns.inria.fr/zoomathia/ANTIGONUS/ἱστοριῶν_παραδόξων_συναγωγή/g_2/1/92/text/1,https://opentheso.huma-num.fr/?idc=pcrt3kpULwWUS2&idt=th310,black,1,zoomathia_match
http://ns.inria.fr/zoomathia/ANTIGONUS/ἱστοριῶν_παραδόξων_συναγωγή/g_2/1/92/text/1,https://opentheso.huma-num.fr/?idc=105371&idt=th310,offspring,1,zoomathia_match
http://ns.inria.fr/zoomathia/ANTIGONUS/ἱστοριῶν_παραδόξων_συναγωγή/g_2/1/92/text/1,https://opentheso.huma-num.fr/?idc=pcrt6z097U6IUf&idt=th310,drink,1,zoomathia_match
http://ns.inria.fr/zoomathia/ANTIGONUS/ἱστοριῶν_παραδόξων_συναγωγή/g_2/1/92/text/1,https://opentheso.huma-num.fr/?idc=pcrthmVBQESXy2&idt=th310,salted,1,zoomathia_match
http://ns.inria.fr/zoomathia/ANTIGONUS/ἱστοριῶν_παραδόξων_συναγωγή/g_2/1/92/text/1,https://opentheso.huma-num.fr/?idc=pcrtyos9ZtSwBE&idt=th310,salted,1,zoomathia_match
http://ns.inria.fr/zoomathia/ANTIGONUS/ἱστοριῶν_παραδόξων_συναγωγή/g_2/1/92/text/1,https://opentheso.huma-num.fr/?idc=107336&idt=th310,salted water,1,zoomathia_match
http://ns.inria.fr/zoomathia/ANTIGONUS/ἱστοριῶν_παραδόξων_συναγωγή/g_2/1/92/text/1,https://opentheso.huma-num.fr/?idc=107576&idt=th310,water,1,zoomathia_match
http://ns.inria.fr/zoomathia/ANTIGONUS/ἱστοριῶν_παραδόξων_συναγωγή/g_2/1/92/text/1,http://dbpedia.org/resource/Goat,Goats,0.9999999999935199,DBpedia
http://ns.inria.fr/zoomathia/ANTIGONUS/ἱστοριῶν_παραδόξων_συναγωγή/g_2/1/92/text/1,http://dbpedia.org/resource/Sheep,sheep,0.9988919521651631,DBpedia
http://ns.inria.fr/zoomathia/ANTIGONUS/ἱστοριῶν_παραδόξων_συναγωγή/g_2/1/92/text/1,http://dbpedia.org/resource/Male,male,0.9999974060714398,DBpedia
http://ns.inria.fr/zoomathia/ANTIGONUS/ἱστοριῶν_παραδόξων_συναγωγή/g_2/1/92/text/1,http://dbpedia.org/resource/Offspring,offspring,0.999762213857863,DBpedia
http://ns.inria.fr/zoomathia/ANTIGONUS/ἱστοριῶν_παραδόξων_συναγωγή/g_2/1/92/text/1,http://dbpedia.org/resource/Mating,copulate,0.738099047248969,DBpedia
http://ns.inria.fr/zoomathia/ANTIGONUS/ἱστοριῶν_παραδόξων_συναγωγή/g_2/1/92/text/1,http://dbpedia.org/resource/North_wind,north wind,0.8996911036882778,DBpedia
http://ns.inria.fr/zoomathia/ANTIGONUS/ἱστοριῶν_παραδόξων_συναγωγή/g_2/1/92/text/1,http://dbpedia.org/resource/Female,female,0.9999989975436188,DBpedia
http://ns.inria.fr/zoomathia/ANTIGONUS/ἱστοριῶν_παραδόξων_συναγωγή/g_2/1/92/text/1,http://dbpedia.org/resource/Grammatical_case,case,0.8700777361241443,DBpedia
http://ns.inria.fr/zoomathia/ANTIGONUS/ἱστοριῶν_παραδόξων_συναγωγή/g_2/1/92/text/1,http://dbpedia.org/resource/South_wind,south wind,0.9999999999960778,DBpedia
http://ns.inria.fr/zoomathia/ANTIGONUS/ἱστοριῶν_παραδόξων_συναγωγή/g_2/1/92/text/1,http://dbpedia.org/resource/The_Offspring,The offspring,0.9999979521377264,DBpedia
http://ns.inria.fr/zoomathia/ANTIGONUS/ἱστοριῶν_παραδόξων_συναγωγή/g_2/1/92/text/1,http://dbpedia.org/resource/White_people,white,0.5006342885919652,DBpedia
http://ns.inria.fr/zoomathia/ANTIGONUS/ἱστοριῶν_παραδόξων_συναγωγή/g_2/1/92/text/1,http://dbpedia.org/resource/White_people,white,0.5006342885919652,DBpedia
http://ns.inria.fr/zoomathia/ANTIGONUS/ἱστοριῶν_παραδόξων_συναγωγή/g_2/1/92/text/1,http://dbpedia.org/resource/Insect_wing,veins,0.8908536628541271,DBpedia
http://ns.inria.fr/zoomathia/ANTIGONUS/ἱστοριῶν_παραδόξων_συναγωγή/g_2/1/92/text/1,http://dbpedia.org/resource/Tongue,tongue,0.9972467998146864,DBpedia
http://ns.inria.fr/zoomathia/ANTIGONUS/ἱστοριῶν_παραδόξων_συναγωγή/g_2/1/92/text/1,http://dbpedia.org/resource/Sheep,ram,0.9989280047710843,DBpedia
http://ns.inria.fr/zoomathia/ANTIGONUS/ἱστοριῶν_παραδόξων_συναγωγή/g_2/1/92/text/1,http://dbpedia.org/resource/Black,black,0.754131180201417,DBpedia
http://ns.inria.fr/zoomathia/ANTIGONUS/ἱστοριῶν_παραδόξων_συναγωγή/g_2/1/92/text/1,http://dbpedia.org/resource/Insect_wing,veins,0.8908536628541271,DBpedia
http://ns.inria.fr/zoomathia/ANTIGONUS/ἱστοριῶν_παραδόξων_συναγωγή/g_2/1/92/text/1,http://dbpedia.org/resource/Black,black,0.754131180201417,DBpedia
http://ns.inria.fr/zoomathia/ANTIGONUS/ἱστοριῶν_παραδόξων_συναγωγή/g_2/1/92/text/1,http://dbpedia.org/resource/Principle,principle,0.9623014560465275,DBpedia
http://ns.inria.fr/zoomathia/ANTIGONUS/ἱστοριῶν_παραδόξων_συναγωγή/g_2/1/92/text/1,http://dbpedia.org/resource/Grappling_hold,holds,0.7620063647149412,DBpedia
http://ns.inria.fr/zoomathia/ANTIGONUS/ἱστοριῶν_παραδόξων_συναγωγή/g_2/1/92/text/1,http://dbpedia.org/resource/Red,red,0.7819432759169967,DBpedia
http://ns.inria.fr/zoomathia/ANTIGONUS/ἱστοριῶν_παραδόξων_συναγωγή/g_2/1/92/text/1,http://dbpedia.org/resource/Offspring,offspring,0.999762213857863,DBpedia
http://ns.inria.fr/zoomathia/ANTIGONUS/ἱστοριῶν_παραδόξων_συναγωγή/g_2/1/92/text/1,http://dbpedia.org/resource/Salt,salted,0.8348690986619994,DBpedia
http://ns.inria.fr/zoomathia/ANTIGONUS/ἱστοριῶν_παραδόξων_συναγωγή/g_2/1/92/text/1,http://dbpedia.org/resource/Water,water,0.9988761788928263,DBpedia
http://ns.inria.fr/zoomathia/ANTIGONUS/ἱστοριῶν_παραδόξων_συναγωγή/g_2/1/92/text/1,http://dbpedia.org/resource/Working_animal,mounted,0.8846561203038885,DBpedia
http://ns.inria.fr/zoomathia/ANTIGONUS/ἱστοριῶν_παραδόξων_συναγωγή/g_2/1/94/text/1,https://opentheso.huma-num.fr/?idc=5071&idt=th310,mice,1,zoomathia_match
http://ns.inria.fr/zoomathia/ANTIGONUS/ἱστοριῶν_παραδόξων_συναγωγή/g_2/1/94/text/1,https://opentheso.huma-num.fr/?idc=105387&idt=th310,speed,1,zoomathia_match
http://ns.inria.fr/zoomathia/ANTIGONUS/ἱστοριῶν_παραδόξων_συναγωγή/g_2/1/94/text/1,https://opentheso.huma-num.fr/?idc=105290&idt=th310,female,1,zoomathia_match
http://ns.inria.fr/zoomathia/ANTIGONUS/ἱστοριῶν_παραδόξων_συναγωγή/g_2/1/94/text/1,https://opentheso.huma-num.fr/?idc=pcrthJ0dPo1nlZ&idt=th310,trapped,1,zoomathia_match
http://ns.inria.fr/zoomathia/ANTIGONUS/ἱστοριῶν_παραδόξων_συναγωγή/g_2/1/94/text/1,https://opentheso.huma-num.fr/?idc=pcrtTS2T8PJDRo&idt=th310,jar,1,zoomathia_match
http://ns.inria.fr/zoomathia/ANTIGONUS/ἱστοριῶν_παραδόξων_συναγωγή/g_2/1/94/text/1,https://opentheso.huma-num.fr/?idc=105649&idt=th310,time,1,zoomathia_match
http://ns.inria.fr/zoomathia/ANTIGONUS/ἱστοριῶν_παραδόξων_συναγωγή/g_2/1/94/text/1,https://opentheso.huma-num.fr/?idc=5071&idt=th310,mice,1,zoomathia_match
http://ns.inria.fr/zoomathia/ANTIGONUS/ἱστοριῶν_παραδόξων_συναγωγή/g_2/1/94/text/1,https://opentheso.huma-num.fr/?idc=pcrt3SWbm6EV00&idt=th310,light,1,zoomathia_match
http://ns.inria.fr/zoomathia/ANTIGONUS/ἱστοριῶν_παραδόξων_συναγωγή/g_2/1/94/text/1,https://opentheso.huma-num.fr/?idc=pcrtiz8ndVfKcX&idt=th310,Persia,1,zoomathia_match
http://ns.inria.fr/zoomathia/ANTIGONUS/ἱστοριῶν_παραδόξων_συναγωγή/g_2/1/94/text/1,https://opentheso.huma-num.fr/?idc=105290&idt=th310,female,1,zoomathia_match
http://ns.inria.fr/zoomathia/ANTIGONUS/ἱστοριῶν_παραδόξων_συναγωγή/g_2/1/94/text/1,https://opentheso.huma-num.fr/?idc=5071&idt=th310,mouse,1,zoomathia_match
http://ns.inria.fr/zoomathia/ANTIGONUS/ἱστοριῶν_παραδόξων_συναγωγή/g_2/1/94/text/1,https://www.wikidata.org/wiki/Q794,Persia,0.4659,wikidata
http://ns.inria.fr/zoomathia/ANTIGONUS/ἱστοριῶν_παραδόξων_συναγωγή/g_2/1/94/text/1,http://dbpedia.org/resource/Reproduction,procreation,0.9990846505971721,DBpedia
http://ns.inria.fr/zoomathia/ANTIGONUS/ἱστοριῶν_παραδόξων_συναγωγή/g_2/1/94/text/1,http://dbpedia.org/resource/Mouse,mice,0.9639047053393612,DBpedia
http://ns.inria.fr/zoomathia/ANTIGONUS/ἱστοριῶν_παραδόξων_συναγωγή/g_2/1/94/text/1,http://dbpedia.org/resource/Amazing_Stories,amazing,0.8351343925506185,DBpedia
http://ns.inria.fr/zoomathia/ANTIGONUS/ἱστοριῶν_παραδόξων_συναγωγή/g_2/1/94/text/1,http://dbpedia.org/resource/Speed,speed,0.7044106507072294,DBpedia
http://ns.inria.fr/zoomathia/ANTIGONUS/ἱστοριῶν_παραδόξων_συναγωγή/g_2/1/94/text/1,http://dbpedia.org/resource/Female,female,0.999954128593355,DBpedia
http://ns.inria.fr/zoomathia/ANTIGONUS/ἱστοριῶν_παραδόξων_συναγωγή/g_2/1/94/text/1,http://dbpedia.org/resource/Trapping,trapped,0.9443639208498481,DBpedia
http://ns.inria.fr/zoomathia/ANTIGONUS/ἱστοριῶν_παραδόξων_συναγωγή/g_2/1/94/text/1,http://dbpedia.org/resource/Jar,jar,0.6979237109681146,DBpedia
http://ns.inria.fr/zoomathia/ANTIGONUS/ἱστοριῶν_παραδόξων_συναγωγή/g_2/1/94/text/1,http://dbpedia.org/resource/Short-time_working,short time,0.9999988513751308,DBpedia
http://ns.inria.fr/zoomathia/ANTIGONUS/ἱστοριῶν_παραδόξων_συναγωγή/g_2/1/94/text/1,http://dbpedia.org/resource/Mouse,mice,0.9639047053393612,DBpedia
http://ns.inria.fr/zoomathia/ANTIGONUS/ἱστοριῶν_παραδόξων_συναγωγή/g_2/1/94/text/1,http://dbpedia.org/resource/Light,light,0.9294953097673235,DBpedia
http://ns.inria.fr/zoomathia/ANTIGONUS/ἱστοριῶν_παραδόξων_συναγωγή/g_2/1/94/text/1,http://dbpedia.org/resource/Achaemenid_Empire,Persia,0.9700625947284736,DBpedia
http://ns.inria.fr/zoomathia/ANTIGONUS/ἱστοριῶν_παραδόξων_συναγωγή/g_2/1/94/text/1,http://dbpedia.org/resource/Female,female,0.999954128593355,DBpedia
http://ns.inria.fr/zoomathia/ANTIGONUS/ἱστοριῶν_παραδόξων_συναγωγή/g_2/1/94/text/1,http://dbpedia.org/resource/Mouse,mouse,0.9659331465032069,DBpedia
http://ns.inria.fr/zoomathia/ANTIGONUS/ἱστοριῶν_παραδόξων_συναγωγή/g_2/1/94/text/1,http://dbpedia.org/resource/Dissection,dissected,0.949140955613971,DBpedia
http://ns.inria.fr/zoomathia/ANTIGONUS/ἱστοριῶν_παραδόξων_συναγωγή/g_2/1/94/text/1,http://dbpedia.org/resource/Embryo,embryos,0.9999997371453223,DBpedia
http://ns.inria.fr/zoomathia/ANTIGONUS/ἱστοριῶν_παραδόξων_συναγωγή/g_2/1/94/text/1,http://dbpedia.org/resource/Qumran_Caves,discovered,0.5719086919206589,DBpedia
http://ns.inria.fr/zoomathia/ANTIGONUS/ἱστοριῶν_παραδόξων_συναγωγή/g_2/1/96/text/1,http://dbpedia.org/resource/Eunuch,eunuch,0.9999695616535396,DBpedia
http://ns.inria.fr/zoomathia/ANTIGONUS/ἱστοριῶν_παραδόξων_συναγωγή/g_2/1/99/text/1,https://opentheso.huma-num.fr/?idc=pcrtUz2SlbfhDj&idt=th310,ships,1,zoomathia_match
http://ns.inria.fr/zoomathia/ANTIGONUS/ἱστοριῶν_παραδόξων_συναγωγή/g_2/1/99/text/1,https://opentheso.huma-num.fr/?idc=105176&idt=th310,shells,1,zoomathia_match
http://ns.inria.fr/zoomathia/ANTIGONUS/ἱστοριῶν_παραδόξων_συναγωγή/g_2/1/99/text/1,https://opentheso.huma-num.fr/?idc=pcrtUz2SlbfhDj&idt=th310,ship,1,zoomathia_match
http://ns.inria.fr/zoomathia/ANTIGONUS/ἱστοριῶν_παραδόξων_συναγωγή/g_2/1/99/text/1,https://opentheso.huma-num.fr/?idc=pcrtXgoFDoG7xA&idt=th310,slip,1,zoomathia_match
http://ns.inria.fr/zoomathia/ANTIGONUS/ἱστοριῶν_παραδόξων_συναγωγή/g_2/1/99/text/1,https://opentheso.huma-num.fr/?idc=105176&idt=th310,shells,1,zoomathia_match
http://ns.inria.fr/zoomathia/ANTIGONUS/ἱστοριῶν_παραδόξων_συναγωγή/g_2/1/99/text/1,http://dbpedia.org/resource/Colorectal_polyp,polyps,0.7587452262301094,DBpedia
http://ns.inria.fr/zoomathia/ANTIGONUS/ἱστοριῶν_παραδόξων_συναγωγή/g_2/1/99/text/1,http://dbpedia.org/resource/Suffering,suffer,0.9893511119336611,DBpedia
http://ns.inria.fr/zoomathia/ANTIGONUS/ἱστοριῶν_παραδόξων_συναγωγή/g_2/1/99/text/1,http://dbpedia.org/resource/Exoskeleton,shells,0.5965421274736565,DBpedia
http://ns.inria.fr/zoomathia/ANTIGONUS/ἱστοριῶν_παραδόξων_συναγωγή/g_2/1/99/text/1,http://dbpedia.org/resource/Ulex,gorse,0.9881320486618734,DBpedia
http://ns.inria.fr/zoomathia/ANTIGONUS/ἱστοριῶν_παραδόξων_συναγωγή/g_2/1/99/text/1,http://dbpedia.org/resource/Smoothness,smoothness,0.9999990314901623,DBpedia
http://ns.inria.fr/zoomathia/ANTIGONUS/ἱστοριῶν_παραδόξων_συναγωγή/g_2/1/99/text/1,http://dbpedia.org/resource/Colorectal_polyp,polyp,0.9212951329640345,DBpedia
http://ns.inria.fr/zoomathia/ANTIGONUS/ἱστοριῶν_παραδόξων_συναγωγή/g_2/1/99/text/1,http://dbpedia.org/resource/Slipway,slip,0.9965397599510595,DBpedia
http://ns.inria.fr/zoomathia/ANTIGONUS/ἱστοριῶν_παραδόξων_συναγωγή/g_2/1/99/text/1,http://dbpedia.org/resource/Bone_fracture,broken,0.7857897981022258,DBpedia
http://ns.inria.fr/zoomathia/ANTIGONUS/ἱστοριῶν_παραδόξων_συναγωγή/g_2/1/99/text/1,http://dbpedia.org/resource/Exoskeleton,shells,0.5965421274736565,DBpedia
http://ns.inria.fr/zoomathia/ANTIGONUS/ἱστοριῶν_παραδόξων_συναγωγή/g_2/1/100/text/1,https://opentheso.huma-num.fr/?idc=108337&idt=th310,hide,1,zoomathia_match
http://ns.inria.fr/zoomathia/ANTIGONUS/ἱστοριῶν_παραδόξων_συναγωγή/g_2/1/100/text/1,https://opentheso.huma-num.fr/?idc=pcrtW8Uu5SMsQy&idt=th310,hide,1,zoomathia_match
http://ns.inria.fr/zoomathia/ANTIGONUS/ἱστοριῶν_παραδόξων_συναγωγή/g_2/1/100/text/1,https://opentheso.huma-num.fr/?idc=105124&idt=th310,head,1,zoomathia_match
http://ns.inria.fr/zoomathia/ANTIGONUS/ἱστοριῶν_παραδόξων_συναγωγή/g_2/1/100/text/1,https://opentheso.huma-num.fr/?idc=108337&idt=th310,hides,1,zoomathia_match
http://ns.inria.fr/zoomathia/ANTIGONUS/ἱστοριῶν_παραδόξων_συναγωγή/g_2/1/100/text/1,https://opentheso.huma-num.fr/?idc=pcrtW8Uu5SMsQy&idt=th310,hides,1,zoomathia_match
http://ns.inria.fr/zoomathia/ANTIGONUS/ἱστοριῶν_παραδόξων_συναγωγή/g_2/1/100/text/1,http://dbpedia.org/resource/Bird_hide,hide,0.5494234448970553,DBpedia
http://ns.inria.fr/zoomathia/ANTIGONUS/ἱστοριῶν_παραδόξων_συναγωγή/g_2/1/100/text/1,http://dbpedia.org/resource/Head,head,0.6148071851340511,DBpedia
http://ns.inria.fr/zoomathia/ANTIGONUS/ἱστοριῶν_παραδόξων_συναγωγή/g_2/1/100/text/1,http://dbpedia.org/resource/Bird_hide,hides,0.693152979228739,DBpedia
http://ns.inria.fr/zoomathia/ANTIGONUS/ἱστοριῶν_παραδόξων_συναγωγή/g_2/1/100/text/1,http://dbpedia.org/resource/Human_body,body,0.9476771375387996,DBpedia
http://ns.inria.fr/zoomathia/ANTIGONUS/ἱστοριῶν_παραδόξων_συναγωγή/g_2/1/101/text/1,https://opentheso.huma-num.fr/?idc=pcrtHEc4SsdjMV&idt=th310,Hooks,1,zoomathia_match
http://ns.inria.fr/zoomathia/ANTIGONUS/ἱστοριῶν_παραδόξων_συναγωγή/g_2/1/101/text/1,http://dbpedia.org/resource/Fish_hook,Hooks,0.9900560082277035,DBpedia
http://ns.inria.fr/zoomathia/ANTIGONUS/ἱστοριῶν_παραδόξων_συναγωγή/g_2/1/101/text/1,http://dbpedia.org/resource/Imitation,imitative,0.9643311484670841,DBpedia
http://ns.inria.fr/zoomathia/ANTIGONUS/ἱστοριῶν_παραδόξων_συναγωγή/g_2/1/102/text/1,https://opentheso.huma-num.fr/?idc=pcrt4v7jKE3TVw&idt=th310,dog,1,zoomathia_match
http://ns.inria.fr/zoomathia/ANTIGONUS/ἱστοριῶν_παραδόξων_συναγωγή/g_2/1/102/text/1,https://opentheso.huma-num.fr/?idc=pcrt0WrjgPTs33&idt=th310,man,1,zoomathia_match
http://ns.inria.fr/zoomathia/ANTIGONUS/ἱστοριῶν_παραδόξων_συναγωγή/g_2/1/102/text/1,http://dbpedia.org/resource/Dog,dog,0.9998659804459387,DBpedia
http://ns.inria.fr/zoomathia/ANTIGONUS/ἱστοριῶν_παραδόξων_συναγωγή/g_2/1/102/text/1,http://dbpedia.org/resource/Salvation,redemption,0.6475916850283192,DBpedia
http://ns.inria.fr/zoomathia/ANTIGONUS/ἱστοριῶν_παραδόξων_συναγωγή/g_2/1/102/text/1,http://dbpedia.org/resource/Redemption_value,redeemed,0.6630933004109769,DBpedia
http://ns.inria.fr/zoomathia/ANTIGONUS/ἱστοριῶν_παραδόξων_συναγωγή/g_2/1/102/text/1,http://dbpedia.org/resource/Human,man,0.48357407116763,DBpedia
http://ns.inria.fr/zoomathia/ANTIGONUS/ἱστοριῶν_παραδόξων_συναγωγή/g_2/1/103/text/1,https://opentheso.huma-num.fr/?idc=105289&idt=th310,males,1,zoomathia_match
http://ns.inria.fr/zoomathia/ANTIGONUS/ἱστοριῶν_παραδόξων_συναγωγή/g_2/1/103/text/1,https://opentheso.huma-num.fr/?idc=105290&idt=th310,females,1,zoomathia_match
http://ns.inria.fr/zoomathia/ANTIGONUS/ἱστοριῶν_παραδόξων_συναγωγή/g_2/1/103/text/1,http://dbpedia.org/resource/Animal,animals,0.9895693564152452,DBpedia
http://ns.inria.fr/zoomathia/ANTIGONUS/ἱστοριῶν_παραδόξων_συναγωγή/g_2/1/103/text/1,http://dbpedia.org/resource/Male,males,0.9946143574623774,DBpedia
http://ns.inria.fr/zoomathia/ANTIGONUS/ἱστοριῶν_παραδόξων_συναγωγή/g_2/1/103/text/1,http://dbpedia.org/resource/Female,females,0.8822918464339312,DBpedia
http://ns.inria.fr/zoomathia/ANTIGONUS/ἱστοριῶν_παραδόξων_συναγωγή/g_2/1/105/text/1,https://opentheso.huma-num.fr/?idc=108707&idt=th310,Syracuse,1,zoomathia_match
http://ns.inria.fr/zoomathia/ANTIGONUS/ἱστοριῶν_παραδόξων_συναγωγή/g_2/1/105/text/1,https://opentheso.huma-num.fr/?idc=pcrt6z097U6IUf&idt=th310,drink,1,zoomathia_match
http://ns.inria.fr/zoomathia/ANTIGONUS/ἱστοριῶν_παραδόξων_συναγωγή/g_2/1/105/text/1,https://opentheso.huma-num.fr/?idc=pcrtpZTMSKPHbL&idt=th310,vases,1,zoomathia_match
http://ns.inria.fr/zoomathia/ANTIGONUS/ἱστοριῶν_παραδόξων_συναγωγή/g_2/1/105/text/1,https://www.wikidata.org/wiki/Q128069,Syracuse,0.4539,wikidata
http://ns.inria.fr/zoomathia/ANTIGONUS/ἱστοριῶν_παραδόξων_συναγωγή/g_2/1/105/text/1,http://dbpedia.org/resource/Syracuse_Orange_football,Syracuse,0.4680496643881722,DBpedia
http://ns.inria.fr/zoomathia/ANTIGONUS/ἱστοριῶν_παραδόξων_συναγωγή/g_2/1/105/text/1,http://dbpedia.org/resource/Earth,earth,0.9571297393410894,DBpedia
http://ns.inria.fr/zoomathia/ANTIGONUS/ἱστοριῶν_παραδόξων_συναγωγή/g_2/1/105/text/1,http://dbpedia.org/resource/Mind,mind,0.872340406738653,DBpedia
http://ns.inria.fr/zoomathia/ANTIGONUS/ἱστοριῶν_παραδόξων_συναγωγή/g_2/1/105/text/1,http://dbpedia.org/resource/Continuous_function,continuously,0.9875772798912905,DBpedia
http://ns.inria.fr/zoomathia/ANTIGONUS/ἱστοριῶν_παραδόξων_συναγωγή/g_2/1/105/text/1,http://dbpedia.org/resource/Religious_text,texts,0.4576718517654999,DBpedia
http://ns.inria.fr/zoomathia/ANTIGONUS/ἱστοριῶν_παραδόξων_συναγωγή/g_2/1/105/text/1,http://dbpedia.org/resource/Pottery_of_ancient_Greece,vases,0.3985349496473176,DBpedia
http://ns.inria.fr/zoomathia/ANTIGONUS/ἱστοριῶν_παραδόξων_συναγωγή/g_2/1/105/text/1,http://dbpedia.org/resource/Glossary_of_professional_wrestling_terms,dropped,0.9766515586913072,DBpedia
http://ns.inria.fr/zoomathia/ANTIGONUS/ἱστοριῶν_παραδόξων_συναγωγή/g_2/1/107/text/1,https://opentheso.huma-num.fr/?idc=105798&idt=th310,youths,1,zoomathia_match
http://ns.inria.fr/zoomathia/ANTIGONUS/ἱστοριῶν_παραδόξων_συναγωγή/g_2/1/107/text/1,https://opentheso.huma-num.fr/?idc=105649&idt=th310,time,1,zoomathia_match
http://ns.inria.fr/zoomathia/ANTIGONUS/ἱστοριῶν_παραδόξων_συναγωγή/g_2/1/107/text/1,https://opentheso.huma-num.fr/?idc=pcrt3SWbm6EV00&idt=th310,light,1,zoomathia_match
http://ns.inria.fr/zoomathia/ANTIGONUS/ἱστοριῶν_παραδόξων_συναγωγή/g_2/1/107/text/1,http://dbpedia.org/resource/Priest,priest,0.9274888385603887,DBpedia
http://ns.inria.fr/zoomathia/ANTIGONUS/ἱστοριῶν_παραδόξων_συναγωγή/g_2/1/107/text/1,http://dbpedia.org/resource/Tickling,tickled,0.9999999384898804,DBpedia
http://ns.inria.fr/zoomathia/ANTIGONUS/ἱστοριῶν_παραδόξων_συναγωγή/g_2/1/107/text/1,http://dbpedia.org/resource/Youth,youths,0.9999985948391763,DBpedia
http://ns.inria.fr/zoomathia/ANTIGONUS/ἱστοριῶν_παραδόξων_συναγωγή/g_2/1/107/text/1,http://dbpedia.org/resource/Animal_feed,feed,0.6543333245540491,DBpedia
http://ns.inria.fr/zoomathia/ANTIGONUS/ἱστοριῶν_παραδόξων_συναγωγή/g_2/1/107/text/1,http://dbpedia.org/resource/Time,time,0.9992313528223309,DBpedia
http://ns.inria.fr/zoomathia/ANTIGONUS/ἱστοριῶν_παραδόξων_συναγωγή/g_2/1/107/text/1,http://dbpedia.org/resource/Claw,claws,0.9087138314463385,DBpedia
http://ns.inria.fr/zoomathia/ANTIGONUS/ἱστοριῶν_παραδόξων_συναγωγή/g_2/1/107/text/1,http://dbpedia.org/resource/Perversion,perverted,0.9999996978205447,DBpedia
http://ns.inria.fr/zoomathia/ANTIGONUS/ἱστοριῶν_παραδόξων_συναγωγή/g_2/1/107/text/1,http://dbpedia.org/resource/Fourth_Amendment_to_the_United_States_Constitution,seized,0.9823271237232989,DBpedia
http://ns.inria.fr/zoomathia/ANTIGONUS/ἱστοριῶν_παραδόξων_συναγωγή/g_2/1/107/text/1,http://dbpedia.org/resource/Light,light,0.9959575599808126,DBpedia
http://ns.inria.fr/zoomathia/ANTIGONUS/ἱστοριῶν_παραδόξων_συναγωγή/g_2/1/108/text/1,https://opentheso.huma-num.fr/?idc=pcrt3L8yViugRX&idt=th310,throw,1,zoomathia_match
http://ns.inria.fr/zoomathia/ANTIGONUS/ἱστοριῶν_παραδόξων_συναγωγή/g_2/1/108/text/1,https://opentheso.huma-num.fr/?idc=pcrtQPGouseprK&idt=th310,crown,1,zoomathia_match
http://ns.inria.fr/zoomathia/ANTIGONUS/ἱστοριῶν_παραδόξων_συναγωγή/g_2/1/108/text/1,https://opentheso.huma-num.fr/?idc=105649&idt=th310,time,1,zoomathia_match
http://ns.inria.fr/zoomathia/ANTIGONUS/ἱστοριῶν_παραδόξων_συναγωγή/g_2/1/108/text/1,http://dbpedia.org/resource/Juvenile_fish,young,0.9586647325620631,DBpedia
http://ns.inria.fr/zoomathia/ANTIGONUS/ἱστοριῶν_παραδόξων_συναγωγή/g_2/1/108/text/1,http://dbpedia.org/resource/Autumn,fall,0.5213166216315854,DBpedia
http://ns.inria.fr/zoomathia/ANTIGONUS/ἱστοριῶν_παραδόξων_συναγωγή/g_2/1/108/text/1,http://dbpedia.org/resource/Animal_feed,feed,0.361627306919277,DBpedia
http://ns.inria.fr/zoomathia/ANTIGONUS/ἱστοριῶν_παραδόξων_συναγωγή/g_2/1/108/text/1,http://dbpedia.org/resource/Fallen_woman,fallen,0.8873239492274833,DBpedia
http://ns.inria.fr/zoomathia/ANTIGONUS/ἱστοριῶν_παραδόξων_συναγωγή/g_2/1/109/text/1,https://opentheso.huma-num.fr/?idc=107976&idt=th310,ticks,1,zoomathia_match
http://ns.inria.fr/zoomathia/ANTIGONUS/ἱστοριῶν_παραδόξων_συναγωγή/g_2/1/109/text/1,http://dbpedia.org/resource/Juvenile_fish,young,0.47168098577540135,DBpedia
http://ns.inria.fr/zoomathia/ANTIGONUS/ἱστοριῶν_παραδόξων_συναγωγή/g_2/1/109/text/1,http://dbpedia.org/resource/Tick,ticks,0.9999999925843781,DBpedia
http://ns.inria.fr/zoomathia/ANTIGONUS/ἱστοριῶν_παραδόξων_συναγωγή/g_2/1/109/text/1,http://dbpedia.org/resource/Newness,newness,0.9999583477531843,DBpedia
http://ns.inria.fr/zoomathia/ANTIGONUS/ἱστοριῶν_παραδόξων_συναγωγή/g_2/1/109/text/1,http://dbpedia.org/resource/Chicken_as_food,chickens,0.777058777624575,DBpedia
http://ns.inria.fr/zoomathia/ANTIGONUS/ἱστοριῶν_παραδόξων_συναγωγή/g_2/1/109/text/1,http://dbpedia.org/resource/Eating,eats,0.6437110376546282,DBpedia
http://ns.inria.fr/zoomathia/ANTIGONUS/ἱστοριῶν_παραδόξων_συναγωγή/g_2/1/109/text/1,http://dbpedia.org/resource/Pre-existing_condition,pre-existing,0.8623521069411609,DBpedia
http://ns.inria.fr/zoomathia/ANTIGONUS/ἱστοριῶν_παραδόξων_συναγωγή/g_2/1/110/text/1,https://opentheso.huma-num.fr/?idc=108311&idt=th310,partridges,1,zoomathia_match
http://ns.inria.fr/zoomathia/ANTIGONUS/ἱστοριῶν_παραδόξων_συναγωγή/g_2/1/110/text/1,http://dbpedia.org/resource/Partridge,partridges,0.9949891466910219,DBpedia
http://ns.inria.fr/zoomathia/ANTIGONUS/ἱστοριῶν_παραδόξων_συναγωγή/g_2/1/110/text/1,http://dbpedia.org/resource/Cage,cages,0.9900611648063178,DBpedia
http://ns.inria.fr/zoomathia/ANTIGONUS/ἱστοριῶν_παραδόξων_συναγωγή/g_2/1/110/text/1,http://dbpedia.org/resource/Animal_feed,feed,0.8996503819901744,DBpedia
http://ns.inria.fr/zoomathia/ANTIGONUS/ἱστοριῶν_παραδόξων_συναγωγή/g_2/1/110/text/1,http://dbpedia.org/resource/Juvenile_fish,young,0.9986303723027425,DBpedia
http://ns.inria.fr/zoomathia/ANTIGONUS/ἱστοριῶν_παραδόξων_συναγωγή/g_2/1/110/text/1,http://dbpedia.org/resource/Animal_feed,feed,0.8996503819901744,DBpedia
http://ns.inria.fr/zoomathia/ANTIGONUS/ἱστοριῶν_παραδόξων_συναγωγή/g_2/1/111/text/1,https://opentheso.huma-num.fr/?idc=pcrt3jcrAaRENB&idt=th310,goats,1,zoomathia_match
http://ns.inria.fr/zoomathia/ANTIGONUS/ἱστοριῶν_παραδόξων_συναγωγή/g_2/1/111/text/1,https://opentheso.huma-num.fr/?idc=pcrtDtJwUVaZ0I&idt=th310,sheep,1,zoomathia_match
http://ns.inria.fr/zoomathia/ANTIGONUS/ἱστοριῶν_παραδόξων_συναγωγή/g_2/1/111/text/1,https://opentheso.huma-num.fr/?idc=107812&idt=th310,north,1,zoomathia_match
http://ns.inria.fr/zoomathia/ANTIGONUS/ἱστοριῶν_παραδόξων_συναγωγή/g_2/1/111/text/1,https://opentheso.huma-num.fr/?idc=105367&idt=th310,birth,1,zoomathia_match
http://ns.inria.fr/zoomathia/ANTIGONUS/ἱστοριῶν_παραδόξων_συναγωγή/g_2/1/111/text/1,https://opentheso.huma-num.fr/?idc=105289&idt=th310,males,1,zoomathia_match
http://ns.inria.fr/zoomathia/ANTIGONUS/ἱστοριῶν_παραδόξων_συναγωγή/g_2/1/111/text/1,https://opentheso.huma-num.fr/?idc=105367&idt=th310,birth,1,zoomathia_match
http://ns.inria.fr/zoomathia/ANTIGONUS/ἱστοριῶν_παραδόξων_συναγωγή/g_2/1/111/text/1,https://opentheso.huma-num.fr/?idc=105290&idt=th310,females,1,zoomathia_match
http://ns.inria.fr/zoomathia/ANTIGONUS/ἱστοριῶν_παραδόξων_συναγωγή/g_2/1/111/text/1,https://opentheso.huma-num.fr/?idc=105371&idt=th310,offspring,1,zoomathia_match
http://ns.inria.fr/zoomathia/ANTIGONUS/ἱστοριῶν_παραδόξων_συναγωγή/g_2/1/111/text/1,https://opentheso.huma-num.fr/?idc=108030&idt=th310,white,1,zoomathia_match
http://ns.inria.fr/zoomathia/ANTIGONUS/ἱστοριῶν_παραδόξων_συναγωγή/g_2/1/111/text/1,https://opentheso.huma-num.fr/?idc=108030&idt=th310,white,1,zoomathia_match
http://ns.inria.fr/zoomathia/ANTIGONUS/ἱστοριῶν_παραδόξων_συναγωγή/g_2/1/111/text/1,https://opentheso.huma-num.fr/?idc=105909&idt=th310,veins,1,zoomathia_match
http://ns.inria.fr/zoomathia/ANTIGONUS/ἱστοριῶν_παραδόξων_συναγωγή/g_2/1/111/text/1,https://opentheso.huma-num.fr/?idc=105135&idt=th310,tongue,1,zoomathia_match
http://ns.inria.fr/zoomathia/ANTIGONUS/ἱστοριῶν_παραδόξων_συναγωγή/g_2/1/111/text/1,https://opentheso.huma-num.fr/?idc=pcrtLywf8Y5k0n&idt=th310,ram,1,zoomathia_match
http://ns.inria.fr/zoomathia/ANTIGONUS/ἱστοριῶν_παραδόξων_συναγωγή/g_2/1/111/text/1,https://opentheso.huma-num.fr/?idc=pcrtd6p9oHq1Tf&idt=th310,black,1,zoomathia_match
http://ns.inria.fr/zoomathia/ANTIGONUS/ἱστοριῶν_παραδόξων_συναγωγή/g_2/1/111/text/1,https://opentheso.huma-num.fr/?idc=pcrt3kpULwWUS2&idt=th310,black,1,zoomathia_match
http://ns.inria.fr/zoomathia/ANTIGONUS/ἱστοριῶν_παραδόξων_συναγωγή/g_2/1/111/text/1,https://opentheso.huma-num.fr/?idc=pcrtd6p9oHq1Tf&idt=th310,black,1,zoomathia_match
http://ns.inria.fr/zoomathia/ANTIGONUS/ἱστοριῶν_παραδόξων_συναγωγή/g_2/1/111/text/1,https://opentheso.huma-num.fr/?idc=pcrt3kpULwWUS2&idt=th310,black,1,zoomathia_match
http://ns.inria.fr/zoomathia/ANTIGONUS/ἱστοριῶν_παραδόξων_συναγωγή/g_2/1/111/text/1,https://opentheso.huma-num.fr/?idc=pcrt6z097U6IUf&idt=th310,drinking,1,zoomathia_match
http://ns.inria.fr/zoomathia/ANTIGONUS/ἱστοριῶν_παραδόξων_συναγωγή/g_2/1/111/text/1,https://opentheso.huma-num.fr/?idc=pcrthmVBQESXy2&idt=th310,salt,1,zoomathia_match
http://ns.inria.fr/zoomathia/ANTIGONUS/ἱστοριῶν_παραδόξων_συναγωγή/g_2/1/111/text/1,https://opentheso.huma-num.fr/?idc=pcrtyos9ZtSwBE&idt=th310,salt,1,zoomathia_match
http://ns.inria.fr/zoomathia/ANTIGONUS/ἱστοριῶν_παραδόξων_συναγωγή/g_2/1/111/text/1,https://opentheso.huma-num.fr/?idc=107336&idt=th310,salt water,1,zoomathia_match
http://ns.inria.fr/zoomathia/ANTIGONUS/ἱστοριῶν_παραδόξων_συναγωγή/g_2/1/111/text/1,https://opentheso.huma-num.fr/?idc=107576&idt=th310,water,1,zoomathia_match
http://ns.inria.fr/zoomathia/ANTIGONUS/ἱστοριῶν_παραδόξων_συναγωγή/g_2/1/111/text/1,http://dbpedia.org/resource/Goat,goats,0.9999995844426348,DBpedia
http://ns.inria.fr/zoomathia/ANTIGONUS/ἱστοριῶν_παραδόξων_συναγωγή/g_2/1/111/text/1,http://dbpedia.org/resource/Sheep,sheep,0.9609565614269762,DBpedia
http://ns.inria.fr/zoomathia/ANTIGONUS/ἱστοριῶν_παραδόξων_συναγωγή/g_2/1/111/text/1,http://dbpedia.org/resource/North,north,0.922522286556195,DBpedia
http://ns.inria.fr/zoomathia/ANTIGONUS/ἱστοριῶν_παραδόξων_συναγωγή/g_2/1/111/text/1,http://dbpedia.org/resource/Rut_(mammalian_reproduction),rutting,0.9431402564013763,DBpedia
http://ns.inria.fr/zoomathia/ANTIGONUS/ἱστοριῶν_παραδόξων_συναγωγή/g_2/1/111/text/1,http://dbpedia.org/resource/Deer,males,0.8258183205550063,DBpedia
http://ns.inria.fr/zoomathia/ANTIGONUS/ἱστοριῶν_παραδόξων_συναγωγή/g_2/1/111/text/1,http://dbpedia.org/resource/South,south,0.8163750234695416,DBpedia
http://ns.inria.fr/zoomathia/ANTIGONUS/ἱστοριῶν_παραδόξων_συναγωγή/g_2/1/111/text/1,http://dbpedia.org/resource/Female,females,0.9976424489512465,DBpedia
http://ns.inria.fr/zoomathia/ANTIGONUS/ἱστοριῶν_παραδόξων_συναγωγή/g_2/1/111/text/1,http://dbpedia.org/resource/Offspring,offspring,0.9994419758391628,DBpedia
http://ns.inria.fr/zoomathia/ANTIGONUS/ἱστοριῶν_παραδόξων_συναγωγή/g_2/1/111/text/1,http://dbpedia.org/resource/White_people,white,0.753122340059759,DBpedia
http://ns.inria.fr/zoomathia/ANTIGONUS/ἱστοριῶν_παραδόξων_συναγωγή/g_2/1/111/text/1,http://dbpedia.org/resource/White_people,white,0.753122340059759,DBpedia
http://ns.inria.fr/zoomathia/ANTIGONUS/ἱστοριῶν_παραδόξων_συναγωγή/g_2/1/111/text/1,http://dbpedia.org/resource/Leaf,veins,0.7490157802216204,DBpedia
http://ns.inria.fr/zoomathia/ANTIGONUS/ἱστοριῶν_παραδόξων_συναγωγή/g_2/1/111/text/1,http://dbpedia.org/resource/Tongue,tongue,0.9889557747676612,DBpedia
http://ns.inria.fr/zoomathia/ANTIGONUS/ἱστοριῶν_παραδόξων_συναγωγή/g_2/1/111/text/1,http://dbpedia.org/resource/Sheep,ram,0.9686168063667673,DBpedia
http://ns.inria.fr/zoomathia/ANTIGONUS/ἱστοριῶν_παραδόξων_συναγωγή/g_2/1/111/text/1,http://dbpedia.org/resource/Black_people,black,0.49942736428265305,DBpedia
http://ns.inria.fr/zoomathia/ANTIGONUS/ἱστοριῶν_παραδόξων_συναγωγή/g_2/1/111/text/1,http://dbpedia.org/resource/Shapeshifting,turns,0.9734997546651836,DBpedia
http://ns.inria.fr/zoomathia/ANTIGONUS/ἱστοριῶν_παραδόξων_συναγωγή/g_2/1/111/text/1,http://dbpedia.org/resource/Black_people,black,0.49942736428265305,DBpedia
http://ns.inria.fr/zoomathia/ANTIGONUS/ἱστοριῶν_παραδόξων_συναγωγή/g_2/1/111/text/1,http://dbpedia.org/resource/Pyre,pyres,0.9999999945054014,DBpedia
http://ns.inria.fr/zoomathia/ANTIGONUS/ἱστοριῶν_παραδόξων_συναγωγή/g_2/1/111/text/1,http://dbpedia.org/resource/Saline_water,salt water,0.9453373790784299,DBpedia
http://ns.inria.fr/zoomathia/ANTIGONUS/ἱστοριῶν_παραδόξων_συναγωγή/g_2/1/111/text/1,http://dbpedia.org/resource/Haram,forbidden,0.8462404677866289,DBpedia
http://ns.inria.fr/zoomathia/ANTIGONUS/ἱστοριῶν_παραδόξων_συναγωγή/g_2/1/112/text/1,https://opentheso.huma-num.fr/?idc=pcrt4v7jKE3TVw&idt=th310,dogs,1,zoomathia_match
http://ns.inria.fr/zoomathia/ANTIGONUS/ἱστοριῶν_παραδόξων_συναγωγή/g_2/1/112/text/1,https://opentheso.huma-num.fr/?idc=105490&idt=th310,hate,1,zoomathia_match
http://ns.inria.fr/zoomathia/ANTIGONUS/ἱστοριῶν_παραδόξων_συναγωγή/g_2/1/112/text/1,https://www.wikidata.org/wiki/Q190216,Laconian,0.4264,wikidata
http://ns.inria.fr/zoomathia/ANTIGONUS/ἱστοριῶν_παραδόξων_συναγωγή/g_2/1/112/text/1,http://dbpedia.org/resource/Laconia,Laconian,0.9999998499810202,DBpedia
http://ns.inria.fr/zoomathia/ANTIGONUS/ἱστοριῶν_παραδόξων_συναγωγή/g_2/1/112/text/1,http://dbpedia.org/resource/Dog,dogs,0.9994476334454374,DBpedia
http://ns.inria.fr/zoomathia/ANTIGONUS/ἱστοριῶν_παραδόξων_συναγωγή/g_2/1/112/text/1,http://dbpedia.org/resource/Golden_Hour_(Kygo_album),hurting,0.7508348546634052,DBpedia
http://ns.inria.fr/zoomathia/ANTIGONUS/ἱστοριῶν_παραδόξων_συναγωγή/g_2/1/113/text/1,https://opentheso.huma-num.fr/?idc=105290&idt=th310,female,1,zoomathia_match
http://ns.inria.fr/zoomathia/ANTIGONUS/ἱστοριῶν_παραδόξων_συναγωγή/g_2/1/113/text/1,https://opentheso.huma-num.fr/?idc=pcrtfv4IrNiWE8&idt=th310,vessel,1,zoomathia_match
http://ns.inria.fr/zoomathia/ANTIGONUS/ἱστοριῶν_παραδόξων_συναγωγή/g_2/1/113/text/1,https://opentheso.huma-num.fr/?idc=105649&idt=th310,time,1,zoomathia_match
http://ns.inria.fr/zoomathia/ANTIGONUS/ἱστοριῶν_παραδόξων_συναγωγή/g_2/1/113/text/1,https://opentheso.huma-num.fr/?idc=pcrtiz8ndVfKcX&idt=th310,Persia,1,zoomathia_match
http://ns.inria.fr/zoomathia/ANTIGONUS/ἱστοριῶν_παραδόξων_συναγωγή/g_2/1/113/text/1,https://www.wikidata.org/wiki/Q794,Persia,0.4659,wikidata
http://ns.inria.fr/zoomathia/ANTIGONUS/ἱστοριῶν_παραδόξων_συναγωγή/g_2/1/113/text/1,http://dbpedia.org/resource/French_ship_Admirable_(1691),Admirable,0.5818137906602219,DBpedia
http://ns.inria.fr/zoomathia/ANTIGONUS/ἱστοριῶν_παραδόξων_συναγωγή/g_2/1/113/text/1,http://dbpedia.org/resource/Speedy_trial,speedy,0.9999967124282745,DBpedia
http://ns.inria.fr/zoomathia/ANTIGONUS/ἱστοριῶν_παραδόξων_συναγωγή/g_2/1/113/text/1,http://dbpedia.org/resource/Generation,generation,0.9883147993187327,DBpedia
http://ns.inria.fr/zoomathia/ANTIGONUS/ἱστοριῶν_παραδόξων_συναγωγή/g_2/1/113/text/1,http://dbpedia.org/resource/Skeletal_muscle,muscles,0.9998756480890882,DBpedia
http://ns.inria.fr/zoomathia/ANTIGONUS/ἱστοριῶν_παραδόξων_συναγωγή/g_2/1/113/text/1,http://dbpedia.org/resource/Female,female,0.9977018909811314,DBpedia
http://ns.inria.fr/zoomathia/ANTIGONUS/ἱστοριῶν_παραδόξων_συναγωγή/g_2/1/113/text/1,http://dbpedia.org/resource/Time,time,0.9762622786973884,DBpedia
http://ns.inria.fr/zoomathia/ANTIGONUS/ἱστοριῶν_παραδόξων_συναγωγή/g_2/1/113/text/1,http://dbpedia.org/resource/Skeletal_muscle,muscles,0.9998756480890882,DBpedia
http://ns.inria.fr/zoomathia/ANTIGONUS/ἱστοριῶν_παραδόξων_συναγωγή/g_2/1/113/text/1,http://dbpedia.org/resource/Iran,Persia,0.9493043786912165,DBpedia
http://ns.inria.fr/zoomathia/ANTIGONUS/ἱστοριῶν_παραδόξων_συναγωγή/g_2/1/113/text/1,http://dbpedia.org/resource/Skeletal_muscle,muscle,0.9995878806712776,DBpedia
http://ns.inria.fr/zoomathia/ANTIGONUS/ἱστοριῶν_παραδόξων_συναγωγή/g_2/1/113/text/1,http://dbpedia.org/resource/Control_flow,loops,0.9702981360031032,DBpedia
http://ns.inria.fr/zoomathia/ANTIGONUS/ἱστοριῶν_παραδόξων_συναγωγή/g_2/1/113/text/1,http://dbpedia.org/resource/Fetus,fetuses,0.9999999998621547,DBpedia
http://ns.inria.fr/zoomathia/ANTIGONUS/ἱστοριῶν_παραδόξων_συναγωγή/g_2/1/115/text/1,https://opentheso.huma-num.fr/?idc=pcrt3jcrAaRENB&idt=th310,goats,1,zoomathia_match
http://ns.inria.fr/zoomathia/ANTIGONUS/ἱστοριῶν_παραδόξων_συναγωγή/g_2/1/115/text/1,https://opentheso.huma-num.fr/?idc=105130&idt=th310,nose,1,zoomathia_match
http://ns.inria.fr/zoomathia/ANTIGONUS/ἱστοριῶν_παραδόξων_συναγωγή/g_2/1/115/text/1,http://dbpedia.org/resource/Goat,goats,0.9997025256683556,DBpedia
http://ns.inria.fr/zoomathia/ANTIGONUS/ἱστοριῶν_παραδόξων_συναγωγή/g_2/1/115/text/1,http://dbpedia.org/resource/Corner_kick,corner,0.9394912531095329,DBpedia
http://ns.inria.fr/zoomathia/ANTIGONUS/ἱστοριῶν_παραδόξων_συναγωγή/g_2/1/115/text/1,http://dbpedia.org/resource/Human_nose,nose,0.7354739367832177,DBpedia
http://ns.inria.fr/zoomathia/ANTIGONUS/ἱστοριῶν_παραδόξων_συναγωγή/g_2/1/115/text/1,http://dbpedia.org/resource/Threshing,threshing,0.997340748350742,DBpedia
http://ns.inria.fr/zoomathia/ANTIGONUS/ἱστοριῶν_παραδόξων_συναγωγή/g_2/1/117/text/1,http://dbpedia.org/resource/House_of_Wettin,happen,0.9994958768351331,DBpedia
http://ns.inria.fr/zoomathia/ANTIGONUS/ἱστοριῶν_παραδόξων_συναγωγή/g_2/1/121/text/1,http://dbpedia.org/resource/Visual_impairment,blind,0.9997347993076885,DBpedia
http://ns.inria.fr/zoomathia/ANTIGONUS/ἱστοριῶν_παραδόξων_συναγωγή/g_2/1/121/text/1,http://dbpedia.org/resource/Limp,lame,0.9276590886254672,DBpedia
http://ns.inria.fr/zoomathia/ANTIGONUS/ἱστοριῶν_παραδόξων_συναγωγή/g_2/1/121/text/1,http://dbpedia.org/resource/Alike,alike,0.9999605264858114,DBpedia
http://ns.inria.fr/zoomathia/ANTIGONUS/ἱστοριῶν_παραδόξων_συναγωγή/g_2/1/121/text/1,http://dbpedia.org/resource/Visual_impairment,blind,0.9997347993076885,DBpedia
http://ns.inria.fr/zoomathia/ANTIGONUS/ἱστοριῶν_παραδόξων_συναγωγή/g_2/1/121/text/1,http://dbpedia.org/resource/Limp,lame,0.9276590886254672,DBpedia
http://ns.inria.fr/zoomathia/ANTIGONUS/ἱστοριῶν_παραδόξων_συναγωγή/g_2/1/121/text/1,http://dbpedia.org/resource/Visual_impairment,blind,0.9997347993076885,DBpedia
http://ns.inria.fr/zoomathia/ANTIGONUS/ἱστοριῶν_παραδόξων_συναγωγή/g_2/1/121/text/1,http://dbpedia.org/resource/Spotted_hyena,spotted,0.37210438287267406,DBpedia
http://ns.inria.fr/zoomathia/ANTIGONUS/ἱστοριῶν_παραδόξων_συναγωγή/g_2/1/126/text/1,https://opentheso.huma-num.fr/?idc=pcrtWAWgqtIwmR&idt=th310,mediums,1,zoomathia_match
http://ns.inria.fr/zoomathia/ANTIGONUS/ἱστοριῶν_παραδόξων_συναγωγή/g_2/1/126/text/1,https://www.wikidata.org/wiki/Q2701465,Cantos,0.3964,wikidata
http://ns.inria.fr/zoomathia/ANTIGONUS/ἱστοριῶν_παραδόξων_συναγωγή/g_2/1/126/text/1,http://dbpedia.org/resource/The_Cantos,Cantos,0.9999999999972715,DBpedia
http://ns.inria.fr/zoomathia/ANTIGONUS/ἱστοριῶν_παραδόξων_συναγωγή/g_2/1/126/text/1,http://dbpedia.org/resource/Fruit,fleshy,0.9999999323273722,DBpedia
http://ns.inria.fr/zoomathia/ANTIGONUS/ἱστοριῶν_παραδόξων_συναγωγή/g_2/1/126/text/1,http://dbpedia.org/resource/Wickedness,wickedness,0.9999999331575702,DBpedia
http://ns.inria.fr/zoomathia/ANTIGONUS/ἱστοριῶν_παραδόξων_συναγωγή/g_2/1/126/text/1,http://dbpedia.org/resource/Growth_medium,mediums,0.6599919416647971,DBpedia
http://ns.inria.fr/zoomathia/ANTIGONUS/ἱστοριῶν_παραδόξων_συναγωγή/g_2/1/126/text/1,http://dbpedia.org/resource/Morality,morals,0.9976133642058447,DBpedia
http://ns.inria.fr/zoomathia/ANTIGONUS/ἱστοριῶν_παραδόξων_συναγωγή/g_2/1/126/text/1,http://dbpedia.org/resource/Australia's_big_things,big,0.5951715853353086,DBpedia
http://ns.inria.fr/zoomathia/ANTIGONUS/ἱστοριῶν_παραδόξων_συναγωγή/g_2/1/126/text/1,http://dbpedia.org/resource/French_Revolution,revolting,0.999999999997641,DBpedia
http://ns.inria.fr/zoomathia/ANTIGONUS/ἱστοριῶν_παραδόξων_συναγωγή/g_2/1/126/text/1,http://dbpedia.org/resource/Laziness,indolence,0.9999999989398418,DBpedia
