paragraph_uri,concept_uri,mention,score,origin
http://ns.inria.fr/zoomathia/APOLLONIUS/ἱστορίαι_θαυμάσιαι/g/1/1/text/1,https://opentheso.huma-num.fr/?idc=pcrtEpGlZykUTy&idt=th310,lead,1,zoomathia_match
http://ns.inria.fr/zoomathia/APOLLONIUS/ἱστορίαι_θαυμάσιαι/g/1/1/text/1,https://opentheso.huma-num.fr/?idc=pcrtDtJwUVaZ0I&idt=th310,sheep,1,zoomathia_match
http://ns.inria.fr/zoomathia/APOLLONIUS/ἱστορίαι_θαυμάσιαι/g/1/1/text/1,https://opentheso.huma-num.fr/?idc=pcrtUIbdZmT2P6&idt=th310,floor,1,zoomathia_match
http://ns.inria.fr/zoomathia/APOLLONIUS/ἱστορίαι_θαυμάσιαι/g/1/1/text/1,https://opentheso.huma-num.fr/?idc=pcrtpWT5t7kRx6&idt=th310,years,1,zoomathia_match
http://ns.inria.fr/zoomathia/APOLLONIUS/ἱστορίαι_θαυμάσιαι/g/1/1/text/1,https://opentheso.huma-num.fr/?idc=105649&idt=th310,time,1,zoomathia_match
http://ns.inria.fr/zoomathia/APOLLONIUS/ἱστορίαι_θαυμάσιαι/g/1/1/text/1,https://opentheso.huma-num.fr/?idc=105255&idt=th310,sleep,1,zoomathia_match
http://ns.inria.fr/zoomathia/APOLLONIUS/ἱστορίαι_θαυμάσιαι/g/1/1/text/1,https://opentheso.huma-num.fr/?idc=pcrtDtJwUVaZ0I&idt=th310,sheep,1,zoomathia_match
http://ns.inria.fr/zoomathia/APOLLONIUS/ἱστορίαι_θαυμάσιαι/g/1/1/text/1,https://opentheso.huma-num.fr/?idc=105255&idt=th310,slept,1,zoomathia_match
http://ns.inria.fr/zoomathia/APOLLONIUS/ἱστορίαι_θαυμάσιαι/g/1/1/text/1,https://opentheso.huma-num.fr/?idc=106004&idt=th310,wild,1,zoomathia_match
http://ns.inria.fr/zoomathia/APOLLONIUS/ἱστορίαι_θαυμάσιαι/g/1/1/text/1,https://opentheso.huma-num.fr/?idc=pcrtfv4IrNiWE8&idt=th310,vessel,1,zoomathia_match
http://ns.inria.fr/zoomathia/APOLLONIUS/ἱστορίαι_θαυμάσιαι/g/1/1/text/1,https://opentheso.huma-num.fr/?idc=pcrtaGBUR5Ekx1&idt=th310,house,1,zoomathia_match
http://ns.inria.fr/zoomathia/APOLLONIUS/ἱστορίαι_θαυμάσιαι/g/1/1/text/1,https://opentheso.huma-num.fr/?idc=105649&idt=th310,time,1,zoomathia_match
http://ns.inria.fr/zoomathia/APOLLONIUS/ἱστορίαι_θαυμάσιαι/g/1/1/text/1,https://opentheso.huma-num.fr/?idc=pcrtpWT5t7kRx6&idt=th310,years,1,zoomathia_match
http://ns.inria.fr/zoomathia/APOLLONIUS/ἱστορίαι_θαυμάσιαι/g/1/1/text/1,https://opentheso.huma-num.fr/?idc=pcrt0WrjgPTs33&idt=th310,man,1,zoomathia_match
http://ns.inria.fr/zoomathia/APOLLONIUS/ἱστορίαι_θαυμάσιαι/g/1/1/text/1,https://www.wikidata.org/wiki/Q1500389,Crier,0.5761,wikidata
http://ns.inria.fr/zoomathia/APOLLONIUS/ἱστορίαι_θαυμάσιαι/g/1/1/text/1,https://www.wikidata.org/wiki/Q34374,Cretans,0.6681,wikidata
http://ns.inria.fr/zoomathia/APOLLONIUS/ἱστορίαι_θαυμάσιαι/g/1/1/text/1,http://dbpedia.org/resource/Volos,Volos,0.9999227204758695,DBpedia
http://ns.inria.fr/zoomathia/APOLLONIUS/ἱστορίαι_θαυμάσιαι/g/1/1/text/1,http://dbpedia.org/resource/Epimenides,Epimenides,1.0,DBpedia
http://ns.inria.fr/zoomathia/APOLLONIUS/ἱστορίαι_θαυμάσιαι/g/1/1/text/1,http://dbpedia.org/resource/Town_crier,Crier,0.999999996103611,DBpedia
http://ns.inria.fr/zoomathia/APOLLONIUS/ἱστορίαι_θαυμάσιαι/g/1/1/text/1,http://dbpedia.org/resource/Father,father,0.9998816409262787,DBpedia
http://ns.inria.fr/zoomathia/APOLLONIUS/ἱστορίαι_θαυμάσιαι/g/1/1/text/1,http://dbpedia.org/resource/Father,father,0.9998816409262787,DBpedia
http://ns.inria.fr/zoomathia/APOLLONIUS/ἱστορίαι_θαυμάσιαι/g/1/1/text/1,http://dbpedia.org/resource/Quantum_field_theory,field,0.9405941160673245,DBpedia
http://ns.inria.fr/zoomathia/APOLLONIUS/ἱστορίαι_θαυμάσιαι/g/1/1/text/1,http://dbpedia.org/resource/Lead,lead,0.9099466416698304,DBpedia
http://ns.inria.fr/zoomathia/APOLLONIUS/ἱστορίαι_θαυμάσιαι/g/1/1/text/1,http://dbpedia.org/resource/Sheep,sheep,0.9998957253789228,DBpedia
http://ns.inria.fr/zoomathia/APOLLONIUS/ἱστορίαι_θαυμάσιαι/g/1/1/text/1,http://dbpedia.org/resource/City,city,0.9970860220106063,DBpedia
http://ns.inria.fr/zoomathia/APOLLONIUS/ἱστορίαι_θαυμάσιαι/g/1/1/text/1,http://dbpedia.org/resource/Night,night,0.9998293079984261,DBpedia
http://ns.inria.fr/zoomathia/APOLLONIUS/ἱστορίαι_θαυμάσιαι/g/1/1/text/1,http://dbpedia.org/resource/Paralysis,paralysed,0.9999999999964757,DBpedia
http://ns.inria.fr/zoomathia/APOLLONIUS/ἱστορίαι_θαυμάσιαι/g/1/1/text/1,http://dbpedia.org/resource/Threshing_floor,threshing floor,1.0,DBpedia
http://ns.inria.fr/zoomathia/APOLLONIUS/ἱστορίαι_θαυμάσιαι/g/1/1/text/1,http://dbpedia.org/resource/Fell,fell,0.9978936048956678,DBpedia
http://ns.inria.fr/zoomathia/APOLLONIUS/ἱστορίαι_θαυμάσιαι/g/1/1/text/1,http://dbpedia.org/resource/Prison,incarcerated,0.9824482501101096,DBpedia
http://ns.inria.fr/zoomathia/APOLLONIUS/ἱστορίαι_θαυμάσιαι/g/1/1/text/1,http://dbpedia.org/resource/Narrative,stories,0.9091035323059572,DBpedia
http://ns.inria.fr/zoomathia/APOLLONIUS/ἱστορίαι_θαυμάσιαι/g/1/1/text/1,http://dbpedia.org/resource/Civility,happened,0.9337974101168949,DBpedia
http://ns.inria.fr/zoomathia/APOLLONIUS/ἱστορίαι_θαυμάσιαι/g/1/1/text/1,http://dbpedia.org/resource/Time,time,0.9701258015356676,DBpedia
http://ns.inria.fr/zoomathia/APOLLONIUS/ἱστορίαι_θαυμάσιαι/g/1/1/text/1,http://dbpedia.org/resource/Kinship,relatives,0.999840620063866,DBpedia
http://ns.inria.fr/zoomathia/APOLLONIUS/ἱστορίαι_θαυμάσιαι/g/1/1/text/1,http://dbpedia.org/resource/Epimenides,Epimenides,1.0,DBpedia
http://ns.inria.fr/zoomathia/APOLLONIUS/ἱστορίαι_θαυμάσιαι/g/1/1/text/1,http://dbpedia.org/resource/Death,died,0.9979976411083643,DBpedia
http://ns.inria.fr/zoomathia/APOLLONIUS/ἱστορίαι_θαυμάσιαι/g/1/1/text/1,http://dbpedia.org/resource/Easter_Rising,rising,0.6497822059453431,DBpedia
http://ns.inria.fr/zoomathia/APOLLONIUS/ἱστορίαι_θαυμάσιαι/g/1/1/text/1,http://dbpedia.org/resource/Sleep,sleep,0.9999427708238429,DBpedia
http://ns.inria.fr/zoomathia/APOLLONIUS/ἱστορίαι_θαυμάσιαι/g/1/1/text/1,http://dbpedia.org/resource/Sheep,sheep,0.9998957253789228,DBpedia
http://ns.inria.fr/zoomathia/APOLLONIUS/ἱστορίαι_θαυμάσιαι/g/1/1/text/1,http://dbpedia.org/resource/Quantum_field_theory,field,0.9405941160673245,DBpedia
http://ns.inria.fr/zoomathia/APOLLONIUS/ἱστορίαι_θαυμάσιαι/g/1/1/text/1,http://dbpedia.org/resource/Wildlife,wild,0.7137343521635686,DBpedia
http://ns.inria.fr/zoomathia/APOLLONIUS/ἱστορίαι_θαυμάσιαι/g/1/1/text/1,http://dbpedia.org/resource/Behavior,behavior,0.9941285708272117,DBpedia
http://ns.inria.fr/zoomathia/APOLLONIUS/ἱστορίαι_θαυμάσιαι/g/1/1/text/1,http://dbpedia.org/resource/Shapeshifting,changed,0.9991628451579638,DBpedia
http://ns.inria.fr/zoomathia/APOLLONIUS/ἱστορίαι_θαυμάσιαι/g/1/1/text/1,http://dbpedia.org/resource/City,city,0.9970860220106063,DBpedia
http://ns.inria.fr/zoomathia/APOLLONIUS/ἱστορίαι_θαυμάσιαι/g/1/1/text/1,http://dbpedia.org/resource/American_entry_into_World_War_I,entered,0.9752533011726883,DBpedia
http://ns.inria.fr/zoomathia/APOLLONIUS/ἱστορίαι_θαυμάσιαι/g/1/1/text/1,http://dbpedia.org/resource/House,house,0.7593643481090991,DBpedia
http://ns.inria.fr/zoomathia/APOLLONIUS/ἱστορίαι_θαυμάσιαι/g/1/1/text/1,http://dbpedia.org/resource/Time,time,0.9701258015356676,DBpedia
http://ns.inria.fr/zoomathia/APOLLONIUS/ἱστορίαι_θαυμάσιαι/g/1/1/text/1,http://dbpedia.org/resource/Invisibility,invisible,0.9999209940893663,DBpedia
http://ns.inria.fr/zoomathia/APOLLONIUS/ἱστορίαι_θαυμάσιαι/g/1/1/text/1,http://dbpedia.org/resource/Crete,Cretans,0.9999999712725871,DBpedia
http://ns.inria.fr/zoomathia/APOLLONIUS/ἱστορίαι_θαυμάσιαι/g/1/1/text/1,http://dbpedia.org/resource/Death,died,0.9979976411083643,DBpedia
http://ns.inria.fr/zoomathia/APOLLONIUS/ἱστορίαι_θαυμάσιαι/g/1/1/text/1,http://dbpedia.org/resource/Living_room,living,0.8093284948100568,DBpedia
http://ns.inria.fr/zoomathia/APOLLONIUS/ἱστορίαι_θαυμάσιαι/g/1/1/text/1,http://dbpedia.org/resource/Paradox,paradoxes,0.9999610073821339,DBpedia
http://ns.inria.fr/zoomathia/APOLLONIUS/ἱστορίαι_θαυμάσιαι/g/1/1/text/1,http://dbpedia.org/resource/Man,man,0.687558737287369,DBpedia
http://ns.inria.fr/zoomathia/APOLLONIUS/ἱστορίαι_θαυμάσιαι/g/1/2/text/1,https://opentheso.huma-num.fr/?idc=pcrtGSslMASdGf&idt=th310,day,1,zoomathia_match
http://ns.inria.fr/zoomathia/APOLLONIUS/ἱστορίαι_θαυμάσιαι/g/1/2/text/1,https://opentheso.huma-num.fr/?idc=105649&idt=th310,time,1,zoomathia_match
http://ns.inria.fr/zoomathia/APOLLONIUS/ἱστορίαι_θαυμάσιαι/g/1/2/text/1,https://opentheso.huma-num.fr/?idc=107792&idt=th310,Sicily,1,zoomathia_match
http://ns.inria.fr/zoomathia/APOLLONIUS/ἱστορίαι_θαυμάσιαι/g/1/2/text/1,https://opentheso.huma-num.fr/?idc=pcrt9vNUqRWTWt&idt=th310,teaching,1,zoomathia_match
http://ns.inria.fr/zoomathia/APOLLONIUS/ἱστορίαι_θαυμάσιαι/g/1/2/text/1,https://opentheso.huma-num.fr/?idc=pcrtpWT5t7kRx6&idt=th310,years,1,zoomathia_match
http://ns.inria.fr/zoomathia/APOLLONIUS/ἱστορίαι_θαυμάσιαι/g/1/2/text/1,https://opentheso.huma-num.fr/?idc=107792&idt=th310,Sicily,1,zoomathia_match
http://ns.inria.fr/zoomathia/APOLLONIUS/ἱστορίαι_θαυμάσιαι/g/1/2/text/1,https://opentheso.huma-num.fr/?idc=pcrtvkdPqIo01G&idt=th310,heroes,1,zoomathia_match
http://ns.inria.fr/zoomathia/APOLLONIUS/ἱστορίαι_θαυμάσιαι/g/1/2/text/1,https://www.wikidata.org/wiki/Q10806,that day,0.3263,wikidata
http://ns.inria.fr/zoomathia/APOLLONIUS/ἱστορίαι_θαυμάσιαι/g/1/2/text/1,https://www.wikidata.org/wiki/Q1460,Sicily,0.4505,wikidata
http://ns.inria.fr/zoomathia/APOLLONIUS/ἱστορίαι_θαυμάσιαι/g/1/2/text/1,https://www.wikidata.org/wiki/Q3650310,many years,0.3263,wikidata
http://ns.inria.fr/zoomathia/APOLLONIUS/ἱστορίαι_θαυμάσιαι/g/1/2/text/1,https://www.wikidata.org/wiki/Q1460,Sicily,0.4505,wikidata
http://ns.inria.fr/zoomathia/APOLLONIUS/ἱστορίαι_θαυμάσιαι/g/1/2/text/1,https://www.wikidata.org/wiki/Q1460,Sicilians,0.4541,wikidata
http://ns.inria.fr/zoomathia/APOLLONIUS/ἱστορίαι_θαυμάσιαι/g/1/2/text/1,http://dbpedia.org/resource/Narrative,story,0.8226819580888316,DBpedia
http://ns.inria.fr/zoomathia/APOLLONIUS/ἱστορίαι_θαυμάσιαι/g/1/2/text/1,http://dbpedia.org/resource/Child,child,0.9922157716873261,DBpedia
http://ns.inria.fr/zoomathia/APOLLONIUS/ἱστορίαι_θαυμάσιαι/g/1/2/text/1,http://dbpedia.org/resource/Day,day,0.911727134621376,DBpedia
http://ns.inria.fr/zoomathia/APOLLONIUS/ἱστορίαι_θαυμάσιαι/g/1/2/text/1,http://dbpedia.org/resource/Time,time,0.6418633349831817,DBpedia
http://ns.inria.fr/zoomathia/APOLLONIUS/ἱστορίαι_θαυμάσιαι/g/1/2/text/1,http://dbpedia.org/resource/Sicily,Sicily,0.8098800688030808,DBpedia
http://ns.inria.fr/zoomathia/APOLLONIUS/ἱστορίαι_θαυμάσιαι/g/1/2/text/1,http://dbpedia.org/resource/Epistle,letters,0.47039656661908347,DBpedia
http://ns.inria.fr/zoomathia/APOLLONIUS/ἱστορίαι_θαυμάσιαι/g/1/2/text/1,http://dbpedia.org/resource/Civility,happened,0.8118520549293174,DBpedia
http://ns.inria.fr/zoomathia/APOLLONIUS/ἱστορίαι_θαυμάσιαι/g/1/2/text/1,http://dbpedia.org/resource/Civility,happened,0.8118520549293174,DBpedia
http://ns.inria.fr/zoomathia/APOLLONIUS/ἱστορίαι_θαυμάσιαι/g/1/2/text/1,http://dbpedia.org/resource/Letter_frequency,frequently,0.9999965910696869,DBpedia
http://ns.inria.fr/zoomathia/APOLLONIUS/ἱστορίαι_θαυμάσιαι/g/1/2/text/1,http://dbpedia.org/resource/Sicily,Sicily,0.8098800688030808,DBpedia
http://ns.inria.fr/zoomathia/APOLLONIUS/ἱστορίαι_θαυμάσιαι/g/1/2/text/1,http://dbpedia.org/resource/Imagination,imagining,0.9999999999992895,DBpedia
http://ns.inria.fr/zoomathia/APOLLONIUS/ἱστορίαι_θαυμάσιαι/g/1/2/text/1,http://dbpedia.org/resource/Sicilians,Sicilians,0.9086079451397513,DBpedia
http://ns.inria.fr/zoomathia/APOLLONIUS/ἱστορίαι_θαυμάσιαι/g/1/2/text/1,http://dbpedia.org/resource/Priesthood_in_the_Catholic_Church,priest,0.8741453522310364,DBpedia
http://ns.inria.fr/zoomathia/APOLLONIUS/ἱστορίαι_θαυμάσιαι/g/1/2/text/1,http://dbpedia.org/resource/Greek_hero_cult,heroes,0.7345156533429896,DBpedia
http://ns.inria.fr/zoomathia/APOLLONIUS/ἱστορίαι_θαυμάσιαι/g/1/3/text/1,https://opentheso.huma-num.fr/?idc=pcrtpWT5t7kRx6&idt=th310,years,1,zoomathia_match
http://ns.inria.fr/zoomathia/APOLLONIUS/ἱστορίαι_θαυμάσιαι/g/1/3/text/1,https://opentheso.huma-num.fr/?idc=105643&idt=th310,rains,1,zoomathia_match
http://ns.inria.fr/zoomathia/APOLLONIUS/ἱστορίαι_θαυμάσιαι/g/1/3/text/1,https://opentheso.huma-num.fr/?idc=pcrtpWT5t7kRx6&idt=th310,years,1,zoomathia_match
http://ns.inria.fr/zoomathia/APOLLONIUS/ἱστορίαι_θαυμάσιαι/g/1/3/text/1,https://opentheso.huma-num.fr/?idc=pcrtmhUStm5T6Y&idt=th310,fire,1,zoomathia_match
http://ns.inria.fr/zoomathia/APOLLONIUS/ἱστορίαι_θαυμάσιαι/g/1/3/text/1,https://opentheso.huma-num.fr/?idc=pcrtLnUS9cADfI&idt=th310,seeing,1,zoomathia_match
http://ns.inria.fr/zoomathia/APOLLONIUS/ἱστορίαι_θαυμάσιαι/g/1/3/text/1,https://opentheso.huma-num.fr/?idc=pcrtGm7ZMfoQrc&idt=th310,born,1,zoomathia_match
http://ns.inria.fr/zoomathia/APOLLONIUS/ἱστορίαι_θαυμάσιαι/g/1/3/text/1,https://opentheso.huma-num.fr/?idc=105428&idt=th310,reason,1,zoomathia_match
http://ns.inria.fr/zoomathia/APOLLONIUS/ἱστορίαι_θαυμάσιαι/g/1/3/text/1,http://dbpedia.org/resource/Myth,mythologized,1.0,DBpedia
http://ns.inria.fr/zoomathia/APOLLONIUS/ἱστορίαι_θαυμάσιαι/g/1/3/text/1,http://dbpedia.org/resource/Soul,soul,0.9986920994864639,DBpedia
http://ns.inria.fr/zoomathia/APOLLONIUS/ἱστορίαι_θαυμάσιαι/g/1/3/text/1,http://dbpedia.org/resource/Human_body,body,0.7545966226362384,DBpedia
http://ns.inria.fr/zoomathia/APOLLONIUS/ἱστορίαι_θαυμάσιαι/g/1/3/text/1,http://dbpedia.org/resource/Creation_myth,created,0.9831511885133686,DBpedia
http://ns.inria.fr/zoomathia/APOLLONIUS/ἱστορίαι_θαυμάσιαι/g/1/3/text/1,http://dbpedia.org/resource/Human_body,body,0.7545966226362384,DBpedia
http://ns.inria.fr/zoomathia/APOLLONIUS/ἱστορίαι_θαυμάσιαι/g/1/3/text/1,http://dbpedia.org/resource/Civility,happened,0.9940550828296315,DBpedia
http://ns.inria.fr/zoomathia/APOLLONIUS/ἱστορίαι_θαυμάσιαι/g/1/3/text/1,http://dbpedia.org/resource/Future,future,0.9999972916680531,DBpedia
http://ns.inria.fr/zoomathia/APOLLONIUS/ἱστορίαι_θαυμάσιαι/g/1/3/text/1,http://dbpedia.org/resource/Global_catastrophic_risk,destruction,0.8404377921118463,DBpedia
http://ns.inria.fr/zoomathia/APOLLONIUS/ἱστορίαι_θαυμάσιαι/g/1/3/text/1,http://dbpedia.org/resource/2010_China_floods,heavy rains,0.9999999135981208,DBpedia
http://ns.inria.fr/zoomathia/APOLLONIUS/ἱστορίαι_θαυμάσιαι/g/1/3/text/1,http://dbpedia.org/resource/Drought,droughts,0.9998533042296088,DBpedia
http://ns.inria.fr/zoomathia/APOLLONIUS/ἱστορίαι_θαυμάσιαι/g/1/3/text/1,http://dbpedia.org/resource/Earthquake,earthquakes,0.9457531884525661,DBpedia
http://ns.inria.fr/zoomathia/APOLLONIUS/ἱστορίαι_θαυμάσιαι/g/1/3/text/1,http://dbpedia.org/resource/Infection,pestilences,1.0,DBpedia
http://ns.inria.fr/zoomathia/APOLLONIUS/ἱστορίαι_θαυμάσιαι/g/1/3/text/1,http://dbpedia.org/resource/Nature,physical,0.4222564779399315,DBpedia
http://ns.inria.fr/zoomathia/APOLLONIUS/ἱστορίαι_θαυμάσιαι/g/1/3/text/1,http://dbpedia.org/resource/Text_messaging,text,0.47850113578191683,DBpedia
http://ns.inria.fr/zoomathia/APOLLONIUS/ἱστορίαι_θαυμάσιαι/g/1/3/text/1,http://dbpedia.org/resource/Soul,soul,0.9986920994864639,DBpedia
http://ns.inria.fr/zoomathia/APOLLONIUS/ἱστορίαι_θαυμάσιαι/g/1/3/text/1,http://dbpedia.org/resource/Redemption_value,redeemed,0.9999616442072949,DBpedia
http://ns.inria.fr/zoomathia/APOLLONIUS/ἱστορίαι_θαυμάσιαι/g/1/3/text/1,http://dbpedia.org/resource/Stimulation,stimulate,0.9999999998891553,DBpedia
http://ns.inria.fr/zoomathia/APOLLONIUS/ἱστορίαι_θαυμάσιαι/g/1/3/text/1,http://dbpedia.org/resource/Human_body,body,0.7545966226362384,DBpedia
http://ns.inria.fr/zoomathia/APOLLONIUS/ἱστορίαι_θαυμάσιαι/g/1/3/text/1,http://dbpedia.org/resource/Woman,woman,0.9956308007585624,DBpedia
http://ns.inria.fr/zoomathia/APOLLONIUS/ἱστορίαι_θαυμάσιαι/g/1/3/text/1,http://dbpedia.org/resource/Mitzvah,commanded,0.8490280526357199,DBpedia
http://ns.inria.fr/zoomathia/APOLLONIUS/ἱστορίαι_θαυμάσιαι/g/1/3/text/1,http://dbpedia.org/resource/Marital_separation,separated,0.6984510597206568,DBpedia
http://ns.inria.fr/zoomathia/APOLLONIUS/ἱστορίαι_θαυμάσιαι/g/1/3/text/1,http://dbpedia.org/resource/Extended_play,single,0.8905560593335782,DBpedia
http://ns.inria.fr/zoomathia/APOLLONIUS/ἱστορίαι_θαυμάσιαι/g/1/3/text/1,http://dbpedia.org/resource/Suffering,hurt,0.9880000882894724,DBpedia
http://ns.inria.fr/zoomathia/APOLLONIUS/ἱστορίαι_θαυμάσιαι/g/1/3/text/1,http://dbpedia.org/resource/Trade_union,union,0.9885550683460604,DBpedia
http://ns.inria.fr/zoomathia/APOLLONIUS/ἱστορίαι_θαυμάσιαι/g/1/3/text/1,http://dbpedia.org/resource/Citizenship,citizens,0.7203735315319331,DBpedia
http://ns.inria.fr/zoomathia/APOLLONIUS/ἱστορίαι_θαυμάσιαι/g/1/3/text/1,http://dbpedia.org/resource/Decent,Decent,0.752342286182005,DBpedia
http://ns.inria.fr/zoomathia/APOLLONIUS/ἱστορίαι_θαυμάσιαι/g/1/3/text/1,http://dbpedia.org/resource/Real_estate,real estate,0.9999721548777066,DBpedia
http://ns.inria.fr/zoomathia/APOLLONIUS/ἱστορίαι_θαυμάσιαι/g/1/3/text/1,http://dbpedia.org/resource/Fire,fire,0.9998019683197832,DBpedia
http://ns.inria.fr/zoomathia/APOLLONIUS/ἱστορίαι_θαυμάσιαι/g/1/3/text/1,http://dbpedia.org/resource/Book_burning,burned,0.9774645311677638,DBpedia
http://ns.inria.fr/zoomathia/APOLLONIUS/ἱστορίαι_θαυμάσιαι/g/1/3/text/1,http://dbpedia.org/resource/Soul,soul,0.9986920994864639,DBpedia
http://ns.inria.fr/zoomathia/APOLLONIUS/ἱστορίαι_θαυμάσιαι/g/1/3/text/1,http://dbpedia.org/resource/Nativity_of_Jesus,born,0.7376825495679992,DBpedia
http://ns.inria.fr/zoomathia/APOLLONIUS/ἱστορίαι_θαυμάσιαι/g/1/3/text/1,http://dbpedia.org/resource/Complete_metric_space,complete,0.9188310670775431,DBpedia
http://ns.inria.fr/zoomathia/APOLLONIUS/ἱστορίαι_θαυμάσιαι/g/1/3/text/1,http://dbpedia.org/resource/Poverty,deprivation,0.877988714044162,DBpedia
http://ns.inria.fr/zoomathia/APOLLONIUS/ἱστορίαι_θαυμάσιαι/g/1/3/text/1,http://dbpedia.org/resource/Life,life,0.9800886963226819,DBpedia
http://ns.inria.fr/zoomathia/APOLLONIUS/ἱστορίαι_θαυμάσιαι/g/1/3/text/1,http://dbpedia.org/resource/Sexual_penetration,penetrated,1.0,DBpedia
http://ns.inria.fr/zoomathia/APOLLONIUS/ἱστορίαι_θαυμάσιαι/g/1/3/text/1,http://dbpedia.org/resource/Fell,fell,0.5632496021183356,DBpedia
http://ns.inria.fr/zoomathia/APOLLONIUS/ἱστορίαι_θαυμάσιαι/g/1/3/text/1,http://dbpedia.org/resource/Calendar_of_saints,honored,0.8225754218295429,DBpedia
http://ns.inria.fr/zoomathia/APOLLONIUS/ἱστορίαι_θαυμάσιαι/g/1/3/text/1,http://dbpedia.org/resource/Saint,saint,0.9999671186610835,DBpedia
http://ns.inria.fr/zoomathia/APOLLONIUS/ἱστορίαι_θαυμάσιαι/g/1/3/text/1,http://dbpedia.org/resource/Woman,woman,0.9956308007585624,DBpedia
http://ns.inria.fr/zoomathia/APOLLONIUS/ἱστορίαι_θαυμάσιαι/g/1/3/text/1,http://dbpedia.org/resource/Atmospheric_entry,enter,0.9994961763128234,DBpedia
http://ns.inria.fr/zoomathia/APOLLONIUS/ἱστορίαι_θαυμάσιαι/g/1/3/text/1,http://dbpedia.org/resource/Predestination,predestined,0.9998267722135362,DBpedia
http://ns.inria.fr/zoomathia/APOLLONIUS/ἱστορίαι_θαυμάσιαι/g/1/3/text/1,http://dbpedia.org/resource/Reason,reason,0.9982079858941129,DBpedia
http://ns.inria.fr/zoomathia/APOLLONIUS/ἱστορίαι_θαυμάσιαι/g/1/4/text/1,https://opentheso.huma-num.fr/?idc=pcrtGm7ZMfoQrc&idt=th310,born,1,zoomathia_match
http://ns.inria.fr/zoomathia/APOLLONIUS/ἱστορίαι_θαυμάσιαι/g/1/4/text/1,https://opentheso.huma-num.fr/?idc=pcrtiEd3ufnIkf&idt=th310,altars,1,zoomathia_match
http://ns.inria.fr/zoomathia/APOLLONIUS/ἱστορίαι_θαυμάσιαι/g/1/4/text/1,https://www.wikidata.org/wiki/Q243333,Hyperboreans,0.9016,wikidata
http://ns.inria.fr/zoomathia/APOLLONIUS/ἱστορίαι_θαυμάσιαι/g/1/4/text/1,https://www.wikidata.org/wiki/Q1065774,Lacedaemon,0.8916,wikidata
http://ns.inria.fr/zoomathia/APOLLONIUS/ἱστορίαι_θαυμάσιαι/g/1/4/text/1,https://www.wikidata.org/wiki/Q1065774,Lacedaemon,0.8916,wikidata
http://ns.inria.fr/zoomathia/APOLLONIUS/ἱστορίαι_θαυμάσιαι/g/1/4/text/1,http://dbpedia.org/resource/Theology,theologians,0.5407397434290591,DBpedia
http://ns.inria.fr/zoomathia/APOLLONIUS/ἱστορίαι_θαυμάσιαι/g/1/4/text/1,http://dbpedia.org/resource/Hyperborea,Hyperboreans,1.0,DBpedia
http://ns.inria.fr/zoomathia/APOLLONIUS/ἱστορίαι_θαυμάσιαι/g/1/4/text/1,http://dbpedia.org/resource/Oracle,oracles,0.9999999972120008,DBpedia
http://ns.inria.fr/zoomathia/APOLLONIUS/ἱστορίαι_θαυμάσιαι/g/1/4/text/1,http://dbpedia.org/resource/Causality,caused,0.9952535625826036,DBpedia
http://ns.inria.fr/zoomathia/APOLLONIUS/ἱστορίαι_θαυμάσιαι/g/1/4/text/1,http://dbpedia.org/resource/Earthquake,earthquakes,0.9992868826829173,DBpedia
http://ns.inria.fr/zoomathia/APOLLONIUS/ἱστορίαι_θαυμάσιαι/g/1/4/text/1,http://dbpedia.org/resource/Infection,pestilences,0.9999999999796501,DBpedia
http://ns.inria.fr/zoomathia/APOLLONIUS/ἱστορίαι_θαυμάσιαι/g/1/4/text/1,http://dbpedia.org/resource/House_of_Wettin,happen,0.9999999965771735,DBpedia
http://ns.inria.fr/zoomathia/APOLLONIUS/ἱστορίαι_θαυμάσιαι/g/1/4/text/1,http://dbpedia.org/resource/Heaven,heaven,0.9377743440271339,DBpedia
http://ns.inria.fr/zoomathia/APOLLONIUS/ἱστορίαι_θαυμάσιαι/g/1/4/text/1,http://dbpedia.org/resource/Nativity_of_Jesus,born,0.961519777727444,DBpedia
http://ns.inria.fr/zoomathia/APOLLONIUS/ἱστορίαι_θαυμάσιαι/g/1/4/text/1,http://dbpedia.org/resource/Sparta,Lacedaemon,0.9981557881559954,DBpedia
http://ns.inria.fr/zoomathia/APOLLONIUS/ἱστορίαι_θαυμάσιαι/g/1/4/text/1,http://dbpedia.org/resource/Altar,altars,0.9999999999994884,DBpedia
http://ns.inria.fr/zoomathia/APOLLONIUS/ἱστορίαι_θαυμάσιαι/g/1/4/text/1,http://dbpedia.org/resource/Sacrifice,sacrifice,0.8803188091743596,DBpedia
http://ns.inria.fr/zoomathia/APOLLONIUS/ἱστορίαι_θαυμάσιαι/g/1/4/text/1,http://dbpedia.org/resource/Greek_mythology,gods,0.9896787345376161,DBpedia
http://ns.inria.fr/zoomathia/APOLLONIUS/ἱστορίαι_θαυμάσιαι/g/1/4/text/1,http://dbpedia.org/resource/Bubonic_plague,pestilence,0.4500043932526972,DBpedia
http://ns.inria.fr/zoomathia/APOLLONIUS/ἱστορίαι_θαυμάσιαι/g/1/4/text/1,http://dbpedia.org/resource/Sparta,Lacedaemon,0.9981557881559954,DBpedia
http://ns.inria.fr/zoomathia/APOLLONIUS/ἱστορίαι_θαυμάσιαι/g/1/5/text/1,https://opentheso.huma-num.fr/?idc=107576&idt=th310,water,1,zoomathia_match
http://ns.inria.fr/zoomathia/APOLLONIUS/ἱστορίαι_θαυμάσιαι/g/1/5/text/1,https://opentheso.huma-num.fr/?idc=pcrt6z097U6IUf&idt=th310,drink,1,zoomathia_match
http://ns.inria.fr/zoomathia/APOLLONIUS/ἱστορίαι_θαυμάσιαι/g/1/5/text/1,https://opentheso.huma-num.fr/?idc=pcrtGSslMASdGf&idt=th310,day,1,zoomathia_match
http://ns.inria.fr/zoomathia/APOLLONIUS/ἱστορίαι_θαυμάσιαι/g/1/5/text/1,https://opentheso.huma-num.fr/?idc=pcrt8ScBXHqopj&idt=th310,Hera,1,zoomathia_match
http://ns.inria.fr/zoomathia/APOLLONIUS/ἱστορίαι_θαυμάσιαι/g/1/5/text/1,https://opentheso.huma-num.fr/?idc=pcrtLnUS9cADfI&idt=th310,saw,1,zoomathia_match
http://ns.inria.fr/zoomathia/APOLLONIUS/ἱστορίαι_θαυμάσιαι/g/1/5/text/1,https://opentheso.huma-num.fr/?idc=pcrtUz2SlbfhDj&idt=th310,ship,1,zoomathia_match
http://ns.inria.fr/zoomathia/APOLLONIUS/ἱστορίαι_θαυμάσιαι/g/1/5/text/1,https://opentheso.huma-num.fr/?idc=pcrtYhYMiLwDUr&idt=th310,temple,1,zoomathia_match
http://ns.inria.fr/zoomathia/APOLLONIUS/ἱστορίαι_θαυμάσιαι/g/1/5/text/1,https://www.wikidata.org/wiki/Q208566,Skyros,0.7032,wikidata
http://ns.inria.fr/zoomathia/APOLLONIUS/ἱστορίαι_θαυμάσιαι/g/1/5/text/1,https://www.wikidata.org/wiki/Q3227973,the third day,0.4426,wikidata
http://ns.inria.fr/zoomathia/APOLLONIUS/ἱστορίαι_θαυμάσιαι/g/1/5/text/1,https://www.wikidata.org/wiki/Q2796766,Samon,0.364,wikidata
http://ns.inria.fr/zoomathia/APOLLONIUS/ἱστορίαι_θαυμάσιαι/g/1/5/text/1,https://www.wikidata.org/wiki/Q5732450,Hera,0.6833,wikidata
http://ns.inria.fr/zoomathia/APOLLONIUS/ἱστορίαι_θαυμάσιαι/g/1/5/text/1,http://dbpedia.org/resource/Skyros,Skyros,1.0,DBpedia
http://ns.inria.fr/zoomathia/APOLLONIUS/ἱστορίαι_θαυμάσιαι/g/1/5/text/1,http://dbpedia.org/resource/Thirsty_(song),thirsty,0.6438463781729354,DBpedia
http://ns.inria.fr/zoomathia/APOLLONIUS/ἱστορίαι_θαυμάσιαι/g/1/5/text/1,http://dbpedia.org/resource/Water,water,0.9094888105339657,DBpedia
http://ns.inria.fr/zoomathia/APOLLONIUS/ἱστορίαι_θαυμάσιαι/g/1/5/text/1,http://dbpedia.org/resource/Earthquake,earthquake,0.9915637444795726,DBpedia
http://ns.inria.fr/zoomathia/APOLLONIUS/ἱστορίαι_θαυμάσιαι/g/1/5/text/1,http://dbpedia.org/resource/Day,day,0.9904534265608287,DBpedia
http://ns.inria.fr/zoomathia/APOLLONIUS/ἱστορίαι_θαυμάσιαι/g/1/5/text/1,http://dbpedia.org/resource/University_of_Oxford,great,0.49935084502646215,DBpedia
http://ns.inria.fr/zoomathia/APOLLONIUS/ἱστορίαι_θαυμάσιαι/g/1/5/text/1,http://dbpedia.org/resource/Glorification,glory,0.7821982235523383,DBpedia
http://ns.inria.fr/zoomathia/APOLLONIUS/ἱστορίαι_θαυμάσιαι/g/1/5/text/1,http://dbpedia.org/resource/Hera,Hera,0.9957578815147355,DBpedia
http://ns.inria.fr/zoomathia/APOLLONIUS/ἱστορίαι_θαυμάσιαι/g/1/5/text/1,http://dbpedia.org/resource/Second_Coming,coming,0.9999858604673243,DBpedia
http://ns.inria.fr/zoomathia/APOLLONIUS/ἱστορίαι_θαυμάσιαι/g/1/5/text/1,http://dbpedia.org/resource/Checked_tone,entering,0.9999999994479367,DBpedia
http://ns.inria.fr/zoomathia/APOLLONIUS/ἱστορίαι_θαυμάσιαι/g/1/5/text/1,http://dbpedia.org/resource/Knee,knee,0.9800968224611983,DBpedia
http://ns.inria.fr/zoomathia/APOLLONIUS/ἱστορίαι_θαυμάσιαι/g/1/5/text/1,http://dbpedia.org/resource/Collapse_of_the_World_Trade_Center,collapses,0.9235529545139629,DBpedia
http://ns.inria.fr/zoomathia/APOLLONIUS/ἱστορίαι_θαυμάσιαι/g/1/5/text/1,http://dbpedia.org/resource/Exception_handling_syntax,finally,0.9674606078975632,DBpedia
http://ns.inria.fr/zoomathia/APOLLONIUS/ἱστορίαι_θαυμάσιαι/g/1/5/text/1,http://dbpedia.org/resource/Temple,temple,0.46832341442841097,DBpedia
http://ns.inria.fr/zoomathia/APOLLONIUS/ἱστορίαι_θαυμάσιαι/g/1/5/text/1,http://dbpedia.org/resource/Losing_stream,disappears,0.9999977495751038,DBpedia
http://ns.inria.fr/zoomathia/APOLLONIUS/ἱστορίαι_θαυμάσιαι/g/1/6/text/1,https://opentheso.huma-num.fr/?idc=pcrtGm7ZMfoQrc&idt=th310,born,1,zoomathia_match
http://ns.inria.fr/zoomathia/APOLLONIUS/ἱστορίαι_θαυμάσιαι/g/1/6/text/1,https://opentheso.huma-num.fr/?idc=pcrtUz2SlbfhDj&idt=th310,ship,1,zoomathia_match
http://ns.inria.fr/zoomathia/APOLLONIUS/ἱστορίαι_θαυμάσιαι/g/1/6/text/1,https://opentheso.huma-num.fr/?idc=pcrtUz2SlbfhDj&idt=th310,ship,1,zoomathia_match
http://ns.inria.fr/zoomathia/APOLLONIUS/ἱστορίαι_θαυμάσιαι/g/1/6/text/1,https://opentheso.huma-num.fr/?idc=pcrt6ccLQhgjJq&idt=th310,Aristotle,1,zoomathia_match
http://ns.inria.fr/zoomathia/APOLLONIUS/ἱστορίαι_θαυμάσιαι/g/1/6/text/1,https://opentheso.huma-num.fr/?idc=105405&idt=th310,heard,1,zoomathia_match
http://ns.inria.fr/zoomathia/APOLLONIUS/ἱστορίαι_θαυμάσιαι/g/1/6/text/1,https://opentheso.huma-num.fr/?idc=105391&idt=th310,voice,1,zoomathia_match
http://ns.inria.fr/zoomathia/APOLLONIUS/ἱστορίαι_θαυμάσιαι/g/1/6/text/1,https://opentheso.huma-num.fr/?idc=pcrt0WrjgPTs33&idt=th310,man,1,zoomathia_match
http://ns.inria.fr/zoomathia/APOLLONIUS/ἱστορίαι_θαυμάσιαι/g/1/6/text/1,https://opentheso.huma-num.fr/?idc=pcrtGSslMASdGf&idt=th310,day,1,zoomathia_match
http://ns.inria.fr/zoomathia/APOLLONIUS/ἱστορίαι_θαυμάσιαι/g/1/6/text/1,https://opentheso.huma-num.fr/?idc=105649&idt=th310,time,1,zoomathia_match
http://ns.inria.fr/zoomathia/APOLLONIUS/ἱστορίαι_θαυμάσιαι/g/1/6/text/1,https://opentheso.huma-num.fr/?idc=pcrt6ccLQhgjJq&idt=th310,Aristotle,1,zoomathia_match
http://ns.inria.fr/zoomathia/APOLLONIUS/ἱστορίαι_θαυμάσιαι/g/1/6/text/1,https://opentheso.huma-num.fr/?idc=105326&idt=th310,shows,1,zoomathia_match
http://ns.inria.fr/zoomathia/APOLLONIUS/ἱστορίαι_θαυμάσιαι/g/1/6/text/1,https://opentheso.huma-num.fr/?idc=pcrtuihSl3eSnW&idt=th310,gold,1,zoomathia_match
http://ns.inria.fr/zoomathia/APOLLONIUS/ἱστορίαι_θαυμάσιαι/g/1/6/text/1,https://opentheso.huma-num.fr/?idc=107519&idt=th310,work,1,zoomathia_match
http://ns.inria.fr/zoomathia/APOLLONIUS/ἱστορίαι_θαυμάσιαι/g/1/6/text/1,https://www.wikidata.org/wiki/Q2906130,Pythagoras,0.6948,wikidata
http://ns.inria.fr/zoomathia/APOLLONIUS/ἱστορίαι_θαυμάσιαι/g/1/6/text/1,https://www.wikidata.org/wiki/Q54597,Caulonia,0.7199,wikidata
http://ns.inria.fr/zoomathia/APOLLONIUS/ἱστορίαι_θαυμάσιαι/g/1/6/text/1,https://www.wikidata.org/wiki/Q868,Aristotle,0.7508,wikidata
http://ns.inria.fr/zoomathia/APOLLONIUS/ἱστορίαι_θαυμάσιαι/g/1/6/text/1,https://www.wikidata.org/wiki/Q206730,Tyrrhenia,0.7609,wikidata
http://ns.inria.fr/zoomathia/APOLLONIUS/ἱστορίαι_θαυμάσιαι/g/1/6/text/1,https://www.wikidata.org/wiki/Q191359,Pythagoreans,0.7407,wikidata
http://ns.inria.fr/zoomathia/APOLLONIUS/ἱστορίαι_θαυμάσιαι/g/1/6/text/1,https://www.wikidata.org/wiki/Q1058770,Metapontion,0.7811,wikidata
http://ns.inria.fr/zoomathia/APOLLONIUS/ἱστορίαι_θαυμάσιαι/g/1/6/text/1,https://www.wikidata.org/wiki/Q156882,Samos,0.7398,wikidata
http://ns.inria.fr/zoomathia/APOLLONIUS/ἱστορίαι_θαυμάσιαι/g/1/6/text/1,https://www.wikidata.org/wiki/Q10261,Pythagoras,0.7403,wikidata
http://ns.inria.fr/zoomathia/APOLLONIUS/ἱστορίαι_θαυμάσιαι/g/1/6/text/1,https://www.wikidata.org/wiki/Q6681,Croton,0.6376,wikidata
http://ns.inria.fr/zoomathia/APOLLONIUS/ἱστορίαι_θαυμάσιαι/g/1/6/text/1,https://www.wikidata.org/wiki/Q622365,the same day,0.3702,wikidata
http://ns.inria.fr/zoomathia/APOLLONIUS/ἱστορίαι_θαυμάσιαι/g/1/6/text/1,https://www.wikidata.org/wiki/Q868,Aristotle,0.7752,wikidata
http://ns.inria.fr/zoomathia/APOLLONIUS/ἱστορίαι_θαυμάσιαι/g/1/6/text/1,http://dbpedia.org/resource/Given_name,born,0.86780956130787,DBpedia
http://ns.inria.fr/zoomathia/APOLLONIUS/ἱστορίαι_θαυμάσιαι/g/1/6/text/1,http://dbpedia.org/resource/Pythagoras,Pythagoras,0.995095314985505,DBpedia
http://ns.inria.fr/zoomathia/APOLLONIUS/ἱστορίαι_θαυμάσιαι/g/1/6/text/1,http://dbpedia.org/resource/Son,son,0.7172806481365765,DBpedia
http://ns.inria.fr/zoomathia/APOLLONIUS/ἱστορίαι_θαυμάσιαι/g/1/6/text/1,http://dbpedia.org/resource/Torah_study,studied,0.987807889444385,DBpedia
http://ns.inria.fr/zoomathia/APOLLONIUS/ἱστορίαι_θαυμάσιαι/g/1/6/text/1,http://dbpedia.org/resource/Number,numbers,0.9998867880508189,DBpedia
http://ns.inria.fr/zoomathia/APOLLONIUS/ἱστορίαι_θαυμάσιαι/g/1/6/text/1,http://dbpedia.org/resource/Monstrosity_(band),monstrosity,0.9666133673078062,DBpedia
http://ns.inria.fr/zoomathia/APOLLONIUS/ἱστορίαι_θαυμάσιαι/g/1/6/text/1,http://dbpedia.org/resource/Structural_load,load,0.7289793274511831,DBpedia
http://ns.inria.fr/zoomathia/APOLLONIUS/ἱστορίαι_θαυμάσιαι/g/1/6/text/1,http://dbpedia.org/resource/Failure,failed,0.9013557404368292,DBpedia
http://ns.inria.fr/zoomathia/APOLLONIUS/ἱστορίαι_θαυμάσιαι/g/1/6/text/1,http://dbpedia.org/resource/Structural_load,load,0.7289793274511831,DBpedia
http://ns.inria.fr/zoomathia/APOLLONIUS/ἱστορίαι_θαυμάσιαι/g/1/6/text/1,http://dbpedia.org/resource/Death,Dead,0.7756601165956122,DBpedia
http://ns.inria.fr/zoomathia/APOLLONIUS/ἱστορίαι_θαυμάσιαι/g/1/6/text/1,http://dbpedia.org/resource/Human_body,body,0.5775045269530509,DBpedia
http://ns.inria.fr/zoomathia/APOLLONIUS/ἱστορίαι_θαυμάσιαι/g/1/6/text/1,http://dbpedia.org/resource/Caulonia,Caulonia,1.0,DBpedia
http://ns.inria.fr/zoomathia/APOLLONIUS/ἱστορίαι_θαυμάσιαι/g/1/6/text/1,http://dbpedia.org/resource/Aristotle,Aristotle,0.9999999997297664,DBpedia
http://ns.inria.fr/zoomathia/APOLLONIUS/ἱστορίαι_θαυμάσιαι/g/1/6/text/1,http://dbpedia.org/resource/Writing,write,0.9913330250493372,DBpedia
http://ns.inria.fr/zoomathia/APOLLONIUS/ἱστορίαι_θαυμάσιαι/g/1/6/text/1,http://dbpedia.org/resource/Etruria,Tyrrhenia,1.0,DBpedia
http://ns.inria.fr/zoomathia/APOLLONIUS/ἱστορίαι_θαυμάσιαι/g/1/6/text/1,http://dbpedia.org/resource/Mendiola_massacre,slain,0.9998685307773698,DBpedia
http://ns.inria.fr/zoomathia/APOLLONIUS/ἱστορίαι_θαυμάσιαι/g/1/6/text/1,http://dbpedia.org/resource/Book_burning,burning,0.5196005553597687,DBpedia
http://ns.inria.fr/zoomathia/APOLLONIUS/ἱστορίαι_θαυμάσιαι/g/1/6/text/1,http://dbpedia.org/resource/Metal_toxicity,deadly,0.9999999994995505,DBpedia
http://ns.inria.fr/zoomathia/APOLLONIUS/ἱστορίαι_θαυμάσιαι/g/1/6/text/1,http://dbpedia.org/resource/Odor,scent,0.954968188071664,DBpedia
http://ns.inria.fr/zoomathia/APOLLONIUS/ἱστορίαι_θαυμάσιαι/g/1/6/text/1,http://dbpedia.org/resource/Book_burning,burning,0.5196005553597687,DBpedia
http://ns.inria.fr/zoomathia/APOLLONIUS/ἱστορίαι_θαυμάσιαι/g/1/6/text/1,http://dbpedia.org/resource/Pythagoreanism,Pythagoreans,0.9876968746153726,DBpedia
http://ns.inria.fr/zoomathia/APOLLONIUS/ἱστορίαι_θαυμάσιαι/g/1/6/text/1,http://dbpedia.org/resource/Civility,happened,0.9998247530394765,DBpedia
http://ns.inria.fr/zoomathia/APOLLONIUS/ἱστορίαι_θαυμάσιαι/g/1/6/text/1,http://dbpedia.org/resource/Metapontum,Metapontion,1.0,DBpedia
http://ns.inria.fr/zoomathia/APOLLONIUS/ἱστορίαι_θαυμάσιαι/g/1/6/text/1,http://dbpedia.org/resource/Consideration,consideration,0.9999987598710918,DBpedia
http://ns.inria.fr/zoomathia/APOLLONIUS/ἱστορίαι_θαυμάσιαι/g/1/6/text/1,http://dbpedia.org/resource/Samos,Samos,0.9999999999990905,DBpedia
http://ns.inria.fr/zoomathia/APOLLONIUS/ἱστορίαι_θαυμάσιαι/g/1/6/text/1,http://dbpedia.org/resource/Hearing,heard,0.9737257951457592,DBpedia
http://ns.inria.fr/zoomathia/APOLLONIUS/ἱστορίαι_θαυμάσιαι/g/1/6/text/1,http://dbpedia.org/resource/Human_voice,voice,0.9866326368525269,DBpedia
http://ns.inria.fr/zoomathia/APOLLONIUS/ἱστορίαι_θαυμάσιαι/g/1/6/text/1,http://dbpedia.org/resource/Loudness,loud,0.9620447124565333,DBpedia
http://ns.inria.fr/zoomathia/APOLLONIUS/ἱστορίαι_θαυμάσιαι/g/1/6/text/1,http://dbpedia.org/resource/Human,man,0.573499395828477,DBpedia
http://ns.inria.fr/zoomathia/APOLLONIUS/ἱστορίαι_θαυμάσιαι/g/1/6/text/1,http://dbpedia.org/resource/Pythagoras,Pythagoras,0.995095314985505,DBpedia
http://ns.inria.fr/zoomathia/APOLLONIUS/ἱστορίαι_θαυμάσιαι/g/1/6/text/1,http://dbpedia.org/resource/Word_Records,rejoice,0.9999999960776904,DBpedia
http://ns.inria.fr/zoomathia/APOLLONIUS/ἱστορίαι_θαυμάσιαι/g/1/6/text/1,http://dbpedia.org/resource/Crotone,Croton,1.0,DBpedia
http://ns.inria.fr/zoomathia/APOLLONIUS/ἱστορίαι_θαυμάσιαι/g/1/6/text/1,http://dbpedia.org/resource/Day,day,0.9349493570039081,DBpedia
http://ns.inria.fr/zoomathia/APOLLONIUS/ἱστορίαι_θαυμάσιαι/g/1/6/text/1,http://dbpedia.org/resource/Time,time,0.9934660066453941,DBpedia
http://ns.inria.fr/zoomathia/APOLLONIUS/ἱστορίαι_θαυμάσιαι/g/1/6/text/1,http://dbpedia.org/resource/Theatre,theater,0.9273407484102882,DBpedia
http://ns.inria.fr/zoomathia/APOLLONIUS/ἱστορίαι_θαυμάσιαι/g/1/6/text/1,http://dbpedia.org/resource/Session_of_Christ,sits,0.9999999828650062,DBpedia
http://ns.inria.fr/zoomathia/APOLLONIUS/ἱστορίαι_θαυμάσιαι/g/1/6/text/1,http://dbpedia.org/resource/Aristotle,Aristotle,0.9999999997297664,DBpedia
http://ns.inria.fr/zoomathia/APOLLONIUS/ἱστορίαι_θαυμάσιαι/g/1/6/text/1,http://dbpedia.org/resource/Thigh,thigh,0.9999456279379625,DBpedia
http://ns.inria.fr/zoomathia/APOLLONIUS/ἱστορίαι_θαυμάσιαι/g/1/6/text/1,http://dbpedia.org/resource/Sitting,sitting,0.9999997032002043,DBpedia
http://ns.inria.fr/zoomathia/APOLLONIUS/ἱστορίαι_θαυμάσιαι/g/1/6/text/1,http://dbpedia.org/resource/Music_recording_certification,gold,0.8940334343878966,DBpedia
http://ns.inria.fr/zoomathia/APOLLONIUS/ἱστορίαι_θαυμάσιαι/g/1/6/text/1,http://dbpedia.org/resource/Zeno's_paradoxes,paradoxes,0.9982536489708357,DBpedia
http://ns.inria.fr/zoomathia/APOLLONIUS/ἱστορίαι_θαυμάσιαι/g/1/6/text/1,http://dbpedia.org/resource/Transliteration,transliterate,0.9999999999805596,DBpedia
http://ns.inria.fr/zoomathia/APOLLONIUS/ἱστορίαι_θαυμάσιαι/g/1/7/text/1,https://opentheso.huma-num.fr/?idc=pcrt6ccLQhgjJq&idt=th310,Aristotle,1,zoomathia_match
http://ns.inria.fr/zoomathia/APOLLONIUS/ἱστορίαι_θαυμάσιαι/g/1/7/text/1,https://opentheso.huma-num.fr/?idc=pcrt4VqmylO8mS&idt=th310,greener,1,zoomathia_match
http://ns.inria.fr/zoomathia/APOLLONIUS/ἱστορίαι_θαυμάσιαι/g/1/7/text/1,https://opentheso.huma-num.fr/?idc=pcrt4vKMQQ6elk&idt=th310,barley,1,zoomathia_match
http://ns.inria.fr/zoomathia/APOLLONIUS/ἱστορίαι_θαυμάσιαι/g/1/7/text/1,https://opentheso.huma-num.fr/?idc=pcrtmhUStm5T6Y&idt=th310,fire,1,zoomathia_match
http://ns.inria.fr/zoomathia/APOLLONIUS/ἱστορίαι_θαυμάσιαι/g/1/7/text/1,https://www.wikidata.org/wiki/Q868,Aristotle,0.9074,wikidata
http://ns.inria.fr/zoomathia/APOLLONIUS/ἱστορίαι_θαυμάσιαι/g/1/7/text/1,http://dbpedia.org/resource/Aristotle,Aristotle,0.9999904577558668,DBpedia
http://ns.inria.fr/zoomathia/APOLLONIUS/ἱστορίαι_θαυμάσιαι/g/1/7/text/1,http://dbpedia.org/resource/Physics,physical,0.6768016126504682,DBpedia
http://ns.inria.fr/zoomathia/APOLLONIUS/ἱστορίαι_θαυμάσιαι/g/1/7/text/1,http://dbpedia.org/resource/Barley,barley,0.9998864927333702,DBpedia
http://ns.inria.fr/zoomathia/APOLLONIUS/ἱστορίαι_θαυμάσιαι/g/1/7/text/1,http://dbpedia.org/resource/Plant,plant,0.9991112629051374,DBpedia
http://ns.inria.fr/zoomathia/APOLLONIUS/ἱστορίαι_θαυμάσιαι/g/1/7/text/1,http://dbpedia.org/resource/Physical_object,bodies,0.6106165984733251,DBpedia
http://ns.inria.fr/zoomathia/APOLLONIUS/ἱστορίαι_θαυμάσιαι/g/1/7/text/1,http://dbpedia.org/resource/Fire,fire,0.9801129276054773,DBpedia
http://ns.inria.fr/zoomathia/APOLLONIUS/ἱστορίαι_θαυμάσιαι/g/1/8/text/1,https://opentheso.huma-num.fr/?idc=pcrtQPGouseprK&idt=th310,crown,1,zoomathia_match
http://ns.inria.fr/zoomathia/APOLLONIUS/ἱστορίαι_θαυμάσιαι/g/1/8/text/1,https://opentheso.huma-num.fr/?idc=pcrtLnUS9cADfI&idt=th310,seen,1,zoomathia_match
http://ns.inria.fr/zoomathia/APOLLONIUS/ἱστορίαι_θαυμάσιαι/g/1/8/text/1,https://opentheso.huma-num.fr/?idc=pcrto1JDYSQe8s&idt=th310,Aphrodite,1,zoomathia_match
http://ns.inria.fr/zoomathia/APOLLONIUS/ἱστορίαι_θαυμάσιαι/g/1/8/text/1,https://www.wikidata.org/wiki/Q47088341,Andron,0.4246,wikidata
http://ns.inria.fr/zoomathia/APOLLONIUS/ἱστορίαι_θαυμάσιαι/g/1/8/text/1,https://www.wikidata.org/wiki/Q43675,Philip,0.3445,wikidata
http://ns.inria.fr/zoomathia/APOLLONIUS/ἱστορίαι_θαυμάσιαι/g/1/8/text/1,https://www.wikidata.org/wiki/Q122443,Attica,0.4617,wikidata
http://ns.inria.fr/zoomathia/APOLLONIUS/ἱστορίαι_θαυμάσιαι/g/1/8/text/1,https://www.wikidata.org/wiki/Q180918,Paphos,0.4614,wikidata
http://ns.inria.fr/zoomathia/APOLLONIUS/ἱστορίαι_θαυμάσιαι/g/1/8/text/1,https://www.wikidata.org/wiki/Q35500,Aphrodite,0.4551,wikidata
http://ns.inria.fr/zoomathia/APOLLONIUS/ἱστορίαι_θαυμάσιαι/g/1/8/text/1,http://dbpedia.org/resource/Andron,Andron,0.9999956084479401,DBpedia
http://ns.inria.fr/zoomathia/APOLLONIUS/ἱστορίαι_θαυμάσιαι/g/1/8/text/1,http://dbpedia.org/resource/Perfect_fourth,fourth,0.6745140998882175,DBpedia
http://ns.inria.fr/zoomathia/APOLLONIUS/ἱστορίαι_θαυμάσιαι/g/1/8/text/1,http://dbpedia.org/resource/Sacrifice,sacrifices,0.9605012668597523,DBpedia
http://ns.inria.fr/zoomathia/APOLLONIUS/ἱστορίαι_θαυμάσιαι/g/1/8/text/1,http://dbpedia.org/resource/Philip_II_of_Macedon,Philip,0.7560608581489952,DBpedia
http://ns.inria.fr/zoomathia/APOLLONIUS/ἱστορίαι_θαυμάσιαι/g/1/8/text/1,http://dbpedia.org/resource/Attica,Attica,0.999613761827333,DBpedia
http://ns.inria.fr/zoomathia/APOLLONIUS/ἱστορίαι_θαυμάσιαι/g/1/8/text/1,http://dbpedia.org/resource/Acropolis,acropolis,0.9986378421091746,DBpedia
http://ns.inria.fr/zoomathia/APOLLONIUS/ἱστορίαι_θαυμάσιαι/g/1/8/text/1,http://dbpedia.org/resource/Checked_tone,entering,0.9977952639071866,DBpedia
http://ns.inria.fr/zoomathia/APOLLONIUS/ἱστορίαι_θαυμάσιαι/g/1/8/text/1,http://dbpedia.org/resource/Paphos,Paphos,0.9999988584550558,DBpedia
http://ns.inria.fr/zoomathia/APOLLONIUS/ἱστορίαι_θαυμάσιαι/g/1/8/text/1,http://dbpedia.org/resource/City_gate,gates,0.5551410921932629,DBpedia
http://ns.inria.fr/zoomathia/APOLLONIUS/ἱστορίαι_θαυμάσιαι/g/1/8/text/1,http://dbpedia.org/resource/Human_body,body,0.8833385948329778,DBpedia
http://ns.inria.fr/zoomathia/APOLLONIUS/ἱστορίαι_θαυμάσιαι/g/1/8/text/1,http://dbpedia.org/resource/Aphrodite,Aphrodite,0.6287345094747414,DBpedia
http://ns.inria.fr/zoomathia/APOLLONIUS/ἱστορίαι_θαυμάσιαι/g/1/8/text/1,http://dbpedia.org/resource/Equestrianism,mounted,0.43014036842275377,DBpedia
http://ns.inria.fr/zoomathia/APOLLONIUS/ἱστορίαι_θαυμάσιαι/g/1/9/text/1,https://opentheso.huma-num.fr/?idc=pcrt6ccLQhgjJq&idt=th310,Aristotle,1,zoomathia_match
http://ns.inria.fr/zoomathia/APOLLONIUS/ἱστορίαι_θαυμάσιαι/g/1/9/text/1,https://opentheso.huma-num.fr/?idc=pcrttpz64pIxYV&idt=th310,physicists,1,zoomathia_match
http://ns.inria.fr/zoomathia/APOLLONIUS/ἱστορίαι_θαυμάσιαι/g/1/9/text/1,https://www.wikidata.org/wiki/Q868,Aristotle,0.9074,wikidata
http://ns.inria.fr/zoomathia/APOLLONIUS/ἱστορίαι_θαυμάσιαι/g/1/9/text/1,http://dbpedia.org/resource/Aristotle,Aristotle,0.9999701814380257,DBpedia
http://ns.inria.fr/zoomathia/APOLLONIUS/ἱστορίαι_θαυμάσιαι/g/1/9/text/1,http://dbpedia.org/resource/Physicist,physicists,0.8994748836406067,DBpedia
http://ns.inria.fr/zoomathia/APOLLONIUS/ἱστορίαι_θαυμάσιαι/g/1/9/text/1,http://dbpedia.org/resource/Eating,eat,0.9944687942099438,DBpedia
http://ns.inria.fr/zoomathia/APOLLONIUS/ἱστορίαι_θαυμάσιαι/g/1/9/text/1,http://dbpedia.org/resource/Morality,morals,0.9914922451272166,DBpedia
http://ns.inria.fr/zoomathia/APOLLONIUS/ἱστορίαι_θαυμάσιαι/g/1/9/text/1,http://dbpedia.org/resource/Eating,eat,0.9944687942099438,DBpedia
http://ns.inria.fr/zoomathia/APOLLONIUS/ἱστορίαι_θαυμάσιαι/g/1/9/text/1,http://dbpedia.org/resource/Food,foods,0.885614123764005,DBpedia
http://ns.inria.fr/zoomathia/APOLLONIUS/ἱστορίαι_θαυμάσιαι/g/1/10/text/1,https://opentheso.huma-num.fr/?idc=pcrtBeRSLpmtm1&idt=th310,contest,1,zoomathia_match
http://ns.inria.fr/zoomathia/APOLLONIUS/ἱστορίαι_θαυμάσιαι/g/1/10/text/1,https://opentheso.huma-num.fr/?idc=105121&idt=th310,flying,1,zoomathia_match
http://ns.inria.fr/zoomathia/APOLLONIUS/ἱστορίαι_θαυμάσιαι/g/1/10/text/1,https://opentheso.huma-num.fr/?idc=105383&idt=th310,flying,1,zoomathia_match
http://ns.inria.fr/zoomathia/APOLLONIUS/ἱστορίαι_θαυμάσιαι/g/1/10/text/1,https://opentheso.huma-num.fr/?idc=108171&idt=th310,kites,1,zoomathia_match
http://ns.inria.fr/zoomathia/APOLLONIUS/ἱστορίαι_θαυμάσιαι/g/1/10/text/1,https://opentheso.huma-num.fr/?idc=pcrtXjbjyxyKwb&idt=th310,festival,1,zoomathia_match
http://ns.inria.fr/zoomathia/APOLLONIUS/ἱστορίαι_θαυμάσιαι/g/1/10/text/1,https://opentheso.huma-num.fr/?idc=105785&idt=th310,tearing,1,zoomathia_match
http://ns.inria.fr/zoomathia/APOLLONIUS/ἱστορίαι_θαυμάσιαι/g/1/10/text/1,https://opentheso.huma-num.fr/?idc=105975&idt=th310,flesh,1,zoomathia_match
http://ns.inria.fr/zoomathia/APOLLONIUS/ἱστορίαι_θαυμάσιαι/g/1/10/text/1,https://www.wikidata.org/wiki/Q5389,Olympians,0.3962,wikidata
http://ns.inria.fr/zoomathia/APOLLONIUS/ἱστορίαι_θαυμάσιαι/g/1/10/text/1,http://dbpedia.org/resource/Competition,contest,0.9317231438073182,DBpedia
http://ns.inria.fr/zoomathia/APOLLONIUS/ἱστορίαι_θαυμάσιαι/g/1/10/text/1,http://dbpedia.org/resource/Olympic_Games,Olympians,0.5719061577693852,DBpedia
http://ns.inria.fr/zoomathia/APOLLONIUS/ἱστορίαι_θαυμάσιαι/g/1/10/text/1,http://dbpedia.org/resource/Flight,flying,0.974690424449825,DBpedia
http://ns.inria.fr/zoomathia/APOLLONIUS/ἱστορίαι_θαυμάσιαι/g/1/10/text/1,http://dbpedia.org/resource/Kite,kites,0.999815651152775,DBpedia
http://ns.inria.fr/zoomathia/APOLLONIUS/ἱστορίαι_θαυμάσιαι/g/1/10/text/1,http://dbpedia.org/resource/Tears,tearing,0.9748047172646671,DBpedia
http://ns.inria.fr/zoomathia/APOLLONIUS/ἱστορίαι_θαυμάσιαι/g/1/10/text/1,http://dbpedia.org/resource/Flesh,flesh,0.9999983267887629,DBpedia
http://ns.inria.fr/zoomathia/APOLLONIUS/ἱστορίαι_θαυμάσιαι/g/1/10/text/1,http://dbpedia.org/resource/Human_sacrifice,sacrificial victims,0.9999999999999716,DBpedia
http://ns.inria.fr/zoomathia/APOLLONIUS/ἱστορίαι_θαυμάσιαι/g/1/10/text/1,http://dbpedia.org/resource/Britain_Stronger_in_Europe,remain,0.9186426147748165,DBpedia
http://ns.inria.fr/zoomathia/APOLLONIUS/ἱστορίαι_θαυμάσιαι/g/1/11/text/1,https://opentheso.huma-num.fr/?idc=pcrt6ccLQhgjJq&idt=th310,Aristotle,1,zoomathia_match
http://ns.inria.fr/zoomathia/APOLLONIUS/ἱστορίαι_θαυμάσιαι/g/1/11/text/1,https://opentheso.huma-num.fr/?idc=pcrtvrjSD13Uee&idt=th310,Caria,1,zoomathia_match
http://ns.inria.fr/zoomathia/APOLLONIUS/ἱστορίαι_θαυμάσιαι/g/1/11/text/1,https://opentheso.huma-num.fr/?idc=pcrt2t2EtFSnPv&idt=th310,scorpions,1,zoomathia_match
http://ns.inria.fr/zoomathia/APOLLONIUS/ἱστορίαι_θαυμάσιαι/g/1/11/text/1,https://opentheso.huma-num.fr/?idc=105614&idt=th310,attack,1,zoomathia_match
http://ns.inria.fr/zoomathia/APOLLONIUS/ἱστορίαι_θαυμάσιαι/g/1/11/text/1,https://www.wikidata.org/wiki/Q868,Aristotle,0.7508,wikidata
http://ns.inria.fr/zoomathia/APOLLONIUS/ἱστορίαι_θαυμάσιαι/g/1/11/text/1,https://www.wikidata.org/wiki/Q854649,Latmus,0.7071,wikidata
http://ns.inria.fr/zoomathia/APOLLONIUS/ἱστορίαι_θαυμάσιαι/g/1/11/text/1,https://www.wikidata.org/wiki/Q193214,Caria,0.7488,wikidata
http://ns.inria.fr/zoomathia/APOLLONIUS/ἱστορίαι_θαυμάσιαι/g/1/11/text/1,http://dbpedia.org/resource/Aristotle,Aristotle,0.9999997585030947,DBpedia
http://ns.inria.fr/zoomathia/APOLLONIUS/ἱστορίαι_θαυμάσιαι/g/1/11/text/1,http://dbpedia.org/resource/Law,lawful,0.9622974616325101,DBpedia
http://ns.inria.fr/zoomathia/APOLLONIUS/ἱστορίαι_θαυμάσιαι/g/1/11/text/1,http://dbpedia.org/resource/Barbarian,barbarians,0.9998591357903508,DBpedia
http://ns.inria.fr/zoomathia/APOLLONIUS/ἱστορίαι_θαυμάσιαι/g/1/11/text/1,http://dbpedia.org/resource/Beşparmak_Mountains,Latmus,0.9813344832467568,DBpedia
http://ns.inria.fr/zoomathia/APOLLONIUS/ἱστορίαι_θαυμάσιαι/g/1/11/text/1,http://dbpedia.org/resource/Caria,Caria,0.9999968538734586,DBpedia
http://ns.inria.fr/zoomathia/APOLLONIUS/ἱστορίαι_θαυμάσιαι/g/1/11/text/1,http://dbpedia.org/resource/Scorpion,scorpions,0.9999999999888303,DBpedia
http://ns.inria.fr/zoomathia/APOLLONIUS/ἱστορίαι_θαυμάσιαι/g/1/11/text/1,http://dbpedia.org/resource/Injustice,injustice,0.9780791770473712,DBpedia
http://ns.inria.fr/zoomathia/APOLLONIUS/ἱστορίαι_θαυμάσιαι/g/1/11/text/1,http://dbpedia.org/resource/Attack_on_Pearl_Harbor,attack,0.8262356430414217,DBpedia
http://ns.inria.fr/zoomathia/APOLLONIUS/ἱστορίαι_θαυμάσιαι/g/1/11/text/1,http://dbpedia.org/resource/Eviction,dispossess,0.9999999998029807,DBpedia
http://ns.inria.fr/zoomathia/APOLLONIUS/ἱστορίαι_θαυμάσιαι/g/1/11/text/1,http://dbpedia.org/resource/Indigenous_peoples_of_the_Americas,natives,0.49612322484539917,DBpedia
http://ns.inria.fr/zoomathia/APOLLONIUS/ἱστορίαι_θαυμάσιαι/g/1/12/text/1,https://opentheso.huma-num.fr/?idc=pcrtPru6hdcx4X&idt=th310,crossing,1,zoomathia_match
http://ns.inria.fr/zoomathia/APOLLONIUS/ἱστορίαι_θαυμάσιαι/g/1/12/text/1,https://www.wikidata.org/wiki/Q5684,Babylon,0.8204,wikidata
http://ns.inria.fr/zoomathia/APOLLONIUS/ἱστορίαι_θαυμάσιαι/g/1/12/text/1,https://www.wikidata.org/wiki/Q34589,Euphrates,0.9025,wikidata
http://ns.inria.fr/zoomathia/APOLLONIUS/ἱστορίαι_θαυμάσιαι/g/1/12/text/1,http://dbpedia.org/resource/Babylon,Babylon,0.9983703768311207,DBpedia
http://ns.inria.fr/zoomathia/APOLLONIUS/ἱστορίαι_θαυμάσιαι/g/1/12/text/1,http://dbpedia.org/resource/Level_crossing,crossing,0.8593761133795309,DBpedia
http://ns.inria.fr/zoomathia/APOLLONIUS/ἱστορίαι_θαυμάσιαι/g/1/12/text/1,http://dbpedia.org/resource/Euphrates,Euphrates,0.9999994995305146,DBpedia
http://ns.inria.fr/zoomathia/APOLLONIUS/ἱστορίαι_θαυμάσιαι/g/1/12/text/1,http://dbpedia.org/resource/Pity,pity,0.9999993413162154,DBpedia
http://ns.inria.fr/zoomathia/APOLLONIUS/ἱστορίαι_θαυμάσιαι/g/1/12/text/1,http://dbpedia.org/resource/Wrongdoing,wrong,0.4623994068224675,DBpedia
http://ns.inria.fr/zoomathia/APOLLONIUS/ἱστορίαι_θαυμάσιαι/g/1/12/text/1,http://dbpedia.org/resource/Native_Americans_in_the_United_States,natives,0.7122140410540678,DBpedia
http://ns.inria.fr/zoomathia/APOLLONIUS/ἱστορίαι_θαυμάσιαι/g/1/13/text/1,https://opentheso.huma-num.fr/?idc=pcrt3jcrAaRENB&idt=th310,goats,1,zoomathia_match
http://ns.inria.fr/zoomathia/APOLLONIUS/ἱστορίαι_θαυμάσιαι/g/1/13/text/1,https://opentheso.huma-num.fr/?idc=pcrt3jcrAaRENB&idt=th310,goat,1,zoomathia_match
http://ns.inria.fr/zoomathia/APOLLONIUS/ἱστορίαι_θαυμάσιαι/g/1/13/text/1,https://opentheso.huma-num.fr/?idc=pcrtiEd3ufnIkf&idt=th310,altar,1,zoomathia_match
http://ns.inria.fr/zoomathia/APOLLONIUS/ἱστορίαι_θαυμάσιαι/g/1/13/text/1,https://opentheso.huma-num.fr/?idc=pcrtiEd3ufnIkf&idt=th310,altar,1,zoomathia_match
http://ns.inria.fr/zoomathia/APOLLONIUS/ἱστορίαι_θαυμάσιαι/g/1/13/text/1,https://www.wikidata.org/wiki/Q5843680,Halicarnassus,0.818,wikidata
http://ns.inria.fr/zoomathia/APOLLONIUS/ἱστορίαι_θαυμάσιαι/g/1/13/text/1,http://dbpedia.org/resource/Local_property,locally,0.7351205528900115,DBpedia
http://ns.inria.fr/zoomathia/APOLLONIUS/ἱστορίαι_θαυμάσιαι/g/1/13/text/1,http://dbpedia.org/resource/Herd,herd,0.9040398892079746,DBpedia
http://ns.inria.fr/zoomathia/APOLLONIUS/ἱστορίαι_θαυμάσιαι/g/1/13/text/1,http://dbpedia.org/resource/Goat,goats,0.9995088164044275,DBpedia
http://ns.inria.fr/zoomathia/APOLLONIUS/ἱστορίαι_θαυμάσιαι/g/1/13/text/1,http://dbpedia.org/resource/Kohen,priest,0.5103690496565394,DBpedia
http://ns.inria.fr/zoomathia/APOLLONIUS/ἱστορίαι_θαυμάσιαι/g/1/13/text/1,http://dbpedia.org/resource/Hit_song,successful,0.8058329892174416,DBpedia
http://ns.inria.fr/zoomathia/APOLLONIUS/ἱστορίαι_θαυμάσιαι/g/1/13/text/1,http://dbpedia.org/resource/Complete_metric_space,completions,0.5435265488798915,DBpedia
http://ns.inria.fr/zoomathia/APOLLONIUS/ἱστορίαι_θαυμάσιαι/g/1/13/text/1,http://dbpedia.org/resource/Goat,goat,0.9998122139631508,DBpedia
http://ns.inria.fr/zoomathia/APOLLONIUS/ἱστορίαι_θαυμάσιαι/g/1/13/text/1,http://dbpedia.org/resource/Altar,altar,0.9999164590786964,DBpedia
http://ns.inria.fr/zoomathia/APOLLONIUS/ἱστορίαι_θαυμάσιαι/g/1/13/text/1,http://dbpedia.org/resource/Altar,altar,0.9999164590786964,DBpedia
http://ns.inria.fr/zoomathia/APOLLONIUS/ἱστορίαι_θαυμάσιαι/g/1/13/text/1,http://dbpedia.org/resource/Kohen,priest,0.5103690496565394,DBpedia
http://ns.inria.fr/zoomathia/APOLLONIUS/ἱστορίαι_θαυμάσιαι/g/1/13/text/1,http://dbpedia.org/resource/Radio_receiver,receiving,0.9912149003595353,DBpedia
http://ns.inria.fr/zoomathia/APOLLONIUS/ἱστορίαι_θαυμάσιαι/g/1/14/text/1,https://opentheso.huma-num.fr/?idc=pcrtUWmPWF9PkB&idt=th310,Phylarchus,1,zoomathia_match
http://ns.inria.fr/zoomathia/APOLLONIUS/ἱστορίαι_θαυμάσιαι/g/1/14/text/1,https://opentheso.huma-num.fr/?idc=107576&idt=th310,water,1,zoomathia_match
http://ns.inria.fr/zoomathia/APOLLONIUS/ἱστορίαι_θαυμάσιαι/g/1/14/text/1,https://opentheso.huma-num.fr/?idc=105155&idt=th310,feet,1,zoomathia_match
http://ns.inria.fr/zoomathia/APOLLONIUS/ἱστορίαι_θαυμάσιαι/g/1/14/text/1,https://www.wikidata.org/wiki/Q302,Christ,0.4069,wikidata
http://ns.inria.fr/zoomathia/APOLLONIUS/ἱστορίαι_θαυμάσιαι/g/1/14/text/1,http://dbpedia.org/resource/Phylarchus,Phylarchus,0.999999819750075,DBpedia
http://ns.inria.fr/zoomathia/APOLLONIUS/ἱστορίαι_θαυμάσιαι/g/1/14/text/1,http://dbpedia.org/resource/Short_story,stories,0.4132942487611255,DBpedia
http://ns.inria.fr/zoomathia/APOLLONIUS/ἱστορίαι_θαυμάσιαι/g/1/14/text/1,http://dbpedia.org/resource/Persian_Gulf,Arabian Gulf,0.5591123984610127,DBpedia
http://ns.inria.fr/zoomathia/APOLLONIUS/ἱστορίαι_θαυμάσιαι/g/1/14/text/1,http://dbpedia.org/resource/Water,water,0.995599804550608,DBpedia
http://ns.inria.fr/zoomathia/APOLLONIUS/ἱστορίαι_θαυμάσιαι/g/1/14/text/1,http://dbpedia.org/resource/Jesus,Christ,0.9993863158178636,DBpedia
http://ns.inria.fr/zoomathia/APOLLONIUS/ἱστορίαι_θαυμάσιαι/g/1/14/text/1,http://dbpedia.org/resource/Anointing,anointed,0.9594431740783498,DBpedia
http://ns.inria.fr/zoomathia/APOLLONIUS/ἱστορίαι_θαυμάσιαι/g/1/14/text/1,http://dbpedia.org/resource/Healing,recover,0.964023451790898,DBpedia
http://ns.inria.fr/zoomathia/APOLLONIUS/ἱστορίαι_θαυμάσιαι/g/1/15/text/1,https://opentheso.huma-num.fr/?idc=105367&idt=th310,births,1,zoomathia_match
http://ns.inria.fr/zoomathia/APOLLONIUS/ἱστορίαι_θαυμάσιαι/g/1/15/text/1,https://opentheso.huma-num.fr/?idc=pcrtmhUStm5T6Y&idt=th310,fire,1,zoomathia_match
http://ns.inria.fr/zoomathia/APOLLONIUS/ἱστορίαι_θαυμάσιαι/g/1/15/text/1,https://opentheso.huma-num.fr/?idc=pcrtiaewgLXnZc&idt=th310,olive,1,zoomathia_match
http://ns.inria.fr/zoomathia/APOLLONIUS/ἱστορίαι_θαυμάσιαι/g/1/15/text/1,https://www.wikidata.org/wiki/Q278553,Skymnos,0.3167,wikidata
http://ns.inria.fr/zoomathia/APOLLONIUS/ἱστορίαι_θαυμάσιαι/g/1/15/text/1,https://www.wikidata.org/wiki/Q138396,Britannia,0.6111,wikidata
http://ns.inria.fr/zoomathia/APOLLONIUS/ἱστορίαι_θαυμάσιαι/g/1/15/text/1,https://www.wikidata.org/wiki/Q1535396,four hundred,0.5646,wikidata
http://ns.inria.fr/zoomathia/APOLLONIUS/ἱστορίαι_θαυμάσιαι/g/1/15/text/1,http://dbpedia.org/resource/Britannia,Britannia,0.9815311733164157,DBpedia
http://ns.inria.fr/zoomathia/APOLLONIUS/ἱστορίαι_θαυμάσιαι/g/1/15/text/1,http://dbpedia.org/resource/Ancient_Greek_units_of_measurement,stadia,0.9966608527508073,DBpedia
http://ns.inria.fr/zoomathia/APOLLONIUS/ἱστορίαι_θαυμάσιαι/g/1/15/text/1,http://dbpedia.org/resource/Circumference,circumference,0.999999999989285,DBpedia
http://ns.inria.fr/zoomathia/APOLLONIUS/ἱστορίαι_θαυμάσιαι/g/1/15/text/1,http://dbpedia.org/resource/Fire,fire,0.9571037360662533,DBpedia
http://ns.inria.fr/zoomathia/APOLLONIUS/ἱστορίαι_θαυμάσιαι/g/1/15/text/1,http://dbpedia.org/resource/Olive,olive,0.7439833984962401,DBpedia
http://ns.inria.fr/zoomathia/APOLLONIUS/ἱστορίαι_θαυμάσιαι/g/1/15/text/1,http://dbpedia.org/resource/Corn_kernel,kernels,0.6817587156021452,DBpedia
http://ns.inria.fr/zoomathia/APOLLONIUS/ἱστορίαι_θαυμάσιαι/g/1/15/text/1,http://dbpedia.org/resource/Coal_mining,pits,0.9280416696238984,DBpedia
http://ns.inria.fr/zoomathia/APOLLONIUS/ἱστορίαι_θαυμάσιαι/g/1/15/text/1,http://dbpedia.org/resource/Coal_mining,pits,0.9280416696238984,DBpedia
http://ns.inria.fr/zoomathia/APOLLONIUS/ἱστορίαι_θαυμάσιαι/g/1/15/text/1,http://dbpedia.org/resource/Coal_mining,pits,0.9280416696238984,DBpedia
http://ns.inria.fr/zoomathia/APOLLONIUS/ἱστορίαι_θαυμάσιαι/g/1/16/text/1,https://opentheso.huma-num.fr/?idc=pcrtIABa5iOrAk&idt=th310,physicians,1,zoomathia_match
http://ns.inria.fr/zoomathia/APOLLONIUS/ἱστορίαι_θαυμάσιαι/g/1/16/text/1,https://opentheso.huma-num.fr/?idc=105303&idt=th310,physicians,1,zoomathia_match
http://ns.inria.fr/zoomathia/APOLLONIUS/ἱστορίαι_θαυμάσιαι/g/1/16/text/1,https://opentheso.huma-num.fr/?idc=105581&idt=th310,cook,1,zoomathia_match
http://ns.inria.fr/zoomathia/APOLLONIUS/ἱστορίαι_θαυμάσιαι/g/1/16/text/1,https://opentheso.huma-num.fr/?idc=pcrtOPqdpwj043&idt=th310,meat,1,zoomathia_match
http://ns.inria.fr/zoomathia/APOLLONIUS/ἱστορίαι_θαυμάσιαι/g/1/16/text/1,https://opentheso.huma-num.fr/?idc=pcrtfv4IrNiWE8&idt=th310,vessel,1,zoomathia_match
http://ns.inria.fr/zoomathia/APOLLONIUS/ἱστορίαι_θαυμάσιαι/g/1/16/text/1,https://www.wikidata.org/wiki/Q160362,Theophrastus,0.9157,wikidata
http://ns.inria.fr/zoomathia/APOLLONIUS/ἱστορίαι_θαυμάσιαι/g/1/16/text/1,http://dbpedia.org/resource/Theophrastus,Theophrastus,0.9999999962622894,DBpedia
http://ns.inria.fr/zoomathia/APOLLONIUS/ἱστορίαι_θαυμάσιαι/g/1/16/text/1,http://dbpedia.org/resource/Treatise,treatise,0.9998720043773022,DBpedia
http://ns.inria.fr/zoomathia/APOLLONIUS/ἱστορίαι_θαυμάσιαι/g/1/16/text/1,http://dbpedia.org/resource/Plant,plants,0.9966786227105857,DBpedia
http://ns.inria.fr/zoomathia/APOLLONIUS/ἱστορίαι_θαυμάσιαι/g/1/16/text/1,http://dbpedia.org/resource/Thapsia_(plant),thapsia,0.9726737040556092,DBpedia
http://ns.inria.fr/zoomathia/APOLLONIUS/ἱστορίαι_θαυμάσιαι/g/1/16/text/1,http://dbpedia.org/resource/Physician,physicians,0.9957926749936488,DBpedia
http://ns.inria.fr/zoomathia/APOLLONIUS/ἱστορίαι_θαυμάσιαι/g/1/16/text/1,http://dbpedia.org/resource/Cooking,cook,0.9981830317583579,DBpedia
http://ns.inria.fr/zoomathia/APOLLONIUS/ἱστορίαι_θαυμάσιαι/g/1/16/text/1,http://dbpedia.org/resource/Meat,meat,0.9938982665695026,DBpedia
http://ns.inria.fr/zoomathia/APOLLONIUS/ἱστορίαι_θαυμάσιαι/g/1/16/text/1,http://dbpedia.org/resource/Separation_of_powers,separated,0.34141259262069945,DBpedia
http://ns.inria.fr/zoomathia/APOLLONIUS/ἱστορίαι_θαυμάσιαι/g/1/17/text/1,https://opentheso.huma-num.fr/?idc=pcrtj8urIFfA6b&idt=th310,Indians,1,zoomathia_match
http://ns.inria.fr/zoomathia/APOLLONIUS/ἱστορίαι_θαυμάσιαι/g/1/17/text/1,https://opentheso.huma-num.fr/?idc=pcrtMr3tb79bV8&idt=th310,wood,1,zoomathia_match
http://ns.inria.fr/zoomathia/APOLLONIUS/ἱστορίαι_θαυμάσιαι/g/1/17/text/1,https://opentheso.huma-num.fr/?idc=pcrtMr3tb79bV8&idt=th310,wood,1,zoomathia_match
http://ns.inria.fr/zoomathia/APOLLONIUS/ἱστορίαι_θαυμάσιαι/g/1/17/text/1,https://opentheso.huma-num.fr/?idc=pcrtuihSl3eSnW&idt=th310,gold,1,zoomathia_match
http://ns.inria.fr/zoomathia/APOLLONIUS/ἱστορίαι_θαυμάσιαι/g/1/17/text/1,https://opentheso.huma-num.fr/?idc=pcrtcWoSlbWLE0&idt=th310,silver,1,zoomathia_match
http://ns.inria.fr/zoomathia/APOLLONIUS/ἱστορίαι_θαυμάσιαι/g/1/17/text/1,https://opentheso.huma-num.fr/?idc=pcrtGpmPNJ0jRl&idt=th310,tin,1,zoomathia_match
http://ns.inria.fr/zoomathia/APOLLONIUS/ἱστορίαι_θαυμάσιαι/g/1/17/text/1,https://opentheso.huma-num.fr/?idc=pcrt16pnvNar4g&idt=th310,copper,1,zoomathia_match
http://ns.inria.fr/zoomathia/APOLLONIUS/ἱστορίαι_θαυμάσιαι/g/1/17/text/1,https://opentheso.huma-num.fr/?idc=pcrtuihSl3eSnW&idt=th310,gold,1,zoomathia_match
http://ns.inria.fr/zoomathia/APOLLONIUS/ἱστορίαι_θαυμάσιαι/g/1/17/text/1,https://opentheso.huma-num.fr/?idc=105121&idt=th310,flying,1,zoomathia_match
http://ns.inria.fr/zoomathia/APOLLONIUS/ἱστορίαι_θαυμάσιαι/g/1/17/text/1,https://opentheso.huma-num.fr/?idc=105383&idt=th310,flying,1,zoomathia_match
http://ns.inria.fr/zoomathia/APOLLONIUS/ἱστορίαι_θαυμάσιαι/g/1/17/text/1,https://opentheso.huma-num.fr/?idc=pcrtRTP8BEpAYY&idt=th310,ostriches,1,zoomathia_match
http://ns.inria.fr/zoomathia/APOLLONIUS/ἱστορίαι_θαυμάσιαι/g/1/17/text/1,https://opentheso.huma-num.fr/?idc=pcrtMr3tb79bV8&idt=th310,wood,1,zoomathia_match
http://ns.inria.fr/zoomathia/APOLLONIUS/ἱστορίαι_θαυμάσιαι/g/1/17/text/1,https://opentheso.huma-num.fr/?idc=pcrt3jcrAaRENB&idt=th310,goats,1,zoomathia_match
http://ns.inria.fr/zoomathia/APOLLONIUS/ἱστορίαι_θαυμάσιαι/g/1/17/text/1,https://opentheso.huma-num.fr/?idc=pcrtDtJwUVaZ0I&idt=th310,sheep,1,zoomathia_match
http://ns.inria.fr/zoomathia/APOLLONIUS/ἱστορίαι_θαυμάσιαι/g/1/17/text/1,https://opentheso.huma-num.fr/?idc=105539&idt=th310,domesticated animals,1,zoomathia_match
http://ns.inria.fr/zoomathia/APOLLONIUS/ἱστορίαι_θαυμάσιαι/g/1/17/text/1,https://www.wikidata.org/wiki/Q642553,Indians,0.4101,wikidata
http://ns.inria.fr/zoomathia/APOLLONIUS/ἱστορίαι_θαυμάσιαι/g/1/17/text/1,http://dbpedia.org/resource/Ctesias,Ktesias,1.0,DBpedia
http://ns.inria.fr/zoomathia/APOLLONIUS/ἱστορίαι_θαυμάσιαι/g/1/17/text/1,http://dbpedia.org/resource/Native_Americans_in_the_United_States,Indians,0.505713253381311,DBpedia
http://ns.inria.fr/zoomathia/APOLLONIUS/ἱστορίαι_θαυμάσιαι/g/1/17/text/1,http://dbpedia.org/resource/Wood,wood,0.9985042694906588,DBpedia
http://ns.inria.fr/zoomathia/APOLLONIUS/ἱστορίαι_θαυμάσιαι/g/1/17/text/1,http://dbpedia.org/resource/Wood,wood,0.9985042694906588,DBpedia
http://ns.inria.fr/zoomathia/APOLLONIUS/ἱστορίαι_θαυμάσιαι/g/1/17/text/1,http://dbpedia.org/resource/Call_to_the_bar,called,0.5919721200518349,DBpedia
http://ns.inria.fr/zoomathia/APOLLONIUS/ἱστορίαι_θαυμάσιαι/g/1/17/text/1,http://dbpedia.org/resource/Pokémon_Gold_and_Silver,"gold, silver",0.9999999999557758,DBpedia
http://ns.inria.fr/zoomathia/APOLLONIUS/ἱστορίαι_θαυμάσιαι/g/1/17/text/1,http://dbpedia.org/resource/Copper,copper,0.9962250018216295,DBpedia
http://ns.inria.fr/zoomathia/APOLLONIUS/ἱστορίαι_θαυμάσιαι/g/1/17/text/1,http://dbpedia.org/resource/Gold,gold,0.9951576247075121,DBpedia
http://ns.inria.fr/zoomathia/APOLLONIUS/ἱστορίαι_θαυμάσιαι/g/1/17/text/1,http://dbpedia.org/resource/Metallic_color,metallic,0.4765802409346325,DBpedia
http://ns.inria.fr/zoomathia/APOLLONIUS/ἱστορίαι_θαυμάσιαι/g/1/17/text/1,http://dbpedia.org/resource/Flight,flying,0.5481503462055611,DBpedia
http://ns.inria.fr/zoomathia/APOLLONIUS/ἱστορίαι_θαυμάσιαι/g/1/17/text/1,http://dbpedia.org/resource/Ostrich,ostriches,0.9999999375984052,DBpedia
http://ns.inria.fr/zoomathia/APOLLONIUS/ἱστορίαι_θαυμάσιαι/g/1/17/text/1,http://dbpedia.org/resource/Sexual_attraction,attracted,0.9015906291210307,DBpedia
http://ns.inria.fr/zoomathia/APOLLONIUS/ἱστορίαι_θαυμάσιαι/g/1/17/text/1,http://dbpedia.org/resource/Wood,wood,0.9985042694906588,DBpedia
http://ns.inria.fr/zoomathia/APOLLONIUS/ἱστορίαι_θαυμάσιαι/g/1/17/text/1,http://dbpedia.org/resource/Goat,goats,0.9899585624152533,DBpedia
http://ns.inria.fr/zoomathia/APOLLONIUS/ἱστορίαι_θαυμάσιαι/g/1/17/text/1,http://dbpedia.org/resource/Sheep,sheep,0.9806025426779728,DBpedia
http://ns.inria.fr/zoomathia/APOLLONIUS/ἱστορίαι_θαυμάσιαι/g/1/17/text/1,http://dbpedia.org/resource/Domestication,domesticated animals,0.9999991735635096,DBpedia
http://ns.inria.fr/zoomathia/APOLLONIUS/ἱστορίαι_θαυμάσιαι/g/1/18/text/1,https://opentheso.huma-num.fr/?idc=107786&idt=th310,India,1,zoomathia_match
http://ns.inria.fr/zoomathia/APOLLONIUS/ἱστορίαι_θαυμάσιαι/g/1/18/text/1,https://opentheso.huma-num.fr/?idc=108030&idt=th310,white,1,zoomathia_match
http://ns.inria.fr/zoomathia/APOLLONIUS/ἱστορίαι_θαυμάσιαι/g/1/18/text/1,https://opentheso.huma-num.fr/?idc=107576&idt=th310,water,1,zoomathia_match
http://ns.inria.fr/zoomathia/APOLLONIUS/ἱστορίαι_θαυμάσιαι/g/1/18/text/1,https://opentheso.huma-num.fr/?idc=105155&idt=th310,feet,1,zoomathia_match
http://ns.inria.fr/zoomathia/APOLLONIUS/ἱστορίαι_θαυμάσιαι/g/1/18/text/1,https://opentheso.huma-num.fr/?idc=pcrt0WrjgPTs33&idt=th310,men,1,zoomathia_match
http://ns.inria.fr/zoomathia/APOLLONIUS/ἱστορίαι_θαυμάσιαι/g/1/18/text/1,https://opentheso.huma-num.fr/?idc=pcrtpWT5t7kRx6&idt=th310,years,1,zoomathia_match
http://ns.inria.fr/zoomathia/APOLLONIUS/ἱστορίαι_θαυμάσιαι/g/1/18/text/1,https://opentheso.huma-num.fr/?idc=106471&idt=th310,death,1,zoomathia_match
http://ns.inria.fr/zoomathia/APOLLONIUS/ἱστορίαι_θαυμάσιαι/g/1/18/text/1,https://www.wikidata.org/wiki/Q668,India,0.4588,wikidata
http://ns.inria.fr/zoomathia/APOLLONIUS/ἱστορίαι_θαυμάσιαι/g/1/18/text/1,https://www.wikidata.org/wiki/Q146885,the years,0.3263,wikidata
http://ns.inria.fr/zoomathia/APOLLONIUS/ἱστορίαι_θαυμάσιαι/g/1/18/text/1,http://dbpedia.org/resource/Narrative,stories,0.5651073221990873,DBpedia
http://ns.inria.fr/zoomathia/APOLLONIUS/ἱστορίαι_θαυμάσιαι/g/1/18/text/1,http://dbpedia.org/resource/India,India,0.9994395219833574,DBpedia
http://ns.inria.fr/zoomathia/APOLLONIUS/ἱστορίαι_θαυμάσιαι/g/1/18/text/1,http://dbpedia.org/resource/Drug_injection,injected,0.8749149017374808,DBpedia
http://ns.inria.fr/zoomathia/APOLLONIUS/ἱστορίαι_θαυμάσιαι/g/1/18/text/1,http://dbpedia.org/resource/White_people,white,0.8419626000201419,DBpedia
http://ns.inria.fr/zoomathia/APOLLONIUS/ἱστορίαι_θαυμάσιαι/g/1/18/text/1,http://dbpedia.org/resource/Rhizome,rhizomes,0.9999999989974242,DBpedia
http://ns.inria.fr/zoomathia/APOLLONIUS/ἱστορίαι_θαυμάσιαι/g/1/18/text/1,http://dbpedia.org/resource/Cutting,cut,0.9199458527300891,DBpedia
http://ns.inria.fr/zoomathia/APOLLONIUS/ἱστορίαι_θαυμάσιαι/g/1/18/text/1,http://dbpedia.org/resource/Water,water,0.9984728225604776,DBpedia
http://ns.inria.fr/zoomathia/APOLLONIUS/ἱστορίαι_θαυμάσιαι/g/1/18/text/1,http://dbpedia.org/resource/Cover_version,cover,0.7716420161916574,DBpedia
http://ns.inria.fr/zoomathia/APOLLONIUS/ἱστορίαι_θαυμάσιαι/g/1/18/text/1,http://dbpedia.org/resource/Man,men,0.9749960656488683,DBpedia
http://ns.inria.fr/zoomathia/APOLLONIUS/ἱστορίαι_θαυμάσιαι/g/1/18/text/1,http://dbpedia.org/resource/Cover_version,covered,0.9831843740697077,DBpedia
http://ns.inria.fr/zoomathia/APOLLONIUS/ἱστορίαι_θαυμάσιαι/g/1/18/text/1,http://dbpedia.org/resource/Sexual_intercourse,intercourse,0.9994995127279858,DBpedia
http://ns.inria.fr/zoomathia/APOLLONIUS/ἱστορίαι_θαυμάσιαι/g/1/18/text/1,http://dbpedia.org/resource/Cannibalism,eat,0.7487897529996351,DBpedia
http://ns.inria.fr/zoomathia/APOLLONIUS/ἱστορίαι_θαυμάσιαι/g/1/18/text/1,http://dbpedia.org/resource/Eunuch,eunuchs,0.9999893675859477,DBpedia
http://ns.inria.fr/zoomathia/APOLLONIUS/ἱστορίαι_θαυμάσιαι/g/1/18/text/1,http://dbpedia.org/resource/Exalted,exalted,0.999868257282666,DBpedia
http://ns.inria.fr/zoomathia/APOLLONIUS/ἱστορίαι_θαυμάσιαι/g/1/18/text/1,http://dbpedia.org/resource/Myth,beings,0.8441348862155386,DBpedia
http://ns.inria.fr/zoomathia/APOLLONIUS/ἱστορίαι_θαυμάσιαι/g/1/18/text/1,http://dbpedia.org/resource/Persepolis,destroyed,0.6271398965329429,DBpedia
http://ns.inria.fr/zoomathia/APOLLONIUS/ἱστορίαι_θαυμάσιαι/g/1/19/text/1,https://opentheso.huma-num.fr/?idc=105721&idt=th310,Greece,1,zoomathia_match
http://ns.inria.fr/zoomathia/APOLLONIUS/ἱστορίαι_θαυμάσιαι/g/1/19/text/1,https://opentheso.huma-num.fr/?idc=pcrtbnf4dSz1IR&idt=th310,sun,1,zoomathia_match
http://ns.inria.fr/zoomathia/APOLLONIUS/ἱστορίαι_θαυμάσιαι/g/1/19/text/1,https://opentheso.huma-num.fr/?idc=pcrtGm7ZMfoQrc&idt=th310,bear,1,zoomathia_match
http://ns.inria.fr/zoomathia/APOLLONIUS/ἱστορίαι_θαυμάσιαι/g/1/19/text/1,https://opentheso.huma-num.fr/?idc=pcrtDFvOrje3j0&idt=th310,fruit,1,zoomathia_match
http://ns.inria.fr/zoomathia/APOLLONIUS/ἱστορίαι_θαυμάσιαι/g/1/19/text/1,https://opentheso.huma-num.fr/?idc=pcrtDFvOrje3j0&idt=th310,fruit,1,zoomathia_match
http://ns.inria.fr/zoomathia/APOLLONIUS/ἱστορίαι_θαυμάσιαι/g/1/19/text/1,https://opentheso.huma-num.fr/?idc=pcrttvE2YZwZu6&idt=th310,oil,1,zoomathia_match
http://ns.inria.fr/zoomathia/APOLLONIUS/ἱστορίαι_θαυμάσιαι/g/1/19/text/1,https://opentheso.huma-num.fr/?idc=107576&idt=th310,water,1,zoomathia_match
http://ns.inria.fr/zoomathia/APOLLONIUS/ἱστορίαι_θαυμάσιαι/g/1/19/text/1,https://opentheso.huma-num.fr/?idc=105657&idt=th310,winter,1,zoomathia_match
http://ns.inria.fr/zoomathia/APOLLONIUS/ἱστορίαι_θαυμάσιαι/g/1/19/text/1,https://opentheso.huma-num.fr/?idc=105472&idt=th310,feel,1,zoomathia_match
http://ns.inria.fr/zoomathia/APOLLONIUS/ἱστορίαι_θαυμάσιαι/g/1/19/text/1,https://opentheso.huma-num.fr/?idc=105645&idt=th310,cold,1,zoomathia_match
http://ns.inria.fr/zoomathia/APOLLONIUS/ἱστορίαι_θαυμάσιαι/g/1/19/text/1,https://www.wikidata.org/wiki/Q316334,Heraclides,0.4584,wikidata
http://ns.inria.fr/zoomathia/APOLLONIUS/ἱστορίαι_θαυμάσιαι/g/1/19/text/1,https://www.wikidata.org/wiki/Q41,Greece,0.4585,wikidata
http://ns.inria.fr/zoomathia/APOLLONIUS/ἱστορίαι_θαυμάσιαι/g/1/19/text/1,https://www.wikidata.org/wiki/Q1334825,Mount Pelion,0.4544,wikidata
http://ns.inria.fr/zoomathia/APOLLONIUS/ἱστορίαι_θαυμάσιαι/g/1/19/text/1,http://dbpedia.org/resource/Heraclides_Ponticus,Heraclides,0.9439561725974855,DBpedia
http://ns.inria.fr/zoomathia/APOLLONIUS/ἱστορίαι_θαυμάσιαι/g/1/19/text/1,http://dbpedia.org/resource/Critic,critic,0.7639516940522347,DBpedia
http://ns.inria.fr/zoomathia/APOLLONIUS/ἱστορίαι_θαυμάσιαι/g/1/19/text/1,http://dbpedia.org/resource/City,cities,0.9966627968246555,DBpedia
http://ns.inria.fr/zoomathia/APOLLONIUS/ἱστορίαι_θαυμάσιαι/g/1/19/text/1,http://dbpedia.org/resource/Greece,Greece,0.988422298944809,DBpedia
http://ns.inria.fr/zoomathia/APOLLONIUS/ἱστορίαι_θαυμάσιαι/g/1/19/text/1,http://dbpedia.org/resource/Pelion,Mount Pelion,0.9999999999834586,DBpedia
http://ns.inria.fr/zoomathia/APOLLONIUS/ἱστορίαι_θαυμάσιαι/g/1/19/text/1,http://dbpedia.org/resource/Sun_bear,sun bear,0.9999999999883187,DBpedia
http://ns.inria.fr/zoomathia/APOLLONIUS/ἱστορίαι_θαυμάσιαι/g/1/19/text/1,http://dbpedia.org/resource/Fruit,fruit,0.9999421450847502,DBpedia
http://ns.inria.fr/zoomathia/APOLLONIUS/ἱστορίαι_θαυμάσιαι/g/1/19/text/1,http://dbpedia.org/resource/Date_honey,rub,0.8315546074645909,DBpedia
http://ns.inria.fr/zoomathia/APOLLONIUS/ἱστορίαι_θαυμάσιαι/g/1/19/text/1,http://dbpedia.org/resource/Fruit,fruit,0.9999421450847502,DBpedia
http://ns.inria.fr/zoomathia/APOLLONIUS/ἱστορίαι_θαυμάσιαι/g/1/19/text/1,http://dbpedia.org/resource/Oil,oil,0.9835664702682337,DBpedia
http://ns.inria.fr/zoomathia/APOLLONIUS/ἱστορίαι_θαυμάσιαι/g/1/19/text/1,http://dbpedia.org/resource/Water,water,0.9978260967154512,DBpedia
http://ns.inria.fr/zoomathia/APOLLONIUS/ἱστορίαι_θαυμάσιαι/g/1/19/text/1,http://dbpedia.org/resource/Anointing,anoint,0.9998969829524955,DBpedia
http://ns.inria.fr/zoomathia/APOLLONIUS/ἱστορίαι_θαυμάσιαι/g/1/19/text/1,http://dbpedia.org/resource/Human_body,body,0.96240590981338,DBpedia
http://ns.inria.fr/zoomathia/APOLLONIUS/ἱστορίαι_θαυμάσιαι/g/1/19/text/1,http://dbpedia.org/resource/Winter,winter,0.9964379377857786,DBpedia
http://ns.inria.fr/zoomathia/APOLLONIUS/ἱστορίαι_θαυμάσιαι/g/1/19/text/1,http://dbpedia.org/resource/Thought,feel,0.9883437675958751,DBpedia
http://ns.inria.fr/zoomathia/APOLLONIUS/ἱστορίαι_θαυμάσιαι/g/1/19/text/1,http://dbpedia.org/resource/Common_cold,cold,0.6497483891813446,DBpedia
http://ns.inria.fr/zoomathia/APOLLONIUS/ἱστορίαι_θαυμάσιαι/g/1/20/text/1,https://opentheso.huma-num.fr/?idc=pcrt0wSiSXpLTf&idt=th310,camels,1,zoomathia_match
http://ns.inria.fr/zoomathia/APOLLONIUS/ἱστορίαι_θαυμάσιαι/g/1/20/text/1,https://opentheso.huma-num.fr/?idc=105173&idt=th310,hair,1,zoomathia_match
http://ns.inria.fr/zoomathia/APOLLONIUS/ἱστορίαι_θαυμάσιαι/g/1/20/text/1,https://www.wikidata.org/wiki/Q16052983,tenth,0.3382,wikidata
http://ns.inria.fr/zoomathia/APOLLONIUS/ἱστορίαι_θαυμάσιαι/g/1/20/text/1,https://www.wikidata.org/wiki/Q9168,Persian,0.4661,wikidata
http://ns.inria.fr/zoomathia/APOLLONIUS/ἱστορίαι_θαυμάσιαι/g/1/20/text/1,https://www.wikidata.org/wiki/Q779354,Milesians,0.446,wikidata
http://ns.inria.fr/zoomathia/APOLLONIUS/ἱστορίαι_θαυμάσιαι/g/1/20/text/1,http://dbpedia.org/resource/Ctesias,Ctesias,0.9999999994492725,DBpedia
http://ns.inria.fr/zoomathia/APOLLONIUS/ἱστορίαι_θαυμάσιαι/g/1/20/text/1,http://dbpedia.org/resource/Tithe,tenth,0.85020117053015,DBpedia
http://ns.inria.fr/zoomathia/APOLLONIUS/ἱστορίαι_θαυμάσιαι/g/1/20/text/1,http://dbpedia.org/resource/Achaemenid_Empire,Persian,0.9347427840348412,DBpedia
http://ns.inria.fr/zoomathia/APOLLONIUS/ἱστορίαι_θαυμάσιαι/g/1/20/text/1,http://dbpedia.org/resource/Camel,camels,0.9399609283940318,DBpedia
http://ns.inria.fr/zoomathia/APOLLONIUS/ἱστορίαι_θαυμάσιαι/g/1/20/text/1,http://dbpedia.org/resource/Hair,hair,0.9983797222168247,DBpedia
http://ns.inria.fr/zoomathia/APOLLONIUS/ἱστορίαι_θαυμάσιαι/g/1/20/text/1,http://dbpedia.org/resource/Miletus,Milesians,0.9992904345469096,DBpedia
http://ns.inria.fr/zoomathia/APOLLONIUS/ἱστορίαι_θαυμάσιαι/g/1/20/text/1,http://dbpedia.org/resource/Hardness,softness,0.7765903388426375,DBpedia
http://ns.inria.fr/zoomathia/APOLLONIUS/ἱστορίαι_θαυμάσιαι/g/1/20/text/1,http://dbpedia.org/resource/Kohen,priests,0.4631844383327695,DBpedia
http://ns.inria.fr/zoomathia/APOLLONIUS/ἱστορίαι_θαυμάσιαι/g/1/20/text/1,http://dbpedia.org/resource/Dynasty,dynasties,0.945317499825124,DBpedia
http://ns.inria.fr/zoomathia/APOLLONIUS/ἱστορίαι_θαυμάσιαι/g/1/21/text/1,https://opentheso.huma-num.fr/?idc=105163&idt=th310,hooves,1,zoomathia_match
http://ns.inria.fr/zoomathia/APOLLONIUS/ἱστορίαι_θαυμάσιαι/g/1/21/text/1,https://opentheso.huma-num.fr/?idc=105153&idt=th310,hind legs,1,zoomathia_match
http://ns.inria.fr/zoomathia/APOLLONIUS/ἱστορίαι_θαυμάσιαι/g/1/21/text/1,https://opentheso.huma-num.fr/?idc=105149&idt=th310,legs,1,zoomathia_match
http://ns.inria.fr/zoomathia/APOLLONIUS/ἱστορίαι_θαυμάσιαι/g/1/21/text/1,https://opentheso.huma-num.fr/?idc=pcrt6ccLQhgjJq&idt=th310,Aristotle,1,zoomathia_match
http://ns.inria.fr/zoomathia/APOLLONIUS/ἱστορίαι_θαυμάσιαι/g/1/21/text/1,https://www.wikidata.org/wiki/Q868,Aristotle,0.9074,wikidata
http://ns.inria.fr/zoomathia/APOLLONIUS/ἱστορίαι_θαυμάσιαι/g/1/21/text/1,http://dbpedia.org/resource/Observation,observed,0.9988139512275817,DBpedia
http://ns.inria.fr/zoomathia/APOLLONIUS/ἱστορίαι_θαυμάσιαι/g/1/21/text/1,http://dbpedia.org/resource/Cloven_hoof,cloven hooves,1.0,DBpedia
http://ns.inria.fr/zoomathia/APOLLONIUS/ἱστορίαι_θαυμάσιαι/g/1/21/text/1,http://dbpedia.org/resource/Animal,animals,0.9995156427923608,DBpedia
http://ns.inria.fr/zoomathia/APOLLONIUS/ἱστορίαι_θαυμάσιαι/g/1/21/text/1,http://dbpedia.org/resource/Ankle,ankles,0.5932551830278241,DBpedia
http://ns.inria.fr/zoomathia/APOLLONIUS/ἱστορίαι_θαυμάσιαι/g/1/21/text/1,http://dbpedia.org/resource/Deer,hind,0.999871021711732,DBpedia
http://ns.inria.fr/zoomathia/APOLLONIUS/ἱστορίαι_θαυμάσιαι/g/1/21/text/1,http://dbpedia.org/resource/Limbs_of_the_horse,legs,0.9999475730186409,DBpedia
http://ns.inria.fr/zoomathia/APOLLONIUS/ἱστορίαι_θαυμάσιαι/g/1/21/text/1,http://dbpedia.org/resource/Aristotle,Aristotle,0.9998037989902546,DBpedia
http://ns.inria.fr/zoomathia/APOLLONIUS/ἱστορίαι_θαυμάσιαι/g/1/21/text/1,http://dbpedia.org/resource/Physics,physical,0.7859969845164144,DBpedia
http://ns.inria.fr/zoomathia/APOLLONIUS/ἱστορίαι_θαυμάσιαι/g/1/21/text/1,http://dbpedia.org/resource/Nature,nature,0.9991674312779872,DBpedia
http://ns.inria.fr/zoomathia/APOLLONIUS/ἱστορίαι_θαυμάσιαι/g/1/22/text/1,https://opentheso.huma-num.fr/?idc=106518&idt=th310,violence,1,zoomathia_match
http://ns.inria.fr/zoomathia/APOLLONIUS/ἱστορίαι_θαυμάσιαι/g/1/22/text/1,https://opentheso.huma-num.fr/?idc=pcrt6ccLQhgjJq&idt=th310,Aristotle,1,zoomathia_match
http://ns.inria.fr/zoomathia/APOLLONIUS/ἱστορίαι_θαυμάσιαι/g/1/22/text/1,https://www.wikidata.org/wiki/Q868,Aristotle,0.9074,wikidata
http://ns.inria.fr/zoomathia/APOLLONIUS/ἱστορίαι_θαυμάσιαι/g/1/22/text/1,http://dbpedia.org/resource/Summation,summed,0.9999497536519585,DBpedia
http://ns.inria.fr/zoomathia/APOLLONIUS/ἱστορίαι_θαυμάσιαι/g/1/22/text/1,http://dbpedia.org/resource/Violence,violence,0.9986395505203746,DBpedia
http://ns.inria.fr/zoomathia/APOLLONIUS/ἱστορίαι_θαυμάσιαι/g/1/22/text/1,http://dbpedia.org/resource/Ceratopsidae,horned,0.5066324833463142,DBpedia
http://ns.inria.fr/zoomathia/APOLLONIUS/ἱστορίαι_θαυμάσιαι/g/1/22/text/1,http://dbpedia.org/resource/Animal,animals,0.9827656969054555,DBpedia
http://ns.inria.fr/zoomathia/APOLLONIUS/ἱστορίαι_θαυμάσιαι/g/1/22/text/1,http://dbpedia.org/resource/Aristotle,Aristotle,0.9999957053668558,DBpedia
http://ns.inria.fr/zoomathia/APOLLONIUS/ἱστορίαι_θαυμάσιαι/g/1/23/text/1,https://opentheso.huma-num.fr/?idc=pcrtbnf4dSz1IR&idt=th310,sun,1,zoomathia_match
http://ns.inria.fr/zoomathia/APOLLONIUS/ἱστορίαι_θαυμάσιαι/g/1/23/text/1,https://opentheso.huma-num.fr/?idc=106957&idt=th310,heal,1,zoomathia_match
http://ns.inria.fr/zoomathia/APOLLONIUS/ἱστορίαι_θαυμάσιαι/g/1/23/text/1,https://opentheso.huma-num.fr/?idc=pcrtmhUStm5T6Y&idt=th310,fire,1,zoomathia_match
http://ns.inria.fr/zoomathia/APOLLONIUS/ἱστορίαι_θαυμάσιαι/g/1/23/text/1,https://opentheso.huma-num.fr/?idc=pcrtVLnKfPwHqV&idt=th310,heated,1,zoomathia_match
http://ns.inria.fr/zoomathia/APOLLONIUS/ἱστορίαι_θαυμάσιαι/g/1/23/text/1,https://opentheso.huma-num.fr/?idc=105961&idt=th310,heated,1,zoomathia_match
http://ns.inria.fr/zoomathia/APOLLONIUS/ἱστορίαι_θαυμάσιαι/g/1/23/text/1,https://opentheso.huma-num.fr/?idc=pcrtGSslMASdGf&idt=th310,day,1,zoomathia_match
http://ns.inria.fr/zoomathia/APOLLONIUS/ἱστορίαι_θαυμάσιαι/g/1/23/text/1,http://dbpedia.org/resource/Sun,sun,0.9991303197616875,DBpedia
http://ns.inria.fr/zoomathia/APOLLONIUS/ἱστορίαι_θαυμάσιαι/g/1/23/text/1,http://dbpedia.org/resource/Healing,heal,0.8601770766226128,DBpedia
http://ns.inria.fr/zoomathia/APOLLONIUS/ἱστορίαι_θαυμάσιαι/g/1/23/text/1,http://dbpedia.org/resource/Fire,fire,0.9984740676063221,DBpedia
http://ns.inria.fr/zoomathia/APOLLONIUS/ἱστορίαι_θαυμάσιαι/g/1/23/text/1,http://dbpedia.org/resource/Adamant,adamant,0.9999662826570923,DBpedia
http://ns.inria.fr/zoomathia/APOLLONIUS/ἱστορίαι_θαυμάσιαι/g/1/23/text/1,http://dbpedia.org/resource/Fire,burning,0.5095261989668528,DBpedia
http://ns.inria.fr/zoomathia/APOLLONIUS/ἱστορίαι_θαυμάσιαι/g/1/23/text/1,http://dbpedia.org/resource/Magnate,magnate,0.8792066774094209,DBpedia
http://ns.inria.fr/zoomathia/APOLLONIUS/ἱστορίαι_θαυμάσιαι/g/1/23/text/1,http://dbpedia.org/resource/Masonry,stone,0.3966683522023052,DBpedia
http://ns.inria.fr/zoomathia/APOLLONIUS/ἱστορίαι_θαυμάσιαι/g/1/23/text/1,http://dbpedia.org/resource/Day,day,0.9698257699075379,DBpedia
http://ns.inria.fr/zoomathia/APOLLONIUS/ἱστορίαι_θαυμάσιαι/g/1/23/text/1,http://dbpedia.org/resource/Injury,hurt,0.7573425462837778,DBpedia
http://ns.inria.fr/zoomathia/APOLLONIUS/ἱστορίαι_θαυμάσιαι/g/1/23/text/1,http://dbpedia.org/resource/Night,night,0.9994892522370977,DBpedia
http://ns.inria.fr/zoomathia/APOLLONIUS/ἱστορίαι_θαυμάσιαι/g/1/23/text/1,http://dbpedia.org/resource/Injury,hurt,0.7573425462837778,DBpedia
http://ns.inria.fr/zoomathia/APOLLONIUS/ἱστορίαι_θαυμάσιαι/g/1/24/text/1,https://opentheso.huma-num.fr/?idc=pcrtGSslMASdGf&idt=th310,day,1,zoomathia_match
http://ns.inria.fr/zoomathia/APOLLONIUS/ἱστορίαι_θαυμάσιαι/g/1/24/text/1,https://www.wikidata.org/wiki/Q43048,Rhodian,0.4627,wikidata
http://ns.inria.fr/zoomathia/APOLLONIUS/ἱστορίαι_θαυμάσιαι/g/1/24/text/1,https://www.wikidata.org/wiki/Q19593,Celtic,0.4676,wikidata
http://ns.inria.fr/zoomathia/APOLLONIUS/ἱστορίαι_θαυμάσιαι/g/1/24/text/1,https://www.wikidata.org/wiki/Q1968642,the day,0.3119,wikidata
http://ns.inria.fr/zoomathia/APOLLONIUS/ἱστορίαι_θαυμάσιαι/g/1/24/text/1,http://dbpedia.org/resource/Eudoxus_of_Cnidus,Eudoxus,0.9999998711024544,DBpedia
http://ns.inria.fr/zoomathia/APOLLONIUS/ἱστορίαι_θαυμάσιαι/g/1/24/text/1,http://dbpedia.org/resource/Rhodes,Rhodian,0.9999998890810308,DBpedia
http://ns.inria.fr/zoomathia/APOLLONIUS/ἱστορίαι_θαυμάσιαι/g/1/24/text/1,http://dbpedia.org/resource/Celtic_F.C.,Celtic,0.830118761499312,DBpedia
http://ns.inria.fr/zoomathia/APOLLONIUS/ἱστορίαι_θαυμάσιαι/g/1/24/text/1,http://dbpedia.org/resource/Nation,nation,0.7539254007842674,DBpedia
http://ns.inria.fr/zoomathia/APOLLONIUS/ἱστορίαι_θαυμάσιαι/g/1/24/text/1,http://dbpedia.org/resource/Day,day,0.9435261308664903,DBpedia
http://ns.inria.fr/zoomathia/APOLLONIUS/ἱστορίαι_θαυμάσιαι/g/1/24/text/1,http://dbpedia.org/resource/Night,night,0.9842021504257974,DBpedia
http://ns.inria.fr/zoomathia/APOLLONIUS/ἱστορίαι_θαυμάσιαι/g/1/25/text/1,https://opentheso.huma-num.fr/?idc=pcrt6ccLQhgjJq&idt=th310,Aristotle,1,zoomathia_match
http://ns.inria.fr/zoomathia/APOLLONIUS/ἱστορίαι_θαυμάσιαι/g/1/25/text/1,https://opentheso.huma-num.fr/?idc=pcrtmFiiOHIboO&idt=th310,dry,1,zoomathia_match
http://ns.inria.fr/zoomathia/APOLLONIUS/ἱστορίαι_θαυμάσιαι/g/1/25/text/1,https://opentheso.huma-num.fr/?idc=pcrtmFiiOHIboO&idt=th310,dry,1,zoomathia_match
http://ns.inria.fr/zoomathia/APOLLONIUS/ἱστορίαι_θαυμάσιαι/g/1/25/text/1,https://opentheso.huma-num.fr/?idc=107519&idt=th310,worked,1,zoomathia_match
http://ns.inria.fr/zoomathia/APOLLONIUS/ἱστορίαι_θαυμάσιαι/g/1/25/text/1,https://www.wikidata.org/wiki/Q868,Aristotle,0.9074,wikidata
http://ns.inria.fr/zoomathia/APOLLONIUS/ἱστορίαι_θαυμάσιαι/g/1/25/text/1,https://www.wikidata.org/wiki/Q21669646,Andron,0.6355,wikidata
http://ns.inria.fr/zoomathia/APOLLONIUS/ἱστορίαι_θαυμάσιαι/g/1/25/text/1,https://www.wikidata.org/wiki/Q42692727,Argeius,0.747,wikidata
http://ns.inria.fr/zoomathia/APOLLONIUS/ἱστορίαι_θαυμάσιαι/g/1/25/text/1,https://www.wikidata.org/wiki/Q58373,Ammon,0.8293,wikidata
http://ns.inria.fr/zoomathia/APOLLONIUS/ἱστορίαι_θαυμάσιαι/g/1/25/text/1,http://dbpedia.org/resource/Aristotle,Aristotle,0.9999938553502894,DBpedia
http://ns.inria.fr/zoomathia/APOLLONIUS/ἱστορίαι_θαυμάσιαι/g/1/25/text/1,http://dbpedia.org/resource/Matter,matter,0.9932591210517343,DBpedia
http://ns.inria.fr/zoomathia/APOLLONIUS/ἱστορίαι_θαυμάσιαι/g/1/25/text/1,http://dbpedia.org/resource/Alcohol_intoxication,drunkenness,0.9999871833655852,DBpedia
http://ns.inria.fr/zoomathia/APOLLONIUS/ἱστορίαι_θαυμάσιαι/g/1/25/text/1,http://dbpedia.org/resource/Andron,Andron,0.9999956084479685,DBpedia
http://ns.inria.fr/zoomathia/APOLLONIUS/ἱστορίαι_θαυμάσιαι/g/1/25/text/1,http://dbpedia.org/resource/Argeius,Argeius,1.0,DBpedia
http://ns.inria.fr/zoomathia/APOLLONIUS/ἱστορίαι_θαυμάσιαι/g/1/25/text/1,http://dbpedia.org/resource/Cannibalism,ate,0.9999999999836291,DBpedia
http://ns.inria.fr/zoomathia/APOLLONIUS/ἱστορίαι_θαυμάσιαι/g/1/25/text/1,http://dbpedia.org/resource/Land_lot,lot,0.9811614379635721,DBpedia
http://ns.inria.fr/zoomathia/APOLLONIUS/ἱστορίαι_θαυμάσιαι/g/1/25/text/1,http://dbpedia.org/resource/Taste,salty,0.840534726621717,DBpedia
http://ns.inria.fr/zoomathia/APOLLONIUS/ἱστορίαι_θαυμάσιαι/g/1/25/text/1,http://dbpedia.org/resource/Dry_measure,dry,0.3062846859169624,DBpedia
http://ns.inria.fr/zoomathia/APOLLONIUS/ἱστορίαι_θαυμάσιαι/g/1/25/text/1,http://dbpedia.org/resource/Food,food,0.9971583403901865,DBpedia
http://ns.inria.fr/zoomathia/APOLLONIUS/ἱστορίαι_θαυμάσιαι/g/1/25/text/1,http://dbpedia.org/resource/Thirsty_(song),thirsty,0.6438463781729354,DBpedia
http://ns.inria.fr/zoomathia/APOLLONIUS/ἱστορίαι_θαυμάσιαι/g/1/25/text/1,http://dbpedia.org/resource/Life,life,0.9954066232861304,DBpedia
http://ns.inria.fr/zoomathia/APOLLONIUS/ἱστορίαι_θαυμάσιαι/g/1/25/text/1,http://dbpedia.org/resource/Road,road,0.5865499515063891,DBpedia
http://ns.inria.fr/zoomathia/APOLLONIUS/ἱστορίαι_θαυμάσιαι/g/1/25/text/1,http://dbpedia.org/resource/Cannibalism,ate,0.9999999999836291,DBpedia
http://ns.inria.fr/zoomathia/APOLLONIUS/ἱστορίαι_θαυμάσιαι/g/1/25/text/1,http://dbpedia.org/resource/Dry_measure,dry,0.3062846859169624,DBpedia
http://ns.inria.fr/zoomathia/APOLLONIUS/ἱστορίαι_θαυμάσιαι/g/1/25/text/1,http://dbpedia.org/resource/Food,food,0.9971583403901865,DBpedia
http://ns.inria.fr/zoomathia/APOLLONIUS/ἱστορίαι_θαυμάσιαι/g/1/25/text/1,http://dbpedia.org/resource/Liquid,liquid,0.9987085892766829,DBpedia
http://ns.inria.fr/zoomathia/APOLLONIUS/ἱστορίαι_θαυμάσιαι/g/1/25/text/1,http://dbpedia.org/resource/Life,life,0.9954066232861304,DBpedia
http://ns.inria.fr/zoomathia/APOLLONIUS/ἱστορίαι_θαυμάσιαι/g/1/26/text/1,https://opentheso.huma-num.fr/?idc=pcrt6ccLQhgjJq&idt=th310,Aristotle,1,zoomathia_match
http://ns.inria.fr/zoomathia/APOLLONIUS/ἱστορίαι_θαυμάσιαι/g/1/26/text/1,https://opentheso.huma-num.fr/?idc=106471&idt=th310,death,1,zoomathia_match
http://ns.inria.fr/zoomathia/APOLLONIUS/ἱστορίαι_θαυμάσιαι/g/1/26/text/1,https://opentheso.huma-num.fr/?idc=105976&idt=th310,heart,1,zoomathia_match
http://ns.inria.fr/zoomathia/APOLLONIUS/ἱστορίαι_θαυμάσιαι/g/1/26/text/1,https://opentheso.huma-num.fr/?idc=105781&idt=th310,terrestrial,1,zoomathia_match
http://ns.inria.fr/zoomathia/APOLLONIUS/ἱστορίαι_θαυμάσιαι/g/1/26/text/1,https://opentheso.huma-num.fr/?idc=105782&idt=th310,aquatic,1,zoomathia_match
http://ns.inria.fr/zoomathia/APOLLONIUS/ἱστορίαι_θαυμάσιαι/g/1/26/text/1,https://www.wikidata.org/wiki/Q868,Aristotle,0.9074,wikidata
http://ns.inria.fr/zoomathia/APOLLONIUS/ἱστορίαι_θαυμάσιαι/g/1/26/text/1,http://dbpedia.org/resource/Aristotle,Aristotle,0.9999958673719916,DBpedia
http://ns.inria.fr/zoomathia/APOLLONIUS/ἱστορίαι_θαυμάσιαι/g/1/26/text/1,http://dbpedia.org/resource/Matter,matter,0.9996223011069668,DBpedia
http://ns.inria.fr/zoomathia/APOLLONIUS/ἱστορίαι_θαυμάσιαι/g/1/26/text/1,http://dbpedia.org/resource/Life,life,0.9988693420293441,DBpedia
http://ns.inria.fr/zoomathia/APOLLONIUS/ἱστορίαι_θαυμάσιαι/g/1/26/text/1,http://dbpedia.org/resource/Heart,heart,0.9985133267981969,DBpedia
http://ns.inria.fr/zoomathia/APOLLONIUS/ἱστορίαι_θαυμάσιαι/g/1/26/text/1,http://dbpedia.org/resource/Life,life,0.9988693420293441,DBpedia
http://ns.inria.fr/zoomathia/APOLLONIUS/ἱστορίαι_θαυμάσιαι/g/1/26/text/1,http://dbpedia.org/resource/Distinguishing,distinguish,0.9230394517055392,DBpedia
http://ns.inria.fr/zoomathia/APOLLONIUS/ἱστορίαι_θαυμάσιαι/g/1/26/text/1,http://dbpedia.org/resource/Terrestrial_animal,terrestrial,0.9979217912309901,DBpedia
http://ns.inria.fr/zoomathia/APOLLONIUS/ἱστορίαι_θαυμάσιαι/g/1/26/text/1,http://dbpedia.org/resource/Aquatic_animal,aquatic,0.9655375070790319,DBpedia
http://ns.inria.fr/zoomathia/APOLLONIUS/ἱστορίαι_θαυμάσιαι/g/1/27/text/1,https://opentheso.huma-num.fr/?idc=pcrt6ccLQhgjJq&idt=th310,Aristotle,1,zoomathia_match
http://ns.inria.fr/zoomathia/APOLLONIUS/ἱστορίαι_θαυμάσιαι/g/1/27/text/1,https://opentheso.huma-num.fr/?idc=105124&idt=th310,head,1,zoomathia_match
http://ns.inria.fr/zoomathia/APOLLONIUS/ἱστορίαι_θαυμάσιαι/g/1/27/text/1,https://opentheso.huma-num.fr/?idc=105124&idt=th310,head,1,zoomathia_match
http://ns.inria.fr/zoomathia/APOLLONIUS/ἱστορίαι_θαυμάσιαι/g/1/27/text/1,https://www.wikidata.org/wiki/Q868,Aristotle,0.9074,wikidata
http://ns.inria.fr/zoomathia/APOLLONIUS/ἱστορίαι_θαυμάσιαι/g/1/27/text/1,http://dbpedia.org/resource/Aristotle,Aristotle,0.9999612746543063,DBpedia
http://ns.inria.fr/zoomathia/APOLLONIUS/ἱστορίαι_θαυμάσιαι/g/1/27/text/1,http://dbpedia.org/resource/Animal,animals,0.9939529809222726,DBpedia
http://ns.inria.fr/zoomathia/APOLLONIUS/ἱστορίαι_θαυμάσιαι/g/1/27/text/1,http://dbpedia.org/resource/Treatise,treatises,0.9992387883512238,DBpedia
http://ns.inria.fr/zoomathia/APOLLONIUS/ἱστορίαι_θαυμάσιαι/g/1/27/text/1,http://dbpedia.org/resource/Animal,animals,0.9939529809222726,DBpedia
http://ns.inria.fr/zoomathia/APOLLONIUS/ἱστορίαι_θαυμάσιαι/g/1/27/text/1,http://dbpedia.org/resource/Animal,animals,0.9939529809222726,DBpedia
http://ns.inria.fr/zoomathia/APOLLONIUS/ἱστορίαι_θαυμάσιαι/g/1/27/text/1,http://dbpedia.org/resource/Moth,moths,0.9985751403092024,DBpedia
http://ns.inria.fr/zoomathia/APOLLONIUS/ἱστορίαι_θαυμάσιαι/g/1/27/text/1,http://dbpedia.org/resource/Head,head,0.8103355289424563,DBpedia
http://ns.inria.fr/zoomathia/APOLLONIUS/ἱστορίαι_θαυμάσιαι/g/1/27/text/1,http://dbpedia.org/resource/Vowel_length,long,0.7331221308731033,DBpedia
http://ns.inria.fr/zoomathia/APOLLONIUS/ἱστορίαι_θαυμάσιαι/g/1/27/text/1,http://dbpedia.org/resource/Terminology,term,0.9165996709458194,DBpedia
http://ns.inria.fr/zoomathia/APOLLONIUS/ἱστορίαι_θαυμάσιαι/g/1/27/text/1,http://dbpedia.org/resource/Disease,diseases,0.9879398175508437,DBpedia
http://ns.inria.fr/zoomathia/APOLLONIUS/ἱστορίαι_θαυμάσιαι/g/1/27/text/1,http://dbpedia.org/resource/Suffering,sufferers,0.9999999688582197,DBpedia
http://ns.inria.fr/zoomathia/APOLLONIUS/ἱστορίαι_θαυμάσιαι/g/1/27/text/1,http://dbpedia.org/resource/Head,head,0.8103355289424563,DBpedia
http://ns.inria.fr/zoomathia/APOLLONIUS/ἱστορίαι_θαυμάσιαι/g/1/27/text/1,http://dbpedia.org/resource/Benjamín_Arellano_Félix,remaining,0.9802441455022991,DBpedia
http://ns.inria.fr/zoomathia/APOLLONIUS/ἱστορίαι_θαυμάσιαι/g/1/27/text/1,http://dbpedia.org/resource/Per_capita,capita,0.9551418307590896,DBpedia
http://ns.inria.fr/zoomathia/APOLLONIUS/ἱστορίαι_θαυμάσιαι/g/1/28/text/1,https://opentheso.huma-num.fr/?idc=pcrt6ccLQhgjJq&idt=th310,Aristotle,1,zoomathia_match
http://ns.inria.fr/zoomathia/APOLLONIUS/ἱστορίαι_θαυμάσιαι/g/1/28/text/1,https://www.wikidata.org/wiki/Q868,Aristotle,0.9074,wikidata
http://ns.inria.fr/zoomathia/APOLLONIUS/ἱστορίαι_θαυμάσιαι/g/1/28/text/1,http://dbpedia.org/resource/Aristotle,Aristotle,0.9999139666764202,DBpedia
http://ns.inria.fr/zoomathia/APOLLONIUS/ἱστορίαι_θαυμάσιαι/g/1/28/text/1,http://dbpedia.org/resource/Animal,animals,0.9543311257418745,DBpedia
http://ns.inria.fr/zoomathia/APOLLONIUS/ἱστορίαι_θαυμάσιαι/g/1/28/text/1,http://dbpedia.org/resource/Taste,bitter,0.9867997685933582,DBpedia
http://ns.inria.fr/zoomathia/APOLLONIUS/ἱστορίαι_θαυμάσιαι/g/1/28/text/1,http://dbpedia.org/resource/Future,future,0.9620477033939971,DBpedia
http://ns.inria.fr/zoomathia/APOLLONIUS/ἱστορίαι_θαυμάσιαι/g/1/28/text/1,http://dbpedia.org/resource/Vowel_length,long,0.9621800234920909,DBpedia
http://ns.inria.fr/zoomathia/APOLLONIUS/ἱστορίαι_θαυμάσιαι/g/1/28/text/1,http://dbpedia.org/resource/Disease,illnesses,0.9999999852806242,DBpedia
http://ns.inria.fr/zoomathia/APOLLONIUS/ἱστορίαι_θαυμάσιαι/g/1/28/text/1,http://dbpedia.org/resource/Sweetness,sweet,0.9640183851616452,DBpedia
http://ns.inria.fr/zoomathia/APOLLONIUS/ἱστορίαι_θαυμάσιαι/g/1/28/text/1,http://dbpedia.org/resource/Observation,observed,0.9789200515317862,DBpedia
http://ns.inria.fr/zoomathia/APOLLONIUS/ἱστορίαι_θαυμάσιαι/g/1/29/text/1,https://opentheso.huma-num.fr/?idc=pcrtcLk6IaSllh&idt=th310,mitres,1,zoomathia_match
http://ns.inria.fr/zoomathia/APOLLONIUS/ἱστορίαι_θαυμάσιαι/g/1/29/text/1,https://opentheso.huma-num.fr/?idc=pcrtGSslMASdGf&idt=th310,days,1,zoomathia_match
http://ns.inria.fr/zoomathia/APOLLONIUS/ἱστορίαι_θαυμάσιαι/g/1/29/text/1,https://opentheso.huma-num.fr/?idc=107576&idt=th310,water,1,zoomathia_match
http://ns.inria.fr/zoomathia/APOLLONIUS/ἱστορίαι_θαυμάσιαι/g/1/29/text/1,https://www.wikidata.org/wiki/Q160362,Theophrastus,0.9157,wikidata
http://ns.inria.fr/zoomathia/APOLLONIUS/ἱστορίαι_θαυμάσιαι/g/1/29/text/1,http://dbpedia.org/resource/Theophrastus,Theophrastus,0.999999670889193,DBpedia
http://ns.inria.fr/zoomathia/APOLLONIUS/ἱστορίαι_θαυμάσιαι/g/1/29/text/1,http://dbpedia.org/resource/Treatise,treatise,0.9988410437104772,DBpedia
http://ns.inria.fr/zoomathia/APOLLONIUS/ἱστορίαι_θαυμάσιαι/g/1/29/text/1,http://dbpedia.org/resource/Plant,plants,0.9985143109885544,DBpedia
http://ns.inria.fr/zoomathia/APOLLONIUS/ἱστορίαι_θαυμάσιαι/g/1/29/text/1,http://dbpedia.org/resource/Miter_joint,mitres,0.9999983195283642,DBpedia
http://ns.inria.fr/zoomathia/APOLLONIUS/ἱστορίαι_θαυμάσιαι/g/1/29/text/1,http://dbpedia.org/resource/Autumn,fall,0.7208653376931536,DBpedia
http://ns.inria.fr/zoomathia/APOLLONIUS/ἱστορίαι_θαυμάσιαι/g/1/29/text/1,http://dbpedia.org/resource/Day,days,0.9871199072403685,DBpedia
http://ns.inria.fr/zoomathia/APOLLONIUS/ἱστορίαι_θαυμάσιαι/g/1/29/text/1,http://dbpedia.org/resource/Water,water,0.9466783211357788,DBpedia
http://ns.inria.fr/zoomathia/APOLLONIUS/ἱστορίαι_θαυμάσιαι/g/1/30/text/1,https://opentheso.huma-num.fr/?idc=pcrtT6k6V9tM3v&idt=th310,musician,1,zoomathia_match
http://ns.inria.fr/zoomathia/APOLLONIUS/ἱστορίαι_θαυμάσιαι/g/1/30/text/1,https://opentheso.huma-num.fr/?idc=pcrtOGcpENB4R9&idt=th310,herb,1,zoomathia_match
http://ns.inria.fr/zoomathia/APOLLONIUS/ἱστορίαι_θαυμάσιαι/g/1/30/text/1,https://opentheso.huma-num.fr/?idc=pcrtiaewgLXnZc&idt=th310,olive,1,zoomathia_match
http://ns.inria.fr/zoomathia/APOLLONIUS/ἱστορίαι_θαυμάσιαι/g/1/30/text/1,https://opentheso.huma-num.fr/?idc=pcrttvE2YZwZu6&idt=th310,oil,1,zoomathia_match
http://ns.inria.fr/zoomathia/APOLLONIUS/ἱστορίαι_θαυμάσιαι/g/1/30/text/1,http://dbpedia.org/resource/Musician,musician,0.8903995174903803,DBpedia
http://ns.inria.fr/zoomathia/APOLLONIUS/ἱστορίαι_θαυμάσιαι/g/1/30/text/1,http://dbpedia.org/resource/Wikipedia,excellent,0.9999861881564425,DBpedia
http://ns.inria.fr/zoomathia/APOLLONIUS/ἱστορίαι_θαυμάσιαι/g/1/30/text/1,http://dbpedia.org/resource/Quarantine,quarantining,0.9999999999834586,DBpedia
http://ns.inria.fr/zoomathia/APOLLONIUS/ἱστορίαι_θαυμάσιαι/g/1/30/text/1,http://dbpedia.org/resource/Herb,herb,0.9920724459713474,DBpedia
http://ns.inria.fr/zoomathia/APOLLONIUS/ἱστορίαι_θαυμάσιαι/g/1/30/text/1,http://dbpedia.org/resource/Olive_oil,olive oil,1.0,DBpedia
http://ns.inria.fr/zoomathia/APOLLONIUS/ἱστορίαι_θαυμάσιαι/g/1/30/text/1,http://dbpedia.org/resource/Stone_rubbing,rubbed,0.9999999999990337,DBpedia
http://ns.inria.fr/zoomathia/APOLLONIUS/ἱστορίαι_θαυμάσιαι/g/1/30/text/1,http://dbpedia.org/resource/Crusher,crushed,0.9975316007957713,DBpedia
http://ns.inria.fr/zoomathia/APOLLONIUS/ἱστορίαι_θαυμάσιαι/g/1/30/text/1,http://dbpedia.org/resource/Relief_pitcher,relieve,0.9436582765379976,DBpedia
http://ns.inria.fr/zoomathia/APOLLONIUS/ἱστορίαι_θαυμάσιαι/g/1/30/text/1,http://dbpedia.org/resource/Passion_of_Jesus,passion,0.7887125913004028,DBpedia
http://ns.inria.fr/zoomathia/APOLLONIUS/ἱστορίαι_θαυμάσιαι/g/1/31/text/1,https://opentheso.huma-num.fr/?idc=pcrtDtJwUVaZ0I&idt=th310,sheep,1,zoomathia_match
http://ns.inria.fr/zoomathia/APOLLONIUS/ἱστορίαι_θαυμάσιαι/g/1/31/text/1,https://opentheso.huma-num.fr/?idc=107968&idt=th310,pheasant,1,zoomathia_match
http://ns.inria.fr/zoomathia/APOLLONIUS/ἱστορίαι_θαυμάσιαι/g/1/31/text/1,https://opentheso.huma-num.fr/?idc=pcrtssUkdoIYx4&idt=th310,spins,1,zoomathia_match
http://ns.inria.fr/zoomathia/APOLLONIUS/ἱστορίαι_θαυμάσιαι/g/1/31/text/1,https://www.wikidata.org/wiki/Q160362,Theophrastus,0.9157,wikidata
http://ns.inria.fr/zoomathia/APOLLONIUS/ἱστορίαι_θαυμάσιαι/g/1/31/text/1,https://www.wikidata.org/wiki/Q190563,Pontus,0.8248,wikidata
http://ns.inria.fr/zoomathia/APOLLONIUS/ἱστορίαι_θαυμάσιαι/g/1/31/text/1,http://dbpedia.org/resource/Theophrastus,Theophrastus,0.9999938650705111,DBpedia
http://ns.inria.fr/zoomathia/APOLLONIUS/ἱστορίαι_θαυμάσιαι/g/1/31/text/1,http://dbpedia.org/resource/Matter,matter,0.9988338306477138,DBpedia
http://ns.inria.fr/zoomathia/APOLLONIUS/ἱστορίαι_θαυμάσιαι/g/1/31/text/1,http://dbpedia.org/resource/Plant,plants,0.9989063115176295,DBpedia
http://ns.inria.fr/zoomathia/APOLLONIUS/ἱστορίαι_θαυμάσιαι/g/1/31/text/1,http://dbpedia.org/resource/Sheep,sheep,0.9984023218956667,DBpedia
http://ns.inria.fr/zoomathia/APOLLONIUS/ἱστορίαι_θαυμάσιαι/g/1/31/text/1,http://dbpedia.org/resource/Figure_skating_spins,spins,0.8936711808860667,DBpedia
http://ns.inria.fr/zoomathia/APOLLONIUS/ἱστορίαι_θαυμάσιαι/g/1/31/text/1,http://dbpedia.org/resource/Kingdom_of_Pontus,Pontus,0.9428376664506432,DBpedia
http://ns.inria.fr/zoomathia/APOLLONIUS/ἱστορίαι_θαυμάσιαι/g/1/31/text/1,http://dbpedia.org/resource/Gall,gall,0.9987164309121118,DBpedia
http://ns.inria.fr/zoomathia/APOLLONIUS/ἱστορίαι_θαυμάσιαι/g/1/32/text/1,https://opentheso.huma-num.fr/?idc=107786&idt=th310,India,1,zoomathia_match
http://ns.inria.fr/zoomathia/APOLLONIUS/ἱστορίαι_θαυμάσιαι/g/1/32/text/1,https://www.wikidata.org/wiki/Q160362,Theophrastus,0.9157,wikidata
http://ns.inria.fr/zoomathia/APOLLONIUS/ἱστορίαι_θαυμάσιαι/g/1/32/text/1,https://www.wikidata.org/wiki/Q668,India,0.7048,wikidata
http://ns.inria.fr/zoomathia/APOLLONIUS/ἱστορίαι_θαυμάσιαι/g/1/32/text/1,http://dbpedia.org/resource/Theophrastus,Theophrastus,0.9996521310317482,DBpedia
http://ns.inria.fr/zoomathia/APOLLONIUS/ἱστορίαι_θαυμάσιαι/g/1/32/text/1,http://dbpedia.org/resource/Matter,matter,0.7446149262696845,DBpedia
http://ns.inria.fr/zoomathia/APOLLONIUS/ἱστορίαι_θαυμάσιαι/g/1/32/text/1,http://dbpedia.org/resource/Plant,plants,0.9240316919745917,DBpedia
http://ns.inria.fr/zoomathia/APOLLONIUS/ἱστορίαι_θαυμάσιαι/g/1/32/text/1,http://dbpedia.org/resource/India,India,0.40164384196554137,DBpedia
http://ns.inria.fr/zoomathia/APOLLONIUS/ἱστορίαι_θαυμάσιαι/g/1/32/text/1,http://dbpedia.org/resource/Lens,lens,0.6721670414452403,DBpedia
http://ns.inria.fr/zoomathia/APOLLONIUS/ἱστορίαι_θαυμάσιαι/g/1/33/text/1,https://opentheso.huma-num.fr/?idc=pcrtmhUStm5T6Y&idt=th310,fire,1,zoomathia_match
http://ns.inria.fr/zoomathia/APOLLONIUS/ἱστορίαι_θαυμάσιαι/g/1/33/text/1,https://opentheso.huma-num.fr/?idc=105270&idt=th310,size,1,zoomathia_match
http://ns.inria.fr/zoomathia/APOLLONIUS/ἱστορίαι_θαυμάσιαι/g/1/33/text/1,https://opentheso.huma-num.fr/?idc=pcrtiaewgLXnZc&idt=th310,olive,1,zoomathia_match
http://ns.inria.fr/zoomathia/APOLLONIUS/ἱστορίαι_θαυμάσιαι/g/1/33/text/1,https://www.wikidata.org/wiki/Q160362,Theophrastus,0.9157,wikidata
http://ns.inria.fr/zoomathia/APOLLONIUS/ἱστορίαι_θαυμάσιαι/g/1/33/text/1,https://www.wikidata.org/wiki/Q488880,Bactrian,0.6378,wikidata
http://ns.inria.fr/zoomathia/APOLLONIUS/ἱστορίαι_θαυμάσιαι/g/1/33/text/1,http://dbpedia.org/resource/Theophrastus,Theophrastus,0.9999958657723392,DBpedia
http://ns.inria.fr/zoomathia/APOLLONIUS/ἱστορίαι_θαυμάσιαι/g/1/33/text/1,http://dbpedia.org/resource/Plant,plants,0.995739122978532,DBpedia
http://ns.inria.fr/zoomathia/APOLLONIUS/ἱστορίαι_θαυμάσιαι/g/1/33/text/1,http://dbpedia.org/resource/Bactrian_language,Bactrian,0.852615537123682,DBpedia
http://ns.inria.fr/zoomathia/APOLLONIUS/ἱστορίαι_θαυμάσιαι/g/1/33/text/1,http://dbpedia.org/resource/Fire,fire,0.9757722144700989,DBpedia
http://ns.inria.fr/zoomathia/APOLLONIUS/ἱστορίαι_θαυμάσιαι/g/1/33/text/1,http://dbpedia.org/resource/Nobility,noble,0.9718943300895482,DBpedia
http://ns.inria.fr/zoomathia/APOLLONIUS/ἱστορίαι_θαυμάσιαι/g/1/33/text/1,http://dbpedia.org/resource/Olive,olive,0.9989930058718984,DBpedia
http://ns.inria.fr/zoomathia/APOLLONIUS/ἱστορίαι_θαυμάσιαι/g/1/33/text/1,http://dbpedia.org/resource/Seed,kernel,0.9148292201497673,DBpedia
http://ns.inria.fr/zoomathia/APOLLONIUS/ἱστορίαι_θαυμάσιαι/g/1/34/text/1,https://opentheso.huma-num.fr/?idc=pcrt9qjNZP355s&idt=th310,philosopher,1,zoomathia_match
http://ns.inria.fr/zoomathia/APOLLONIUS/ἱστορίαι_θαυμάσιαι/g/1/34/text/1,https://opentheso.huma-num.fr/?idc=105302&idt=th310,philosopher,1,zoomathia_match
http://ns.inria.fr/zoomathia/APOLLONIUS/ἱστορίαι_θαυμάσιαι/g/1/34/text/1,https://opentheso.huma-num.fr/?idc=pcrtLieaANMAud&idt=th310,wheat,1,zoomathia_match
http://ns.inria.fr/zoomathia/APOLLONIUS/ἱστορίαι_θαυμάσιαι/g/1/34/text/1,https://www.wikidata.org/wiki/Q38888,Olympia,0.4542,wikidata
http://ns.inria.fr/zoomathia/APOLLONIUS/ἱστορίαι_θαυμάσιαι/g/1/34/text/1,https://www.wikidata.org/wiki/Q144880,Zakynthos,0.4383,wikidata
http://ns.inria.fr/zoomathia/APOLLONIUS/ἱστορίαι_θαυμάσιαι/g/1/34/text/1,http://dbpedia.org/resource/Philosopher,philosopher,0.848300026093175,DBpedia
http://ns.inria.fr/zoomathia/APOLLONIUS/ἱστορίαι_θαυμάσιαι/g/1/34/text/1,http://dbpedia.org/resource/Olympia_London,Olympia,0.9664088604254207,DBpedia
http://ns.inria.fr/zoomathia/APOLLONIUS/ἱστορίαι_θαυμάσιαι/g/1/34/text/1,http://dbpedia.org/resource/Zakynthos,Zakynthos,0.9999969060387855,DBpedia
http://ns.inria.fr/zoomathia/APOLLONIUS/ἱστορίαι_θαυμάσιαι/g/1/34/text/1,http://dbpedia.org/resource/Mixed-sex_education,mixed,0.510759553390055,DBpedia
http://ns.inria.fr/zoomathia/APOLLONIUS/ἱστορίαι_θαυμάσιαι/g/1/34/text/1,http://dbpedia.org/resource/Earth,earth,0.9919912434156268,DBpedia
http://ns.inria.fr/zoomathia/APOLLONIUS/ἱστορίαι_θαυμάσιαι/g/1/34/text/1,http://dbpedia.org/resource/Italian_Winter_Sports_Federation,fisi,0.9999998648398594,DBpedia
http://ns.inria.fr/zoomathia/APOLLONIUS/ἱστορίαι_θαυμάσιαι/g/1/34/text/1,http://dbpedia.org/resource/Wheat,wheat,0.9997564896936232,DBpedia
http://ns.inria.fr/zoomathia/APOLLONIUS/ἱστορίαι_θαυμάσιαι/g/1/35/text/1,https://opentheso.huma-num.fr/?idc=pcrt0WrjgPTs33&idt=th310,men,1,zoomathia_match
http://ns.inria.fr/zoomathia/APOLLONIUS/ἱστορίαι_θαυμάσιαι/g/1/35/text/1,https://opentheso.huma-num.fr/?idc=pcrt6ccLQhgjJq&idt=th310,Aristotle,1,zoomathia_match
http://ns.inria.fr/zoomathia/APOLLONIUS/ἱστορίαι_θαυμάσιαι/g/1/35/text/1,https://www.wikidata.org/wiki/Q868,Aristotle,0.9074,wikidata
http://ns.inria.fr/zoomathia/APOLLONIUS/ἱστορίαι_θαυμάσιαι/g/1/35/text/1,https://www.wikidata.org/wiki/Q250816,Histories,0.5968,wikidata
http://ns.inria.fr/zoomathia/APOLLONIUS/ἱστορίαι_θαυμάσιαι/g/1/35/text/1,http://dbpedia.org/resource/Observation,observed,0.9957245935737733,DBpedia
http://ns.inria.fr/zoomathia/APOLLONIUS/ἱστορίαι_θαυμάσιαι/g/1/35/text/1,http://dbpedia.org/resource/Constantly_(Immature_song),constantly,0.6104978256592068,DBpedia
http://ns.inria.fr/zoomathia/APOLLONIUS/ἱστορίαι_θαυμάσιαι/g/1/35/text/1,http://dbpedia.org/resource/Man,men,0.866073649429359,DBpedia
http://ns.inria.fr/zoomathia/APOLLONIUS/ἱστορίαι_θαυμάσιαι/g/1/35/text/1,http://dbpedia.org/resource/Pleasure,pleasant,0.999999922287944,DBpedia
http://ns.inria.fr/zoomathia/APOLLONIUS/ἱστορίαι_θαυμάσιαι/g/1/35/text/1,http://dbpedia.org/resource/Aristotle,Aristotle,0.9999603282852577,DBpedia
http://ns.inria.fr/zoomathia/APOLLONIUS/ἱστορίαι_θαυμάσιαι/g/1/35/text/1,http://dbpedia.org/resource/Herodotus,Histories,0.9607463003580046,DBpedia
http://ns.inria.fr/zoomathia/APOLLONIUS/ἱστορίαι_θαυμάσιαι/g/1/36/text/1,https://opentheso.huma-num.fr/?idc=pcrtssUkdoIYx4&idt=th310,spun,1,zoomathia_match
http://ns.inria.fr/zoomathia/APOLLONIUS/ἱστορίαι_θαυμάσιαι/g/1/36/text/1,https://opentheso.huma-num.fr/?idc=pcrtR1mzakcqfp&idt=th310,woven,1,zoomathia_match
http://ns.inria.fr/zoomathia/APOLLONIUS/ἱστορίαι_θαυμάσιαι/g/1/36/text/1,https://opentheso.huma-num.fr/?idc=107576&idt=th310,water,1,zoomathia_match
http://ns.inria.fr/zoomathia/APOLLONIUS/ἱστορίαι_θαυμάσιαι/g/1/36/text/1,https://opentheso.huma-num.fr/?idc=pcrtihlJWfvH4v&idt=th310,vine,1,zoomathia_match
http://ns.inria.fr/zoomathia/APOLLONIUS/ἱστορίαι_θαυμάσιαι/g/1/36/text/1,https://opentheso.huma-num.fr/?idc=105614&idt=th310,attacked,1,zoomathia_match
http://ns.inria.fr/zoomathia/APOLLONIUS/ἱστορίαι_θαυμάσιαι/g/1/36/text/1,https://opentheso.huma-num.fr/?idc=108030&idt=th310,white,1,zoomathia_match
http://ns.inria.fr/zoomathia/APOLLONIUS/ἱστορίαι_θαυμάσιαι/g/1/36/text/1,https://opentheso.huma-num.fr/?idc=pcrtmhUStm5T6Y&idt=th310,fire,1,zoomathia_match
http://ns.inria.fr/zoomathia/APOLLONIUS/ἱστορίαι_θαυμάσιαι/g/1/36/text/1,https://opentheso.huma-num.fr/?idc=pcrttvE2YZwZu6&idt=th310,oil,1,zoomathia_match
http://ns.inria.fr/zoomathia/APOLLONIUS/ἱστορίαι_θαυμάσιαι/g/1/36/text/1,https://opentheso.huma-num.fr/?idc=105649&idt=th310,time,1,zoomathia_match
http://ns.inria.fr/zoomathia/APOLLONIUS/ἱστορίαι_θαυμάσιαι/g/1/36/text/1,https://opentheso.huma-num.fr/?idc=pcrttvE2YZwZu6&idt=th310,oil,1,zoomathia_match
http://ns.inria.fr/zoomathia/APOLLONIUS/ἱστορίαι_θαυμάσιαι/g/1/36/text/1,https://opentheso.huma-num.fr/?idc=105402&idt=th310,smell,1,zoomathia_match
http://ns.inria.fr/zoomathia/APOLLONIUS/ἱστορίαι_θαυμάσιαι/g/1/36/text/1,https://opentheso.huma-num.fr/?idc=107842&idt=th310,Cyprus,1,zoomathia_match
http://ns.inria.fr/zoomathia/APOLLONIUS/ἱστορίαι_θαυμάσιαι/g/1/36/text/1,https://opentheso.huma-num.fr/?idc=105661&idt=th310,full moon,1,zoomathia_match
http://ns.inria.fr/zoomathia/APOLLONIUS/ἱστορίαι_θαυμάσιαι/g/1/36/text/1,https://opentheso.huma-num.fr/?idc=pcrtZSukuWlnHA&idt=th310,moon,1,zoomathia_match
http://ns.inria.fr/zoomathia/APOLLONIUS/ἱστορίαι_θαυμάσιαι/g/1/36/text/1,https://opentheso.huma-num.fr/?idc=pcrtZSukuWlnHA&idt=th310,moon,1,zoomathia_match
http://ns.inria.fr/zoomathia/APOLLONIUS/ἱστορίαι_θαυμάσιαι/g/1/36/text/1,https://opentheso.huma-num.fr/?idc=105662&idt=th310,waning,1,zoomathia_match
http://ns.inria.fr/zoomathia/APOLLONIUS/ἱστορίαι_θαυμάσιαι/g/1/36/text/1,https://www.wikidata.org/wiki/Q995656,Karystos,0.4346,wikidata
http://ns.inria.fr/zoomathia/APOLLONIUS/ἱστορίαι_θαυμάσιαι/g/1/36/text/1,https://www.wikidata.org/wiki/Q229,Cyprus,0.4575,wikidata
http://ns.inria.fr/zoomathia/APOLLONIUS/ἱστορίαι_θαυμάσιαι/g/1/36/text/1,https://www.wikidata.org/wiki/Q22013701,Solus,0.4406,wikidata
http://ns.inria.fr/zoomathia/APOLLONIUS/ἱστορίαι_θαυμάσιαι/g/1/36/text/1,http://dbpedia.org/resource/Matter,matter,0.9818510107787981,DBpedia
http://ns.inria.fr/zoomathia/APOLLONIUS/ἱστορίαι_θαυμάσιαι/g/1/36/text/1,http://dbpedia.org/resource/Gemstone,stones,0.6704583878909915,DBpedia
http://ns.inria.fr/zoomathia/APOLLONIUS/ἱστορίαι_θαυμάσιαι/g/1/36/text/1,http://dbpedia.org/resource/Masonry,stone,0.5375254496234798,DBpedia
http://ns.inria.fr/zoomathia/APOLLONIUS/ἱστορίαι_θαυμάσιαι/g/1/36/text/1,http://dbpedia.org/resource/Epiphysis,epiphysis,0.9991488916699014,DBpedia
http://ns.inria.fr/zoomathia/APOLLONIUS/ἱστορίαι_θαυμάσιαι/g/1/36/text/1,http://dbpedia.org/resource/Handicraft,handcrafts,0.8420300463522581,DBpedia
http://ns.inria.fr/zoomathia/APOLLONIUS/ἱστορίαι_θαυμάσιαι/g/1/36/text/1,http://dbpedia.org/resource/Hand_spinning,spun,0.9401447455007951,DBpedia
http://ns.inria.fr/zoomathia/APOLLONIUS/ἱστορίαι_θαυμάσιαι/g/1/36/text/1,http://dbpedia.org/resource/Johnny_Shines,shines,0.9999960324476241,DBpedia
http://ns.inria.fr/zoomathia/APOLLONIUS/ἱστορίαι_θαυμάσιαι/g/1/36/text/1,http://dbpedia.org/resource/Burning_Bright,burning bright,0.9999999999998863,DBpedia
http://ns.inria.fr/zoomathia/APOLLONIUS/ἱστορίαι_θαυμάσιαι/g/1/36/text/1,http://dbpedia.org/resource/Washing,washing,0.9985571279236577,DBpedia
http://ns.inria.fr/zoomathia/APOLLONIUS/ἱστορίαι_θαυμάσιαι/g/1/36/text/1,http://dbpedia.org/resource/Mug,mugs,0.9999999999994316,DBpedia
http://ns.inria.fr/zoomathia/APOLLONIUS/ἱστορίαι_θαυμάσιαι/g/1/36/text/1,http://dbpedia.org/resource/The_Defiled,defiled,1.0,DBpedia
http://ns.inria.fr/zoomathia/APOLLONIUS/ἱστορίαι_θαυμάσιαι/g/1/36/text/1,http://dbpedia.org/resource/Water,water,0.9982023108211543,DBpedia
http://ns.inria.fr/zoomathia/APOLLONIUS/ἱστορίαι_θαυμάσιαι/g/1/36/text/1,http://dbpedia.org/resource/Vine,vine,0.9996312884551949,DBpedia
http://ns.inria.fr/zoomathia/APOLLONIUS/ἱστορίαι_θαυμάσιαι/g/1/36/text/1,http://dbpedia.org/resource/Combustion,burned,0.999807608329731,DBpedia
http://ns.inria.fr/zoomathia/APOLLONIUS/ἱστορίαι_θαυμάσιαι/g/1/36/text/1,http://dbpedia.org/resource/Attack_on_Pearl_Harbor,attacked,0.9204241606003741,DBpedia
http://ns.inria.fr/zoomathia/APOLLONIUS/ἱστορίαι_θαυμάσιαι/g/1/36/text/1,http://dbpedia.org/resource/Tumah_and_taharah,impurity,0.9999999996052225,DBpedia
http://ns.inria.fr/zoomathia/APOLLONIUS/ἱστορίαι_θαυμάσιαι/g/1/36/text/1,http://dbpedia.org/resource/Lava,flows,0.7379435740924988,DBpedia
http://ns.inria.fr/zoomathia/APOLLONIUS/ἱστορίαι_θαυμάσιαι/g/1/36/text/1,http://dbpedia.org/resource/White_people,white,0.6915564957193616,DBpedia
http://ns.inria.fr/zoomathia/APOLLONIUS/ἱστορίαι_θαυμάσιαι/g/1/36/text/1,http://dbpedia.org/resource/Sustainable_energy,clean,0.8602287995741851,DBpedia
http://ns.inria.fr/zoomathia/APOLLONIUS/ἱστορίαι_θαυμάσιαι/g/1/36/text/1,http://dbpedia.org/resource/Fire,fire,0.9999981306870459,DBpedia
http://ns.inria.fr/zoomathia/APOLLONIUS/ἱστορίαι_θαυμάσιαι/g/1/36/text/1,http://dbpedia.org/resource/Oil,oil,0.6599897244750965,DBpedia
http://ns.inria.fr/zoomathia/APOLLONIUS/ἱστορίαι_θαυμάσιαι/g/1/36/text/1,http://dbpedia.org/resource/Cadaver,remains,0.9997816669298856,DBpedia
http://ns.inria.fr/zoomathia/APOLLONIUS/ἱστορίαι_θαυμάσιαι/g/1/36/text/1,http://dbpedia.org/resource/Time,time,0.9364013636152152,DBpedia
http://ns.inria.fr/zoomathia/APOLLONIUS/ἱστορίαι_θαυμάσιαι/g/1/36/text/1,http://dbpedia.org/resource/Combustion,burning,0.8342368141079722,DBpedia
http://ns.inria.fr/zoomathia/APOLLONIUS/ἱστορίαι_θαυμάσιαι/g/1/36/text/1,http://dbpedia.org/resource/Oil,oil,0.6599897244750965,DBpedia
http://ns.inria.fr/zoomathia/APOLLONIUS/ἱστορίαι_θαυμάσιαι/g/1/36/text/1,http://dbpedia.org/resource/Odor,smell,0.9969575427486491,DBpedia
http://ns.inria.fr/zoomathia/APOLLONIUS/ἱστορίαι_θαυμάσιαι/g/1/36/text/1,http://dbpedia.org/resource/Combustion,burning,0.8342368141079722,DBpedia
http://ns.inria.fr/zoomathia/APOLLONIUS/ἱστορίαι_θαυμάσιαι/g/1/36/text/1,http://dbpedia.org/resource/Candle,candle,0.9999995467079433,DBpedia
http://ns.inria.fr/zoomathia/APOLLONIUS/ἱστορίαι_θαυμάσιαι/g/1/36/text/1,http://dbpedia.org/resource/Test_cricket,tests,0.8957817423591545,DBpedia
http://ns.inria.fr/zoomathia/APOLLONIUS/ἱστορίαι_θαυμάσιαι/g/1/36/text/1,http://dbpedia.org/resource/Death,dead,0.9999649359567079,DBpedia
http://ns.inria.fr/zoomathia/APOLLONIUS/ἱστορίαι_θαυμάσιαι/g/1/36/text/1,http://dbpedia.org/resource/Masonry,stone,0.5375254496234798,DBpedia
http://ns.inria.fr/zoomathia/APOLLONIUS/ἱστορίαι_θαυμάσιαι/g/1/36/text/1,http://dbpedia.org/resource/Karystos,Karystos,0.9990407451227844,DBpedia
http://ns.inria.fr/zoomathia/APOLLONIUS/ἱστορίαι_θαυμάσιαι/g/1/36/text/1,http://dbpedia.org/resource/Party,received,0.988968032890082,DBpedia
http://ns.inria.fr/zoomathia/APOLLONIUS/ἱστορίαι_θαυμάσιαι/g/1/36/text/1,http://dbpedia.org/resource/Cyprus,Cyprus,0.8996389084828672,DBpedia
http://ns.inria.fr/zoomathia/APOLLONIUS/ἱστορίαι_θαυμάσιαι/g/1/36/text/1,http://dbpedia.org/resource/Efferent_nerve_fiber,descending,0.9999967050685823,DBpedia
http://ns.inria.fr/zoomathia/APOLLONIUS/ἱστορίαι_θαυμάσιαι/g/1/36/text/1,http://dbpedia.org/resource/Soluntum,Solus,0.9999928940610604,DBpedia
http://ns.inria.fr/zoomathia/APOLLONIUS/ἱστορίαι_θαυμάσιαι/g/1/36/text/1,http://dbpedia.org/resource/Marching_band,marching,0.805110804293363,DBpedia
http://ns.inria.fr/zoomathia/APOLLONIUS/ἱστορίαι_θαυμάσιαι/g/1/36/text/1,http://dbpedia.org/resource/Gemstone,stones,0.6704583878909915,DBpedia
http://ns.inria.fr/zoomathia/APOLLONIUS/ἱστορίαι_θαυμάσιαι/g/1/36/text/1,http://dbpedia.org/resource/Full_moon,full moon,1.0,DBpedia
http://ns.inria.fr/zoomathia/APOLLONIUS/ἱστορίαι_θαυμάσιαι/g/1/36/text/1,http://dbpedia.org/resource/Moon,moon,0.9917663370369627,DBpedia
http://ns.inria.fr/zoomathia/APOLLONIUS/ἱστορίαι_θαυμάσιαι/g/1/36/text/1,http://dbpedia.org/resource/Masonry,stone,0.5375254496234798,DBpedia
http://ns.inria.fr/zoomathia/APOLLONIUS/ἱστορίαι_θαυμάσιαι/g/1/37/text/1,https://opentheso.huma-num.fr/?idc=pcrt6ccLQhgjJq&idt=th310,Aristotle,1,zoomathia_match
http://ns.inria.fr/zoomathia/APOLLONIUS/ἱστορίαι_θαυμάσιαι/g/1/37/text/1,https://opentheso.huma-num.fr/?idc=105131&idt=th310,mouth,1,zoomathia_match
http://ns.inria.fr/zoomathia/APOLLONIUS/ἱστορίαι_θαυμάσιαι/g/1/37/text/1,https://www.wikidata.org/wiki/Q868,Aristotle,0.9074,wikidata
http://ns.inria.fr/zoomathia/APOLLONIUS/ἱστορίαι_θαυμάσιαι/g/1/37/text/1,http://dbpedia.org/resource/Aristotle,Aristotle,0.9999352394623467,DBpedia
http://ns.inria.fr/zoomathia/APOLLONIUS/ἱστορίαι_θαυμάσιαι/g/1/37/text/1,http://dbpedia.org/resource/Physics,physical,0.32460727236278186,DBpedia
http://ns.inria.fr/zoomathia/APOLLONIUS/ἱστορίαι_θαυμάσιαι/g/1/37/text/1,http://dbpedia.org/resource/Breathing,breathing,0.9990125000234549,DBpedia
http://ns.inria.fr/zoomathia/APOLLONIUS/ἱστορίαι_θαυμάσιαι/g/1/37/text/1,http://dbpedia.org/resource/River_mouth,mouth,0.7195989319071388,DBpedia
http://ns.inria.fr/zoomathia/APOLLONIUS/ἱστορίαι_θαυμάσιαι/g/1/37/text/1,http://dbpedia.org/resource/General_relativity,curved,0.9019429845829486,DBpedia
http://ns.inria.fr/zoomathia/APOLLONIUS/ἱστορίαι_θαυμάσιαι/g/1/37/text/1,http://dbpedia.org/resource/Accident,incident,0.9999946773743714,DBpedia
http://ns.inria.fr/zoomathia/APOLLONIUS/ἱστορίαι_θαυμάσιαι/g/1/38/text/1,https://opentheso.huma-num.fr/?idc=105331&idt=th310,period,1,zoomathia_match
http://ns.inria.fr/zoomathia/APOLLONIUS/ἱστορίαι_θαυμάσιαι/g/1/38/text/1,https://opentheso.huma-num.fr/?idc=105331&idt=th310,period,1,zoomathia_match
http://ns.inria.fr/zoomathia/APOLLONIUS/ἱστορίαι_θαυμάσιαι/g/1/38/text/1,https://opentheso.huma-num.fr/?idc=107531&idt=th310,flowers,1,zoomathia_match
http://ns.inria.fr/zoomathia/APOLLONIUS/ἱστορίαι_θαυμάσιαι/g/1/38/text/1,https://opentheso.huma-num.fr/?idc=pcrteddANclva4&idt=th310,gather,1,zoomathia_match
http://ns.inria.fr/zoomathia/APOLLONIUS/ἱστορίαι_θαυμάσιαι/g/1/38/text/1,https://opentheso.huma-num.fr/?idc=pcrtsPauzzRS5z&idt=th310,honey,1,zoomathia_match
http://ns.inria.fr/zoomathia/APOLLONIUS/ἱστορίαι_θαυμάσιαι/g/1/38/text/1,https://opentheso.huma-num.fr/?idc=pcrtnpPag9iONJ&idt=th310,bees,1,zoomathia_match
http://ns.inria.fr/zoomathia/APOLLONIUS/ἱστορίαι_θαυμάσιαι/g/1/38/text/1,https://www.wikidata.org/wiki/Q284568,Libya,0.8754,wikidata
http://ns.inria.fr/zoomathia/APOLLONIUS/ἱστορίαι_θαυμάσιαι/g/1/38/text/1,https://www.wikidata.org/wiki/Q162413,Syrte,0.6996,wikidata
http://ns.inria.fr/zoomathia/APOLLONIUS/ἱστορίαι_θαυμάσιαι/g/1/38/text/1,https://www.wikidata.org/wiki/Q2429397,Carthage,0.8666,wikidata
http://ns.inria.fr/zoomathia/APOLLONIUS/ἱστορίαι_θαυμάσιαι/g/1/38/text/1,http://dbpedia.org/resource/HMS_Glorious,glorious,0.9991081149461822,DBpedia
http://ns.inria.fr/zoomathia/APOLLONIUS/ἱστορίαι_θαυμάσιαι/g/1/38/text/1,http://dbpedia.org/resource/Period_7_element,seventh period,0.9999999862916412,DBpedia
http://ns.inria.fr/zoomathia/APOLLONIUS/ἱστορίαι_θαυμάσιαι/g/1/38/text/1,http://dbpedia.org/resource/Orbital_period,period,0.6683453971106323,DBpedia
http://ns.inria.fr/zoomathia/APOLLONIUS/ἱστορίαι_θαυμάσιαι/g/1/38/text/1,http://dbpedia.org/resource/United_States,nation,0.9705422283043104,DBpedia
http://ns.inria.fr/zoomathia/APOLLONIUS/ἱστορίαι_θαυμάσιαι/g/1/38/text/1,http://dbpedia.org/resource/Libya,Libya,0.844917056115604,DBpedia
http://ns.inria.fr/zoomathia/APOLLONIUS/ἱστορίαι_θαυμάσιαι/g/1/38/text/1,http://dbpedia.org/resource/Carthage,Carthage,0.9162947466127754,DBpedia
http://ns.inria.fr/zoomathia/APOLLONIUS/ἱστορίαι_θαυμάσιαι/g/1/38/text/1,http://dbpedia.org/resource/East_Africa,east,0.6337544185291328,DBpedia
http://ns.inria.fr/zoomathia/APOLLONIUS/ἱστορίαι_θαυμάσιαι/g/1/38/text/1,http://dbpedia.org/resource/Call_to_the_bar,called,0.6655172641955585,DBpedia
http://ns.inria.fr/zoomathia/APOLLONIUS/ἱστορίαι_θαυμάσιαι/g/1/38/text/1,http://dbpedia.org/resource/Hunting,hunt,0.5732604490678515,DBpedia
http://ns.inria.fr/zoomathia/APOLLONIUS/ἱστορίαι_θαυμάσιαι/g/1/38/text/1,http://dbpedia.org/resource/Flower,flowers,0.9892690870692467,DBpedia
http://ns.inria.fr/zoomathia/APOLLONIUS/ἱστορίαι_θαυμάσιαι/g/1/38/text/1,http://dbpedia.org/resource/Honey,honey,0.9999996856075978,DBpedia
http://ns.inria.fr/zoomathia/APOLLONIUS/ἱστορίαι_θαυμάσιαι/g/1/38/text/1,http://dbpedia.org/resource/Bee,bees,0.8614194041693679,DBpedia
http://ns.inria.fr/zoomathia/APOLLONIUS/ἱστορίαι_θαυμάσιαι/g/1/39/text/1,https://opentheso.huma-num.fr/?idc=pcrt6ccLQhgjJq&idt=th310,Aristotle,1,zoomathia_match
http://ns.inria.fr/zoomathia/APOLLONIUS/ἱστορίαι_θαυμάσιαι/g/1/39/text/1,https://opentheso.huma-num.fr/?idc=105155&idt=th310,feet,1,zoomathia_match
http://ns.inria.fr/zoomathia/APOLLONIUS/ἱστορίαι_θαυμάσιαι/g/1/39/text/1,https://opentheso.huma-num.fr/?idc=105781&idt=th310,terrestrial,1,zoomathia_match
http://ns.inria.fr/zoomathia/APOLLONIUS/ἱστορίαι_θαυμάσιαι/g/1/39/text/1,https://opentheso.huma-num.fr/?idc=pcrtYSaMriYJvU&idt=th310,crocodile,1,zoomathia_match
http://ns.inria.fr/zoomathia/APOLLONIUS/ἱστορίαι_θαυμάσιαι/g/1/39/text/1,https://www.wikidata.org/wiki/Q868,Aristotle,0.6919,wikidata
http://ns.inria.fr/zoomathia/APOLLONIUS/ἱστορίαι_θαυμάσιαι/g/1/39/text/1,https://www.wikidata.org/wiki/Q59133,Paphos,0.6904,wikidata
http://ns.inria.fr/zoomathia/APOLLONIUS/ἱστορίαι_θαυμάσιαι/g/1/39/text/1,https://www.wikidata.org/wiki/Q372949,two feet,0.4429,wikidata
http://ns.inria.fr/zoomathia/APOLLONIUS/ἱστορίαι_θαυμάσιαι/g/1/39/text/1,http://dbpedia.org/resource/Aristotle,Aristotle,0.9999917099222567,DBpedia
http://ns.inria.fr/zoomathia/APOLLONIUS/ἱστορίαι_θαυμάσιαι/g/1/39/text/1,http://dbpedia.org/resource/Anatomy,anatomists,0.9999999949006906,DBpedia
http://ns.inria.fr/zoomathia/APOLLONIUS/ἱστορίαι_θαυμάσιαι/g/1/39/text/1,http://dbpedia.org/resource/Eclogues,eclogues,0.8922079301160479,DBpedia
http://ns.inria.fr/zoomathia/APOLLONIUS/ἱστορίαι_θαυμάσιαι/g/1/39/text/1,http://dbpedia.org/resource/Paphos,Paphos,0.9787809296491102,DBpedia
http://ns.inria.fr/zoomathia/APOLLONIUS/ἱστορίαι_θαυμάσιαι/g/1/39/text/1,http://dbpedia.org/resource/Terrestrial_animal,terrestrial,0.9943454627431858,DBpedia
http://ns.inria.fr/zoomathia/APOLLONIUS/ἱστορίαι_θαυμάσιαι/g/1/39/text/1,http://dbpedia.org/resource/Crocodile,crocodile,0.9973406902637997,DBpedia
http://ns.inria.fr/zoomathia/APOLLONIUS/ἱστορίαι_θαυμάσιαι/g/1/40/text/1,https://opentheso.huma-num.fr/?idc=pcrtT6k6V9tM3v&idt=th310,musician,1,zoomathia_match
http://ns.inria.fr/zoomathia/APOLLONIUS/ἱστορίαι_θαυμάσιαι/g/1/40/text/1,https://opentheso.huma-num.fr/?idc=105718&idt=th310,Italy,1,zoomathia_match
http://ns.inria.fr/zoomathia/APOLLONIUS/ἱστορίαι_θαυμάσιαι/g/1/40/text/1,https://opentheso.huma-num.fr/?idc=105649&idt=th310,time,1,zoomathia_match
http://ns.inria.fr/zoomathia/APOLLONIUS/ἱστορίαι_θαυμάσιαι/g/1/40/text/1,https://opentheso.huma-num.fr/?idc=pcrtGm7ZMfoQrc&idt=th310,born,1,zoomathia_match
http://ns.inria.fr/zoomathia/APOLLONIUS/ἱστορίαι_θαυμάσιαι/g/1/40/text/1,https://opentheso.huma-num.fr/?idc=105381&idt=th310,jumped,1,zoomathia_match
http://ns.inria.fr/zoomathia/APOLLONIUS/ἱστορίαι_θαυμάσιαι/g/1/40/text/1,https://opentheso.huma-num.fr/?idc=pcrtGSslMASdGf&idt=th310,day,1,zoomathia_match
http://ns.inria.fr/zoomathia/APOLLONIUS/ἱστορίαι_θαυμάσιαι/g/1/40/text/1,https://opentheso.huma-num.fr/?idc=105655&idt=th310,spring,1,zoomathia_match
http://ns.inria.fr/zoomathia/APOLLONIUS/ἱστορίαι_θαυμάσιαι/g/1/40/text/1,https://opentheso.huma-num.fr/?idc=pcrtGm7ZMfoQrc&idt=th310,born,1,zoomathia_match
http://ns.inria.fr/zoomathia/APOLLONIUS/ἱστορίαι_θαυμάσιαι/g/1/40/text/1,https://opentheso.huma-num.fr/?idc=105718&idt=th310,Italy,1,zoomathia_match
http://ns.inria.fr/zoomathia/APOLLONIUS/ἱστορίαι_θαυμάσιαι/g/1/40/text/1,https://www.wikidata.org/wiki/Q38,Italy,0.4622,wikidata
http://ns.inria.fr/zoomathia/APOLLONIUS/ἱστορίαι_θαυμάσιαι/g/1/40/text/1,https://www.wikidata.org/wiki/Q764236,Locrians,0.4505,wikidata
http://ns.inria.fr/zoomathia/APOLLONIUS/ἱστορίαι_θαυμάσιαι/g/1/40/text/1,https://www.wikidata.org/wiki/Q38,Italy,0.4622,wikidata
http://ns.inria.fr/zoomathia/APOLLONIUS/ἱστορίαι_θαυμάσιαι/g/1/40/text/1,http://dbpedia.org/resource/The_Musician_(Bartholomeus_van_der_Helst_painting),The musician,0.9999929267012865,DBpedia
http://ns.inria.fr/zoomathia/APOLLONIUS/ἱστορίαι_θαυμάσιαι/g/1/40/text/1,http://dbpedia.org/resource/Wikipedia,excellent,0.9999983101818155,DBpedia
http://ns.inria.fr/zoomathia/APOLLONIUS/ἱστορίαι_θαυμάσιαι/g/1/40/text/1,http://dbpedia.org/resource/Life,life,0.5124503228301667,DBpedia
http://ns.inria.fr/zoomathia/APOLLONIUS/ἱστορίαι_θαυμάσιαι/g/1/40/text/1,http://dbpedia.org/resource/Italy,Italy,0.8172505717322364,DBpedia
http://ns.inria.fr/zoomathia/APOLLONIUS/ἱστορίαι_θαυμάσιαι/g/1/40/text/1,http://dbpedia.org/resource/Concurring_opinion,concurred,0.9999999999958504,DBpedia
http://ns.inria.fr/zoomathia/APOLLONIUS/ἱστορίαι_θαυμάσιαι/g/1/40/text/1,http://dbpedia.org/resource/Time_signature,time,0.5800863432636855,DBpedia
http://ns.inria.fr/zoomathia/APOLLONIUS/ἱστορίαι_θαυμάσιαι/g/1/40/text/1,http://dbpedia.org/resource/Passion_of_Jesus,passions,0.9536839779605276,DBpedia
http://ns.inria.fr/zoomathia/APOLLONIUS/ἱστορίαι_θαυμάσιαι/g/1/40/text/1,http://dbpedia.org/resource/Matter,matter,0.9991345355300293,DBpedia
http://ns.inria.fr/zoomathia/APOLLONIUS/ἱστορίαι_θαυμάσιαι/g/1/40/text/1,http://dbpedia.org/resource/Obedience_(human_behavior),obeyed,0.9935024498997558,DBpedia
http://ns.inria.fr/zoomathia/APOLLONIUS/ἱστορίαι_θαυμάσιαι/g/1/40/text/1,http://dbpedia.org/resource/Red_Bull_Stratos,jumped,0.9999997277567816,DBpedia
http://ns.inria.fr/zoomathia/APOLLONIUS/ἱστορίαι_θαυμάσιαι/g/1/40/text/1,http://dbpedia.org/resource/Divination,divined,0.9999999999990905,DBpedia
http://ns.inria.fr/zoomathia/APOLLONIUS/ἱστορίαι_θαυμάσιαι/g/1/40/text/1,http://dbpedia.org/resource/Locrians,Locrians,0.911705380658736,DBpedia
http://ns.inria.fr/zoomathia/APOLLONIUS/ἱστορίαι_θαυμάσιαι/g/1/40/text/1,http://dbpedia.org/resource/Software_release_life_cycle,release,0.7890047550347841,DBpedia
http://ns.inria.fr/zoomathia/APOLLONIUS/ἱστορίαι_θαυμάσιαι/g/1/40/text/1,http://dbpedia.org/resource/Passion_of_Jesus,passion,0.9994588908673177,DBpedia
http://ns.inria.fr/zoomathia/APOLLONIUS/ἱστορίαι_θαυμάσιαι/g/1/40/text/1,http://dbpedia.org/resource/God,god,0.9871206547418371,DBpedia
http://ns.inria.fr/zoomathia/APOLLONIUS/ἱστορίαι_θαυμάσιαι/g/1/40/text/1,http://dbpedia.org/resource/Child,child,0.977674962271783,DBpedia
http://ns.inria.fr/zoomathia/APOLLONIUS/ἱστορίαι_θαυμάσιαι/g/1/40/text/1,http://dbpedia.org/resource/Twelve_Days_of_Christmas,twelfth day,1.0,DBpedia
http://ns.inria.fr/zoomathia/APOLLONIUS/ἱστορίαι_θαυμάσιαι/g/1/40/text/1,http://dbpedia.org/resource/Hooke's_law,spring,0.7995440460139561,DBpedia
http://ns.inria.fr/zoomathia/APOLLONIUS/ἱστορίαι_θαυμάσιαι/g/1/40/text/1,http://dbpedia.org/resource/Pianist,pianists,0.9722098996827715,DBpedia
http://ns.inria.fr/zoomathia/APOLLONIUS/ἱστορίαι_θαυμάσιαι/g/1/40/text/1,http://dbpedia.org/resource/Italy,Italy,0.8172505717322364,DBpedia
http://ns.inria.fr/zoomathia/APOLLONIUS/ἱστορίαι_θαυμάσιαι/g/1/41/text/1,https://opentheso.huma-num.fr/?idc=pcrt2t2EtFSnPv&idt=th310,scorpion,1,zoomathia_match
http://ns.inria.fr/zoomathia/APOLLONIUS/ἱστορίαι_θαυμάσιαι/g/1/41/text/1,https://opentheso.huma-num.fr/?idc=pcrtOGcpENB4R9&idt=th310,herb,1,zoomathia_match
http://ns.inria.fr/zoomathia/APOLLONIUS/ἱστορίαι_θαυμάσιαι/g/1/41/text/1,https://opentheso.huma-num.fr/?idc=105614&idt=th310,attacking,1,zoomathia_match
http://ns.inria.fr/zoomathia/APOLLONIUS/ἱστορίαι_θαυμάσιαι/g/1/41/text/1,https://opentheso.huma-num.fr/?idc=pcrt2t2EtFSnPv&idt=th310,scorpions,1,zoomathia_match
http://ns.inria.fr/zoomathia/APOLLONIUS/ἱστορίαι_θαυμάσιαι/g/1/41/text/1,https://opentheso.huma-num.fr/?idc=pcrtmFiiOHIboO&idt=th310,dries,1,zoomathia_match
http://ns.inria.fr/zoomathia/APOLLONIUS/ἱστορίαι_θαυμάσιαι/g/1/41/text/1,https://www.wikidata.org/wiki/Q160362,Theophrastus,0.9157,wikidata
http://ns.inria.fr/zoomathia/APOLLONIUS/ἱστορίαι_θαυμάσιαι/g/1/41/text/1,http://dbpedia.org/resource/Theophrastus,Theophrastus,0.9999998427174556,DBpedia
http://ns.inria.fr/zoomathia/APOLLONIUS/ἱστορίαι_θαυμάσιαι/g/1/41/text/1,http://dbpedia.org/resource/Plant,plants,0.9651797068837953,DBpedia
http://ns.inria.fr/zoomathia/APOLLONIUS/ἱστορίαι_θαυμάσιαι/g/1/41/text/1,http://dbpedia.org/resource/Scorpion,scorpion,0.9999895804497199,DBpedia
http://ns.inria.fr/zoomathia/APOLLONIUS/ἱστορίαι_θαυμάσιαι/g/1/41/text/1,http://dbpedia.org/resource/Herb,herb,0.9597225558049872,DBpedia
http://ns.inria.fr/zoomathia/APOLLONIUS/ἱστορίαι_θαυμάσιαι/g/1/41/text/1,http://dbpedia.org/resource/Woman,woman,0.9989166508357099,DBpedia
http://ns.inria.fr/zoomathia/APOLLONIUS/ἱστορίαι_θαυμάσιαι/g/1/41/text/1,http://dbpedia.org/resource/Midfielder,attacking,0.8500806129314328,DBpedia
http://ns.inria.fr/zoomathia/APOLLONIUS/ἱστορίαι_θαυμάσιαι/g/1/41/text/1,http://dbpedia.org/resource/Scorpion,scorpions,0.9999999394813717,DBpedia
http://ns.inria.fr/zoomathia/APOLLONIUS/ἱστορίαι_θαυμάσιαι/g/1/41/text/1,http://dbpedia.org/resource/Desiccation,dries,0.9999865615155855,DBpedia
http://ns.inria.fr/zoomathia/APOLLONIUS/ἱστορίαι_θαυμάσιαι/g/1/42/text/1,https://opentheso.huma-num.fr/?idc=107612&idt=th310,ulcer,1,zoomathia_match
http://ns.inria.fr/zoomathia/APOLLONIUS/ἱστορίαι_θαυμάσιαι/g/1/42/text/1,https://opentheso.huma-num.fr/?idc=105909&idt=th310,veins,1,zoomathia_match
http://ns.inria.fr/zoomathia/APOLLONIUS/ἱστορίαι_θαυμάσιαι/g/1/42/text/1,http://dbpedia.org/resource/Observation,observed,0.835157765923538,DBpedia
http://ns.inria.fr/zoomathia/APOLLONIUS/ἱστορίαι_θαυμάσιαι/g/1/42/text/1,http://dbpedia.org/resource/Computational_complexity_theory,intractable,0.9758812103349371,DBpedia
http://ns.inria.fr/zoomathia/APOLLONIUS/ἱστορίαι_θαυμάσιαι/g/1/42/text/1,http://dbpedia.org/resource/Spleen,splenic,0.9999999999294289,DBpedia
http://ns.inria.fr/zoomathia/APOLLONIUS/ἱστορίαι_θαυμάσιαι/g/1/42/text/1,http://dbpedia.org/resource/Varicose_veins,varicose veins,1.0,DBpedia
http://ns.inria.fr/zoomathia/APOLLONIUS/ἱστορίαι_θαυμάσιαι/g/1/42/text/1,http://dbpedia.org/resource/Thigh,thighs,0.999973505567088,DBpedia
http://ns.inria.fr/zoomathia/APOLLONIUS/ἱστορίαι_θαυμάσιαι/g/1/43/text/1,https://opentheso.huma-num.fr/?idc=pcrtVDsVISbczA&idt=th310,Cilicia,1,zoomathia_match
http://ns.inria.fr/zoomathia/APOLLONIUS/ἱστορίαι_θαυμάσιαι/g/1/43/text/1,https://opentheso.huma-num.fr/?idc=105186&idt=th310,blood,1,zoomathia_match
http://ns.inria.fr/zoomathia/APOLLONIUS/ἱστορίαι_θαυμάσιαι/g/1/43/text/1,https://www.wikidata.org/wiki/Q160362,Theophrastus,0.9157,wikidata
http://ns.inria.fr/zoomathia/APOLLONIUS/ἱστορίαι_θαυμάσιαι/g/1/43/text/1,https://www.wikidata.org/wiki/Q620864,Cilicia,0.8787,wikidata
http://ns.inria.fr/zoomathia/APOLLONIUS/ἱστορίαι_θαυμάσιαι/g/1/43/text/1,https://www.wikidata.org/wiki/Q162277,Alexander,0.5093,wikidata
http://ns.inria.fr/zoomathia/APOLLONIUS/ἱστορίαι_θαυμάσιαι/g/1/43/text/1,https://www.wikidata.org/wiki/Q102865,Darius,0.5704,wikidata
http://ns.inria.fr/zoomathia/APOLLONIUS/ἱστορίαι_θαυμάσιαι/g/1/43/text/1,http://dbpedia.org/resource/Theophrastus,Theophrastus,0.9999793693608224,DBpedia
http://ns.inria.fr/zoomathia/APOLLONIUS/ἱστορίαι_θαυμάσιαι/g/1/43/text/1,http://dbpedia.org/resource/Plant,plants,0.6900550092440213,DBpedia
http://ns.inria.fr/zoomathia/APOLLONIUS/ἱστορίαι_θαυμάσιαι/g/1/43/text/1,http://dbpedia.org/resource/Soluntum,Solus,0.9999030935694112,DBpedia
http://ns.inria.fr/zoomathia/APOLLONIUS/ἱστορίαι_θαυμάσιαι/g/1/43/text/1,http://dbpedia.org/resource/Cilicia,Cilicia,0.9993685174889211,DBpedia
http://ns.inria.fr/zoomathia/APOLLONIUS/ἱστορίαι_θαυμάσιαι/g/1/43/text/1,http://dbpedia.org/resource/Call_to_the_bar,called,0.5680060039255604,DBpedia
http://ns.inria.fr/zoomathia/APOLLONIUS/ἱστορίαι_θαυμάσιαι/g/1/43/text/1,http://dbpedia.org/resource/Alexander_the_Great,Alexander,0.9999996560633259,DBpedia
http://ns.inria.fr/zoomathia/APOLLONIUS/ἱστορίαι_θαυμάσιαι/g/1/43/text/1,http://dbpedia.org/resource/Darius_III,Darius,0.9341789388003355,DBpedia
http://ns.inria.fr/zoomathia/APOLLONIUS/ἱστορίαι_θαυμάσιαι/g/1/43/text/1,http://dbpedia.org/resource/Fireless_locomotive,fireless,0.9999999999999432,DBpedia
http://ns.inria.fr/zoomathia/APOLLONIUS/ἱστορίαι_θαυμάσιαι/g/1/43/text/1,http://dbpedia.org/resource/Cereal,grains,0.8139382828706472,DBpedia
http://ns.inria.fr/zoomathia/APOLLONIUS/ἱστορίαι_θαυμάσιαι/g/1/43/text/1,http://dbpedia.org/resource/Blood,blood,0.9280838483916747,DBpedia
http://ns.inria.fr/zoomathia/APOLLONIUS/ἱστορίαι_θαυμάσιαι/g/1/44/text/1,https://opentheso.huma-num.fr/?idc=pcrt6ccLQhgjJq&idt=th310,Aristotle,1,zoomathia_match
http://ns.inria.fr/zoomathia/APOLLONIUS/ἱστορίαι_θαυμάσιαι/g/1/44/text/1,https://opentheso.huma-num.fr/?idc=pcrtK3Ric1GReJ&idt=th310,book,1,zoomathia_match
http://ns.inria.fr/zoomathia/APOLLONIUS/ἱστορίαι_θαυμάσιαι/g/1/44/text/1,https://opentheso.huma-num.fr/?idc=pcrtnpPag9iONJ&idt=th310,bee,1,zoomathia_match
http://ns.inria.fr/zoomathia/APOLLONIUS/ἱστορίαι_θαυμάσιαι/g/1/44/text/1,https://opentheso.huma-num.fr/?idc=pcrtnpPag9iONJ&idt=th310,bees,1,zoomathia_match
http://ns.inria.fr/zoomathia/APOLLONIUS/ἱστορίαι_θαυμάσιαι/g/1/44/text/1,https://www.wikidata.org/wiki/Q868,Aristotle,0.9074,wikidata
http://ns.inria.fr/zoomathia/APOLLONIUS/ἱστορίαι_θαυμάσιαι/g/1/44/text/1,http://dbpedia.org/resource/Aristotle,Aristotle,0.9999891909974221,DBpedia
http://ns.inria.fr/zoomathia/APOLLONIUS/ἱστορίαι_θαυμάσιαι/g/1/44/text/1,http://dbpedia.org/resource/Animal,animals,0.9977823723285419,DBpedia
http://ns.inria.fr/zoomathia/APOLLONIUS/ἱστορίαι_θαυμάσιαι/g/1/44/text/1,http://dbpedia.org/resource/Expulsion_of_the_Moriscos,expelling,0.9999640148260268,DBpedia
http://ns.inria.fr/zoomathia/APOLLONIUS/ἱστορίαι_θαυμάσιαι/g/1/44/text/1,http://dbpedia.org/resource/Stinger,stinger,0.9999912671370521,DBpedia
http://ns.inria.fr/zoomathia/APOLLONIUS/ἱστορίαι_θαυμάσιαι/g/1/44/text/1,http://dbpedia.org/resource/Death,dies,0.738937948902284,DBpedia
http://ns.inria.fr/zoomathia/APOLLONIUS/ἱστορίαι_θαυμάσιαι/g/1/44/text/1,http://dbpedia.org/resource/Bee,bees,0.9670110417839679,DBpedia
http://ns.inria.fr/zoomathia/APOLLONIUS/ἱστορίαι_θαυμάσιαι/g/1/44/text/1,http://dbpedia.org/resource/Album,live,0.8775764661400348,DBpedia
http://ns.inria.fr/zoomathia/APOLLONIUS/ἱστορίαι_θαυμάσιαι/g/1/44/text/1,http://dbpedia.org/resource/Swarm_behaviour,swarm,0.9994178186945127,DBpedia
http://ns.inria.fr/zoomathia/APOLLONIUS/ἱστορίαι_θαυμάσιαι/g/1/45/text/1,https://opentheso.huma-num.fr/?idc=108030&idt=th310,white,1,zoomathia_match
http://ns.inria.fr/zoomathia/APOLLONIUS/ἱστορίαι_θαυμάσιαι/g/1/45/text/1,https://opentheso.huma-num.fr/?idc=107531&idt=th310,flowers,1,zoomathia_match
http://ns.inria.fr/zoomathia/APOLLONIUS/ἱστορίαι_θαυμάσιαι/g/1/45/text/1,https://opentheso.huma-num.fr/?idc=pcrtlKNhumKaYq&idt=th310,lamps,1,zoomathia_match
http://ns.inria.fr/zoomathia/APOLLONIUS/ἱστορίαι_θαυμάσιαι/g/1/45/text/1,https://opentheso.huma-num.fr/?idc=107043&idt=th310,morning,1,zoomathia_match
http://ns.inria.fr/zoomathia/APOLLONIUS/ἱστορίαι_θαυμάσιαι/g/1/45/text/1,https://opentheso.huma-num.fr/?idc=pcrtQPGouseprK&idt=th310,crown,1,zoomathia_match
http://ns.inria.fr/zoomathia/APOLLONIUS/ἱστορίαι_θαυμάσιαι/g/1/45/text/1,https://opentheso.huma-num.fr/?idc=pcrt2aNbXIrwAp&idt=th310,jewels,1,zoomathia_match
http://ns.inria.fr/zoomathia/APOLLONIUS/ἱστορίαι_θαυμάσιαι/g/1/45/text/1,https://opentheso.huma-num.fr/?idc=pcrtUqBbtbUOzF&idt=th310,jewels,1,zoomathia_match
http://ns.inria.fr/zoomathia/APOLLONIUS/ἱστορίαι_θαυμάσιαι/g/1/45/text/1,http://dbpedia.org/resource/Uniform_Monday_Holiday_Act,observed,0.9000925713768769,DBpedia
http://ns.inria.fr/zoomathia/APOLLONIUS/ἱστορίαι_θαυμάσιαι/g/1/45/text/1,http://dbpedia.org/resource/White,white,0.9890536630105105,DBpedia
http://ns.inria.fr/zoomathia/APOLLONIUS/ἱστορίαι_θαυμάσιαι/g/1/45/text/1,http://dbpedia.org/resource/Flower,flowers,0.9998736326903087,DBpedia
http://ns.inria.fr/zoomathia/APOLLONIUS/ἱστορίαι_θαυμάσιαι/g/1/45/text/1,http://dbpedia.org/resource/Wreath,wreaths,0.9990245091062153,DBpedia
http://ns.inria.fr/zoomathia/APOLLONIUS/ἱστορίαι_θαυμάσιαι/g/1/45/text/1,http://dbpedia.org/resource/Oil_lamp,lamps,0.7650065809923506,DBpedia
http://ns.inria.fr/zoomathia/APOLLONIUS/ἱστορίαι_θαυμάσιαι/g/1/45/text/1,http://dbpedia.org/resource/Combustion,burned,0.9742165881928504,DBpedia
http://ns.inria.fr/zoomathia/APOLLONIUS/ἱστορίαι_θαυμάσιαι/g/1/45/text/1,http://dbpedia.org/resource/Night,night,0.9909042277646125,DBpedia
http://ns.inria.fr/zoomathia/APOLLONIUS/ἱστορίαι_θαυμάσιαι/g/1/45/text/1,http://dbpedia.org/resource/Britain_Stronger_in_Europe,remain,0.8946565855245504,DBpedia
http://ns.inria.fr/zoomathia/APOLLONIUS/ἱστορίαι_θαυμάσιαι/g/1/45/text/1,http://dbpedia.org/resource/Crown_Jewels_of_the_United_Kingdom,crown jewels,0.7796207316159908,DBpedia
http://ns.inria.fr/zoomathia/APOLLONIUS/ἱστορίαι_θαυμάσιαι/g/1/46/text/1,https://opentheso.huma-num.fr/?idc=pcrtzOFeK4FZEf&idt=th310,vegetable,1,zoomathia_match
http://ns.inria.fr/zoomathia/APOLLONIUS/ἱστορίαι_θαυμάσιαι/g/1/46/text/1,https://opentheso.huma-num.fr/?idc=105176&idt=th310,shells,1,zoomathia_match
http://ns.inria.fr/zoomathia/APOLLONIUS/ἱστορίαι_θαυμάσιαι/g/1/46/text/1,https://opentheso.huma-num.fr/?idc=107387&idt=th310,roots,1,zoomathia_match
http://ns.inria.fr/zoomathia/APOLLONIUS/ἱστορίαι_θαυμάσιαι/g/1/46/text/1,https://opentheso.huma-num.fr/?idc=107538&idt=th310,trees,1,zoomathia_match
http://ns.inria.fr/zoomathia/APOLLONIUS/ἱστορίαι_θαυμάσιαι/g/1/46/text/1,https://opentheso.huma-num.fr/?idc=pcrtmFiiOHIboO&idt=th310,dry,1,zoomathia_match
http://ns.inria.fr/zoomathia/APOLLONIUS/ἱστορίαι_θαυμάσιαι/g/1/46/text/1,https://opentheso.huma-num.fr/?idc=105428&idt=th310,reason,1,zoomathia_match
http://ns.inria.fr/zoomathia/APOLLONIUS/ἱστορίαι_θαυμάσιαι/g/1/46/text/1,https://opentheso.huma-num.fr/?idc=105428&idt=th310,reason,1,zoomathia_match
http://ns.inria.fr/zoomathia/APOLLONIUS/ἱστορίαι_θαυμάσιαι/g/1/46/text/1,https://opentheso.huma-num.fr/?idc=106496&idt=th310,dreams,1,zoomathia_match
http://ns.inria.fr/zoomathia/APOLLONIUS/ἱστορίαι_θαυμάσιαι/g/1/46/text/1,https://www.wikidata.org/wiki/Q160362,Theophrastus,0.9157,wikidata
http://ns.inria.fr/zoomathia/APOLLONIUS/ἱστορίαι_θαυμάσιαι/g/1/46/text/1,https://www.wikidata.org/wiki/Q191359,Pythagoreans,0.8839,wikidata
http://ns.inria.fr/zoomathia/APOLLONIUS/ἱστορίαι_θαυμάσιαι/g/1/46/text/1,http://dbpedia.org/resource/Theophrastus,Theophrastus,0.9999972813189978,DBpedia
http://ns.inria.fr/zoomathia/APOLLONIUS/ἱστορίαι_θαυμάσιαι/g/1/46/text/1,http://dbpedia.org/resource/Vegetable,vegetable,0.9892969529953243,DBpedia
http://ns.inria.fr/zoomathia/APOLLONIUS/ἱστορίαι_θαυμάσιαι/g/1/46/text/1,http://dbpedia.org/resource/Exoskeleton,shells,0.8591272975825567,DBpedia
http://ns.inria.fr/zoomathia/APOLLONIUS/ἱστορίαι_θαυμάσιαι/g/1/46/text/1,http://dbpedia.org/resource/Root,roots,0.9931164477652917,DBpedia
http://ns.inria.fr/zoomathia/APOLLONIUS/ἱστορίαι_θαυμάσιαι/g/1/46/text/1,http://dbpedia.org/resource/Tree,trees,0.9968515997691273,DBpedia
http://ns.inria.fr/zoomathia/APOLLONIUS/ἱστορίαι_θαυμάσιαι/g/1/46/text/1,http://dbpedia.org/resource/Dry_season,dry,0.6994253304986577,DBpedia
http://ns.inria.fr/zoomathia/APOLLONIUS/ἱστορίαι_θαυμάσιαι/g/1/46/text/1,http://dbpedia.org/resource/Plant,plants,0.7424162999896547,DBpedia
http://ns.inria.fr/zoomathia/APOLLONIUS/ἱστορίαι_θαυμάσιαι/g/1/46/text/1,http://dbpedia.org/resource/Chicken,chickens,0.7986217457597808,DBpedia
http://ns.inria.fr/zoomathia/APOLLONIUS/ἱστορίαι_θαυμάσιαι/g/1/46/text/1,http://dbpedia.org/resource/Constantly_(Immature_song),constantly,0.6104978256591894,DBpedia
http://ns.inria.fr/zoomathia/APOLLONIUS/ἱστορίαι_θαυμάσιαι/g/1/46/text/1,http://dbpedia.org/resource/Cannibalism,eat,0.9774754783979446,DBpedia
http://ns.inria.fr/zoomathia/APOLLONIUS/ἱστορίαι_θαυμάσιαι/g/1/46/text/1,http://dbpedia.org/resource/Reason,reason,0.977975622421647,DBpedia
http://ns.inria.fr/zoomathia/APOLLONIUS/ἱστορίαι_θαυμάσιαι/g/1/46/text/1,http://dbpedia.org/resource/Reason,reason,0.977975622421647,DBpedia
http://ns.inria.fr/zoomathia/APOLLONIUS/ἱστορίαι_θαυμάσιαι/g/1/46/text/1,http://dbpedia.org/resource/Pythagoreanism,Pythagoreans,0.9710357216872981,DBpedia
http://ns.inria.fr/zoomathia/APOLLONIUS/ἱστορίαι_θαυμάσιαι/g/1/46/text/1,http://dbpedia.org/resource/Mi_gyaung,kyam,0.9999998583801457,DBpedia
http://ns.inria.fr/zoomathia/APOLLONIUS/ἱστορίαι_θαυμάσιαι/g/1/46/text/1,http://dbpedia.org/resource/Record_producer,produces,0.8799960539671966,DBpedia
http://ns.inria.fr/zoomathia/APOLLONIUS/ἱστορίαι_θαυμάσιαι/g/1/46/text/1,http://dbpedia.org/resource/Indigestion,indigestion,1.0,DBpedia
http://ns.inria.fr/zoomathia/APOLLONIUS/ἱστορίαι_θαυμάσιαι/g/1/46/text/1,http://dbpedia.org/resource/Dream_interpretation,dreams,0.6450600938579258,DBpedia
http://ns.inria.fr/zoomathia/APOLLONIUS/ἱστορίαι_θαυμάσιαι/g/1/47/text/1,https://opentheso.huma-num.fr/?idc=107576&idt=th310,waters,1,zoomathia_match
http://ns.inria.fr/zoomathia/APOLLONIUS/ἱστορίαι_θαυμάσιαι/g/1/47/text/1,https://www.wikidata.org/wiki/Q160362,Theophrastus,0.9157,wikidata
http://ns.inria.fr/zoomathia/APOLLONIUS/ἱστορίαι_θαυμάσιαι/g/1/47/text/1,http://dbpedia.org/resource/Territorial_waters,waters,0.45807583757623804,DBpedia
http://ns.inria.fr/zoomathia/APOLLONIUS/ἱστορίαι_θαυμάσιαι/g/1/47/text/1,http://dbpedia.org/resource/Continuous_function,continuous,0.9930273460984017,DBpedia
http://ns.inria.fr/zoomathia/APOLLONIUS/ἱστορίαι_θαυμάσιαι/g/1/47/text/1,http://dbpedia.org/resource/Thunder,thunder,0.999999947887106,DBpedia
http://ns.inria.fr/zoomathia/APOLLONIUS/ἱστορίαι_θαυμάσιαι/g/1/47/text/1,http://dbpedia.org/resource/Theophrastus,Theophrastus,0.9999999013089158,DBpedia
http://ns.inria.fr/zoomathia/APOLLONIUS/ἱστορίαι_θαυμάσιαι/g/1/47/text/1,http://dbpedia.org/resource/Treatise,treatise,0.9988329407221853,DBpedia
http://ns.inria.fr/zoomathia/APOLLONIUS/ἱστορίαι_θαυμάσιαι/g/1/47/text/1,http://dbpedia.org/resource/Plant,plants,0.9966703114331642,DBpedia
http://ns.inria.fr/zoomathia/APOLLONIUS/ἱστορίαι_θαυμάσιαι/g/1/48/text/1,https://opentheso.huma-num.fr/?idc=pcrtOGcpENB4R9&idt=th310,herb,1,zoomathia_match
http://ns.inria.fr/zoomathia/APOLLONIUS/ἱστορίαι_θαυμάσιαι/g/1/48/text/1,https://opentheso.huma-num.fr/?idc=105406&idt=th310,touch,1,zoomathia_match
http://ns.inria.fr/zoomathia/APOLLONIUS/ἱστορίαι_θαυμάσιαι/g/1/48/text/1,http://dbpedia.org/resource/Theophrastus,Theophrastus,0.9999998165186126,DBpedia
http://ns.inria.fr/zoomathia/APOLLONIUS/ἱστορίαι_θαυμάσιαι/g/1/48/text/1,http://dbpedia.org/resource/Email,subject,0.9342357787528397,DBpedia
http://ns.inria.fr/zoomathia/APOLLONIUS/ἱστορίαι_θαυμάσιαι/g/1/48/text/1,http://dbpedia.org/resource/Plant,plants,0.7944559087590626,DBpedia
http://ns.inria.fr/zoomathia/APOLLONIUS/ἱστορίαι_θαυμάσιαι/g/1/48/text/1,http://dbpedia.org/resource/Herb,herb,0.9940328891065932,DBpedia
http://ns.inria.fr/zoomathia/APOLLONIUS/ἱστορίαι_θαυμάσιαι/g/1/48/text/1,http://dbpedia.org/resource/Incense,incense,0.9998382142940546,DBpedia
http://ns.inria.fr/zoomathia/APOLLONIUS/ἱστορίαι_θαυμάσιαι/g/1/48/text/1,http://dbpedia.org/resource/Mixed-sex_education,mixed,0.4855819072361436,DBpedia
http://ns.inria.fr/zoomathia/APOLLONIUS/ἱστορίαι_θαυμάσιαι/g/1/48/text/1,http://dbpedia.org/resource/Clothing,clothes,0.9764802552532587,DBpedia
http://ns.inria.fr/zoomathia/APOLLONIUS/ἱστορίαι_θαυμάσιαι/g/1/48/text/1,http://dbpedia.org/resource/Fact,facts,0.9452786098158654,DBpedia
http://ns.inria.fr/zoomathia/APOLLONIUS/ἱστορίαι_θαυμάσιαι/g/1/49/text/1,https://opentheso.huma-num.fr/?idc=105405&idt=th310,heard,1,zoomathia_match
http://ns.inria.fr/zoomathia/APOLLONIUS/ἱστορίαι_θαυμάσιαι/g/1/49/text/1,https://opentheso.huma-num.fr/?idc=pcrtEnaO4jSDml&idt=th310,music,1,zoomathia_match
http://ns.inria.fr/zoomathia/APOLLONIUS/ἱστορίαι_θαυμάσιαι/g/1/49/text/1,https://opentheso.huma-num.fr/?idc=106957&idt=th310,heals,1,zoomathia_match
http://ns.inria.fr/zoomathia/APOLLONIUS/ἱστορίαι_θαυμάσιαι/g/1/49/text/1,https://opentheso.huma-num.fr/?idc=106957&idt=th310,heals,1,zoomathia_match
http://ns.inria.fr/zoomathia/APOLLONIUS/ἱστορίαι_θαυμάσιαι/g/1/49/text/1,https://opentheso.huma-num.fr/?idc=105474&idt=th310,fears,1,zoomathia_match
http://ns.inria.fr/zoomathia/APOLLONIUS/ἱστορίαι_θαυμάσιαι/g/1/49/text/1,https://opentheso.huma-num.fr/?idc=105966&idt=th310,epilepsy,1,zoomathia_match
http://ns.inria.fr/zoomathia/APOLLONIUS/ἱστορίαι_θαυμάσιαι/g/1/49/text/1,https://opentheso.huma-num.fr/?idc=pcrtT6k6V9tM3v&idt=th310,musician,1,zoomathia_match
http://ns.inria.fr/zoomathia/APOLLONIUS/ἱστορίαι_θαυμάσιαι/g/1/49/text/1,https://opentheso.huma-num.fr/?idc=105832&idt=th310,war,1,zoomathia_match
http://ns.inria.fr/zoomathia/APOLLONIUS/ἱστορίαι_θαυμάσιαι/g/1/49/text/1,https://opentheso.huma-num.fr/?idc=pcrtXL9v9A4Djb&idt=th310,trumpet,1,zoomathia_match
http://ns.inria.fr/zoomathia/APOLLONIUS/ἱστορίαι_θαυμάσιαι/g/1/49/text/1,https://opentheso.huma-num.fr/?idc=105848&idt=th310,fighting,1,zoomathia_match
http://ns.inria.fr/zoomathia/APOLLONIUS/ἱστορίαι_θαυμάσιαι/g/1/49/text/1,https://opentheso.huma-num.fr/?idc=105250&idt=th310,sound,1,zoomathia_match
http://ns.inria.fr/zoomathia/APOLLONIUS/ἱστορίαι_θαυμάσιαι/g/1/49/text/1,https://opentheso.huma-num.fr/?idc=pcrtXL9v9A4Djb&idt=th310,trumpet,1,zoomathia_match
http://ns.inria.fr/zoomathia/APOLLONIUS/ἱστορίαι_θαυμάσιαι/g/1/49/text/1,https://opentheso.huma-num.fr/?idc=106953&idt=th310,pain,1,zoomathia_match
http://ns.inria.fr/zoomathia/APOLLONIUS/ἱστορίαι_θαυμάσιαι/g/1/49/text/1,https://opentheso.huma-num.fr/?idc=106957&idt=th310,heals,1,zoomathia_match
http://ns.inria.fr/zoomathia/APOLLONIUS/ἱστορίαι_θαυμάσιαι/g/1/49/text/1,https://opentheso.huma-num.fr/?idc=pcrtGSslMASdGf&idt=th310,day,1,zoomathia_match
http://ns.inria.fr/zoomathia/APOLLONIUS/ἱστορίαι_θαυμάσιαι/g/1/49/text/1,https://opentheso.huma-num.fr/?idc=pcrtGSslMASdGf&idt=th310,day,1,zoomathia_match
http://ns.inria.fr/zoomathia/APOLLONIUS/ἱστορίαι_θαυμάσιαι/g/1/49/text/1,https://opentheso.huma-num.fr/?idc=106953&idt=th310,pain,1,zoomathia_match
http://ns.inria.fr/zoomathia/APOLLONIUS/ἱστορίαι_θαυμάσιαι/g/1/49/text/1,https://opentheso.huma-num.fr/?idc=pcrtGm7ZMfoQrc&idt=th310,born,1,zoomathia_match
http://ns.inria.fr/zoomathia/APOLLONIUS/ἱστορίαι_θαυμάσιαι/g/1/49/text/1,https://opentheso.huma-num.fr/?idc=107870&idt=th310,Thebes,1,zoomathia_match
http://ns.inria.fr/zoomathia/APOLLONIUS/ἱστορίαι_θαυμάσιαι/g/1/49/text/1,https://opentheso.huma-num.fr/?idc=105649&idt=th310,time,1,zoomathia_match
http://ns.inria.fr/zoomathia/APOLLONIUS/ἱστορίαι_θαυμάσιαι/g/1/49/text/1,https://www.wikidata.org/wiki/Q335156,Aristoxenus,0.4346,wikidata
http://ns.inria.fr/zoomathia/APOLLONIUS/ἱστορίαι_θαυμάσιαι/g/1/49/text/1,https://www.wikidata.org/wiki/Q1086805,the first day,0.3263,wikidata
http://ns.inria.fr/zoomathia/APOLLONIUS/ἱστορίαι_θαυμάσιαι/g/1/49/text/1,https://www.wikidata.org/wiki/Q5760,Thebes,0.4536,wikidata
http://ns.inria.fr/zoomathia/APOLLONIUS/ἱστορίαι_θαυμάσιαι/g/1/49/text/1,http://dbpedia.org/resource/Theophrastus,Theophrastus,0.9999999996425686,DBpedia
http://ns.inria.fr/zoomathia/APOLLONIUS/ἱστορίαι_θαυμάσιαι/g/1/49/text/1,http://dbpedia.org/resource/Douglas_P.,subject,0.7844785985907224,DBpedia
http://ns.inria.fr/zoomathia/APOLLONIUS/ἱστορίαι_θαυμάσιαι/g/1/49/text/1,http://dbpedia.org/resource/Hearing,heard,0.9999931050263157,DBpedia
http://ns.inria.fr/zoomathia/APOLLONIUS/ἱστορίαι_θαυμάσιαι/g/1/49/text/1,http://dbpedia.org/resource/Music,music,0.9260139000940131,DBpedia
http://ns.inria.fr/zoomathia/APOLLONIUS/ἱστορίαι_θαυμάσιαι/g/1/49/text/1,http://dbpedia.org/resource/Healing,heals,0.9999999997519353,DBpedia
http://ns.inria.fr/zoomathia/APOLLONIUS/ἱστορίαι_θαυμάσιαι/g/1/49/text/1,http://dbpedia.org/resource/Reduced_affect_display,affect,0.8605027320381656,DBpedia
http://ns.inria.fr/zoomathia/APOLLONIUS/ἱστορίαι_θαυμάσιαι/g/1/49/text/1,http://dbpedia.org/resource/Soul,soul,0.8863093926252318,DBpedia
http://ns.inria.fr/zoomathia/APOLLONIUS/ἱστορίαι_θαυμάσιαι/g/1/49/text/1,http://dbpedia.org/resource/Human_body,body,0.9999849058891671,DBpedia
http://ns.inria.fr/zoomathia/APOLLONIUS/ἱστορίαι_θαυμάσιαι/g/1/49/text/1,http://dbpedia.org/resource/Healing,heals,0.9999999997519353,DBpedia
http://ns.inria.fr/zoomathia/APOLLONIUS/ἱστορίαι_θαυμάσιαι/g/1/49/text/1,http://dbpedia.org/resource/Reflex_syncope,fainting,0.9999999999998863,DBpedia
http://ns.inria.fr/zoomathia/APOLLONIUS/ἱστορίαι_θαυμάσιαι/g/1/49/text/1,http://dbpedia.org/resource/Fear,fears,0.7568491175991021,DBpedia
http://ns.inria.fr/zoomathia/APOLLONIUS/ἱστορίαι_θαυμάσιαι/g/1/49/text/1,http://dbpedia.org/resource/Intellectual_disability,intellectual,0.9997820820068326,DBpedia
http://ns.inria.fr/zoomathia/APOLLONIUS/ἱστορίαι_θαυμάσιαι/g/1/49/text/1,http://dbpedia.org/resource/Religious_ecstasy,ecstasies,1.0,DBpedia
http://ns.inria.fr/zoomathia/APOLLONIUS/ἱστορίαι_θαυμάσιαι/g/1/49/text/1,http://dbpedia.org/resource/Behold,Behold,0.9999243790081946,DBpedia
http://ns.inria.fr/zoomathia/APOLLONIUS/ἱστορίαι_θαυμάσιαι/g/1/49/text/1,http://dbpedia.org/resource/Fall_of_man,fall,0.9857972759374866,DBpedia
http://ns.inria.fr/zoomathia/APOLLONIUS/ἱστορίαι_θαυμάσιαι/g/1/49/text/1,http://dbpedia.org/resource/Sciatica,sciatica,1.0,DBpedia
http://ns.inria.fr/zoomathia/APOLLONIUS/ἱστορίαι_θαυμάσιαι/g/1/49/text/1,http://dbpedia.org/resource/Epilepsy,epilepsy,0.9998417809960104,DBpedia
http://ns.inria.fr/zoomathia/APOLLONIUS/ἱστορίαι_θαυμάσιαι/g/1/49/text/1,http://dbpedia.org/resource/Musician,musician,0.8684445074637809,DBpedia
http://ns.inria.fr/zoomathia/APOLLONIUS/ἱστορίαι_θαυμάσιαι/g/1/49/text/1,http://dbpedia.org/resource/Aristoxenus,Aristoxenus,1.0,DBpedia
http://ns.inria.fr/zoomathia/APOLLONIUS/ἱστορίαι_θαυμάσιαι/g/1/49/text/1,http://dbpedia.org/resource/Pythia,oracle,0.7018284439454101,DBpedia
http://ns.inria.fr/zoomathia/APOLLONIUS/ἱστορίαι_θαυμάσιαι/g/1/49/text/1,http://dbpedia.org/resource/Sibling,sister,0.529015088238074,DBpedia
http://ns.inria.fr/zoomathia/APOLLONIUS/ἱστορίαι_θαυμάσιαι/g/1/49/text/1,http://dbpedia.org/resource/Beauty,ugly,0.9956202210100099,DBpedia
http://ns.inria.fr/zoomathia/APOLLONIUS/ἱστορίαι_θαυμάσιαι/g/1/49/text/1,http://dbpedia.org/resource/Trumpet,trumpet,0.9999999745654126,DBpedia
http://ns.inria.fr/zoomathia/APOLLONIUS/ἱστορίαι_θαυμάσιαι/g/1/49/text/1,http://dbpedia.org/resource/Suffering,suffer,0.9999996292796828,DBpedia
http://ns.inria.fr/zoomathia/APOLLONIUS/ἱστορίαι_θαυμάσιαι/g/1/49/text/1,http://dbpedia.org/resource/Cleromancy,lot,0.5309683965967689,DBpedia
http://ns.inria.fr/zoomathia/APOLLONIUS/ἱστορίαι_θαυμάσιαι/g/1/49/text/1,http://dbpedia.org/resource/Court,court,0.5207321110508043,DBpedia
http://ns.inria.fr/zoomathia/APOLLONIUS/ἱστορίαι_θαυμάσιαι/g/1/49/text/1,http://dbpedia.org/resource/Measurement,measure,0.9236260521279895,DBpedia
http://ns.inria.fr/zoomathia/APOLLONIUS/ἱστορίαι_θαυμάσιαι/g/1/49/text/1,http://dbpedia.org/resource/Musical_composition,composed,0.999049775000207,DBpedia
http://ns.inria.fr/zoomathia/APOLLONIUS/ἱστορίαι_θαυμάσιαι/g/1/49/text/1,http://dbpedia.org/resource/Folk_music,songs,0.9899279491267837,DBpedia
http://ns.inria.fr/zoomathia/APOLLONIUS/ἱστορίαι_θαυμάσιαι/g/1/49/text/1,http://dbpedia.org/resource/Waiting_for_Godot,waited,1.0,DBpedia
http://ns.inria.fr/zoomathia/APOLLONIUS/ἱστορίαι_θαυμάσιαι/g/1/49/text/1,http://dbpedia.org/resource/Audio_engineer,sound,0.7899008490764964,DBpedia
http://ns.inria.fr/zoomathia/APOLLONIUS/ἱστορίαι_θαυμάσιαι/g/1/49/text/1,http://dbpedia.org/resource/Trumpet,trumpet,0.9999999745654126,DBpedia
http://ns.inria.fr/zoomathia/APOLLONIUS/ἱστορίαι_θαυμάσιαι/g/1/49/text/1,http://dbpedia.org/resource/Human_body,body,0.9999849058891671,DBpedia
http://ns.inria.fr/zoomathia/APOLLONIUS/ἱστορίαι_θαυμάσιαι/g/1/49/text/1,http://dbpedia.org/resource/Pain,pain,0.9345841087742265,DBpedia
http://ns.inria.fr/zoomathia/APOLLONIUS/ἱστορίαι_θαυμάσιαι/g/1/49/text/1,http://dbpedia.org/resource/Sleep,rest,0.5274930191506062,DBpedia
http://ns.inria.fr/zoomathia/APOLLONIUS/ἱστορίαι_θαυμάσιαι/g/1/49/text/1,http://dbpedia.org/resource/Healing,heals,0.9999999997519353,DBpedia
http://ns.inria.fr/zoomathia/APOLLONIUS/ἱστορίαι_θαυμάσιαι/g/1/49/text/1,http://dbpedia.org/resource/Sleep,rest,0.5274930191506062,DBpedia
http://ns.inria.fr/zoomathia/APOLLONIUS/ἱστορίαι_θαυμάσιαι/g/1/49/text/1,http://dbpedia.org/resource/Human_body,body,0.9999849058891671,DBpedia
http://ns.inria.fr/zoomathia/APOLLONIUS/ἱστορίαι_θαυμάσιαι/g/1/49/text/1,http://dbpedia.org/resource/Leisure,rests,0.9999999995335429,DBpedia
http://ns.inria.fr/zoomathia/APOLLONIUS/ἱστορίαι_θαυμάσιαι/g/1/49/text/1,http://dbpedia.org/resource/Day,day,0.9957325664852248,DBpedia
http://ns.inria.fr/zoomathia/APOLLONIUS/ἱστορίαι_θαυμάσιαι/g/1/49/text/1,http://dbpedia.org/resource/Day,day,0.9957325664852248,DBpedia
http://ns.inria.fr/zoomathia/APOLLONIUS/ἱστορίαι_θαυμάσιαι/g/1/49/text/1,http://dbpedia.org/resource/Pain,pain,0.9345841087742265,DBpedia
http://ns.inria.fr/zoomathia/APOLLONIUS/ἱστορίαι_θαυμάσιαι/g/1/49/text/1,http://dbpedia.org/resource/Childbirth,born,0.9537496605684489,DBpedia
http://ns.inria.fr/zoomathia/APOLLONIUS/ἱστορίαι_θαυμάσιαι/g/1/49/text/1,http://dbpedia.org/resource/Nazi_concentration_camps,camp,0.8251537295859332,DBpedia
http://ns.inria.fr/zoomathia/APOLLONIUS/ἱστορίαι_θαυμάσιαι/g/1/49/text/1,http://dbpedia.org/resource/Signs_and_symptoms,specific,0.9898188676648247,DBpedia
http://ns.inria.fr/zoomathia/APOLLONIUS/ἱστορίαι_θαυμάσιαι/g/1/49/text/1,http://dbpedia.org/resource/Impermanence,change,0.990222248962232,DBpedia
http://ns.inria.fr/zoomathia/APOLLONIUS/ἱστορίαι_θαυμάσιαι/g/1/49/text/1,http://dbpedia.org/resource/Theban_hegemony,Thebes,0.9999996073973623,DBpedia
http://ns.inria.fr/zoomathia/APOLLONIUS/ἱστορίαι_θαυμάσιαι/g/1/49/text/1,http://dbpedia.org/resource/Time_signature,time,0.9903881689737651,DBpedia
http://ns.inria.fr/zoomathia/APOLLONIUS/ἱστορίαι_θαυμάσιαι/g/1/50/text/1,https://opentheso.huma-num.fr/?idc=106019&idt=th310,hellebore,1,zoomathia_match
http://ns.inria.fr/zoomathia/APOLLONIUS/ἱστορίαι_θαυμάσιαι/g/1/50/text/1,https://opentheso.huma-num.fr/?idc=pcrt6z097U6IUf&idt=th310,drinks,1,zoomathia_match
http://ns.inria.fr/zoomathia/APOLLONIUS/ἱστορίαι_θαυμάσιαι/g/1/50/text/1,https://opentheso.huma-num.fr/?idc=pcrtGSslMASdGf&idt=th310,day,1,zoomathia_match
http://ns.inria.fr/zoomathia/APOLLONIUS/ἱστορίαι_θαυμάσιαι/g/1/50/text/1,https://opentheso.huma-num.fr/?idc=pcrtTVvJEyAnuf&idt=th310,market,1,zoomathia_match
http://ns.inria.fr/zoomathia/APOLLONIUS/ἱστορίαι_θαυμάσιαι/g/1/50/text/1,https://opentheso.huma-num.fr/?idc=pcrtbrRG0zkqH0&idt=th310,dishes,1,zoomathia_match
http://ns.inria.fr/zoomathia/APOLLONIUS/ἱστορίαι_θαυμάσιαι/g/1/50/text/1,https://opentheso.huma-num.fr/?idc=pcrtpWT5t7kRx6&idt=th310,years,1,zoomathia_match
http://ns.inria.fr/zoomathia/APOLLONIUS/ἱστορίαι_θαυμάσιαι/g/1/50/text/1,https://www.wikidata.org/wiki/Q160362,Theophrastus,0.9157,wikidata
http://ns.inria.fr/zoomathia/APOLLONIUS/ἱστορίαι_θαυμάσιαι/g/1/50/text/1,https://www.wikidata.org/wiki/Q160483,Chios,0.8885,wikidata
http://ns.inria.fr/zoomathia/APOLLONIUS/ἱστορίαι_θαυμάσιαι/g/1/50/text/1,https://www.wikidata.org/wiki/Q1814174,one day,0.387,wikidata
http://ns.inria.fr/zoomathia/APOLLONIUS/ἱστορίαι_θαυμάσιαι/g/1/50/text/1,https://www.wikidata.org/wiki/Q3650310,many years,0.3713,wikidata
http://ns.inria.fr/zoomathia/APOLLONIUS/ἱστορίαι_θαυμάσιαι/g/1/50/text/1,http://dbpedia.org/resource/Theophrastus,Theophrastus,0.9999999994259952,DBpedia
http://ns.inria.fr/zoomathia/APOLLONIUS/ἱστορίαι_θαυμάσιαι/g/1/50/text/1,http://dbpedia.org/resource/Matter,matter,0.9381820943679354,DBpedia
http://ns.inria.fr/zoomathia/APOLLONIUS/ἱστορίαι_θαυμάσιαι/g/1/50/text/1,http://dbpedia.org/resource/Medicinal_plants,plants,0.9990452329603148,DBpedia
http://ns.inria.fr/zoomathia/APOLLONIUS/ἱστορίαι_θαυμάσιαι/g/1/50/text/1,http://dbpedia.org/resource/Treatise,treatise,0.9998611667340092,DBpedia
http://ns.inria.fr/zoomathia/APOLLONIUS/ἱστορίαι_θαυμάσιαι/g/1/50/text/1,http://dbpedia.org/resource/Chios,Chios,0.9999999993362394,DBpedia
http://ns.inria.fr/zoomathia/APOLLONIUS/ἱστορίαι_θαυμάσιαι/g/1/50/text/1,http://dbpedia.org/resource/Apothecary,apothecary,0.9999997633258029,DBpedia
http://ns.inria.fr/zoomathia/APOLLONIUS/ἱστορίαι_θαυμάσιαι/g/1/50/text/1,http://dbpedia.org/resource/Land_lot,lot,0.9284716399738189,DBpedia
http://ns.inria.fr/zoomathia/APOLLONIUS/ἱστορίαι_θαυμάσιαι/g/1/50/text/1,http://dbpedia.org/resource/Hellebore,hellebore,1.0,DBpedia
http://ns.inria.fr/zoomathia/APOLLONIUS/ἱστορίαι_θαυμάσιαι/g/1/50/text/1,http://dbpedia.org/resource/Ethnic_cleansing,cleansed,0.7199815967674781,DBpedia
http://ns.inria.fr/zoomathia/APOLLONIUS/ἱστορίαι_θαυμάσιαι/g/1/50/text/1,http://dbpedia.org/resource/Day,day,0.888474444635419,DBpedia
http://ns.inria.fr/zoomathia/APOLLONIUS/ἱστορίαι_θαυμάσιαι/g/1/50/text/1,http://dbpedia.org/resource/Musical_composition,composed,0.6443838039844952,DBpedia
http://ns.inria.fr/zoomathia/APOLLONIUS/ἱστορίαι_θαυμάσιαι/g/1/50/text/1,http://dbpedia.org/resource/Artisan,artisans,0.9999999999999432,DBpedia
http://ns.inria.fr/zoomathia/APOLLONIUS/ἱστορίαι_θαυμάσιαι/g/1/50/text/1,http://dbpedia.org/resource/Party,received,0.9937818432022333,DBpedia
http://ns.inria.fr/zoomathia/APOLLONIUS/ἱστορίαι_θαυμάσιαι/g/1/50/text/1,http://dbpedia.org/resource/Sitting,sitting,0.9929679162089075,DBpedia
http://ns.inria.fr/zoomathia/APOLLONIUS/ἱστορίαι_θαυμάσιαι/g/1/50/text/1,http://dbpedia.org/resource/Marketplace,market,0.528467765103472,DBpedia
http://ns.inria.fr/zoomathia/APOLLONIUS/ἱστορίαι_θαυμάσιαι/g/1/50/text/1,http://dbpedia.org/resource/Major_depressive_disorder,tired,0.9033210575096452,DBpedia
http://ns.inria.fr/zoomathia/APOLLONIUS/ἱστορίαι_θαυμάσιαι/g/1/50/text/1,http://dbpedia.org/resource/Tableware,dishes,0.7608483478279069,DBpedia
http://ns.inria.fr/zoomathia/APOLLONIUS/ἱστορίαι_θαυμάσιαι/g/1/50/text/1,http://dbpedia.org/resource/Bathing,bathe,1.0,DBpedia
http://ns.inria.fr/zoomathia/APOLLONIUS/ἱστορίαι_θαυμάσιαι/g/1/50/text/1,http://dbpedia.org/resource/Leaf,leave,0.9928666565775673,DBpedia
http://ns.inria.fr/zoomathia/APOLLONIUS/ἱστορίαι_θαυμάσιαι/g/1/50/text/1,http://dbpedia.org/resource/Matter,matter,0.9381820943679354,DBpedia
http://ns.inria.fr/zoomathia/APOLLONIUS/ἱστορίαι_θαυμάσιαι/g/1/50/text/1,http://dbpedia.org/resource/Species_distribution,ranging,0.783926619263052,DBpedia
http://ns.inria.fr/zoomathia/APOLLONIUS/ἱστορίαι_θαυμάσιαι/g/1/50/text/1,http://dbpedia.org/resource/Exponentiation,powers,0.9774347128050375,DBpedia
http://ns.inria.fr/zoomathia/APOLLONIUS/ἱστορίαι_θαυμάσιαι/g/1/50/text/1,http://dbpedia.org/resource/Traditional_Chinese_medicine,medicines,0.9972845212284803,DBpedia
http://ns.inria.fr/zoomathia/APOLLONIUS/ἱστορίαι_θαυμάσιαι/g/1/50/text/1,http://dbpedia.org/resource/Belief,believed,0.9368909000110114,DBpedia
http://ns.inria.fr/zoomathia/APOLLONIUS/ἱστορίαι_θαυμάσιαι/g/1/51/text/1,https://opentheso.huma-num.fr/?idc=pcrt6ccLQhgjJq&idt=th310,Aristotle,1,zoomathia_match
http://ns.inria.fr/zoomathia/APOLLONIUS/ἱστορίαι_θαυμάσιαι/g/1/51/text/1,https://opentheso.huma-num.fr/?idc=pcrt0WrjgPTs33&idt=th310,man,1,zoomathia_match
http://ns.inria.fr/zoomathia/APOLLONIUS/ἱστορίαι_θαυμάσιαι/g/1/51/text/1,https://opentheso.huma-num.fr/?idc=105983&idt=th310,fat,1,zoomathia_match
http://ns.inria.fr/zoomathia/APOLLONIUS/ἱστορίαι_θαυμάσιαι/g/1/51/text/1,https://opentheso.huma-num.fr/?idc=105983&idt=th310,fat,1,zoomathia_match
http://ns.inria.fr/zoomathia/APOLLONIUS/ἱστορίαι_θαυμάσιαι/g/1/51/text/1,https://opentheso.huma-num.fr/?idc=pcrt62eXbYdSNi&idt=th310,fasting,1,zoomathia_match
http://ns.inria.fr/zoomathia/APOLLONIUS/ἱστορίαι_θαυμάσιαι/g/1/51/text/1,https://www.wikidata.org/wiki/Q868,Aristotle,0.9074,wikidata
http://ns.inria.fr/zoomathia/APOLLONIUS/ἱστορίαι_θαυμάσιαι/g/1/51/text/1,http://dbpedia.org/resource/Aristotle,Aristotle,0.9999672474541531,DBpedia
http://ns.inria.fr/zoomathia/APOLLONIUS/ἱστορίαι_θαυμάσιαι/g/1/51/text/1,http://dbpedia.org/resource/Relative_articulation,raised,0.46491761953374344,DBpedia
http://ns.inria.fr/zoomathia/APOLLONIUS/ἱστορίαι_θαυμάσιαι/g/1/51/text/1,http://dbpedia.org/resource/Physics,physical,0.3193860651138193,DBpedia
http://ns.inria.fr/zoomathia/APOLLONIUS/ἱστορίαι_θαυμάσιαι/g/1/51/text/1,http://dbpedia.org/resource/Man,man,0.9436175580243409,DBpedia
http://ns.inria.fr/zoomathia/APOLLONIUS/ἱστορίαι_θαυμάσιαι/g/1/51/text/1,http://dbpedia.org/resource/Fat,fat,0.9450810988356756,DBpedia
http://ns.inria.fr/zoomathia/APOLLONIUS/ἱστορίαι_θαυμάσιαι/g/1/51/text/1,http://dbpedia.org/resource/Fat,fat,0.9450810988356756,DBpedia
http://ns.inria.fr/zoomathia/APOLLONIUS/ἱστορίαι_θαυμάσιαι/g/1/51/text/1,http://dbpedia.org/resource/Train_station,station,0.9975399783851947,DBpedia
http://ns.inria.fr/zoomathia/APOLLONIUS/ἱστορίαι_θαυμάσιαι/g/1/51/text/1,http://dbpedia.org/resource/Temptation,tempted,0.7971227374615822,DBpedia
http://ns.inria.fr/zoomathia/APOLLONIUS/ἱστορίαι_θαυμάσιαι/g/1/51/text/1,http://dbpedia.org/resource/Civility,happened,0.9915013547006477,DBpedia
