paragraph_uri,concept_uri,mention,score,origin
http://ns.inria.fr/zoomathia/PS-ARISTOTELES/on_marvellous_things_heard/e/1/1/text/1,https://opentheso.huma-num.fr/?idc=106004&idt=th310,wild,1,zoomathia_match
http://ns.inria.fr/zoomathia/PS-ARISTOTELES/on_marvellous_things_heard/e/1/1/text/1,https://opentheso.huma-num.fr/?idc=105414&idt=th310,general character,1,zoomathia_match
http://ns.inria.fr/zoomathia/PS-ARISTOTELES/on_marvellous_things_heard/e/1/1/text/1,https://opentheso.huma-num.fr/?idc=105413&idt=th310,character,1,zoomathia_match
http://ns.inria.fr/zoomathia/PS-ARISTOTELES/on_marvellous_things_heard/e/1/1/text/1,https://opentheso.huma-num.fr/?idc=105842&idt=th310,mane,1,zoomathia_match
http://ns.inria.fr/zoomathia/PS-ARISTOTELES/on_marvellous_things_heard/e/1/1/text/1,https://opentheso.huma-num.fr/?idc=105140&idt=th310,neck,1,zoomathia_match
http://ns.inria.fr/zoomathia/PS-ARISTOTELES/on_marvellous_things_heard/e/1/1/text/1,https://opentheso.huma-num.fr/?idc=pcrt6i8AcPBoY2&idt=th310,horse,1,zoomathia_match
http://ns.inria.fr/zoomathia/PS-ARISTOTELES/on_marvellous_things_heard/e/1/1/text/1,https://opentheso.huma-num.fr/?idc=105128&idt=th310,eyes,1,zoomathia_match
http://ns.inria.fr/zoomathia/PS-ARISTOTELES/on_marvellous_things_heard/e/1/1/text/1,https://opentheso.huma-num.fr/?idc=105127&idt=th310,horns,1,zoomathia_match
http://ns.inria.fr/zoomathia/PS-ARISTOTELES/on_marvellous_things_heard/e/1/1/text/1,https://opentheso.huma-num.fr/?idc=pcrtRpEmyMyoAU&idt=th310,oxen,1,zoomathia_match
http://ns.inria.fr/zoomathia/PS-ARISTOTELES/on_marvellous_things_heard/e/1/1/text/1,https://opentheso.huma-num.fr/?idc=pcrtmDqe8H6RNF&idt=th310,point,1,zoomathia_match
http://ns.inria.fr/zoomathia/PS-ARISTOTELES/on_marvellous_things_heard/e/1/1/text/1,https://opentheso.huma-num.fr/?idc=105129&idt=th310,ears,1,zoomathia_match
http://ns.inria.fr/zoomathia/PS-ARISTOTELES/on_marvellous_things_heard/e/1/1/text/1,https://opentheso.huma-num.fr/?idc=pcrtc6RmFQxFuS&idt=th310,pitch,1,zoomathia_match
http://ns.inria.fr/zoomathia/PS-ARISTOTELES/on_marvellous_things_heard/e/1/1/text/1,https://opentheso.huma-num.fr/?idc=pcrtd6p9oHq1Tf&idt=th310,black,1,zoomathia_match
http://ns.inria.fr/zoomathia/PS-ARISTOTELES/on_marvellous_things_heard/e/1/1/text/1,https://opentheso.huma-num.fr/?idc=pcrt3kpULwWUS2&idt=th310,black,1,zoomathia_match
http://ns.inria.fr/zoomathia/PS-ARISTOTELES/on_marvellous_things_heard/e/1/1/text/1,https://opentheso.huma-num.fr/?idc=108337&idt=th310,hide,1,zoomathia_match
http://ns.inria.fr/zoomathia/PS-ARISTOTELES/on_marvellous_things_heard/e/1/1/text/1,https://opentheso.huma-num.fr/?idc=pcrtW8Uu5SMsQy&idt=th310,hide,1,zoomathia_match
http://ns.inria.fr/zoomathia/PS-ARISTOTELES/on_marvellous_things_heard/e/1/1/text/1,https://opentheso.huma-num.fr/?idc=105170&idt=th310,skinned,1,zoomathia_match
http://ns.inria.fr/zoomathia/PS-ARISTOTELES/on_marvellous_things_heard/e/1/1/text/1,https://opentheso.huma-num.fr/?idc=105975&idt=th310,flesh,1,zoomathia_match
http://ns.inria.fr/zoomathia/PS-ARISTOTELES/on_marvellous_things_heard/e/1/1/text/1,https://opentheso.huma-num.fr/?idc=105407&idt=th310,excrement,1,zoomathia_match
http://ns.inria.fr/zoomathia/PS-ARISTOTELES/on_marvellous_things_heard/e/1/1/text/1,https://opentheso.huma-num.fr/?idc=105155&idt=th310,feet,1,zoomathia_match
http://ns.inria.fr/zoomathia/PS-ARISTOTELES/on_marvellous_things_heard/e/1/1/text/1,https://opentheso.huma-num.fr/?idc=pcrt4v7jKE3TVw&idt=th310,dog,1,zoomathia_match
http://ns.inria.fr/zoomathia/PS-ARISTOTELES/on_marvellous_things_heard/e/1/1/text/1,https://opentheso.huma-num.fr/?idc=105173&idt=th310,hair,1,zoomathia_match
http://ns.inria.fr/zoomathia/PS-ARISTOTELES/on_marvellous_things_heard/e/1/1/text/1,https://opentheso.huma-num.fr/?idc=105407&idt=th310,excrement,1,zoomathia_match
http://ns.inria.fr/zoomathia/PS-ARISTOTELES/on_marvellous_things_heard/e/1/1/text/1,https://opentheso.huma-num.fr/?idc=105407&idt=th310,excrement,1,zoomathia_match
http://ns.inria.fr/zoomathia/PS-ARISTOTELES/on_marvellous_things_heard/e/1/1/text/1,https://www.wikidata.org/wiki/Q249561,Paeonia,0.4621,wikidata
http://ns.inria.fr/zoomathia/PS-ARISTOTELES/on_marvellous_things_heard/e/1/1/text/1,https://www.wikidata.org/wiki/Q249561,Paeonia,0.4621,wikidata
http://ns.inria.fr/zoomathia/PS-ARISTOTELES/on_marvellous_things_heard/e/1/1/text/1,https://www.wikidata.org/wiki/Q3567156,Paeonians,0.4346,wikidata
http://ns.inria.fr/zoomathia/PS-ARISTOTELES/on_marvellous_things_heard/e/1/1/text/1,http://dbpedia.org/resource/Peony,Paeonia,1.0,DBpedia
http://ns.inria.fr/zoomathia/PS-ARISTOTELES/on_marvellous_things_heard/e/1/1/text/1,http://dbpedia.org/resource/Adhan,called,0.5369484446938687,DBpedia
http://ns.inria.fr/zoomathia/PS-ARISTOTELES/on_marvellous_things_heard/e/1/1/text/1,http://dbpedia.org/resource/Divisor,divides,0.9949136573979573,DBpedia
http://ns.inria.fr/zoomathia/PS-ARISTOTELES/on_marvellous_things_heard/e/1/1/text/1,http://dbpedia.org/resource/Peony,Paeonia,1.0,DBpedia
http://ns.inria.fr/zoomathia/PS-ARISTOTELES/on_marvellous_things_heard/e/1/1/text/1,http://dbpedia.org/resource/Wilde_Beast,wild beast,1.0,DBpedia
http://ns.inria.fr/zoomathia/PS-ARISTOTELES/on_marvellous_things_heard/e/1/1/text/1,http://dbpedia.org/resource/Adhan,called,0.5369484446938687,DBpedia
http://ns.inria.fr/zoomathia/PS-ARISTOTELES/on_marvellous_things_heard/e/1/1/text/1,http://dbpedia.org/resource/Paeonians,Paeonians,1.0,DBpedia
http://ns.inria.fr/zoomathia/PS-ARISTOTELES/on_marvellous_things_heard/e/1/1/text/1,http://dbpedia.org/resource/Animal,beast,0.9999982834149205,DBpedia
http://ns.inria.fr/zoomathia/PS-ARISTOTELES/on_marvellous_things_heard/e/1/1/text/1,http://dbpedia.org/resource/General_officer,general,0.5149788896286743,DBpedia
http://ns.inria.fr/zoomathia/PS-ARISTOTELES/on_marvellous_things_heard/e/1/1/text/1,http://dbpedia.org/resource/Ox,ox,0.9841318104510732,DBpedia
http://ns.inria.fr/zoomathia/PS-ARISTOTELES/on_marvellous_things_heard/e/1/1/text/1,http://dbpedia.org/resource/Strength_of_materials,stronger,0.7091418357731138,DBpedia
http://ns.inria.fr/zoomathia/PS-ARISTOTELES/on_marvellous_things_heard/e/1/1/text/1,http://dbpedia.org/resource/Neck,neck,0.9995261128230247,DBpedia
http://ns.inria.fr/zoomathia/PS-ARISTOTELES/on_marvellous_things_heard/e/1/1/text/1,http://dbpedia.org/resource/Horse,horse,0.9999984197727352,DBpedia
http://ns.inria.fr/zoomathia/PS-ARISTOTELES/on_marvellous_things_heard/e/1/1/text/1,http://dbpedia.org/resource/Stretching,stretching,0.8303069391724801,DBpedia
http://ns.inria.fr/zoomathia/PS-ARISTOTELES/on_marvellous_things_heard/e/1/1/text/1,http://dbpedia.org/resource/Eye,eyes,0.9801796048376021,DBpedia
http://ns.inria.fr/zoomathia/PS-ARISTOTELES/on_marvellous_things_heard/e/1/1/text/1,http://dbpedia.org/resource/French_horn,horns,0.35266647314030347,DBpedia
http://ns.inria.fr/zoomathia/PS-ARISTOTELES/on_marvellous_things_heard/e/1/1/text/1,http://dbpedia.org/resource/Ox,oxen,0.997472547833855,DBpedia
http://ns.inria.fr/zoomathia/PS-ARISTOTELES/on_marvellous_things_heard/e/1/1/text/1,http://dbpedia.org/resource/Shapeshifting,turned,0.999998812995636,DBpedia
http://ns.inria.fr/zoomathia/PS-ARISTOTELES/on_marvellous_things_heard/e/1/1/text/1,http://dbpedia.org/resource/Sharpening,sharp,0.9482361297784003,DBpedia
http://ns.inria.fr/zoomathia/PS-ARISTOTELES/on_marvellous_things_heard/e/1/1/text/1,http://dbpedia.org/resource/Peninsula,point,0.9992530605614065,DBpedia
http://ns.inria.fr/zoomathia/PS-ARISTOTELES/on_marvellous_things_heard/e/1/1/text/1,http://dbpedia.org/resource/Ear,ears,0.9993898864534688,DBpedia
http://ns.inria.fr/zoomathia/PS-ARISTOTELES/on_marvellous_things_heard/e/1/1/text/1,http://dbpedia.org/resource/Pint,pints,0.9999999981661176,DBpedia
http://ns.inria.fr/zoomathia/PS-ARISTOTELES/on_marvellous_things_heard/e/1/1/text/1,http://dbpedia.org/resource/Bogeyman,pitch black,1.0,DBpedia
http://ns.inria.fr/zoomathia/PS-ARISTOTELES/on_marvellous_things_heard/e/1/1/text/1,http://dbpedia.org/resource/Polishing,shine,0.9992956872899892,DBpedia
http://ns.inria.fr/zoomathia/PS-ARISTOTELES/on_marvellous_things_heard/e/1/1/text/1,http://dbpedia.org/resource/Hunting_blind,hide,0.8811307456625712,DBpedia
http://ns.inria.fr/zoomathia/PS-ARISTOTELES/on_marvellous_things_heard/e/1/1/text/1,http://dbpedia.org/resource/Skinning,skinned,1.0,DBpedia
http://ns.inria.fr/zoomathia/PS-ARISTOTELES/on_marvellous_things_heard/e/1/1/text/1,http://dbpedia.org/resource/Album_cover,covers,0.7965115521391882,DBpedia
http://ns.inria.fr/zoomathia/PS-ARISTOTELES/on_marvellous_things_heard/e/1/1/text/1,http://dbpedia.org/resource/Space,space,0.6743293608035662,DBpedia
http://ns.inria.fr/zoomathia/PS-ARISTOTELES/on_marvellous_things_heard/e/1/1/text/1,http://dbpedia.org/resource/Triclinium,couches,1.0,DBpedia
http://ns.inria.fr/zoomathia/PS-ARISTOTELES/on_marvellous_things_heard/e/1/1/text/1,http://dbpedia.org/resource/Animal,beast,0.9999982834149205,DBpedia
http://ns.inria.fr/zoomathia/PS-ARISTOTELES/on_marvellous_things_heard/e/1/1/text/1,http://dbpedia.org/resource/Contract_killing,hit,0.5977843204658189,DBpedia
http://ns.inria.fr/zoomathia/PS-ARISTOTELES/on_marvellous_things_heard/e/1/1/text/1,http://dbpedia.org/resource/Capacity_(law),incapacitated,0.9973380597055249,DBpedia
http://ns.inria.fr/zoomathia/PS-ARISTOTELES/on_marvellous_things_heard/e/1/1/text/1,http://dbpedia.org/resource/Glossary_of_video_game_terms,continues,0.9999491661389238,DBpedia
http://ns.inria.fr/zoomathia/PS-ARISTOTELES/on_marvellous_things_heard/e/1/1/text/1,http://dbpedia.org/resource/Flesh,flesh,0.9672550144111282,DBpedia
http://ns.inria.fr/zoomathia/PS-ARISTOTELES/on_marvellous_things_heard/e/1/1/text/1,http://dbpedia.org/resource/Sweetness,sweet,0.9945226217805337,DBpedia
http://ns.inria.fr/zoomathia/PS-ARISTOTELES/on_marvellous_things_heard/e/1/1/text/1,http://dbpedia.org/resource/Kick,kicking,0.8972276080925365,DBpedia
http://ns.inria.fr/zoomathia/PS-ARISTOTELES/on_marvellous_things_heard/e/1/1/text/1,http://dbpedia.org/resource/Urination,voiding,1.0,DBpedia
http://ns.inria.fr/zoomathia/PS-ARISTOTELES/on_marvellous_things_heard/e/1/1/text/1,http://dbpedia.org/resource/Feces,excrement,0.9999780624409162,DBpedia
http://ns.inria.fr/zoomathia/PS-ARISTOTELES/on_marvellous_things_heard/e/1/1/text/1,http://dbpedia.org/resource/Substantial_form,form,0.9392987631466323,DBpedia
http://ns.inria.fr/zoomathia/PS-ARISTOTELES/on_marvellous_things_heard/e/1/1/text/1,http://dbpedia.org/resource/Military,defence,0.8693657298168203,DBpedia
http://ns.inria.fr/zoomathia/PS-ARISTOTELES/on_marvellous_things_heard/e/1/1/text/1,http://dbpedia.org/resource/Bird_nest,scrape,0.9999999098743088,DBpedia
http://ns.inria.fr/zoomathia/PS-ARISTOTELES/on_marvellous_things_heard/e/1/1/text/1,http://dbpedia.org/resource/Dog,dog,0.999999999960437,DBpedia
http://ns.inria.fr/zoomathia/PS-ARISTOTELES/on_marvellous_things_heard/e/1/1/text/1,http://dbpedia.org/resource/Hair,hair,0.9999951944711898,DBpedia
http://ns.inria.fr/zoomathia/PS-ARISTOTELES/on_marvellous_things_heard/e/1/1/text/1,http://dbpedia.org/resource/Animal,animal,0.9999348950720556,DBpedia
http://ns.inria.fr/zoomathia/PS-ARISTOTELES/on_marvellous_things_heard/e/1/1/text/1,http://dbpedia.org/resource/Scorch_(TV_series),scorch,0.9091484988866096,DBpedia
http://ns.inria.fr/zoomathia/PS-ARISTOTELES/on_marvellous_things_heard/e/1/1/text/1,http://dbpedia.org/resource/Marsupial,young,0.9955314681555484,DBpedia
http://ns.inria.fr/zoomathia/PS-ARISTOTELES/on_marvellous_things_heard/e/1/1/text/1,http://dbpedia.org/resource/Large_numbers,large numbers,0.9939938694365237,DBpedia
http://ns.inria.fr/zoomathia/PS-ARISTOTELES/on_marvellous_things_heard/e/1/1/text/1,http://dbpedia.org/resource/Collecting,collecting,0.9942173264608068,DBpedia
http://ns.inria.fr/zoomathia/PS-ARISTOTELES/on_marvellous_things_heard/e/1/1/text/1,http://dbpedia.org/resource/Herd,herd,0.9999274480973626,DBpedia
http://ns.inria.fr/zoomathia/PS-ARISTOTELES/on_marvellous_things_heard/e/1/1/text/1,http://dbpedia.org/resource/Marsupial,young,0.9955314681555484,DBpedia
http://ns.inria.fr/zoomathia/PS-ARISTOTELES/on_marvellous_things_heard/e/1/1/text/1,http://dbpedia.org/resource/Vacuum,void,0.9987755228100083,DBpedia
http://ns.inria.fr/zoomathia/PS-ARISTOTELES/on_marvellous_things_heard/e/1/1/text/1,http://dbpedia.org/resource/Feces,excrement,0.9999780624409162,DBpedia
http://ns.inria.fr/zoomathia/PS-ARISTOTELES/on_marvellous_things_heard/e/1/1/text/1,http://dbpedia.org/resource/Circle,circle,0.9999426397919225,DBpedia
http://ns.inria.fr/zoomathia/PS-ARISTOTELES/on_marvellous_things_heard/e/1/1/text/1,http://dbpedia.org/resource/Animal,beast,0.9999982834149205,DBpedia
http://ns.inria.fr/zoomathia/PS-ARISTOTELES/on_marvellous_things_heard/e/1/1/text/1,http://dbpedia.org/resource/Voids_in_mineral_aggregate,voids,0.9999454397712569,DBpedia
http://ns.inria.fr/zoomathia/PS-ARISTOTELES/on_marvellous_things_heard/e/1/1/text/1,http://dbpedia.org/resource/Great_cormorant,great,0.7632763005602631,DBpedia
http://ns.inria.fr/zoomathia/PS-ARISTOTELES/on_marvellous_things_heard/e/1/1/text/1,http://dbpedia.org/resource/Card_game,deal,0.9505909950718323,DBpedia
http://ns.inria.fr/zoomathia/PS-ARISTOTELES/on_marvellous_things_heard/e/1/1/text/1,http://dbpedia.org/resource/Feces,excrement,0.9999780624409162,DBpedia
http://ns.inria.fr/zoomathia/PS-ARISTOTELES/on_marvellous_things_heard/e/1/2/text/1,https://opentheso.huma-num.fr/?idc=pcrt0wSiSXpLTf&idt=th310,camels,1,zoomathia_match
http://ns.inria.fr/zoomathia/PS-ARISTOTELES/on_marvellous_things_heard/e/1/2/text/1,https://opentheso.huma-num.fr/?idc=107800&idt=th310,Arabia,1,zoomathia_match
http://ns.inria.fr/zoomathia/PS-ARISTOTELES/on_marvellous_things_heard/e/1/2/text/1,https://opentheso.huma-num.fr/?idc=pcrt0WrjgPTs33&idt=th310,man,1,zoomathia_match
http://ns.inria.fr/zoomathia/PS-ARISTOTELES/on_marvellous_things_heard/e/1/2/text/1,https://opentheso.huma-num.fr/?idc=pcrt0wSiSXpLTf&idt=th310,camel,1,zoomathia_match
http://ns.inria.fr/zoomathia/PS-ARISTOTELES/on_marvellous_things_heard/e/1/2/text/1,https://opentheso.huma-num.fr/?idc=106471&idt=th310,death,1,zoomathia_match
http://ns.inria.fr/zoomathia/PS-ARISTOTELES/on_marvellous_things_heard/e/1/2/text/1,https://www.wikidata.org/wiki/Q31945,Arabia,0.4107,wikidata
http://ns.inria.fr/zoomathia/PS-ARISTOTELES/on_marvellous_things_heard/e/1/2/text/1,http://dbpedia.org/resource/Camel,camels,0.9999341830776234,DBpedia
http://ns.inria.fr/zoomathia/PS-ARISTOTELES/on_marvellous_things_heard/e/1/2/text/1,http://dbpedia.org/resource/Arabian_Peninsula,Arabia,0.992285512109219,DBpedia
http://ns.inria.fr/zoomathia/PS-ARISTOTELES/on_marvellous_things_heard/e/1/2/text/1,http://dbpedia.org/resource/Mating,mate,0.8392384604489659,DBpedia
http://ns.inria.fr/zoomathia/PS-ARISTOTELES/on_marvellous_things_heard/e/1/2/text/1,http://dbpedia.org/resource/Dam,dams,0.9983582929442831,DBpedia
http://ns.inria.fr/zoomathia/PS-ARISTOTELES/on_marvellous_things_heard/e/1/2/text/1,http://dbpedia.org/resource/Narrative,story,0.7090689608035189,DBpedia
http://ns.inria.fr/zoomathia/PS-ARISTOTELES/on_marvellous_things_heard/e/1/2/text/1,http://dbpedia.org/resource/Stallion,stallion,0.9983241631509125,DBpedia
http://ns.inria.fr/zoomathia/PS-ARISTOTELES/on_marvellous_things_heard/e/1/2/text/1,http://dbpedia.org/resource/Human,man,0.5848939646825816,DBpedia
http://ns.inria.fr/zoomathia/PS-ARISTOTELES/on_marvellous_things_heard/e/1/2/text/1,http://dbpedia.org/resource/Secretly,secretly,0.9963702241635684,DBpedia
http://ns.inria.fr/zoomathia/PS-ARISTOTELES/on_marvellous_things_heard/e/1/2/text/1,http://dbpedia.org/resource/Introduced_species,introduced,0.9981808981964481,DBpedia
http://ns.inria.fr/zoomathia/PS-ARISTOTELES/on_marvellous_things_heard/e/1/2/text/1,http://dbpedia.org/resource/Colt_(horse),colt,0.9994891086075558,DBpedia
http://ns.inria.fr/zoomathia/PS-ARISTOTELES/on_marvellous_things_heard/e/1/2/text/1,http://dbpedia.org/resource/Soul_in_the_Bible,Apparently,0.8207380027407618,DBpedia
http://ns.inria.fr/zoomathia/PS-ARISTOTELES/on_marvellous_things_heard/e/1/2/text/1,http://dbpedia.org/resource/Colt_(horse),colt,0.9994891086075558,DBpedia
http://ns.inria.fr/zoomathia/PS-ARISTOTELES/on_marvellous_things_heard/e/1/2/text/1,http://dbpedia.org/resource/Complete_game,completed,0.6673268449995184,DBpedia
http://ns.inria.fr/zoomathia/PS-ARISTOTELES/on_marvellous_things_heard/e/1/2/text/1,http://dbpedia.org/resource/Mating,mating,0.9965929980911857,DBpedia
http://ns.inria.fr/zoomathia/PS-ARISTOTELES/on_marvellous_things_heard/e/1/2/text/1,http://dbpedia.org/resource/Bit,bit,0.9998935560524028,DBpedia
http://ns.inria.fr/zoomathia/PS-ARISTOTELES/on_marvellous_things_heard/e/1/3/text/1,https://opentheso.huma-num.fr/?idc=108165&idt=th310,cuckoos,1,zoomathia_match
http://ns.inria.fr/zoomathia/PS-ARISTOTELES/on_marvellous_things_heard/e/1/3/text/1,https://opentheso.huma-num.fr/?idc=105548&idt=th310,eggs,1,zoomathia_match
http://ns.inria.fr/zoomathia/PS-ARISTOTELES/on_marvellous_things_heard/e/1/3/text/1,https://opentheso.huma-num.fr/?idc=105468&idt=th310,nest,1,zoomathia_match
http://ns.inria.fr/zoomathia/PS-ARISTOTELES/on_marvellous_things_heard/e/1/3/text/1,https://opentheso.huma-num.fr/?idc=105468&idt=th310,nests,1,zoomathia_match
http://ns.inria.fr/zoomathia/PS-ARISTOTELES/on_marvellous_things_heard/e/1/3/text/1,https://opentheso.huma-num.fr/?idc=105935&idt=th310,doves,1,zoomathia_match
http://ns.inria.fr/zoomathia/PS-ARISTOTELES/on_marvellous_things_heard/e/1/3/text/1,https://opentheso.huma-num.fr/?idc=pcrtGm7ZMfoQrc&idt=th310,born,1,zoomathia_match
http://ns.inria.fr/zoomathia/PS-ARISTOTELES/on_marvellous_things_heard/e/1/3/text/1,https://opentheso.huma-num.fr/?idc=pcrtc1ReiRiJUd&idt=th310,casts,1,zoomathia_match
http://ns.inria.fr/zoomathia/PS-ARISTOTELES/on_marvellous_things_heard/e/1/3/text/1,https://opentheso.huma-num.fr/?idc=105468&idt=th310,nest,1,zoomathia_match
http://ns.inria.fr/zoomathia/PS-ARISTOTELES/on_marvellous_things_heard/e/1/3/text/1,https://opentheso.huma-num.fr/?idc=pcrtL41Ddfw4XO&idt=th310,ring,1,zoomathia_match
http://ns.inria.fr/zoomathia/PS-ARISTOTELES/on_marvellous_things_heard/e/1/3/text/1,https://opentheso.huma-num.fr/?idc=105935&idt=th310,doves,1,zoomathia_match
http://ns.inria.fr/zoomathia/PS-ARISTOTELES/on_marvellous_things_heard/e/1/3/text/1,https://www.wikidata.org/wiki/Q12094612,Helice,0.4494,wikidata
http://ns.inria.fr/zoomathia/PS-ARISTOTELES/on_marvellous_things_heard/e/1/3/text/1,http://dbpedia.org/resource/Cuckoo,cuckoos,0.8585878895325245,DBpedia
http://ns.inria.fr/zoomathia/PS-ARISTOTELES/on_marvellous_things_heard/e/1/3/text/1,http://dbpedia.org/resource/Helike,Helice,0.9999314763586453,DBpedia
http://ns.inria.fr/zoomathia/PS-ARISTOTELES/on_marvellous_things_heard/e/1/3/text/1,http://dbpedia.org/resource/Bird_egg,eggs,0.5963503300494156,DBpedia
http://ns.inria.fr/zoomathia/PS-ARISTOTELES/on_marvellous_things_heard/e/1/3/text/1,http://dbpedia.org/resource/Bird_nest,nest,0.9578876903793765,DBpedia
http://ns.inria.fr/zoomathia/PS-ARISTOTELES/on_marvellous_things_heard/e/1/3/text/1,http://dbpedia.org/resource/Bird_nest,nests,0.9888875079665098,DBpedia
http://ns.inria.fr/zoomathia/PS-ARISTOTELES/on_marvellous_things_heard/e/1/3/text/1,http://dbpedia.org/resource/Columbidae,doves,0.9999999997525606,DBpedia
http://ns.inria.fr/zoomathia/PS-ARISTOTELES/on_marvellous_things_heard/e/1/3/text/1,http://dbpedia.org/resource/Columbidae,pigeons,0.992035556230107,DBpedia
http://ns.inria.fr/zoomathia/PS-ARISTOTELES/on_marvellous_things_heard/e/1/3/text/1,http://dbpedia.org/resource/Sitting,sit,0.9846580873930602,DBpedia
http://ns.inria.fr/zoomathia/PS-ARISTOTELES/on_marvellous_things_heard/e/1/3/text/1,http://dbpedia.org/resource/Offspring,young,0.7855071370388687,DBpedia
http://ns.inria.fr/zoomathia/PS-ARISTOTELES/on_marvellous_things_heard/e/1/3/text/1,http://dbpedia.org/resource/Offspring,young,0.7855071370388687,DBpedia
http://ns.inria.fr/zoomathia/PS-ARISTOTELES/on_marvellous_things_heard/e/1/3/text/1,http://dbpedia.org/resource/Bird,bird,0.9999929590683261,DBpedia
http://ns.inria.fr/zoomathia/PS-ARISTOTELES/on_marvellous_things_heard/e/1/3/text/1,http://dbpedia.org/resource/Childbirth,born,0.6107050353043627,DBpedia
http://ns.inria.fr/zoomathia/PS-ARISTOTELES/on_marvellous_things_heard/e/1/3/text/1,http://dbpedia.org/resource/Toe,big,0.6275168298995697,DBpedia
http://ns.inria.fr/zoomathia/PS-ARISTOTELES/on_marvellous_things_heard/e/1/3/text/1,http://dbpedia.org/resource/Casting,casts,0.9454335708570969,DBpedia
http://ns.inria.fr/zoomathia/PS-ARISTOTELES/on_marvellous_things_heard/e/1/3/text/1,http://dbpedia.org/resource/Bird_nest,nest,0.9578876903793765,DBpedia
http://ns.inria.fr/zoomathia/PS-ARISTOTELES/on_marvellous_things_heard/e/1/3/text/1,http://dbpedia.org/resource/Life,lived,0.9822698588585916,DBpedia
http://ns.inria.fr/zoomathia/PS-ARISTOTELES/on_marvellous_things_heard/e/1/3/text/1,http://dbpedia.org/resource/Fine_art,fine,0.9189835228692047,DBpedia
http://ns.inria.fr/zoomathia/PS-ARISTOTELES/on_marvellous_things_heard/e/1/3/text/1,http://dbpedia.org/resource/Strong_interaction,strong,0.8816881377765435,DBpedia
http://ns.inria.fr/zoomathia/PS-ARISTOTELES/on_marvellous_things_heard/e/1/3/text/1,http://dbpedia.org/resource/Bird,bird,0.9999929590683261,DBpedia
http://ns.inria.fr/zoomathia/PS-ARISTOTELES/on_marvellous_things_heard/e/1/3/text/1,http://dbpedia.org/resource/Sea_captain,master,0.7178506705204905,DBpedia
http://ns.inria.fr/zoomathia/PS-ARISTOTELES/on_marvellous_things_heard/e/1/3/text/1,http://dbpedia.org/resource/Happiness,delight,0.9999988535869625,DBpedia
http://ns.inria.fr/zoomathia/PS-ARISTOTELES/on_marvellous_things_heard/e/1/3/text/1,http://dbpedia.org/resource/Join_and_meet,join,0.4809290560427345,DBpedia
http://ns.inria.fr/zoomathia/PS-ARISTOTELES/on_marvellous_things_heard/e/1/3/text/1,http://dbpedia.org/resource/Shapeshifting,turning,0.6176327582467233,DBpedia
http://ns.inria.fr/zoomathia/PS-ARISTOTELES/on_marvellous_things_heard/e/1/3/text/1,http://dbpedia.org/resource/Offspring,young,0.7855071370388687,DBpedia
http://ns.inria.fr/zoomathia/PS-ARISTOTELES/on_marvellous_things_heard/e/1/4/text/1,https://opentheso.huma-num.fr/?idc=pcrt3jcrAaRENB&idt=th310,Goats,1,zoomathia_match
http://ns.inria.fr/zoomathia/PS-ARISTOTELES/on_marvellous_things_heard/e/1/4/text/1,https://opentheso.huma-num.fr/?idc=105615&idt=th310,wounded,1,zoomathia_match
http://ns.inria.fr/zoomathia/PS-ARISTOTELES/on_marvellous_things_heard/e/1/4/text/1,https://www.wikidata.org/wiki/Q34374,Crete,0.4531,wikidata
http://ns.inria.fr/zoomathia/PS-ARISTOTELES/on_marvellous_things_heard/e/1/4/text/1,http://dbpedia.org/resource/Goat,Goats,0.9999998970342343,DBpedia
http://ns.inria.fr/zoomathia/PS-ARISTOTELES/on_marvellous_things_heard/e/1/4/text/1,http://dbpedia.org/resource/Crete,Crete,0.999996493264727,DBpedia
http://ns.inria.fr/zoomathia/PS-ARISTOTELES/on_marvellous_things_heard/e/1/4/text/1,http://dbpedia.org/resource/Wounded_in_action,wounded,0.8603137091805304,DBpedia
http://ns.inria.fr/zoomathia/PS-ARISTOTELES/on_marvellous_things_heard/e/1/4/text/1,http://dbpedia.org/resource/Arrow,arrow,0.9990437447446205,DBpedia
http://ns.inria.fr/zoomathia/PS-ARISTOTELES/on_marvellous_things_heard/e/1/4/text/1,http://dbpedia.org/resource/Hunting,hunt,0.9974663107296545,DBpedia
http://ns.inria.fr/zoomathia/PS-ARISTOTELES/on_marvellous_things_heard/e/1/4/text/1,http://dbpedia.org/resource/Dittany,dittany,0.9999999655683217,DBpedia
http://ns.inria.fr/zoomathia/PS-ARISTOTELES/on_marvellous_things_heard/e/1/4/text/1,http://dbpedia.org/resource/Population_growth,grows,0.9212166235046083,DBpedia
http://ns.inria.fr/zoomathia/PS-ARISTOTELES/on_marvellous_things_heard/e/1/4/text/1,http://dbpedia.org/resource/Batting_(cricket),pull,0.5686752951752173,DBpedia
http://ns.inria.fr/zoomathia/PS-ARISTOTELES/on_marvellous_things_heard/e/1/4/text/1,http://dbpedia.org/resource/Arrow,arrows,0.9986817261914056,DBpedia
http://ns.inria.fr/zoomathia/PS-ARISTOTELES/on_marvellous_things_heard/e/1/5/text/1,https://opentheso.huma-num.fr/?idc=pcrtBWawwFyKfi&idt=th310,deer,1,zoomathia_match
http://ns.inria.fr/zoomathia/PS-ARISTOTELES/on_marvellous_things_heard/e/1/5/text/1,https://opentheso.huma-num.fr/?idc=105127&idt=th310,horns,1,zoomathia_match
http://ns.inria.fr/zoomathia/PS-ARISTOTELES/on_marvellous_things_heard/e/1/5/text/1,https://opentheso.huma-num.fr/?idc=pcrtmDqe8H6RNF&idt=th310,points,1,zoomathia_match
http://ns.inria.fr/zoomathia/PS-ARISTOTELES/on_marvellous_things_heard/e/1/5/text/1,https://opentheso.huma-num.fr/?idc=pcrtc1ReiRiJUd&idt=th310,cast,1,zoomathia_match
http://ns.inria.fr/zoomathia/PS-ARISTOTELES/on_marvellous_things_heard/e/1/5/text/1,https://opentheso.huma-num.fr/?idc=105127&idt=th310,horns,1,zoomathia_match
http://ns.inria.fr/zoomathia/PS-ARISTOTELES/on_marvellous_things_heard/e/1/5/text/1,https://opentheso.huma-num.fr/?idc=105127&idt=th310,horns,1,zoomathia_match
http://ns.inria.fr/zoomathia/PS-ARISTOTELES/on_marvellous_things_heard/e/1/5/text/1,https://opentheso.huma-num.fr/?idc=105921&idt=th310,ivy,1,zoomathia_match
http://ns.inria.fr/zoomathia/PS-ARISTOTELES/on_marvellous_things_heard/e/1/5/text/1,https://opentheso.huma-num.fr/?idc=pcrtLnUS9cADfI&idt=th310,seen,1,zoomathia_match
http://ns.inria.fr/zoomathia/PS-ARISTOTELES/on_marvellous_things_heard/e/1/5/text/1,https://www.wikidata.org/wiki/Q2495811,Achaea,0.4614,wikidata
http://ns.inria.fr/zoomathia/PS-ARISTOTELES/on_marvellous_things_heard/e/1/5/text/1,http://dbpedia.org/resource/Deer,deer,0.998253431645587,DBpedia
http://ns.inria.fr/zoomathia/PS-ARISTOTELES/on_marvellous_things_heard/e/1/5/text/1,http://dbpedia.org/resource/Achaea,Achaea,0.9566994425796911,DBpedia
http://ns.inria.fr/zoomathia/PS-ARISTOTELES/on_marvellous_things_heard/e/1/5/text/1,http://dbpedia.org/resource/French_horn,horns,0.829879753731129,DBpedia
http://ns.inria.fr/zoomathia/PS-ARISTOTELES/on_marvellous_things_heard/e/1/5/text/1,http://dbpedia.org/resource/Thesis,defend,0.6248006756633135,DBpedia
http://ns.inria.fr/zoomathia/PS-ARISTOTELES/on_marvellous_things_heard/e/1/5/text/1,http://dbpedia.org/resource/Three_points_for_a_win,points,0.8330724643527881,DBpedia
http://ns.inria.fr/zoomathia/PS-ARISTOTELES/on_marvellous_things_heard/e/1/5/text/1,http://dbpedia.org/resource/Casting,cast,0.5949010799244758,DBpedia
http://ns.inria.fr/zoomathia/PS-ARISTOTELES/on_marvellous_things_heard/e/1/5/text/1,http://dbpedia.org/resource/French_horn,horns,0.829879753731129,DBpedia
http://ns.inria.fr/zoomathia/PS-ARISTOTELES/on_marvellous_things_heard/e/1/5/text/1,http://dbpedia.org/resource/Pain,painful,0.98925858594038,DBpedia
http://ns.inria.fr/zoomathia/PS-ARISTOTELES/on_marvellous_things_heard/e/1/5/text/1,http://dbpedia.org/resource/French_horn,horns,0.829879753731129,DBpedia
http://ns.inria.fr/zoomathia/PS-ARISTOTELES/on_marvellous_things_heard/e/1/5/text/1,http://dbpedia.org/resource/Hedera,ivy,0.9991509634476141,DBpedia
http://ns.inria.fr/zoomathia/PS-ARISTOTELES/on_marvellous_things_heard/e/1/6/text/1,https://opentheso.huma-num.fr/?idc=pcrtU0Z5PocEyR&idt=th310,Armenia,1,zoomathia_match
http://ns.inria.fr/zoomathia/PS-ARISTOTELES/on_marvellous_things_heard/e/1/6/text/1,https://opentheso.huma-num.fr/?idc=5077&idt=th310,leopard,1,zoomathia_match
http://ns.inria.fr/zoomathia/PS-ARISTOTELES/on_marvellous_things_heard/e/1/6/text/1,https://opentheso.huma-num.fr/?idc=5077&idt=th310,leopard,1,zoomathia_match
http://ns.inria.fr/zoomathia/PS-ARISTOTELES/on_marvellous_things_heard/e/1/6/text/1,https://opentheso.huma-num.fr/?idc=pcrtLnUS9cADfI&idt=th310,seen,1,zoomathia_match
http://ns.inria.fr/zoomathia/PS-ARISTOTELES/on_marvellous_things_heard/e/1/6/text/1,https://opentheso.huma-num.fr/?idc=pcrtWUyge94a85&idt=th310,set,1,zoomathia_match
http://ns.inria.fr/zoomathia/PS-ARISTOTELES/on_marvellous_things_heard/e/1/6/text/1,https://opentheso.huma-num.fr/?idc=5077&idt=th310,leopard,1,zoomathia_match
http://ns.inria.fr/zoomathia/PS-ARISTOTELES/on_marvellous_things_heard/e/1/6/text/1,https://opentheso.huma-num.fr/?idc=105406&idt=th310,touched,1,zoomathia_match
http://ns.inria.fr/zoomathia/PS-ARISTOTELES/on_marvellous_things_heard/e/1/6/text/1,https://opentheso.huma-num.fr/?idc=105407&idt=th310,excrement,1,zoomathia_match
http://ns.inria.fr/zoomathia/PS-ARISTOTELES/on_marvellous_things_heard/e/1/6/text/1,https://opentheso.huma-num.fr/?idc=105310&idt=th310,hunters,1,zoomathia_match
http://ns.inria.fr/zoomathia/PS-ARISTOTELES/on_marvellous_things_heard/e/1/6/text/1,https://opentheso.huma-num.fr/?idc=pcrtfv4IrNiWE8&idt=th310,vessel,1,zoomathia_match
http://ns.inria.fr/zoomathia/PS-ARISTOTELES/on_marvellous_things_heard/e/1/6/text/1,https://opentheso.huma-num.fr/?idc=107538&idt=th310,tree,1,zoomathia_match
http://ns.inria.fr/zoomathia/PS-ARISTOTELES/on_marvellous_things_heard/e/1/6/text/1,https://opentheso.huma-num.fr/?idc=105381&idt=th310,jumping,1,zoomathia_match
http://ns.inria.fr/zoomathia/PS-ARISTOTELES/on_marvellous_things_heard/e/1/6/text/1,https://www.wikidata.org/wiki/Q399,Armenia,0.4526,wikidata
http://ns.inria.fr/zoomathia/PS-ARISTOTELES/on_marvellous_things_heard/e/1/6/text/1,http://dbpedia.org/resource/Armenia,Armenia,0.9886560788708296,DBpedia
http://ns.inria.fr/zoomathia/PS-ARISTOTELES/on_marvellous_things_heard/e/1/6/text/1,http://dbpedia.org/resource/Plant,plant,0.997462478313531,DBpedia
http://ns.inria.fr/zoomathia/PS-ARISTOTELES/on_marvellous_things_heard/e/1/6/text/1,http://dbpedia.org/resource/Religious_calling,called,0.7082894316316318,DBpedia
http://ns.inria.fr/zoomathia/PS-ARISTOTELES/on_marvellous_things_heard/e/1/6/text/1,http://dbpedia.org/resource/Bane_(plant),bane,0.9505919003394789,DBpedia
http://ns.inria.fr/zoomathia/PS-ARISTOTELES/on_marvellous_things_heard/e/1/6/text/1,http://dbpedia.org/resource/Anointing,anoint,0.9996213617714645,DBpedia
http://ns.inria.fr/zoomathia/PS-ARISTOTELES/on_marvellous_things_heard/e/1/6/text/1,http://dbpedia.org/resource/Victimology,victim,0.6772956155174158,DBpedia
http://ns.inria.fr/zoomathia/PS-ARISTOTELES/on_marvellous_things_heard/e/1/6/text/1,http://dbpedia.org/resource/Set_construction,set,0.7276962510992973,DBpedia
http://ns.inria.fr/zoomathia/PS-ARISTOTELES/on_marvellous_things_heard/e/1/6/text/1,http://dbpedia.org/resource/Hard_disk_drive_performance_characteristics,seeks,0.999999999993122,DBpedia
http://ns.inria.fr/zoomathia/PS-ARISTOTELES/on_marvellous_things_heard/e/1/6/text/1,http://dbpedia.org/resource/Feces,excrement,0.98698589323072,DBpedia
http://ns.inria.fr/zoomathia/PS-ARISTOTELES/on_marvellous_things_heard/e/1/6/text/1,http://dbpedia.org/resource/Hunting,hunters,0.7646838236750627,DBpedia
http://ns.inria.fr/zoomathia/PS-ARISTOTELES/on_marvellous_things_heard/e/1/6/text/1,http://dbpedia.org/resource/Hanging,hang,0.999284041217377,DBpedia
http://ns.inria.fr/zoomathia/PS-ARISTOTELES/on_marvellous_things_heard/e/1/6/text/1,http://dbpedia.org/resource/Tree,tree,0.999782992323757,DBpedia
http://ns.inria.fr/zoomathia/PS-ARISTOTELES/on_marvellous_things_heard/e/1/6/text/1,http://dbpedia.org/resource/Order_theory,order,0.6950334067311545,DBpedia
http://ns.inria.fr/zoomathia/PS-ARISTOTELES/on_marvellous_things_heard/e/1/6/text/1,http://dbpedia.org/resource/Major_depressive_disorder,tired,0.8421171103794092,DBpedia
http://ns.inria.fr/zoomathia/PS-ARISTOTELES/on_marvellous_things_heard/e/1/6/text/1,http://dbpedia.org/resource/Jumping,jumping,0.6059725889121101,DBpedia
http://ns.inria.fr/zoomathia/PS-ARISTOTELES/on_marvellous_things_heard/e/1/6/text/1,http://dbpedia.org/resource/Prisoner_of_war,captured,0.9442507315928657,DBpedia
http://ns.inria.fr/zoomathia/PS-ARISTOTELES/on_marvellous_things_heard/e/1/7/text/1,https://opentheso.huma-num.fr/?idc=105121&idt=th310,fly,1,zoomathia_match
http://ns.inria.fr/zoomathia/PS-ARISTOTELES/on_marvellous_things_heard/e/1/7/text/1,https://opentheso.huma-num.fr/?idc=105383&idt=th310,fly,1,zoomathia_match
http://ns.inria.fr/zoomathia/PS-ARISTOTELES/on_marvellous_things_heard/e/1/7/text/1,https://opentheso.huma-num.fr/?idc=105131&idt=th310,mouths,1,zoomathia_match
http://ns.inria.fr/zoomathia/PS-ARISTOTELES/on_marvellous_things_heard/e/1/7/text/1,https://opentheso.huma-num.fr/?idc=pcrtYSaMriYJvU&idt=th310,crocodiles,1,zoomathia_match
http://ns.inria.fr/zoomathia/PS-ARISTOTELES/on_marvellous_things_heard/e/1/7/text/1,https://opentheso.huma-num.fr/?idc=105134&idt=th310,teeth,1,zoomathia_match
http://ns.inria.fr/zoomathia/PS-ARISTOTELES/on_marvellous_things_heard/e/1/7/text/1,https://opentheso.huma-num.fr/?idc=105975&idt=th310,flesh,1,zoomathia_match
http://ns.inria.fr/zoomathia/PS-ARISTOTELES/on_marvellous_things_heard/e/1/7/text/1,https://opentheso.huma-num.fr/?idc=105137&idt=th310,beaks,1,zoomathia_match
http://ns.inria.fr/zoomathia/PS-ARISTOTELES/on_marvellous_things_heard/e/1/7/text/1,https://opentheso.huma-num.fr/?idc=pcrtYSaMriYJvU&idt=th310,crocodiles,1,zoomathia_match
http://ns.inria.fr/zoomathia/PS-ARISTOTELES/on_marvellous_things_heard/e/1/7/text/1,https://www.wikidata.org/wiki/Q79,Egypt,0.4625,wikidata
http://ns.inria.fr/zoomathia/PS-ARISTOTELES/on_marvellous_things_heard/e/1/7/text/1,http://dbpedia.org/resource/Egypt,Egypt,0.9584292893590579,DBpedia
http://ns.inria.fr/zoomathia/PS-ARISTOTELES/on_marvellous_things_heard/e/1/7/text/1,http://dbpedia.org/resource/Sandpiper,sandpipers,0.9999999999876366,DBpedia
http://ns.inria.fr/zoomathia/PS-ARISTOTELES/on_marvellous_things_heard/e/1/7/text/1,http://dbpedia.org/resource/Fly,fly,0.9995382416779016,DBpedia
http://ns.inria.fr/zoomathia/PS-ARISTOTELES/on_marvellous_things_heard/e/1/7/text/1,http://dbpedia.org/resource/River_mouth,mouths,0.6302911067992848,DBpedia
http://ns.inria.fr/zoomathia/PS-ARISTOTELES/on_marvellous_things_heard/e/1/7/text/1,http://dbpedia.org/resource/Crocodile,crocodiles,0.9502912975934649,DBpedia
http://ns.inria.fr/zoomathia/PS-ARISTOTELES/on_marvellous_things_heard/e/1/7/text/1,http://dbpedia.org/resource/Plectrum,pick,0.6813084942270817,DBpedia
http://ns.inria.fr/zoomathia/PS-ARISTOTELES/on_marvellous_things_heard/e/1/7/text/1,http://dbpedia.org/resource/Tooth,teeth,0.9999642592493904,DBpedia
http://ns.inria.fr/zoomathia/PS-ARISTOTELES/on_marvellous_things_heard/e/1/7/text/1,http://dbpedia.org/resource/Guitar_picking,picking,0.46574914634278264,DBpedia
http://ns.inria.fr/zoomathia/PS-ARISTOTELES/on_marvellous_things_heard/e/1/7/text/1,http://dbpedia.org/resource/Flesh,flesh,0.9999318409571442,DBpedia
http://ns.inria.fr/zoomathia/PS-ARISTOTELES/on_marvellous_things_heard/e/1/7/text/1,http://dbpedia.org/resource/Adhesion,adhere,0.9912330724267737,DBpedia
http://ns.inria.fr/zoomathia/PS-ARISTOTELES/on_marvellous_things_heard/e/1/7/text/1,http://dbpedia.org/resource/Cephalopod_beak,beaks,0.9667825263740064,DBpedia
http://ns.inria.fr/zoomathia/PS-ARISTOTELES/on_marvellous_things_heard/e/1/7/text/1,http://dbpedia.org/resource/Crocodile,crocodiles,0.9502912975934649,DBpedia
http://ns.inria.fr/zoomathia/PS-ARISTOTELES/on_marvellous_things_heard/e/1/7/text/1,http://dbpedia.org/resource/Harm,harm,0.6189280967852413,DBpedia
http://ns.inria.fr/zoomathia/PS-ARISTOTELES/on_marvellous_things_heard/e/1/8/text/1,https://opentheso.huma-num.fr/?idc=5070&idt=th310,hedgehogs,1,zoomathia_match
http://ns.inria.fr/zoomathia/PS-ARISTOTELES/on_marvellous_things_heard/e/1/8/text/1,https://opentheso.huma-num.fr/?idc=105642&idt=th310,wind,1,zoomathia_match
http://ns.inria.fr/zoomathia/PS-ARISTOTELES/on_marvellous_things_heard/e/1/8/text/1,https://opentheso.huma-num.fr/?idc=107812&idt=th310,north,1,zoomathia_match
http://ns.inria.fr/zoomathia/PS-ARISTOTELES/on_marvellous_things_heard/e/1/8/text/1,https://opentheso.huma-num.fr/?idc=105642&idt=th310,wind,1,zoomathia_match
http://ns.inria.fr/zoomathia/PS-ARISTOTELES/on_marvellous_things_heard/e/1/8/text/1,https://opentheso.huma-num.fr/?idc=107812&idt=th310,north,1,zoomathia_match
http://ns.inria.fr/zoomathia/PS-ARISTOTELES/on_marvellous_things_heard/e/1/8/text/1,https://opentheso.huma-num.fr/?idc=107033&idt=th310,north wind,1,zoomathia_match
http://ns.inria.fr/zoomathia/PS-ARISTOTELES/on_marvellous_things_heard/e/1/8/text/1,https://opentheso.huma-num.fr/?idc=105642&idt=th310,wind,1,zoomathia_match
http://ns.inria.fr/zoomathia/PS-ARISTOTELES/on_marvellous_things_heard/e/1/8/text/1,https://www.wikidata.org/wiki/Q23725,Byzantium,0.4624,wikidata
http://ns.inria.fr/zoomathia/PS-ARISTOTELES/on_marvellous_things_heard/e/1/8/text/1,http://dbpedia.org/resource/Byzantium,Byzantium,0.9469091540620803,DBpedia
http://ns.inria.fr/zoomathia/PS-ARISTOTELES/on_marvellous_things_heard/e/1/8/text/1,http://dbpedia.org/resource/Hedgehog,hedgehogs,0.9746332864750523,DBpedia
http://ns.inria.fr/zoomathia/PS-ARISTOTELES/on_marvellous_things_heard/e/1/8/text/1,http://dbpedia.org/resource/Distinguishing,distinguish,0.5003069840134046,DBpedia
http://ns.inria.fr/zoomathia/PS-ARISTOTELES/on_marvellous_things_heard/e/1/8/text/1,http://dbpedia.org/resource/Wind,wind,0.9941147893122939,DBpedia
http://ns.inria.fr/zoomathia/PS-ARISTOTELES/on_marvellous_things_heard/e/1/8/text/1,http://dbpedia.org/resource/Professional_wrestling_strikes,blows,0.9932987931938341,DBpedia
http://ns.inria.fr/zoomathia/PS-ARISTOTELES/on_marvellous_things_heard/e/1/8/text/1,http://dbpedia.org/resource/North,north,0.9827163159214569,DBpedia
http://ns.inria.fr/zoomathia/PS-ARISTOTELES/on_marvellous_things_heard/e/1/8/text/1,http://dbpedia.org/resource/South,south,0.987983341635557,DBpedia
http://ns.inria.fr/zoomathia/PS-ARISTOTELES/on_marvellous_things_heard/e/1/8/text/1,http://dbpedia.org/resource/Coin,change,0.3670536835683851,DBpedia
http://ns.inria.fr/zoomathia/PS-ARISTOTELES/on_marvellous_things_heard/e/1/8/text/1,http://dbpedia.org/resource/Electron_hole,holes,0.7853779210226318,DBpedia
http://ns.inria.fr/zoomathia/PS-ARISTOTELES/on_marvellous_things_heard/e/1/8/text/1,http://dbpedia.org/resource/South_wind,south wind,0.9999999997436078,DBpedia
http://ns.inria.fr/zoomathia/PS-ARISTOTELES/on_marvellous_things_heard/e/1/8/text/1,http://dbpedia.org/resource/Professional_wrestling_strikes,blows,0.9932987931938341,DBpedia
http://ns.inria.fr/zoomathia/PS-ARISTOTELES/on_marvellous_things_heard/e/1/8/text/1,http://dbpedia.org/resource/Chess_opening,openings,0.7078668541901465,DBpedia
http://ns.inria.fr/zoomathia/PS-ARISTOTELES/on_marvellous_things_heard/e/1/8/text/1,http://dbpedia.org/resource/North_wind,north wind,0.7253765550358876,DBpedia
http://ns.inria.fr/zoomathia/PS-ARISTOTELES/on_marvellous_things_heard/e/1/8/text/1,http://dbpedia.org/resource/A-side_and_B-side,sides,0.47120114727041523,DBpedia
http://ns.inria.fr/zoomathia/PS-ARISTOTELES/on_marvellous_things_heard/e/1/9/text/1,https://opentheso.huma-num.fr/?idc=pcrt3jcrAaRENB&idt=th310,goats,1,zoomathia_match
http://ns.inria.fr/zoomathia/PS-ARISTOTELES/on_marvellous_things_heard/e/1/9/text/1,https://opentheso.huma-num.fr/?idc=pcrt6z097U6IUf&idt=th310,drink,1,zoomathia_match
http://ns.inria.fr/zoomathia/PS-ARISTOTELES/on_marvellous_things_heard/e/1/9/text/1,https://opentheso.huma-num.fr/?idc=pcrtGSslMASdGf&idt=th310,day,1,zoomathia_match
http://ns.inria.fr/zoomathia/PS-ARISTOTELES/on_marvellous_things_heard/e/1/9/text/1,https://opentheso.huma-num.fr/?idc=pcrthTAMawVNg8&idt=th310,faces,1,zoomathia_match
http://ns.inria.fr/zoomathia/PS-ARISTOTELES/on_marvellous_things_heard/e/1/9/text/1,https://opentheso.huma-num.fr/?idc=106018&idt=th310,faces,1,zoomathia_match
http://ns.inria.fr/zoomathia/PS-ARISTOTELES/on_marvellous_things_heard/e/1/9/text/1,https://opentheso.huma-num.fr/?idc=105692&idt=th310,sea,1,zoomathia_match
http://ns.inria.fr/zoomathia/PS-ARISTOTELES/on_marvellous_things_heard/e/1/9/text/1,https://opentheso.huma-num.fr/?idc=pcrtx72BOMXZ2d&idt=th310,open,1,zoomathia_match
http://ns.inria.fr/zoomathia/PS-ARISTOTELES/on_marvellous_things_heard/e/1/9/text/1,https://opentheso.huma-num.fr/?idc=105131&idt=th310,mouths,1,zoomathia_match
http://ns.inria.fr/zoomathia/PS-ARISTOTELES/on_marvellous_things_heard/e/1/9/text/1,https://opentheso.huma-num.fr/?idc=107586&idt=th310,air,1,zoomathia_match
http://ns.inria.fr/zoomathia/PS-ARISTOTELES/on_marvellous_things_heard/e/1/9/text/1,https://www.wikidata.org/wiki/Q178488,Cephallenia,0.442,wikidata
http://ns.inria.fr/zoomathia/PS-ARISTOTELES/on_marvellous_things_heard/e/1/9/text/1,http://dbpedia.org/resource/The_Goats,The goats,0.9999999972000069,DBpedia
http://ns.inria.fr/zoomathia/PS-ARISTOTELES/on_marvellous_things_heard/e/1/9/text/1,http://dbpedia.org/resource/Cephalonia,Cephallenia,0.9999993562081014,DBpedia
http://ns.inria.fr/zoomathia/PS-ARISTOTELES/on_marvellous_things_heard/e/1/9/text/1,http://dbpedia.org/resource/Quadrupedalism,quadrupeds,0.9999999841022033,DBpedia
http://ns.inria.fr/zoomathia/PS-ARISTOTELES/on_marvellous_things_heard/e/1/9/text/1,http://dbpedia.org/resource/Day,day,0.8754933518495566,DBpedia
http://ns.inria.fr/zoomathia/PS-ARISTOTELES/on_marvellous_things_heard/e/1/9/text/1,http://dbpedia.org/resource/Glossary_of_professional_wrestling_terms,turn,0.9899764307067981,DBpedia
http://ns.inria.fr/zoomathia/PS-ARISTOTELES/on_marvellous_things_heard/e/1/9/text/1,http://dbpedia.org/resource/Face,faces,0.5654821862712341,DBpedia
http://ns.inria.fr/zoomathia/PS-ARISTOTELES/on_marvellous_things_heard/e/1/9/text/1,http://dbpedia.org/resource/Open_set,open,0.6935055707379713,DBpedia
http://ns.inria.fr/zoomathia/PS-ARISTOTELES/on_marvellous_things_heard/e/1/9/text/1,http://dbpedia.org/resource/River_mouth,mouths,0.9779573055884211,DBpedia
http://ns.inria.fr/zoomathia/PS-ARISTOTELES/on_marvellous_things_heard/e/1/9/text/1,http://dbpedia.org/resource/Inhalation,inhale,0.999999992855237,DBpedia
http://ns.inria.fr/zoomathia/PS-ARISTOTELES/on_marvellous_things_heard/e/1/10/text/1,https://opentheso.huma-num.fr/?idc=107826&idt=th310,Syria,1,zoomathia_match
http://ns.inria.fr/zoomathia/PS-ARISTOTELES/on_marvellous_things_heard/e/1/10/text/1,https://opentheso.huma-num.fr/?idc=106004&idt=th310,wild,1,zoomathia_match
http://ns.inria.fr/zoomathia/PS-ARISTOTELES/on_marvellous_things_heard/e/1/10/text/1,https://opentheso.huma-num.fr/?idc=105880&idt=th310,wild asses,1,zoomathia_match
http://ns.inria.fr/zoomathia/PS-ARISTOTELES/on_marvellous_things_heard/e/1/10/text/1,https://opentheso.huma-num.fr/?idc=pcrt1eSDN7pc4r&idt=th310,asses,1,zoomathia_match
http://ns.inria.fr/zoomathia/PS-ARISTOTELES/on_marvellous_things_heard/e/1/10/text/1,https://opentheso.huma-num.fr/?idc=105290&idt=th310,female,1,zoomathia_match
http://ns.inria.fr/zoomathia/PS-ARISTOTELES/on_marvellous_things_heard/e/1/10/text/1,https://opentheso.huma-num.fr/?idc=105153&idt=th310,hind legs,1,zoomathia_match
http://ns.inria.fr/zoomathia/PS-ARISTOTELES/on_marvellous_things_heard/e/1/10/text/1,https://opentheso.huma-num.fr/?idc=105149&idt=th310,legs,1,zoomathia_match
http://ns.inria.fr/zoomathia/PS-ARISTOTELES/on_marvellous_things_heard/e/1/10/text/1,https://opentheso.huma-num.fr/?idc=105785&idt=th310,tears,1,zoomathia_match
http://ns.inria.fr/zoomathia/PS-ARISTOTELES/on_marvellous_things_heard/e/1/10/text/1,https://opentheso.huma-num.fr/?idc=pcrtVogUK1mSX3&idt=th310,organs,1,zoomathia_match
http://ns.inria.fr/zoomathia/PS-ARISTOTELES/on_marvellous_things_heard/e/1/10/text/1,https://www.wikidata.org/wiki/Q858,Syria,0.4505,wikidata
http://ns.inria.fr/zoomathia/PS-ARISTOTELES/on_marvellous_things_heard/e/1/10/text/1,http://dbpedia.org/resource/Syria,Syria,0.9970764669118297,DBpedia
http://ns.inria.fr/zoomathia/PS-ARISTOTELES/on_marvellous_things_heard/e/1/10/text/1,http://dbpedia.org/resource/Leadership,leader,0.9810051403627655,DBpedia
http://ns.inria.fr/zoomathia/PS-ARISTOTELES/on_marvellous_things_heard/e/1/10/text/1,http://dbpedia.org/resource/Herd,herd,0.9786948740881806,DBpedia
http://ns.inria.fr/zoomathia/PS-ARISTOTELES/on_marvellous_things_heard/e/1/10/text/1,http://dbpedia.org/resource/Wild_horse,wild,0.9866666964364613,DBpedia
http://ns.inria.fr/zoomathia/PS-ARISTOTELES/on_marvellous_things_heard/e/1/10/text/1,http://dbpedia.org/resource/Donkey,asses,0.9818201350763273,DBpedia
http://ns.inria.fr/zoomathia/PS-ARISTOTELES/on_marvellous_things_heard/e/1/10/text/1,http://dbpedia.org/resource/Youngest_son,younger,0.9999089503424665,DBpedia
http://ns.inria.fr/zoomathia/PS-ARISTOTELES/on_marvellous_things_heard/e/1/10/text/1,http://dbpedia.org/resource/Animal,animals,0.9913096163007109,DBpedia
http://ns.inria.fr/zoomathia/PS-ARISTOTELES/on_marvellous_things_heard/e/1/10/text/1,http://dbpedia.org/resource/Wish,wishes,0.99996573618608,DBpedia
http://ns.inria.fr/zoomathia/PS-ARISTOTELES/on_marvellous_things_heard/e/1/10/text/1,http://dbpedia.org/resource/Mating,mate,0.9999988795477204,DBpedia
http://ns.inria.fr/zoomathia/PS-ARISTOTELES/on_marvellous_things_heard/e/1/10/text/1,http://dbpedia.org/resource/Female,female,0.9998559142693791,DBpedia
http://ns.inria.fr/zoomathia/PS-ARISTOTELES/on_marvellous_things_heard/e/1/10/text/1,http://dbpedia.org/resource/Leadership,leader,0.9810051403627655,DBpedia
http://ns.inria.fr/zoomathia/PS-ARISTOTELES/on_marvellous_things_heard/e/1/10/text/1,http://dbpedia.org/resource/Offspring,young,0.9450821671518919,DBpedia
http://ns.inria.fr/zoomathia/PS-ARISTOTELES/on_marvellous_things_heard/e/1/10/text/1,http://dbpedia.org/resource/Caught,catches,0.9999848281777157,DBpedia
http://ns.inria.fr/zoomathia/PS-ARISTOTELES/on_marvellous_things_heard/e/1/10/text/1,http://dbpedia.org/resource/Deer,hind,0.9685466636131148,DBpedia
http://ns.inria.fr/zoomathia/PS-ARISTOTELES/on_marvellous_things_heard/e/1/10/text/1,http://dbpedia.org/resource/Arthropod_leg,legs,0.9988693932647197,DBpedia
http://ns.inria.fr/zoomathia/PS-ARISTOTELES/on_marvellous_things_heard/e/1/10/text/1,http://dbpedia.org/resource/Tears,tears,0.9913982978410096,DBpedia
http://ns.inria.fr/zoomathia/PS-ARISTOTELES/on_marvellous_things_heard/e/1/10/text/1,http://dbpedia.org/resource/Sex_organ,organs,0.998885880001658,DBpedia
http://ns.inria.fr/zoomathia/PS-ARISTOTELES/on_marvellous_things_heard/e/1/11/text/1,https://opentheso.huma-num.fr/?idc=pcrtaO1Rsn1iPp&idt=th310,tortoises,1,zoomathia_match
http://ns.inria.fr/zoomathia/PS-ARISTOTELES/on_marvellous_things_heard/e/1/11/text/1,https://opentheso.huma-num.fr/?idc=106259&idt=th310,snake,1,zoomathia_match
http://ns.inria.fr/zoomathia/PS-ARISTOTELES/on_marvellous_things_heard/e/1/11/text/1,https://opentheso.huma-num.fr/?idc=105309&idt=th310,shepherds,1,zoomathia_match
http://ns.inria.fr/zoomathia/PS-ARISTOTELES/on_marvellous_things_heard/e/1/11/text/1,https://opentheso.huma-num.fr/?idc=pcrtaO1Rsn1iPp&idt=th310,tortoise,1,zoomathia_match
http://ns.inria.fr/zoomathia/PS-ARISTOTELES/on_marvellous_things_heard/e/1/11/text/1,https://opentheso.huma-num.fr/?idc=106259&idt=th310,snake,1,zoomathia_match
http://ns.inria.fr/zoomathia/PS-ARISTOTELES/on_marvellous_things_heard/e/1/11/text/1,https://opentheso.huma-num.fr/?idc=pcrtaO1Rsn1iPp&idt=th310,tortoise,1,zoomathia_match
http://ns.inria.fr/zoomathia/PS-ARISTOTELES/on_marvellous_things_heard/e/1/11/text/1,https://opentheso.huma-num.fr/?idc=105649&idt=th310,time,1,zoomathia_match
http://ns.inria.fr/zoomathia/PS-ARISTOTELES/on_marvellous_things_heard/e/1/11/text/1,http://dbpedia.org/resource/Tortoise,tortoises,0.9974884260683929,DBpedia
http://ns.inria.fr/zoomathia/PS-ARISTOTELES/on_marvellous_things_heard/e/1/11/text/1,http://dbpedia.org/resource/Snake,snake,0.9999185334396024,DBpedia
http://ns.inria.fr/zoomathia/PS-ARISTOTELES/on_marvellous_things_heard/e/1/11/text/1,http://dbpedia.org/resource/Eating,eat,0.582925344367861,DBpedia
http://ns.inria.fr/zoomathia/PS-ARISTOTELES/on_marvellous_things_heard/e/1/11/text/1,http://dbpedia.org/resource/Marjoram,marjoram,0.9999999967720612,DBpedia
http://ns.inria.fr/zoomathia/PS-ARISTOTELES/on_marvellous_things_heard/e/1/11/text/1,http://dbpedia.org/resource/Dice,die,0.9803560843206006,DBpedia
http://ns.inria.fr/zoomathia/PS-ARISTOTELES/on_marvellous_things_heard/e/1/11/text/1,http://dbpedia.org/resource/Experiment,experimented,0.9999998058737749,DBpedia
http://ns.inria.fr/zoomathia/PS-ARISTOTELES/on_marvellous_things_heard/e/1/11/text/1,http://dbpedia.org/resource/Tortoise,tortoise,0.9960387177630889,DBpedia
http://ns.inria.fr/zoomathia/PS-ARISTOTELES/on_marvellous_things_heard/e/1/11/text/1,http://dbpedia.org/resource/Eating,eating,0.9399881211532729,DBpedia
http://ns.inria.fr/zoomathia/PS-ARISTOTELES/on_marvellous_things_heard/e/1/11/text/1,http://dbpedia.org/resource/Snake,snake,0.9999185334396024,DBpedia
http://ns.inria.fr/zoomathia/PS-ARISTOTELES/on_marvellous_things_heard/e/1/11/text/1,http://dbpedia.org/resource/Pull_technology,pull,0.4093438352638279,DBpedia
http://ns.inria.fr/zoomathia/PS-ARISTOTELES/on_marvellous_things_heard/e/1/11/text/1,http://dbpedia.org/resource/Marjoram,marjoram,0.9999999967720612,DBpedia
http://ns.inria.fr/zoomathia/PS-ARISTOTELES/on_marvellous_things_heard/e/1/11/text/1,http://dbpedia.org/resource/Tortoise,tortoise,0.9960387177630889,DBpedia
http://ns.inria.fr/zoomathia/PS-ARISTOTELES/on_marvellous_things_heard/e/1/11/text/1,http://dbpedia.org/resource/Dice,die,0.9803560843206006,DBpedia
http://ns.inria.fr/zoomathia/PS-ARISTOTELES/on_marvellous_things_heard/e/1/11/text/1,http://dbpedia.org/resource/Short_film,short,0.9892738747589447,DBpedia
http://ns.inria.fr/zoomathia/PS-ARISTOTELES/on_marvellous_things_heard/e/1/11/text/1,http://dbpedia.org/resource/Outer_space,space,0.7336671333303771,DBpedia
http://ns.inria.fr/zoomathia/PS-ARISTOTELES/on_marvellous_things_heard/e/1/11/text/1,http://dbpedia.org/resource/Time,time,0.9974820114642915,DBpedia
http://ns.inria.fr/zoomathia/PS-ARISTOTELES/on_marvellous_things_heard/e/1/12/text/1,https://opentheso.huma-num.fr/?idc=pcrtVogUK1mSX3&idt=th310,organ,1,zoomathia_match
http://ns.inria.fr/zoomathia/PS-ARISTOTELES/on_marvellous_things_heard/e/1/12/text/1,https://opentheso.huma-num.fr/?idc=pcrt448yYmVDuT&idt=th310,bone,1,zoomathia_match
http://ns.inria.fr/zoomathia/PS-ARISTOTELES/on_marvellous_things_heard/e/1/12/text/1,https://opentheso.huma-num.fr/?idc=pcrtmwjz8S1ZgH&idt=th310,cure,1,zoomathia_match
http://ns.inria.fr/zoomathia/PS-ARISTOTELES/on_marvellous_things_heard/e/1/12/text/1,http://dbpedia.org/resource/Place_de_la_Musique,The organ,0.9999999869671684,DBpedia
http://ns.inria.fr/zoomathia/PS-ARISTOTELES/on_marvellous_things_heard/e/1/12/text/1,http://dbpedia.org/resource/Animal,animals,0.9845645804681918,DBpedia
http://ns.inria.fr/zoomathia/PS-ARISTOTELES/on_marvellous_things_heard/e/1/12/text/1,http://dbpedia.org/resource/Hardness,hard,0.930239433810345,DBpedia
http://ns.inria.fr/zoomathia/PS-ARISTOTELES/on_marvellous_things_heard/e/1/12/text/1,http://dbpedia.org/resource/Bone,bone,0.9999393971432239,DBpedia
http://ns.inria.fr/zoomathia/PS-ARISTOTELES/on_marvellous_things_heard/e/1/12/text/1,http://dbpedia.org/resource/Disease,condition,0.8815877376752936,DBpedia
http://ns.inria.fr/zoomathia/PS-ARISTOTELES/on_marvellous_things_heard/e/1/12/text/1,http://dbpedia.org/resource/Wikipedia,excellent,0.9068693054881826,DBpedia
http://ns.inria.fr/zoomathia/PS-ARISTOTELES/on_marvellous_things_heard/e/1/12/text/1,http://dbpedia.org/resource/Cure,cure,0.9635748362706085,DBpedia
http://ns.inria.fr/zoomathia/PS-ARISTOTELES/on_marvellous_things_heard/e/1/12/text/1,http://dbpedia.org/resource/Strangury,strangury,0.9999999941086344,DBpedia
http://ns.inria.fr/zoomathia/PS-ARISTOTELES/on_marvellous_things_heard/e/1/12/text/1,http://dbpedia.org/resource/Powder,powdered,0.9821548023718844,DBpedia
http://ns.inria.fr/zoomathia/PS-ARISTOTELES/on_marvellous_things_heard/e/1/12/text/1,http://dbpedia.org/resource/Substantial_form,form,0.4024081455543224,DBpedia
http://ns.inria.fr/zoomathia/PS-ARISTOTELES/on_marvellous_things_heard/e/1/13/text/1,https://opentheso.huma-num.fr/?idc=108213&idt=th310,woodpecker,1,zoomathia_match
http://ns.inria.fr/zoomathia/PS-ARISTOTELES/on_marvellous_things_heard/e/1/13/text/1,https://opentheso.huma-num.fr/?idc=107538&idt=th310,trees,1,zoomathia_match
http://ns.inria.fr/zoomathia/PS-ARISTOTELES/on_marvellous_things_heard/e/1/13/text/1,https://opentheso.huma-num.fr/?idc=5045&idt=th310,lizard,1,zoomathia_match
http://ns.inria.fr/zoomathia/PS-ARISTOTELES/on_marvellous_things_heard/e/1/13/text/1,https://opentheso.huma-num.fr/?idc=105148&idt=th310,belly,1,zoomathia_match
http://ns.inria.fr/zoomathia/PS-ARISTOTELES/on_marvellous_things_heard/e/1/13/text/1,https://opentheso.huma-num.fr/?idc=107538&idt=th310,trees,1,zoomathia_match
http://ns.inria.fr/zoomathia/PS-ARISTOTELES/on_marvellous_things_heard/e/1/13/text/1,https://opentheso.huma-num.fr/?idc=107538&idt=th310,trees,1,zoomathia_match
http://ns.inria.fr/zoomathia/PS-ARISTOTELES/on_marvellous_things_heard/e/1/13/text/1,http://dbpedia.org/resource/Climbing,climbs,0.9999998627312531,DBpedia
http://ns.inria.fr/zoomathia/PS-ARISTOTELES/on_marvellous_things_heard/e/1/13/text/1,http://dbpedia.org/resource/Tree,trees,0.9998997951547078,DBpedia
http://ns.inria.fr/zoomathia/PS-ARISTOTELES/on_marvellous_things_heard/e/1/13/text/1,http://dbpedia.org/resource/Lizard,lizard,0.9999990303420969,DBpedia
http://ns.inria.fr/zoomathia/PS-ARISTOTELES/on_marvellous_things_heard/e/1/13/text/1,http://dbpedia.org/resource/Upside_(magazine),upside,0.8686841258360394,DBpedia
http://ns.inria.fr/zoomathia/PS-ARISTOTELES/on_marvellous_things_heard/e/1/13/text/1,http://dbpedia.org/resource/Abdomen,belly,0.9996126124733696,DBpedia
http://ns.inria.fr/zoomathia/PS-ARISTOTELES/on_marvellous_things_heard/e/1/13/text/1,http://dbpedia.org/resource/Insect,insects,0.9545458165925961,DBpedia
http://ns.inria.fr/zoomathia/PS-ARISTOTELES/on_marvellous_things_heard/e/1/13/text/1,http://dbpedia.org/resource/Tree,trees,0.9998997951547078,DBpedia
http://ns.inria.fr/zoomathia/PS-ARISTOTELES/on_marvellous_things_heard/e/1/13/text/1,http://dbpedia.org/resource/Archaeological_excavation,dig,0.7699161044773514,DBpedia
http://ns.inria.fr/zoomathia/PS-ARISTOTELES/on_marvellous_things_heard/e/1/13/text/1,http://dbpedia.org/resource/Anatomical_terms_of_location,deep,0.9261182204074684,DBpedia
http://ns.inria.fr/zoomathia/PS-ARISTOTELES/on_marvellous_things_heard/e/1/13/text/1,http://dbpedia.org/resource/Tree,trees,0.9998997951547078,DBpedia
http://ns.inria.fr/zoomathia/PS-ARISTOTELES/on_marvellous_things_heard/e/1/13/text/1,http://dbpedia.org/resource/Worm,worms,0.8545465711840018,DBpedia
http://ns.inria.fr/zoomathia/PS-ARISTOTELES/on_marvellous_things_heard/e/1/14/text/1,https://opentheso.huma-num.fr/?idc=108639&idt=th310,pelicans,1,zoomathia_match
http://ns.inria.fr/zoomathia/PS-ARISTOTELES/on_marvellous_things_heard/e/1/14/text/1,https://opentheso.huma-num.fr/?idc=107356&idt=th310,mussels,1,zoomathia_match
http://ns.inria.fr/zoomathia/PS-ARISTOTELES/on_marvellous_things_heard/e/1/14/text/1,https://opentheso.huma-num.fr/?idc=105955&idt=th310,vomit,1,zoomathia_match
http://ns.inria.fr/zoomathia/PS-ARISTOTELES/on_marvellous_things_heard/e/1/14/text/1,https://opentheso.huma-num.fr/?idc=105975&idt=th310,flesh,1,zoomathia_match
http://ns.inria.fr/zoomathia/PS-ARISTOTELES/on_marvellous_things_heard/e/1/14/text/1,https://opentheso.huma-num.fr/?idc=107356&idt=th310,mussels,1,zoomathia_match
http://ns.inria.fr/zoomathia/PS-ARISTOTELES/on_marvellous_things_heard/e/1/14/text/1,https://opentheso.huma-num.fr/?idc=105176&idt=th310,shells,1,zoomathia_match
http://ns.inria.fr/zoomathia/PS-ARISTOTELES/on_marvellous_things_heard/e/1/14/text/1,http://dbpedia.org/resource/Pelican,pelicans,0.9987716715141158,DBpedia
http://ns.inria.fr/zoomathia/PS-ARISTOTELES/on_marvellous_things_heard/e/1/14/text/1,http://dbpedia.org/resource/Archaeological_excavation,dig,0.9662822041212025,DBpedia
http://ns.inria.fr/zoomathia/PS-ARISTOTELES/on_marvellous_things_heard/e/1/14/text/1,http://dbpedia.org/resource/Mussel,mussels,0.9999399074156092,DBpedia
http://ns.inria.fr/zoomathia/PS-ARISTOTELES/on_marvellous_things_heard/e/1/14/text/1,http://dbpedia.org/resource/Album,live,0.8403398679793819,DBpedia
http://ns.inria.fr/zoomathia/PS-ARISTOTELES/on_marvellous_things_heard/e/1/14/text/1,http://dbpedia.org/resource/Quantity,quantity,0.9765098381068223,DBpedia
http://ns.inria.fr/zoomathia/PS-ARISTOTELES/on_marvellous_things_heard/e/1/14/text/1,http://dbpedia.org/resource/Vomiting,vomit,0.9999999996234976,DBpedia
http://ns.inria.fr/zoomathia/PS-ARISTOTELES/on_marvellous_things_heard/e/1/14/text/1,http://dbpedia.org/resource/Cannibalism,eat,0.8229207559779298,DBpedia
http://ns.inria.fr/zoomathia/PS-ARISTOTELES/on_marvellous_things_heard/e/1/14/text/1,http://dbpedia.org/resource/Flesh,flesh,0.7306606832474928,DBpedia
http://ns.inria.fr/zoomathia/PS-ARISTOTELES/on_marvellous_things_heard/e/1/14/text/1,http://dbpedia.org/resource/Mussel,mussels,0.9999399074156092,DBpedia
http://ns.inria.fr/zoomathia/PS-ARISTOTELES/on_marvellous_things_heard/e/1/14/text/1,http://dbpedia.org/resource/Illegal_drug_trade,dealing,0.9074853090377696,DBpedia
http://ns.inria.fr/zoomathia/PS-ARISTOTELES/on_marvellous_things_heard/e/1/14/text/1,http://dbpedia.org/resource/Exoskeleton,shells,0.8284664975034729,DBpedia
http://ns.inria.fr/zoomathia/PS-ARISTOTELES/on_marvellous_things_heard/e/1/15/text/1,https://opentheso.huma-num.fr/?idc=105934&idt=th310,blackbirds,1,zoomathia_match
http://ns.inria.fr/zoomathia/PS-ARISTOTELES/on_marvellous_things_heard/e/1/15/text/1,https://opentheso.huma-num.fr/?idc=108030&idt=th310,white,1,zoomathia_match
http://ns.inria.fr/zoomathia/PS-ARISTOTELES/on_marvellous_things_heard/e/1/15/text/1,https://opentheso.huma-num.fr/?idc=105391&idt=th310,voices,1,zoomathia_match
http://ns.inria.fr/zoomathia/PS-ARISTOTELES/on_marvellous_things_heard/e/1/15/text/1,https://opentheso.huma-num.fr/?idc=pcrtGSslMASdGf&idt=th310,day,1,zoomathia_match
http://ns.inria.fr/zoomathia/PS-ARISTOTELES/on_marvellous_things_heard/e/1/15/text/1,https://www.wikidata.org/wiki/Q106867167,Cyllene,0.4412,wikidata
http://ns.inria.fr/zoomathia/PS-ARISTOTELES/on_marvellous_things_heard/e/1/15/text/1,https://www.wikidata.org/wiki/Q12898802,Arcadia,0.4542,wikidata
http://ns.inria.fr/zoomathia/PS-ARISTOTELES/on_marvellous_things_heard/e/1/15/text/1,http://dbpedia.org/resource/Mount_Kyllini,Cyllene,0.9999155839260614,DBpedia
http://ns.inria.fr/zoomathia/PS-ARISTOTELES/on_marvellous_things_heard/e/1/15/text/1,http://dbpedia.org/resource/Outer_Plane,Arcadia,0.9877438977670274,DBpedia
http://ns.inria.fr/zoomathia/PS-ARISTOTELES/on_marvellous_things_heard/e/1/15/text/1,http://dbpedia.org/resource/Common_blackbird,blackbirds,0.8317755776128795,DBpedia
http://ns.inria.fr/zoomathia/PS-ARISTOTELES/on_marvellous_things_heard/e/1/15/text/1,http://dbpedia.org/resource/White_people,white,0.4405131824019127,DBpedia
http://ns.inria.fr/zoomathia/PS-ARISTOTELES/on_marvellous_things_heard/e/1/15/text/1,http://dbpedia.org/resource/Harmony,harmonious,0.9999998056381021,DBpedia
http://ns.inria.fr/zoomathia/PS-ARISTOTELES/on_marvellous_things_heard/e/1/15/text/1,http://dbpedia.org/resource/Melody,voices,0.3465654232892183,DBpedia
http://ns.inria.fr/zoomathia/PS-ARISTOTELES/on_marvellous_things_heard/e/1/15/text/1,http://dbpedia.org/resource/Moonshine,moonshine,0.9997853844116497,DBpedia
http://ns.inria.fr/zoomathia/PS-ARISTOTELES/on_marvellous_things_heard/e/1/15/text/1,http://dbpedia.org/resource/Day,day,0.627522069360948,DBpedia
http://ns.inria.fr/zoomathia/PS-ARISTOTELES/on_marvellous_things_heard/e/1/15/text/1,http://dbpedia.org/resource/Hard_rock,hard,0.7994970722585151,DBpedia
http://ns.inria.fr/zoomathia/PS-ARISTOTELES/on_marvellous_things_heard/e/1/15/text/1,http://dbpedia.org/resource/Caught,catch,0.9646499224394767,DBpedia
http://ns.inria.fr/zoomathia/PS-ARISTOTELES/on_marvellous_things_heard/e/1/21/text/1,https://opentheso.huma-num.fr/?idc=pcrtnpPag9iONJ&idt=th310,bees,1,zoomathia_match
http://ns.inria.fr/zoomathia/PS-ARISTOTELES/on_marvellous_things_heard/e/1/21/text/1,https://opentheso.huma-num.fr/?idc=pcrtGm7ZMfoQrc&idt=th310,bear,1,zoomathia_match
http://ns.inria.fr/zoomathia/PS-ARISTOTELES/on_marvellous_things_heard/e/1/21/text/1,https://opentheso.huma-num.fr/?idc=105402&idt=th310,smell,1,zoomathia_match
http://ns.inria.fr/zoomathia/PS-ARISTOTELES/on_marvellous_things_heard/e/1/21/text/1,https://opentheso.huma-num.fr/?idc=pcrtnpPag9iONJ&idt=th310,bees,1,zoomathia_match
http://ns.inria.fr/zoomathia/PS-ARISTOTELES/on_marvellous_things_heard/e/1/21/text/1,http://dbpedia.org/resource/Bee,bees,0.9941119390839683,DBpedia
http://ns.inria.fr/zoomathia/PS-ARISTOTELES/on_marvellous_things_heard/e/1/21/text/1,http://dbpedia.org/resource/Stu_Grayson,stupefied,0.9999986022998362,DBpedia
http://ns.inria.fr/zoomathia/PS-ARISTOTELES/on_marvellous_things_heard/e/1/21/text/1,http://dbpedia.org/resource/Myrrh,myrrh,0.9999999907555832,DBpedia
http://ns.inria.fr/zoomathia/PS-ARISTOTELES/on_marvellous_things_heard/e/1/21/text/1,http://dbpedia.org/resource/Sense_of_smell,smell,0.6290623346312924,DBpedia
http://ns.inria.fr/zoomathia/PS-ARISTOTELES/on_marvellous_things_heard/e/1/21/text/1,http://dbpedia.org/resource/Bee,bees,0.9941119390839683,DBpedia
http://ns.inria.fr/zoomathia/PS-ARISTOTELES/on_marvellous_things_heard/e/1/21/text/1,http://dbpedia.org/resource/Stinger,sting,0.9373987662028579,DBpedia
http://ns.inria.fr/zoomathia/PS-ARISTOTELES/on_marvellous_things_heard/e/1/21/text/1,http://dbpedia.org/resource/Smear_campaign,smeared,0.9999991738021097,DBpedia
http://ns.inria.fr/zoomathia/PS-ARISTOTELES/on_marvellous_things_heard/e/1/21/text/1,http://dbpedia.org/resource/Myrrh,myrrh,0.9999999907555832,DBpedia
http://ns.inria.fr/zoomathia/PS-ARISTOTELES/on_marvellous_things_heard/e/1/23/text/1,https://opentheso.huma-num.fr/?idc=106259&idt=th310,snakes,1,zoomathia_match
http://ns.inria.fr/zoomathia/PS-ARISTOTELES/on_marvellous_things_heard/e/1/23/text/1,https://opentheso.huma-num.fr/?idc=pcrtGm7ZMfoQrc&idt=th310,born,1,zoomathia_match
http://ns.inria.fr/zoomathia/PS-ARISTOTELES/on_marvellous_things_heard/e/1/23/text/1,https://opentheso.huma-num.fr/?idc=105919&idt=th310,storks,1,zoomathia_match
http://ns.inria.fr/zoomathia/PS-ARISTOTELES/on_marvellous_things_heard/e/1/23/text/1,https://opentheso.huma-num.fr/?idc=105919&idt=th310,storks,1,zoomathia_match
http://ns.inria.fr/zoomathia/PS-ARISTOTELES/on_marvellous_things_heard/e/1/23/text/1,https://www.wikidata.org/wiki/Q22807284,Thessaly,0.4516,wikidata
http://ns.inria.fr/zoomathia/PS-ARISTOTELES/on_marvellous_things_heard/e/1/23/text/1,http://dbpedia.org/resource/Thessaly,Thessaly,0.6166751781790121,DBpedia
http://ns.inria.fr/zoomathia/PS-ARISTOTELES/on_marvellous_things_heard/e/1/23/text/1,http://dbpedia.org/resource/Phonograph_record,record,0.6836110224754172,DBpedia
http://ns.inria.fr/zoomathia/PS-ARISTOTELES/on_marvellous_things_heard/e/1/23/text/1,http://dbpedia.org/resource/Snake,snakes,0.9991290140804514,DBpedia
http://ns.inria.fr/zoomathia/PS-ARISTOTELES/on_marvellous_things_heard/e/1/23/text/1,http://dbpedia.org/resource/Born_alive_rule,born alive,0.9070382204213093,DBpedia
http://ns.inria.fr/zoomathia/PS-ARISTOTELES/on_marvellous_things_heard/e/1/23/text/1,http://dbpedia.org/resource/Quantity,quantities,0.9639261998817231,DBpedia
http://ns.inria.fr/zoomathia/PS-ARISTOTELES/on_marvellous_things_heard/e/1/23/text/1,http://dbpedia.org/resource/Stork,storks,0.9974912096161406,DBpedia
http://ns.inria.fr/zoomathia/PS-ARISTOTELES/on_marvellous_things_heard/e/1/23/text/1,http://dbpedia.org/resource/Appeal,leave,0.804827532899763,DBpedia
http://ns.inria.fr/zoomathia/PS-ARISTOTELES/on_marvellous_things_heard/e/1/23/text/1,http://dbpedia.org/resource/Stork,storks,0.9974912096161406,DBpedia
http://ns.inria.fr/zoomathia/PS-ARISTOTELES/on_marvellous_things_heard/e/1/23/text/1,http://dbpedia.org/resource/Murder,kill,0.9950867845998279,DBpedia
http://ns.inria.fr/zoomathia/PS-ARISTOTELES/on_marvellous_things_heard/e/1/23/text/1,http://dbpedia.org/resource/Penalty_shootout,penalties,0.49305883039988413,DBpedia
http://ns.inria.fr/zoomathia/PS-ARISTOTELES/on_marvellous_things_heard/e/1/23/text/1,http://dbpedia.org/resource/Murder,murderer,0.999999750554255,DBpedia
http://ns.inria.fr/zoomathia/PS-ARISTOTELES/on_marvellous_things_heard/e/1/25/text/1,https://opentheso.huma-num.fr/?idc=107842&idt=th310,Cyprus,1,zoomathia_match
http://ns.inria.fr/zoomathia/PS-ARISTOTELES/on_marvellous_things_heard/e/1/25/text/1,https://opentheso.huma-num.fr/?idc=5071&idt=th310,mice,1,zoomathia_match
http://ns.inria.fr/zoomathia/PS-ARISTOTELES/on_marvellous_things_heard/e/1/25/text/1,https://opentheso.huma-num.fr/?idc=pcrtJWWucnutA0&idt=th310,iron,1,zoomathia_match
http://ns.inria.fr/zoomathia/PS-ARISTOTELES/on_marvellous_things_heard/e/1/25/text/1,https://www.wikidata.org/wiki/Q229,Cyprus,0.4575,wikidata
http://ns.inria.fr/zoomathia/PS-ARISTOTELES/on_marvellous_things_heard/e/1/25/text/1,http://dbpedia.org/resource/Cyprus,Cyprus,0.9982231582170558,DBpedia
http://ns.inria.fr/zoomathia/PS-ARISTOTELES/on_marvellous_things_heard/e/1/25/text/1,http://dbpedia.org/resource/Mouse,mice,0.9877694173168196,DBpedia
http://ns.inria.fr/zoomathia/PS-ARISTOTELES/on_marvellous_things_heard/e/1/25/text/1,http://dbpedia.org/resource/Eating,eat,0.810008576147989,DBpedia
http://ns.inria.fr/zoomathia/PS-ARISTOTELES/on_marvellous_things_heard/e/1/25/text/1,http://dbpedia.org/resource/Iron,iron,0.9982553808460227,DBpedia
http://ns.inria.fr/zoomathia/PS-ARISTOTELES/on_marvellous_things_heard/e/1/26/text/1,https://opentheso.huma-num.fr/?idc=pcrtuihSl3eSnW&idt=th310,gold,1,zoomathia_match
http://ns.inria.fr/zoomathia/PS-ARISTOTELES/on_marvellous_things_heard/e/1/26/text/1,https://opentheso.huma-num.fr/?idc=105428&idt=th310,reason,1,zoomathia_match
http://ns.inria.fr/zoomathia/PS-ARISTOTELES/on_marvellous_things_heard/e/1/26/text/1,https://opentheso.huma-num.fr/?idc=5071&idt=th310,mice,1,zoomathia_match
http://ns.inria.fr/zoomathia/PS-ARISTOTELES/on_marvellous_things_heard/e/1/26/text/1,https://opentheso.huma-num.fr/?idc=pcrtuVBFofOdjD&idt=th310,mines,1,zoomathia_match
http://ns.inria.fr/zoomathia/PS-ARISTOTELES/on_marvellous_things_heard/e/1/26/text/1,https://www.wikidata.org/wiki/Q938608,Chalybes,0.913,wikidata
http://ns.inria.fr/zoomathia/PS-ARISTOTELES/on_marvellous_things_heard/e/1/26/text/1,http://dbpedia.org/resource/Chalybes,Chalybes,0.9999998601099191,DBpedia
http://ns.inria.fr/zoomathia/PS-ARISTOTELES/on_marvellous_things_heard/e/1/26/text/1,http://dbpedia.org/resource/Island,islands,0.9947794576131224,DBpedia
http://ns.inria.fr/zoomathia/PS-ARISTOTELES/on_marvellous_things_heard/e/1/26/text/1,http://dbpedia.org/resource/Lie,lying,0.9970334060492494,DBpedia
http://ns.inria.fr/zoomathia/PS-ARISTOTELES/on_marvellous_things_heard/e/1/26/text/1,http://dbpedia.org/resource/Collect,collect,0.8418665129958286,DBpedia
http://ns.inria.fr/zoomathia/PS-ARISTOTELES/on_marvellous_things_heard/e/1/26/text/1,http://dbpedia.org/resource/Gold,gold,0.9976932657189369,DBpedia
http://ns.inria.fr/zoomathia/PS-ARISTOTELES/on_marvellous_things_heard/e/1/26/text/1,http://dbpedia.org/resource/Animal,creatures,0.5785625075654718,DBpedia
http://ns.inria.fr/zoomathia/PS-ARISTOTELES/on_marvellous_things_heard/e/1/26/text/1,http://dbpedia.org/resource/Reason,reason,0.9974114728606398,DBpedia
http://ns.inria.fr/zoomathia/PS-ARISTOTELES/on_marvellous_things_heard/e/1/26/text/1,http://dbpedia.org/resource/Diamond_cut,cut,0.7118497889924505,DBpedia
http://ns.inria.fr/zoomathia/PS-ARISTOTELES/on_marvellous_things_heard/e/1/26/text/1,http://dbpedia.org/resource/Mouse,mice,0.9952485075059709,DBpedia
http://ns.inria.fr/zoomathia/PS-ARISTOTELES/on_marvellous_things_heard/e/1/26/text/1,http://dbpedia.org/resource/Caught,catch,0.7575806167640249,DBpedia
http://ns.inria.fr/zoomathia/PS-ARISTOTELES/on_marvellous_things_heard/e/1/26/text/1,http://dbpedia.org/resource/Mining,mines,0.9415654335585809,DBpedia
http://ns.inria.fr/zoomathia/PS-ARISTOTELES/on_marvellous_things_heard/e/1/27/text/1,https://opentheso.huma-num.fr/?idc=pcrtWAWgqtIwmR&idt=th310,Media,1,zoomathia_match
http://ns.inria.fr/zoomathia/PS-ARISTOTELES/on_marvellous_things_heard/e/1/27/text/1,https://opentheso.huma-num.fr/?idc=pcrt2t2EtFSnPv&idt=th310,scorpions,1,zoomathia_match
http://ns.inria.fr/zoomathia/PS-ARISTOTELES/on_marvellous_things_heard/e/1/27/text/1,https://opentheso.huma-num.fr/?idc=pcrtIWaPAg2uyv&idt=th310,Persians,1,zoomathia_match
http://ns.inria.fr/zoomathia/PS-ARISTOTELES/on_marvellous_things_heard/e/1/27/text/1,https://opentheso.huma-num.fr/?idc=pcrtGSslMASdGf&idt=th310,days,1,zoomathia_match
http://ns.inria.fr/zoomathia/PS-ARISTOTELES/on_marvellous_things_heard/e/1/27/text/1,https://opentheso.huma-num.fr/?idc=pcrt0WrjgPTs33&idt=th310,men,1,zoomathia_match
http://ns.inria.fr/zoomathia/PS-ARISTOTELES/on_marvellous_things_heard/e/1/27/text/1,https://opentheso.huma-num.fr/?idc=pcrt0WrjgPTs33&idt=th310,man,1,zoomathia_match
http://ns.inria.fr/zoomathia/PS-ARISTOTELES/on_marvellous_things_heard/e/1/27/text/1,https://www.wikidata.org/wiki/Q180773,Susa,0.4505,wikidata
http://ns.inria.fr/zoomathia/PS-ARISTOTELES/on_marvellous_things_heard/e/1/27/text/1,https://www.wikidata.org/wiki/Q484206,Persians,0.4663,wikidata
http://ns.inria.fr/zoomathia/PS-ARISTOTELES/on_marvellous_things_heard/e/1/27/text/1,https://www.wikidata.org/wiki/Q7768975,three days,0.3263,wikidata
http://ns.inria.fr/zoomathia/PS-ARISTOTELES/on_marvellous_things_heard/e/1/27/text/1,http://dbpedia.org/resource/Susa,Susa,0.9999961898404135,DBpedia
http://ns.inria.fr/zoomathia/PS-ARISTOTELES/on_marvellous_things_heard/e/1/27/text/1,http://dbpedia.org/resource/Medes,Media,0.995901730233422,DBpedia
http://ns.inria.fr/zoomathia/PS-ARISTOTELES/on_marvellous_things_heard/e/1/27/text/1,http://dbpedia.org/resource/Quantity,quantity,0.9876364363635464,DBpedia
http://ns.inria.fr/zoomathia/PS-ARISTOTELES/on_marvellous_things_heard/e/1/27/text/1,http://dbpedia.org/resource/Scorpion,scorpions,0.9999999779892621,DBpedia
http://ns.inria.fr/zoomathia/PS-ARISTOTELES/on_marvellous_things_heard/e/1/27/text/1,http://dbpedia.org/resource/Pharaoh,king,0.508318126761433,DBpedia
http://ns.inria.fr/zoomathia/PS-ARISTOTELES/on_marvellous_things_heard/e/1/27/text/1,http://dbpedia.org/resource/Achaemenid_Empire,Persians,0.7884475637453943,DBpedia
http://ns.inria.fr/zoomathia/PS-ARISTOTELES/on_marvellous_things_heard/e/1/27/text/1,http://dbpedia.org/resource/Stay_of_execution,stayed,0.59638180548678,DBpedia
http://ns.inria.fr/zoomathia/PS-ARISTOTELES/on_marvellous_things_heard/e/1/27/text/1,http://dbpedia.org/resource/Day,days,0.9674423576366366,DBpedia
http://ns.inria.fr/zoomathia/PS-ARISTOTELES/on_marvellous_things_heard/e/1/27/text/1,http://dbpedia.org/resource/Total_order,ordering,0.693835611732103,DBpedia
http://ns.inria.fr/zoomathia/PS-ARISTOTELES/on_marvellous_things_heard/e/1/27/text/1,http://dbpedia.org/resource/Man,men,0.9864876124876292,DBpedia
http://ns.inria.fr/zoomathia/PS-ARISTOTELES/on_marvellous_things_heard/e/1/27/text/1,http://dbpedia.org/resource/Hunting,hunt,0.9710925612193096,DBpedia
http://ns.inria.fr/zoomathia/PS-ARISTOTELES/on_marvellous_things_heard/e/1/27/text/1,http://dbpedia.org/resource/Man,man,0.699749340875277,DBpedia
http://ns.inria.fr/zoomathia/PS-ARISTOTELES/on_marvellous_things_heard/e/1/28/text/1,https://opentheso.huma-num.fr/?idc=5071&idt=th310,mouse,1,zoomathia_match
http://ns.inria.fr/zoomathia/PS-ARISTOTELES/on_marvellous_things_heard/e/1/28/text/1,https://opentheso.huma-num.fr/?idc=105124&idt=th310,heads,1,zoomathia_match
http://ns.inria.fr/zoomathia/PS-ARISTOTELES/on_marvellous_things_heard/e/1/28/text/1,https://opentheso.huma-num.fr/?idc=5070&idt=th310,hedgehogs,1,zoomathia_match
http://ns.inria.fr/zoomathia/PS-ARISTOTELES/on_marvellous_things_heard/e/1/28/text/1,https://www.wikidata.org/wiki/Q44112,Cyrene,0.4614,wikidata
http://ns.inria.fr/zoomathia/PS-ARISTOTELES/on_marvellous_things_heard/e/1/28/text/1,http://dbpedia.org/resource/Cyrenaica,Cyrene,0.9556883789176187,DBpedia
http://ns.inria.fr/zoomathia/PS-ARISTOTELES/on_marvellous_things_heard/e/1/28/text/1,http://dbpedia.org/resource/Kindness,kind,0.6334722617353455,DBpedia
http://ns.inria.fr/zoomathia/PS-ARISTOTELES/on_marvellous_things_heard/e/1/28/text/1,http://dbpedia.org/resource/Mouse,mouse,0.8781670744381187,DBpedia
http://ns.inria.fr/zoomathia/PS-ARISTOTELES/on_marvellous_things_heard/e/1/28/text/1,http://dbpedia.org/resource/Shape,shape,0.8682131539829429,DBpedia
http://ns.inria.fr/zoomathia/PS-ARISTOTELES/on_marvellous_things_heard/e/1/28/text/1,http://dbpedia.org/resource/Color,colour,0.9049511898040704,DBpedia
http://ns.inria.fr/zoomathia/PS-ARISTOTELES/on_marvellous_things_heard/e/1/28/text/1,http://dbpedia.org/resource/Horse_racing,flat,0.9403615160805825,DBpedia
http://ns.inria.fr/zoomathia/PS-ARISTOTELES/on_marvellous_things_heard/e/1/28/text/1,http://dbpedia.org/resource/Pseudanthium,heads,0.9823657846619338,DBpedia
http://ns.inria.fr/zoomathia/PS-ARISTOTELES/on_marvellous_things_heard/e/1/28/text/1,http://dbpedia.org/resource/European_polecat,polecats,0.996402746752378,DBpedia
http://ns.inria.fr/zoomathia/PS-ARISTOTELES/on_marvellous_things_heard/e/1/28/text/1,http://dbpedia.org/resource/Window_function,shaped,0.9070750855879114,DBpedia
http://ns.inria.fr/zoomathia/PS-ARISTOTELES/on_marvellous_things_heard/e/1/28/text/1,http://dbpedia.org/resource/European_hedgehog,hedgehogs,0.7404095411667215,DBpedia
http://ns.inria.fr/zoomathia/PS-ARISTOTELES/on_marvellous_things_heard/e/1/30/text/1,https://opentheso.huma-num.fr/?idc=105173&idt=th310,hair,1,zoomathia_match
http://ns.inria.fr/zoomathia/PS-ARISTOTELES/on_marvellous_things_heard/e/1/30/text/1,https://opentheso.huma-num.fr/?idc=105428&idt=th310,reason,1,zoomathia_match
http://ns.inria.fr/zoomathia/PS-ARISTOTELES/on_marvellous_things_heard/e/1/30/text/1,https://opentheso.huma-num.fr/?idc=107538&idt=th310,trees,1,zoomathia_match
http://ns.inria.fr/zoomathia/PS-ARISTOTELES/on_marvellous_things_heard/e/1/30/text/1,https://opentheso.huma-num.fr/?idc=105173&idt=th310,hair,1,zoomathia_match
http://ns.inria.fr/zoomathia/PS-ARISTOTELES/on_marvellous_things_heard/e/1/30/text/1,https://opentheso.huma-num.fr/?idc=105170&idt=th310,skin,1,zoomathia_match
http://ns.inria.fr/zoomathia/PS-ARISTOTELES/on_marvellous_things_heard/e/1/30/text/1,https://opentheso.huma-num.fr/?idc=105926&idt=th310,chameleon,1,zoomathia_match
http://ns.inria.fr/zoomathia/PS-ARISTOTELES/on_marvellous_things_heard/e/1/30/text/1,https://opentheso.huma-num.fr/?idc=105270&idt=th310,size,1,zoomathia_match
http://ns.inria.fr/zoomathia/PS-ARISTOTELES/on_marvellous_things_heard/e/1/30/text/1,https://opentheso.huma-num.fr/?idc=105124&idt=th310,head,1,zoomathia_match
http://ns.inria.fr/zoomathia/PS-ARISTOTELES/on_marvellous_things_heard/e/1/30/text/1,https://opentheso.huma-num.fr/?idc=pcrtBWawwFyKfi&idt=th310,deer,1,zoomathia_match
http://ns.inria.fr/zoomathia/PS-ARISTOTELES/on_marvellous_things_heard/e/1/30/text/1,https://www.wikidata.org/wiki/Q131802,Scythians,0.7776,wikidata
http://ns.inria.fr/zoomathia/PS-ARISTOTELES/on_marvellous_things_heard/e/1/30/text/1,https://www.wikidata.org/wiki/Q897690,Geloni,0.7728,wikidata
http://ns.inria.fr/zoomathia/PS-ARISTOTELES/on_marvellous_things_heard/e/1/30/text/1,http://dbpedia.org/resource/Scythians,Scythians,0.9999941677123277,DBpedia
http://ns.inria.fr/zoomathia/PS-ARISTOTELES/on_marvellous_things_heard/e/1/30/text/1,http://dbpedia.org/resource/No-ball,called,0.5601861407439309,DBpedia
http://ns.inria.fr/zoomathia/PS-ARISTOTELES/on_marvellous_things_heard/e/1/30/text/1,http://dbpedia.org/resource/Gelonians,Geloni,0.9999999999998863,DBpedia
http://ns.inria.fr/zoomathia/PS-ARISTOTELES/on_marvellous_things_heard/e/1/30/text/1,http://dbpedia.org/resource/Animal,beast,0.9943440812056913,DBpedia
http://ns.inria.fr/zoomathia/PS-ARISTOTELES/on_marvellous_things_heard/e/1/30/text/1,http://dbpedia.org/resource/Rare_species,rare,0.783410499820768,DBpedia
http://ns.inria.fr/zoomathia/PS-ARISTOTELES/on_marvellous_things_heard/e/1/30/text/1,http://dbpedia.org/resource/No-ball,called,0.5601861407439309,DBpedia
http://ns.inria.fr/zoomathia/PS-ARISTOTELES/on_marvellous_things_heard/e/1/30/text/1,http://dbpedia.org/resource/Parandrus,tarandos,0.9999999999969873,DBpedia
http://ns.inria.fr/zoomathia/PS-ARISTOTELES/on_marvellous_things_heard/e/1/30/text/1,http://dbpedia.org/resource/Color,colour,0.7477332210418819,DBpedia
http://ns.inria.fr/zoomathia/PS-ARISTOTELES/on_marvellous_things_heard/e/1/30/text/1,http://dbpedia.org/resource/Hair,hair,0.9993667642148457,DBpedia
http://ns.inria.fr/zoomathia/PS-ARISTOTELES/on_marvellous_things_heard/e/1/30/text/1,http://dbpedia.org/resource/Reason,reason,0.9988407903967489,DBpedia
http://ns.inria.fr/zoomathia/PS-ARISTOTELES/on_marvellous_things_heard/e/1/30/text/1,http://dbpedia.org/resource/Caught,catch,0.5349002137192737,DBpedia
http://ns.inria.fr/zoomathia/PS-ARISTOTELES/on_marvellous_things_heard/e/1/30/text/1,http://dbpedia.org/resource/Color,colour,0.7477332210418819,DBpedia
http://ns.inria.fr/zoomathia/PS-ARISTOTELES/on_marvellous_things_heard/e/1/30/text/1,http://dbpedia.org/resource/Tree,trees,0.9998268301485446,DBpedia
http://ns.inria.fr/zoomathia/PS-ARISTOTELES/on_marvellous_things_heard/e/1/30/text/1,http://dbpedia.org/resource/Earth,ground,0.5718522259137975,DBpedia
http://ns.inria.fr/zoomathia/PS-ARISTOTELES/on_marvellous_things_heard/e/1/30/text/1,http://dbpedia.org/resource/Stress_(biology),generally,0.9957486240871748,DBpedia
http://ns.inria.fr/zoomathia/PS-ARISTOTELES/on_marvellous_things_heard/e/1/30/text/1,http://dbpedia.org/resource/Metamorphosis,changing,0.9999110532674879,DBpedia
http://ns.inria.fr/zoomathia/PS-ARISTOTELES/on_marvellous_things_heard/e/1/30/text/1,http://dbpedia.org/resource/Color,colour,0.7477332210418819,DBpedia
http://ns.inria.fr/zoomathia/PS-ARISTOTELES/on_marvellous_things_heard/e/1/30/text/1,http://dbpedia.org/resource/Hair,hair,0.9993667642148457,DBpedia
http://ns.inria.fr/zoomathia/PS-ARISTOTELES/on_marvellous_things_heard/e/1/30/text/1,http://dbpedia.org/resource/Remarkable_(tablet),remarkable,0.8763642033697301,DBpedia
http://ns.inria.fr/zoomathia/PS-ARISTOTELES/on_marvellous_things_heard/e/1/30/text/1,http://dbpedia.org/resource/Animal,creatures,0.5540819892989232,DBpedia
http://ns.inria.fr/zoomathia/PS-ARISTOTELES/on_marvellous_things_heard/e/1/30/text/1,http://dbpedia.org/resource/Coin,change,0.3936768677504433,DBpedia
http://ns.inria.fr/zoomathia/PS-ARISTOTELES/on_marvellous_things_heard/e/1/30/text/1,http://dbpedia.org/resource/Skin,skin,0.998135227659962,DBpedia
http://ns.inria.fr/zoomathia/PS-ARISTOTELES/on_marvellous_things_heard/e/1/30/text/1,http://dbpedia.org/resource/Chameleon,chameleon,0.9999999968306952,DBpedia
http://ns.inria.fr/zoomathia/PS-ARISTOTELES/on_marvellous_things_heard/e/1/30/text/1,http://dbpedia.org/resource/Polypus,polypus,0.6694456024659259,DBpedia
http://ns.inria.fr/zoomathia/PS-ARISTOTELES/on_marvellous_things_heard/e/1/30/text/1,http://dbpedia.org/resource/Animal,animal,0.9999459479052942,DBpedia
http://ns.inria.fr/zoomathia/PS-ARISTOTELES/on_marvellous_things_heard/e/1/30/text/1,http://dbpedia.org/resource/Sizing,size,0.954789675494048,DBpedia
http://ns.inria.fr/zoomathia/PS-ARISTOTELES/on_marvellous_things_heard/e/1/30/text/1,http://dbpedia.org/resource/Head,head,0.7472004261356539,DBpedia
http://ns.inria.fr/zoomathia/PS-ARISTOTELES/on_marvellous_things_heard/e/1/30/text/1,http://dbpedia.org/resource/Kindness,kind,0.6827350426785784,DBpedia
http://ns.inria.fr/zoomathia/PS-ARISTOTELES/on_marvellous_things_heard/e/1/30/text/1,http://dbpedia.org/resource/Deer,deer,0.9997906651069712,DBpedia
http://ns.inria.fr/zoomathia/PS-ARISTOTELES/on_marvellous_things_heard/e/1/60/text/1,https://opentheso.huma-num.fr/?idc=pcrttto0QeS1er&idt=th310,eagles,1,zoomathia_match
http://ns.inria.fr/zoomathia/PS-ARISTOTELES/on_marvellous_things_heard/e/1/60/text/1,https://opentheso.huma-num.fr/?idc=107233&idt=th310,mated,1,zoomathia_match
http://ns.inria.fr/zoomathia/PS-ARISTOTELES/on_marvellous_things_heard/e/1/60/text/1,https://opentheso.huma-num.fr/?idc=pcrtjH3S5xjpLz&idt=th310,mated,1,zoomathia_match
http://ns.inria.fr/zoomathia/PS-ARISTOTELES/on_marvellous_things_heard/e/1/60/text/1,https://opentheso.huma-num.fr/?idc=pcrtGm7ZMfoQrc&idt=th310,born,1,zoomathia_match
http://ns.inria.fr/zoomathia/PS-ARISTOTELES/on_marvellous_things_heard/e/1/60/text/1,https://opentheso.huma-num.fr/?idc=108046&idt=th310,osprey,1,zoomathia_match
http://ns.inria.fr/zoomathia/PS-ARISTOTELES/on_marvellous_things_heard/e/1/60/text/1,https://opentheso.huma-num.fr/?idc=108042&idt=th310,vultures,1,zoomathia_match
http://ns.inria.fr/zoomathia/PS-ARISTOTELES/on_marvellous_things_heard/e/1/60/text/1,https://opentheso.huma-num.fr/?idc=108042&idt=th310,vultures,1,zoomathia_match
http://ns.inria.fr/zoomathia/PS-ARISTOTELES/on_marvellous_things_heard/e/1/60/text/1,https://opentheso.huma-num.fr/?idc=108042&idt=th310,vultures,1,zoomathia_match
http://ns.inria.fr/zoomathia/PS-ARISTOTELES/on_marvellous_things_heard/e/1/60/text/1,https://opentheso.huma-num.fr/?idc=pcrtLnUS9cADfI&idt=th310,seen,1,zoomathia_match
http://ns.inria.fr/zoomathia/PS-ARISTOTELES/on_marvellous_things_heard/e/1/60/text/1,https://opentheso.huma-num.fr/?idc=105468&idt=th310,nest,1,zoomathia_match
http://ns.inria.fr/zoomathia/PS-ARISTOTELES/on_marvellous_things_heard/e/1/60/text/1,https://opentheso.huma-num.fr/?idc=108042&idt=th310,vultures,1,zoomathia_match
http://ns.inria.fr/zoomathia/PS-ARISTOTELES/on_marvellous_things_heard/e/1/60/text/1,http://dbpedia.org/resource/Ordered_pair,pair,0.6114061466109753,DBpedia
http://ns.inria.fr/zoomathia/PS-ARISTOTELES/on_marvellous_things_heard/e/1/60/text/1,http://dbpedia.org/resource/Eagle,eagles,0.9047465483659114,DBpedia
http://ns.inria.fr/zoomathia/PS-ARISTOTELES/on_marvellous_things_heard/e/1/60/text/1,http://dbpedia.org/resource/Typography,typography,0.9999999996375664,DBpedia
http://ns.inria.fr/zoomathia/PS-ARISTOTELES/on_marvellous_things_heard/e/1/60/text/1,http://dbpedia.org/resource/Leaf,alternately,0.628912654738444,DBpedia
http://ns.inria.fr/zoomathia/PS-ARISTOTELES/on_marvellous_things_heard/e/1/60/text/1,http://dbpedia.org/resource/Vowel_length,long,0.9440307975372637,DBpedia
http://ns.inria.fr/zoomathia/PS-ARISTOTELES/on_marvellous_things_heard/e/1/60/text/1,http://dbpedia.org/resource/Mating,mated,0.9990879828909316,DBpedia
http://ns.inria.fr/zoomathia/PS-ARISTOTELES/on_marvellous_things_heard/e/1/60/text/1,http://dbpedia.org/resource/Given_name,born,0.6048756561502157,DBpedia
http://ns.inria.fr/zoomathia/PS-ARISTOTELES/on_marvellous_things_heard/e/1/60/text/1,http://dbpedia.org/resource/Osprey,osprey,1.0,DBpedia
http://ns.inria.fr/zoomathia/PS-ARISTOTELES/on_marvellous_things_heard/e/1/60/text/1,http://dbpedia.org/resource/Hawk,hawks,0.8858840324811653,DBpedia
http://ns.inria.fr/zoomathia/PS-ARISTOTELES/on_marvellous_things_heard/e/1/60/text/1,http://dbpedia.org/resource/New_World_vulture,vultures,0.6414654673083036,DBpedia
http://ns.inria.fr/zoomathia/PS-ARISTOTELES/on_marvellous_things_heard/e/1/60/text/1,http://dbpedia.org/resource/New_World_vulture,vultures,0.6414654673083036,DBpedia
http://ns.inria.fr/zoomathia/PS-ARISTOTELES/on_marvellous_things_heard/e/1/60/text/1,http://dbpedia.org/resource/Record_producer,produce,0.9439566039854465,DBpedia
http://ns.inria.fr/zoomathia/PS-ARISTOTELES/on_marvellous_things_heard/e/1/60/text/1,http://dbpedia.org/resource/New_World_vulture,vultures,0.6414654673083036,DBpedia
http://ns.inria.fr/zoomathia/PS-ARISTOTELES/on_marvellous_things_heard/e/1/60/text/1,http://dbpedia.org/resource/Juvenile_fish,young,0.6183032042218188,DBpedia
http://ns.inria.fr/zoomathia/PS-ARISTOTELES/on_marvellous_things_heard/e/1/60/text/1,http://dbpedia.org/resource/Fact,fact,0.9960197535994968,DBpedia
http://ns.inria.fr/zoomathia/PS-ARISTOTELES/on_marvellous_things_heard/e/1/60/text/1,http://dbpedia.org/resource/Bird_nest,nest,0.8515432196260928,DBpedia
http://ns.inria.fr/zoomathia/PS-ARISTOTELES/on_marvellous_things_heard/e/1/60/text/1,http://dbpedia.org/resource/New_World_vulture,vultures,0.6414654673083036,DBpedia
http://ns.inria.fr/zoomathia/PS-ARISTOTELES/on_marvellous_things_heard/e/1/63/text/1,https://opentheso.huma-num.fr/?idc=105657&idt=th310,winter,1,zoomathia_match
http://ns.inria.fr/zoomathia/PS-ARISTOTELES/on_marvellous_things_heard/e/1/63/text/1,https://opentheso.huma-num.fr/?idc=105472&idt=th310,feel,1,zoomathia_match
http://ns.inria.fr/zoomathia/PS-ARISTOTELES/on_marvellous_things_heard/e/1/63/text/1,https://opentheso.huma-num.fr/?idc=105865&idt=th310,wings,1,zoomathia_match
http://ns.inria.fr/zoomathia/PS-ARISTOTELES/on_marvellous_things_heard/e/1/63/text/1,https://opentheso.huma-num.fr/?idc=pcrtKIbSH4QjSV&idt=th310,spit,1,zoomathia_match
http://ns.inria.fr/zoomathia/PS-ARISTOTELES/on_marvellous_things_heard/e/1/63/text/1,https://opentheso.huma-num.fr/?idc=pcrtmhUStm5T6Y&idt=th310,fire,1,zoomathia_match
http://ns.inria.fr/zoomathia/PS-ARISTOTELES/on_marvellous_things_heard/e/1/63/text/1,https://opentheso.huma-num.fr/?idc=105472&idt=th310,feel,1,zoomathia_match
http://ns.inria.fr/zoomathia/PS-ARISTOTELES/on_marvellous_things_heard/e/1/63/text/1,https://opentheso.huma-num.fr/?idc=105472&idt=th310,feel,1,zoomathia_match
http://ns.inria.fr/zoomathia/PS-ARISTOTELES/on_marvellous_things_heard/e/1/63/text/1,https://opentheso.huma-num.fr/?idc=pcrtVLnKfPwHqV&idt=th310,heated,1,zoomathia_match
http://ns.inria.fr/zoomathia/PS-ARISTOTELES/on_marvellous_things_heard/e/1/63/text/1,https://opentheso.huma-num.fr/?idc=105961&idt=th310,heated,1,zoomathia_match
http://ns.inria.fr/zoomathia/PS-ARISTOTELES/on_marvellous_things_heard/e/1/63/text/1,https://opentheso.huma-num.fr/?idc=pcrtmhUStm5T6Y&idt=th310,fire,1,zoomathia_match
http://ns.inria.fr/zoomathia/PS-ARISTOTELES/on_marvellous_things_heard/e/1/63/text/1,https://www.wikidata.org/wiki/Q621672,Pontus,0.4663,wikidata
http://ns.inria.fr/zoomathia/PS-ARISTOTELES/on_marvellous_things_heard/e/1/63/text/1,http://dbpedia.org/resource/Kingdom_of_Pontus,Pontus,0.8471371923321152,DBpedia
http://ns.inria.fr/zoomathia/PS-ARISTOTELES/on_marvellous_things_heard/e/1/63/text/1,http://dbpedia.org/resource/Bird,birds,0.8650029881257074,DBpedia
http://ns.inria.fr/zoomathia/PS-ARISTOTELES/on_marvellous_things_heard/e/1/63/text/1,http://dbpedia.org/resource/Electron_hole,holes,0.6224809013310922,DBpedia
http://ns.inria.fr/zoomathia/PS-ARISTOTELES/on_marvellous_things_heard/e/1/63/text/1,http://dbpedia.org/resource/Winter,winter,0.8959970973937846,DBpedia
http://ns.inria.fr/zoomathia/PS-ARISTOTELES/on_marvellous_things_heard/e/1/63/text/1,http://dbpedia.org/resource/Vacuum,void,0.7615448368254869,DBpedia
http://ns.inria.fr/zoomathia/PS-ARISTOTELES/on_marvellous_things_heard/e/1/63/text/1,http://dbpedia.org/resource/Tempo,feel,0.5317405037826707,DBpedia
http://ns.inria.fr/zoomathia/PS-ARISTOTELES/on_marvellous_things_heard/e/1/63/text/1,http://dbpedia.org/resource/Wing,wings,0.8176803558445459,DBpedia
http://ns.inria.fr/zoomathia/PS-ARISTOTELES/on_marvellous_things_heard/e/1/63/text/1,http://dbpedia.org/resource/Plectrum,plucked,0.5941120218044262,DBpedia
http://ns.inria.fr/zoomathia/PS-ARISTOTELES/on_marvellous_things_heard/e/1/63/text/1,http://dbpedia.org/resource/Rotisserie,spit,0.9999996397429891,DBpedia
http://ns.inria.fr/zoomathia/PS-ARISTOTELES/on_marvellous_things_heard/e/1/63/text/1,http://dbpedia.org/resource/Roasting,roasted,0.9960236800070473,DBpedia
http://ns.inria.fr/zoomathia/PS-ARISTOTELES/on_marvellous_things_heard/e/1/63/text/1,http://dbpedia.org/resource/Fire,fire,0.9987602553506157,DBpedia
http://ns.inria.fr/zoomathia/PS-ARISTOTELES/on_marvellous_things_heard/e/1/63/text/1,http://dbpedia.org/resource/Fish,fish,0.9787761893885778,DBpedia
http://ns.inria.fr/zoomathia/PS-ARISTOTELES/on_marvellous_things_heard/e/1/63/text/1,http://dbpedia.org/resource/Tempo,feel,0.5317405037826707,DBpedia
http://ns.inria.fr/zoomathia/PS-ARISTOTELES/on_marvellous_things_heard/e/1/63/text/1,http://dbpedia.org/resource/Cutting,cut,0.9993864237255395,DBpedia
http://ns.inria.fr/zoomathia/PS-ARISTOTELES/on_marvellous_things_heard/e/1/63/text/1,http://dbpedia.org/resource/Sliced_bread,sliced,0.9999997752651918,DBpedia
http://ns.inria.fr/zoomathia/PS-ARISTOTELES/on_marvellous_things_heard/e/1/63/text/1,http://dbpedia.org/resource/Tempo,feel,0.5317405037826707,DBpedia
http://ns.inria.fr/zoomathia/PS-ARISTOTELES/on_marvellous_things_heard/e/1/63/text/1,http://dbpedia.org/resource/Heat,heated,0.91609126922287,DBpedia
http://ns.inria.fr/zoomathia/PS-ARISTOTELES/on_marvellous_things_heard/e/1/63/text/1,http://dbpedia.org/resource/Fire,fire,0.9987602553506157,DBpedia
http://ns.inria.fr/zoomathia/PS-ARISTOTELES/on_marvellous_things_heard/e/1/64/text/1,https://opentheso.huma-num.fr/?idc=pcrtnpPag9iONJ&idt=th310,bee,1,zoomathia_match
http://ns.inria.fr/zoomathia/PS-ARISTOTELES/on_marvellous_things_heard/e/1/64/text/1,https://opentheso.huma-num.fr/?idc=105657&idt=th310,winter,1,zoomathia_match
http://ns.inria.fr/zoomathia/PS-ARISTOTELES/on_marvellous_things_heard/e/1/64/text/1,https://opentheso.huma-num.fr/?idc=pcrtwcBE2KhIIb&idt=th310,winter solstice,1,zoomathia_match
http://ns.inria.fr/zoomathia/PS-ARISTOTELES/on_marvellous_things_heard/e/1/64/text/1,https://opentheso.huma-num.fr/?idc=107437&idt=th310,solstice,1,zoomathia_match
http://ns.inria.fr/zoomathia/PS-ARISTOTELES/on_marvellous_things_heard/e/1/64/text/1,https://opentheso.huma-num.fr/?idc=105380&idt=th310,walking,1,zoomathia_match
http://ns.inria.fr/zoomathia/PS-ARISTOTELES/on_marvellous_things_heard/e/1/64/text/1,https://opentheso.huma-num.fr/?idc=107519&idt=th310,work,1,zoomathia_match
http://ns.inria.fr/zoomathia/PS-ARISTOTELES/on_marvellous_things_heard/e/1/64/text/1,https://opentheso.huma-num.fr/?idc=pcrtlTDKyU4FYd&idt=th310,sign,1,zoomathia_match
http://ns.inria.fr/zoomathia/PS-ARISTOTELES/on_marvellous_things_heard/e/1/64/text/1,https://opentheso.huma-num.fr/?idc=105649&idt=th310,time,1,zoomathia_match
http://ns.inria.fr/zoomathia/PS-ARISTOTELES/on_marvellous_things_heard/e/1/64/text/1,https://opentheso.huma-num.fr/?idc=107517&idt=th310,cicada,1,zoomathia_match
http://ns.inria.fr/zoomathia/PS-ARISTOTELES/on_marvellous_things_heard/e/1/64/text/1,https://opentheso.huma-num.fr/?idc=pcrtHfc0ScaO1k&idt=th310,sing,1,zoomathia_match
http://ns.inria.fr/zoomathia/PS-ARISTOTELES/on_marvellous_things_heard/e/1/64/text/1,https://opentheso.huma-num.fr/?idc=107437&idt=th310,solstice,1,zoomathia_match
http://ns.inria.fr/zoomathia/PS-ARISTOTELES/on_marvellous_things_heard/e/1/64/text/1,https://www.wikidata.org/wiki/Q3247049,herald,0.5231,wikidata
http://ns.inria.fr/zoomathia/PS-ARISTOTELES/on_marvellous_things_heard/e/1/64/text/1,https://www.wikidata.org/wiki/Q176353,bee‑keepers,0.6555,wikidata
http://ns.inria.fr/zoomathia/PS-ARISTOTELES/on_marvellous_things_heard/e/1/64/text/1,https://www.wikidata.org/wiki/Q1947892,cicada,0.8782,wikidata
http://ns.inria.fr/zoomathia/PS-ARISTOTELES/on_marvellous_things_heard/e/1/64/text/1,http://dbpedia.org/resource/Herald,herald,0.9905698049693263,DBpedia
http://ns.inria.fr/zoomathia/PS-ARISTOTELES/on_marvellous_things_heard/e/1/64/text/1,http://dbpedia.org/resource/Solstice,solstice,0.9935192676433261,DBpedia
http://ns.inria.fr/zoomathia/PS-ARISTOTELES/on_marvellous_things_heard/e/1/64/text/1,http://dbpedia.org/resource/Walking,walking,0.8508333824354025,DBpedia
http://ns.inria.fr/zoomathia/PS-ARISTOTELES/on_marvellous_things_heard/e/1/64/text/1,http://dbpedia.org/resource/Sign_language,sign,0.7083821222734692,DBpedia
http://ns.inria.fr/zoomathia/PS-ARISTOTELES/on_marvellous_things_heard/e/1/64/text/1,http://dbpedia.org/resource/Quiet_Time,quiet time,0.9039479537087373,DBpedia
http://ns.inria.fr/zoomathia/PS-ARISTOTELES/on_marvellous_things_heard/e/1/64/text/1,http://dbpedia.org/resource/Cicada,cicada,0.9971702054801052,DBpedia
http://ns.inria.fr/zoomathia/PS-ARISTOTELES/on_marvellous_things_heard/e/1/64/text/1,http://dbpedia.org/resource/Singing,sing,0.999550513449302,DBpedia
http://ns.inria.fr/zoomathia/PS-ARISTOTELES/on_marvellous_things_heard/e/1/64/text/1,http://dbpedia.org/resource/Solstice,solstice,0.9935192676433261,DBpedia
http://ns.inria.fr/zoomathia/PS-ARISTOTELES/on_marvellous_things_heard/e/1/65/text/1,https://opentheso.huma-num.fr/?idc=5070&idt=th310,hedgehog,1,zoomathia_match
http://ns.inria.fr/zoomathia/PS-ARISTOTELES/on_marvellous_things_heard/e/1/65/text/1,https://opentheso.huma-num.fr/?idc=pcrtpWT5t7kRx6&idt=th310,year,1,zoomathia_match
http://ns.inria.fr/zoomathia/PS-ARISTOTELES/on_marvellous_things_heard/e/1/65/text/1,http://dbpedia.org/resource/Food,food,0.9963398555262285,DBpedia
http://ns.inria.fr/zoomathia/PS-ARISTOTELES/on_marvellous_things_heard/e/1/66/text/1,https://opentheso.huma-num.fr/?idc=5045&idt=th310,lizard,1,zoomathia_match
http://ns.inria.fr/zoomathia/PS-ARISTOTELES/on_marvellous_things_heard/e/1/66/text/1,https://opentheso.huma-num.fr/?idc=105170&idt=th310,skin,1,zoomathia_match
http://ns.inria.fr/zoomathia/PS-ARISTOTELES/on_marvellous_things_heard/e/1/66/text/1,https://opentheso.huma-num.fr/?idc=106259&idt=th310,snake,1,zoomathia_match
http://ns.inria.fr/zoomathia/PS-ARISTOTELES/on_marvellous_things_heard/e/1/66/text/1,https://opentheso.huma-num.fr/?idc=pcrtIABa5iOrAk&idt=th310,physicians,1,zoomathia_match
http://ns.inria.fr/zoomathia/PS-ARISTOTELES/on_marvellous_things_heard/e/1/66/text/1,https://opentheso.huma-num.fr/?idc=105303&idt=th310,physicians,1,zoomathia_match
http://ns.inria.fr/zoomathia/PS-ARISTOTELES/on_marvellous_things_heard/e/1/66/text/1,http://dbpedia.org/resource/Spotted_skunk,spotted,0.9258097636606667,DBpedia
http://ns.inria.fr/zoomathia/PS-ARISTOTELES/on_marvellous_things_heard/e/1/66/text/1,http://dbpedia.org/resource/Lizard,lizard,0.9999933907674422,DBpedia
http://ns.inria.fr/zoomathia/PS-ARISTOTELES/on_marvellous_things_heard/e/1/66/text/1,http://dbpedia.org/resource/Moulting,sloughed,0.9999999663608042,DBpedia
http://ns.inria.fr/zoomathia/PS-ARISTOTELES/on_marvellous_things_heard/e/1/66/text/1,http://dbpedia.org/resource/Skin,skin,0.9996698893394051,DBpedia
http://ns.inria.fr/zoomathia/PS-ARISTOTELES/on_marvellous_things_heard/e/1/66/text/1,http://dbpedia.org/resource/Snake,snake,0.9999999972117735,DBpedia
http://ns.inria.fr/zoomathia/PS-ARISTOTELES/on_marvellous_things_heard/e/1/66/text/1,http://dbpedia.org/resource/Glossary_of_professional_wrestling_terms,turn,0.9868592575371501,DBpedia
http://ns.inria.fr/zoomathia/PS-ARISTOTELES/on_marvellous_things_heard/e/1/66/text/1,http://dbpedia.org/resource/Cannibalism,devour,0.9999998807719876,DBpedia
http://ns.inria.fr/zoomathia/PS-ARISTOTELES/on_marvellous_things_heard/e/1/66/text/1,http://dbpedia.org/resource/Physician,physicians,0.9998226714953861,DBpedia
http://ns.inria.fr/zoomathia/PS-ARISTOTELES/on_marvellous_things_heard/e/1/66/text/1,http://dbpedia.org/resource/Epilepsy,epileptics,0.9999999620473268,DBpedia
http://ns.inria.fr/zoomathia/PS-ARISTOTELES/on_marvellous_things_heard/e/1/67/text/1,https://opentheso.huma-num.fr/?idc=105983&idt=th310,fat,1,zoomathia_match
http://ns.inria.fr/zoomathia/PS-ARISTOTELES/on_marvellous_things_heard/e/1/67/text/1,https://opentheso.huma-num.fr/?idc=pcrtWUyge94a85&idt=th310,set,1,zoomathia_match
http://ns.inria.fr/zoomathia/PS-ARISTOTELES/on_marvellous_things_heard/e/1/67/text/1,https://opentheso.huma-num.fr/?idc=105657&idt=th310,winter,1,zoomathia_match
http://ns.inria.fr/zoomathia/PS-ARISTOTELES/on_marvellous_things_heard/e/1/67/text/1,https://opentheso.huma-num.fr/?idc=105649&idt=th310,time,1,zoomathia_match
http://ns.inria.fr/zoomathia/PS-ARISTOTELES/on_marvellous_things_heard/e/1/67/text/1,https://opentheso.huma-num.fr/?idc=pcrtGm7ZMfoQrc&idt=th310,bear,1,zoomathia_match
http://ns.inria.fr/zoomathia/PS-ARISTOTELES/on_marvellous_things_heard/e/1/67/text/1,https://opentheso.huma-num.fr/?idc=pcrtfv4IrNiWE8&idt=th310,vessels,1,zoomathia_match
http://ns.inria.fr/zoomathia/PS-ARISTOTELES/on_marvellous_things_heard/e/1/67/text/1,http://dbpedia.org/resource/Fat,fat,0.9603463990387046,DBpedia
http://ns.inria.fr/zoomathia/PS-ARISTOTELES/on_marvellous_things_heard/e/1/67/text/1,http://dbpedia.org/resource/Set_construction,set,0.5828004256018396,DBpedia
http://ns.inria.fr/zoomathia/PS-ARISTOTELES/on_marvellous_things_heard/e/1/67/text/1,http://dbpedia.org/resource/Winter,winter,0.5737024288266425,DBpedia
http://ns.inria.fr/zoomathia/PS-ARISTOTELES/on_marvellous_things_heard/e/1/67/text/1,http://dbpedia.org/resource/Personal_life,lives,0.33795598183279013,DBpedia
http://ns.inria.fr/zoomathia/PS-ARISTOTELES/on_marvellous_things_heard/e/1/67/text/1,http://dbpedia.org/resource/Cave,cave,0.9991710433916071,DBpedia
http://ns.inria.fr/zoomathia/PS-ARISTOTELES/on_marvellous_things_heard/e/1/67/text/1,http://dbpedia.org/resource/Population_growth,grows,0.9052924605031559,DBpedia
http://ns.inria.fr/zoomathia/PS-ARISTOTELES/on_marvellous_things_heard/e/1/67/text/1,http://dbpedia.org/resource/Integer_overflow,overflows,0.9677410323397978,DBpedia
http://ns.inria.fr/zoomathia/PS-ARISTOTELES/on_marvellous_things_heard/e/1/68/text/1,https://opentheso.huma-num.fr/?idc=105943&idt=th310,frogs,1,zoomathia_match
http://ns.inria.fr/zoomathia/PS-ARISTOTELES/on_marvellous_things_heard/e/1/68/text/1,https://opentheso.huma-num.fr/?idc=pcrtamWjqMqPWT&idt=th310,pigs,1,zoomathia_match
http://ns.inria.fr/zoomathia/PS-ARISTOTELES/on_marvellous_things_heard/e/1/68/text/1,https://www.wikidata.org/wiki/Q44112,Cyrene,0.4614,wikidata
http://ns.inria.fr/zoomathia/PS-ARISTOTELES/on_marvellous_things_heard/e/1/68/text/1,https://www.wikidata.org/wiki/Q103251,Macedonia,0.4608,wikidata
http://ns.inria.fr/zoomathia/PS-ARISTOTELES/on_marvellous_things_heard/e/1/68/text/1,http://dbpedia.org/resource/Cyrenaica,Cyrene,0.6246470372828978,DBpedia
http://ns.inria.fr/zoomathia/PS-ARISTOTELES/on_marvellous_things_heard/e/1/68/text/1,http://dbpedia.org/resource/Frog,frogs,0.9887966814890095,DBpedia
http://ns.inria.fr/zoomathia/PS-ARISTOTELES/on_marvellous_things_heard/e/1/68/text/1,http://dbpedia.org/resource/Voicelessness,voiceless,0.8724169564062357,DBpedia
http://ns.inria.fr/zoomathia/PS-ARISTOTELES/on_marvellous_things_heard/e/1/68/text/1,http://dbpedia.org/resource/North_Macedonia,Macedonia,0.8734785635867336,DBpedia
http://ns.inria.fr/zoomathia/PS-ARISTOTELES/on_marvellous_things_heard/e/1/68/text/1,http://dbpedia.org/resource/Pig,pigs,0.7505352911028228,DBpedia
http://ns.inria.fr/zoomathia/PS-ARISTOTELES/on_marvellous_things_heard/e/1/69/text/1,https://opentheso.huma-num.fr/?idc=pcrt8S70LdUsaP&idt=th310,Cappadocia,1,zoomathia_match
http://ns.inria.fr/zoomathia/PS-ARISTOTELES/on_marvellous_things_heard/e/1/69/text/1,https://opentheso.huma-num.fr/?idc=106492&idt=th310,mules,1,zoomathia_match
http://ns.inria.fr/zoomathia/PS-ARISTOTELES/on_marvellous_things_heard/e/1/69/text/1,https://opentheso.huma-num.fr/?idc=pcrtGm7ZMfoQrc&idt=th310,bear,1,zoomathia_match
http://ns.inria.fr/zoomathia/PS-ARISTOTELES/on_marvellous_things_heard/e/1/69/text/1,https://opentheso.huma-num.fr/?idc=pcrtDFvOrje3j0&idt=th310,fruit,1,zoomathia_match
http://ns.inria.fr/zoomathia/PS-ARISTOTELES/on_marvellous_things_heard/e/1/69/text/1,https://www.wikidata.org/wiki/Q217265,Cappadocia,0.4533,wikidata
http://ns.inria.fr/zoomathia/PS-ARISTOTELES/on_marvellous_things_heard/e/1/69/text/1,https://www.wikidata.org/wiki/Q34374,Crete,0.4531,wikidata
http://ns.inria.fr/zoomathia/PS-ARISTOTELES/on_marvellous_things_heard/e/1/69/text/1,http://dbpedia.org/resource/Cappadocia,Cappadocia,0.9997457682934195,DBpedia
http://ns.inria.fr/zoomathia/PS-ARISTOTELES/on_marvellous_things_heard/e/1/69/text/1,http://dbpedia.org/resource/Mule,mules,0.9945487027490153,DBpedia
http://ns.inria.fr/zoomathia/PS-ARISTOTELES/on_marvellous_things_heard/e/1/69/text/1,http://dbpedia.org/resource/Breed,breed,0.7184323847701953,DBpedia
http://ns.inria.fr/zoomathia/PS-ARISTOTELES/on_marvellous_things_heard/e/1/69/text/1,http://dbpedia.org/resource/Crete,Crete,0.9993229592805224,DBpedia
http://ns.inria.fr/zoomathia/PS-ARISTOTELES/on_marvellous_things_heard/e/1/69/text/1,http://dbpedia.org/resource/Populus,poplars,0.9997607299943558,DBpedia
http://ns.inria.fr/zoomathia/PS-ARISTOTELES/on_marvellous_things_heard/e/1/69/text/1,http://dbpedia.org/resource/Fruit,fruit,0.9991859988229325,DBpedia
http://ns.inria.fr/zoomathia/PS-ARISTOTELES/on_marvellous_things_heard/e/1/70/text/1,https://opentheso.huma-num.fr/?idc=105943&idt=th310,frogs,1,zoomathia_match
http://ns.inria.fr/zoomathia/PS-ARISTOTELES/on_marvellous_things_heard/e/1/70/text/1,https://www.wikidata.org/wiki/Q1796044,Seriphus,0.456,wikidata
http://ns.inria.fr/zoomathia/PS-ARISTOTELES/on_marvellous_things_heard/e/1/70/text/1,http://dbpedia.org/resource/Queenfish,Seriphus,0.8559015600646849,DBpedia
http://ns.inria.fr/zoomathia/PS-ARISTOTELES/on_marvellous_things_heard/e/1/70/text/1,http://dbpedia.org/resource/Frog,frogs,0.9968149037472931,DBpedia
http://ns.inria.fr/zoomathia/PS-ARISTOTELES/on_marvellous_things_heard/e/1/70/text/1,http://dbpedia.org/resource/Indian_removal,removed,0.8362674898459271,DBpedia
http://ns.inria.fr/zoomathia/PS-ARISTOTELES/on_marvellous_things_heard/e/1/71/text/1,https://opentheso.huma-num.fr/?idc=pcrtj8urIFfA6b&idt=th310,Indians,1,zoomathia_match
http://ns.inria.fr/zoomathia/PS-ARISTOTELES/on_marvellous_things_heard/e/1/71/text/1,https://opentheso.huma-num.fr/?idc=pcrtmFiiOHIboO&idt=th310,dry,1,zoomathia_match
http://ns.inria.fr/zoomathia/PS-ARISTOTELES/on_marvellous_things_heard/e/1/71/text/1,https://opentheso.huma-num.fr/?idc=105691&idt=th310,land,1,zoomathia_match
http://ns.inria.fr/zoomathia/PS-ARISTOTELES/on_marvellous_things_heard/e/1/71/text/1,https://www.wikidata.org/wiki/Q642553,Indians,0.4786,wikidata
http://ns.inria.fr/zoomathia/PS-ARISTOTELES/on_marvellous_things_heard/e/1/71/text/1,https://www.wikidata.org/wiki/Q28470421,Keras,0.8601,wikidata
http://ns.inria.fr/zoomathia/PS-ARISTOTELES/on_marvellous_things_heard/e/1/71/text/1,http://dbpedia.org/resource/Native_Americans_in_the_United_States,Indians,0.5534899199340177,DBpedia
http://ns.inria.fr/zoomathia/PS-ARISTOTELES/on_marvellous_things_heard/e/1/71/text/1,http://dbpedia.org/resource/Port,called,0.5841645032049945,DBpedia
http://ns.inria.fr/zoomathia/PS-ARISTOTELES/on_marvellous_things_heard/e/1/71/text/1,http://dbpedia.org/resource/Keras,Keras,0.999999845209016,DBpedia
http://ns.inria.fr/zoomathia/PS-ARISTOTELES/on_marvellous_things_heard/e/1/71/text/1,http://dbpedia.org/resource/Fish,fish,0.9929054892965122,DBpedia
http://ns.inria.fr/zoomathia/PS-ARISTOTELES/on_marvellous_things_heard/e/1/71/text/1,http://dbpedia.org/resource/Jitter,wander,0.9998246594625115,DBpedia
http://ns.inria.fr/zoomathia/PS-ARISTOTELES/on_marvellous_things_heard/e/1/71/text/1,http://dbpedia.org/resource/Land,dry land,0.6764919426573993,DBpedia
http://ns.inria.fr/zoomathia/PS-ARISTOTELES/on_marvellous_things_heard/e/1/72/text/1,https://opentheso.huma-num.fr/?idc=pcrtr3izY9jx6L&idt=th310,Babylonia,1,zoomathia_match
http://ns.inria.fr/zoomathia/PS-ARISTOTELES/on_marvellous_things_heard/e/1/72/text/1,https://opentheso.huma-num.fr/?idc=pcrtmFiiOHIboO&idt=th310,dries,1,zoomathia_match
http://ns.inria.fr/zoomathia/PS-ARISTOTELES/on_marvellous_things_heard/e/1/72/text/1,https://opentheso.huma-num.fr/?idc=pcrtgS9WvKHJJH&idt=th310,threshing,1,zoomathia_match
http://ns.inria.fr/zoomathia/PS-ARISTOTELES/on_marvellous_things_heard/e/1/72/text/1,https://opentheso.huma-num.fr/?idc=pcrtUIbdZmT2P6&idt=th310,floor,1,zoomathia_match
http://ns.inria.fr/zoomathia/PS-ARISTOTELES/on_marvellous_things_heard/e/1/72/text/1,https://opentheso.huma-num.fr/?idc=105380&idt=th310,walk,1,zoomathia_match
http://ns.inria.fr/zoomathia/PS-ARISTOTELES/on_marvellous_things_heard/e/1/72/text/1,https://opentheso.huma-num.fr/?idc=105902&idt=th310,fins,1,zoomathia_match
http://ns.inria.fr/zoomathia/PS-ARISTOTELES/on_marvellous_things_heard/e/1/72/text/1,https://opentheso.huma-num.fr/?idc=107395&idt=th310,wave,1,zoomathia_match
http://ns.inria.fr/zoomathia/PS-ARISTOTELES/on_marvellous_things_heard/e/1/72/text/1,https://opentheso.huma-num.fr/?idc=105164&idt=th310,tails,1,zoomathia_match
http://ns.inria.fr/zoomathia/PS-ARISTOTELES/on_marvellous_things_heard/e/1/72/text/1,https://opentheso.huma-num.fr/?idc=pcrthTAMawVNg8&idt=th310,face,1,zoomathia_match
http://ns.inria.fr/zoomathia/PS-ARISTOTELES/on_marvellous_things_heard/e/1/72/text/1,https://opentheso.huma-num.fr/?idc=106018&idt=th310,face,1,zoomathia_match
http://ns.inria.fr/zoomathia/PS-ARISTOTELES/on_marvellous_things_heard/e/1/72/text/1,https://opentheso.huma-num.fr/?idc=pcrt0WrjgPTs33&idt=th310,men,1,zoomathia_match
http://ns.inria.fr/zoomathia/PS-ARISTOTELES/on_marvellous_things_heard/e/1/72/text/1,https://opentheso.huma-num.fr/?idc=105124&idt=th310,head,1,zoomathia_match
http://ns.inria.fr/zoomathia/PS-ARISTOTELES/on_marvellous_things_heard/e/1/72/text/1,https://opentheso.huma-num.fr/?idc=105208&idt=th310,gills,1,zoomathia_match
http://ns.inria.fr/zoomathia/PS-ARISTOTELES/on_marvellous_things_heard/e/1/72/text/1,https://www.wikidata.org/wiki/Q47690,Babylonia,0.4424,wikidata
http://ns.inria.fr/zoomathia/PS-ARISTOTELES/on_marvellous_things_heard/e/1/72/text/1,http://dbpedia.org/resource/Babylonia,Babylonia,0.9980285615072065,DBpedia
http://ns.inria.fr/zoomathia/PS-ARISTOTELES/on_marvellous_things_heard/e/1/72/text/1,http://dbpedia.org/resource/Fish,fishes,0.9699495531426764,DBpedia
http://ns.inria.fr/zoomathia/PS-ARISTOTELES/on_marvellous_things_heard/e/1/72/text/1,http://dbpedia.org/resource/Britain_Stronger_in_Europe,remain,0.9892966199890184,DBpedia
http://ns.inria.fr/zoomathia/PS-ARISTOTELES/on_marvellous_things_heard/e/1/72/text/1,http://dbpedia.org/resource/Golf_course,holes,0.7200466640433921,DBpedia
http://ns.inria.fr/zoomathia/PS-ARISTOTELES/on_marvellous_things_heard/e/1/72/text/1,http://dbpedia.org/resource/Vassal,retain,0.769321188198342,DBpedia
http://ns.inria.fr/zoomathia/PS-ARISTOTELES/on_marvellous_things_heard/e/1/72/text/1,http://dbpedia.org/resource/Moisture,moisture,0.9998445361068208,DBpedia
http://ns.inria.fr/zoomathia/PS-ARISTOTELES/on_marvellous_things_heard/e/1/72/text/1,http://dbpedia.org/resource/Desiccation,dries,0.9999999999999432,DBpedia
http://ns.inria.fr/zoomathia/PS-ARISTOTELES/on_marvellous_things_heard/e/1/72/text/1,http://dbpedia.org/resource/Threshing_floor,threshing-floor,1.0,DBpedia
http://ns.inria.fr/zoomathia/PS-ARISTOTELES/on_marvellous_things_heard/e/1/72/text/1,http://dbpedia.org/resource/Animal_feed,feed,0.9530001132830567,DBpedia
http://ns.inria.fr/zoomathia/PS-ARISTOTELES/on_marvellous_things_heard/e/1/72/text/1,http://dbpedia.org/resource/Walking,walk,0.5116395889565126,DBpedia
http://ns.inria.fr/zoomathia/PS-ARISTOTELES/on_marvellous_things_heard/e/1/72/text/1,http://dbpedia.org/resource/Fish_fin,fins,0.9975942626459612,DBpedia
http://ns.inria.fr/zoomathia/PS-ARISTOTELES/on_marvellous_things_heard/e/1/72/text/1,http://dbpedia.org/resource/Wind_wave,wave,0.8328201551311132,DBpedia
http://ns.inria.fr/zoomathia/PS-ARISTOTELES/on_marvellous_things_heard/e/1/72/text/1,http://dbpedia.org/resource/Tail,tails,0.9995123069701164,DBpedia
http://ns.inria.fr/zoomathia/PS-ARISTOTELES/on_marvellous_things_heard/e/1/72/text/1,http://dbpedia.org/resource/Home_invasion,pursued,0.9999995644151152,DBpedia
http://ns.inria.fr/zoomathia/PS-ARISTOTELES/on_marvellous_things_heard/e/1/72/text/1,http://dbpedia.org/resource/Jewish_exodus_from_Arab_and_Muslim_countries,flee,0.8111488712750526,DBpedia
http://ns.inria.fr/zoomathia/PS-ARISTOTELES/on_marvellous_things_heard/e/1/72/text/1,http://dbpedia.org/resource/Scuba_diving,diving,0.6255748239774792,DBpedia
http://ns.inria.fr/zoomathia/PS-ARISTOTELES/on_marvellous_things_heard/e/1/72/text/1,http://dbpedia.org/resource/Face,face,0.7795763848586712,DBpedia
http://ns.inria.fr/zoomathia/PS-ARISTOTELES/on_marvellous_things_heard/e/1/72/text/1,http://dbpedia.org/resource/Plaintiff,pursuer,0.999999999996021,DBpedia
http://ns.inria.fr/zoomathia/PS-ARISTOTELES/on_marvellous_things_heard/e/1/72/text/1,http://dbpedia.org/resource/Man,men,0.9776749582370269,DBpedia
http://ns.inria.fr/zoomathia/PS-ARISTOTELES/on_marvellous_things_heard/e/1/72/text/1,http://dbpedia.org/resource/Torture,torment,0.9999999999876081,DBpedia
http://ns.inria.fr/zoomathia/PS-ARISTOTELES/on_marvellous_things_heard/e/1/72/text/1,http://dbpedia.org/resource/Head,head,0.9972397618715315,DBpedia
http://ns.inria.fr/zoomathia/PS-ARISTOTELES/on_marvellous_things_heard/e/1/72/text/1,http://dbpedia.org/resource/Leisure,rest,0.5419986038026104,DBpedia
http://ns.inria.fr/zoomathia/PS-ARISTOTELES/on_marvellous_things_heard/e/1/72/text/1,http://dbpedia.org/resource/Cadaver,body,0.8317276855658736,DBpedia
http://ns.inria.fr/zoomathia/PS-ARISTOTELES/on_marvellous_things_heard/e/1/72/text/1,http://dbpedia.org/resource/Gobio,gudgeon,0.6453220654650847,DBpedia
http://ns.inria.fr/zoomathia/PS-ARISTOTELES/on_marvellous_things_heard/e/1/72/text/1,http://dbpedia.org/resource/Fish,fish,0.9999964951185832,DBpedia
http://ns.inria.fr/zoomathia/PS-ARISTOTELES/on_marvellous_things_heard/e/1/73/text/1,https://opentheso.huma-num.fr/?idc=pcrtmFiiOHIboO&idt=th310,dry,1,zoomathia_match
http://ns.inria.fr/zoomathia/PS-ARISTOTELES/on_marvellous_things_heard/e/1/73/text/1,https://opentheso.huma-num.fr/?idc=105691&idt=th310,land,1,zoomathia_match
http://ns.inria.fr/zoomathia/PS-ARISTOTELES/on_marvellous_things_heard/e/1/73/text/1,https://opentheso.huma-num.fr/?idc=pcrtmFiiOHIboO&idt=th310,dries,1,zoomathia_match
http://ns.inria.fr/zoomathia/PS-ARISTOTELES/on_marvellous_things_heard/e/1/73/text/1,https://opentheso.huma-num.fr/?idc=pcrtmFiiOHIboO&idt=th310,dry,1,zoomathia_match
http://ns.inria.fr/zoomathia/PS-ARISTOTELES/on_marvellous_things_heard/e/1/73/text/1,https://opentheso.huma-num.fr/?idc=107576&idt=th310,water,1,zoomathia_match
http://ns.inria.fr/zoomathia/PS-ARISTOTELES/on_marvellous_things_heard/e/1/73/text/1,https://www.wikidata.org/wiki/Q1568583,Heraclea,0.8286,wikidata
http://ns.inria.fr/zoomathia/PS-ARISTOTELES/on_marvellous_things_heard/e/1/73/text/1,https://www.wikidata.org/wiki/Q7380487,Pontus,0.824,wikidata
http://ns.inria.fr/zoomathia/PS-ARISTOTELES/on_marvellous_things_heard/e/1/73/text/1,https://www.wikidata.org/wiki/Q8471,Rhegium,0.9026,wikidata
http://ns.inria.fr/zoomathia/PS-ARISTOTELES/on_marvellous_things_heard/e/1/73/text/1,http://dbpedia.org/resource/Kingdom_of_Pontus,Pontus,0.8218494677162698,DBpedia
http://ns.inria.fr/zoomathia/PS-ARISTOTELES/on_marvellous_things_heard/e/1/73/text/1,http://dbpedia.org/resource/Reggio_Calabria,Rhegium,0.9999999997808686,DBpedia
http://ns.inria.fr/zoomathia/PS-ARISTOTELES/on_marvellous_things_heard/e/1/73/text/1,http://dbpedia.org/resource/Fish,fish,0.9990329266326795,DBpedia
http://ns.inria.fr/zoomathia/PS-ARISTOTELES/on_marvellous_things_heard/e/1/73/text/1,http://dbpedia.org/resource/Digging,digging,0.9978331465477814,DBpedia
http://ns.inria.fr/zoomathia/PS-ARISTOTELES/on_marvellous_things_heard/e/1/73/text/1,http://dbpedia.org/resource/Quayside,riverside,0.998857864156289,DBpedia
http://ns.inria.fr/zoomathia/PS-ARISTOTELES/on_marvellous_things_heard/e/1/73/text/1,http://dbpedia.org/resource/Dry_season,dry,0.9994351050852913,DBpedia
http://ns.inria.fr/zoomathia/PS-ARISTOTELES/on_marvellous_things_heard/e/1/73/text/1,http://dbpedia.org/resource/Landform,land,0.9674098095658439,DBpedia
http://ns.inria.fr/zoomathia/PS-ARISTOTELES/on_marvellous_things_heard/e/1/73/text/1,http://dbpedia.org/resource/Soil,ground,0.989315880874787,DBpedia
http://ns.inria.fr/zoomathia/PS-ARISTOTELES/on_marvellous_things_heard/e/1/73/text/1,http://dbpedia.org/resource/Desiccation,dries,0.9999999999551505,DBpedia
http://ns.inria.fr/zoomathia/PS-ARISTOTELES/on_marvellous_things_heard/e/1/73/text/1,http://dbpedia.org/resource/Penetration_(weaponry),penetrate,0.7944086179237503,DBpedia
http://ns.inria.fr/zoomathia/PS-ARISTOTELES/on_marvellous_things_heard/e/1/73/text/1,http://dbpedia.org/resource/Mud,mud,0.9973090948450658,DBpedia
http://ns.inria.fr/zoomathia/PS-ARISTOTELES/on_marvellous_things_heard/e/1/73/text/1,http://dbpedia.org/resource/Soil,moisture,0.5307909911737357,DBpedia
http://ns.inria.fr/zoomathia/PS-ARISTOTELES/on_marvellous_things_heard/e/1/73/text/1,http://dbpedia.org/resource/Population_growth,grows,0.884214007342363,DBpedia
http://ns.inria.fr/zoomathia/PS-ARISTOTELES/on_marvellous_things_heard/e/1/73/text/1,http://dbpedia.org/resource/Dry_season,dry,0.9994351050852913,DBpedia
http://ns.inria.fr/zoomathia/PS-ARISTOTELES/on_marvellous_things_heard/e/1/73/text/1,http://dbpedia.org/resource/Britain_Stronger_in_Europe,remain,0.8874652762902412,DBpedia
http://ns.inria.fr/zoomathia/PS-ARISTOTELES/on_marvellous_things_heard/e/1/73/text/1,http://dbpedia.org/resource/Soil,moisture,0.5307909911737357,DBpedia
http://ns.inria.fr/zoomathia/PS-ARISTOTELES/on_marvellous_things_heard/e/1/73/text/1,http://dbpedia.org/resource/Survival_skills,survive,0.9786867835404989,DBpedia
http://ns.inria.fr/zoomathia/PS-ARISTOTELES/on_marvellous_things_heard/e/1/73/text/1,http://dbpedia.org/resource/Golf_course,holes,0.6403875288220248,DBpedia
http://ns.inria.fr/zoomathia/PS-ARISTOTELES/on_marvellous_things_heard/e/1/73/text/1,http://dbpedia.org/resource/Water,water,0.9995694272990938,DBpedia
http://ns.inria.fr/zoomathia/PS-ARISTOTELES/on_marvellous_things_heard/e/1/74/text/1,https://opentheso.huma-num.fr/?idc=pcrtlnWjI8HV2D&idt=th310,Paphlagonia,1,zoomathia_match
http://ns.inria.fr/zoomathia/PS-ARISTOTELES/on_marvellous_things_heard/e/1/74/text/1,https://opentheso.huma-num.fr/?idc=107576&idt=th310,water,1,zoomathia_match
http://ns.inria.fr/zoomathia/PS-ARISTOTELES/on_marvellous_things_heard/e/1/74/text/1,https://opentheso.huma-num.fr/?idc=pcrtLnUS9cADfI&idt=th310,seen,1,zoomathia_match
http://ns.inria.fr/zoomathia/PS-ARISTOTELES/on_marvellous_things_heard/e/1/74/text/1,http://dbpedia.org/resource/Paphlagonia,Paphlagonia,0.9999999382578172,DBpedia
http://ns.inria.fr/zoomathia/PS-ARISTOTELES/on_marvellous_things_heard/e/1/74/text/1,http://dbpedia.org/resource/Fish,fishes,0.9995321724714126,DBpedia
http://ns.inria.fr/zoomathia/PS-ARISTOTELES/on_marvellous_things_heard/e/1/74/text/1,http://dbpedia.org/resource/Selective_breeding,bred,0.9615853870673368,DBpedia
http://ns.inria.fr/zoomathia/PS-ARISTOTELES/on_marvellous_things_heard/e/1/74/text/1,http://dbpedia.org/resource/Deep_sea,deep,0.9570895901676567,DBpedia
http://ns.inria.fr/zoomathia/PS-ARISTOTELES/on_marvellous_things_heard/e/1/74/text/1,http://dbpedia.org/resource/Goods,good,0.5487559477149714,DBpedia
http://ns.inria.fr/zoomathia/PS-ARISTOTELES/on_marvellous_things_heard/e/1/74/text/1,http://dbpedia.org/resource/Water,water,0.9984686198811484,DBpedia
http://ns.inria.fr/zoomathia/PS-ARISTOTELES/on_marvellous_things_heard/e/1/74/text/1,http://dbpedia.org/resource/Lava,flowing,0.5116073483851517,DBpedia
http://ns.inria.fr/zoomathia/PS-ARISTOTELES/on_marvellous_things_heard/e/1/74/text/1,http://dbpedia.org/resource/Earth,earth,0.8804517698541462,DBpedia
http://ns.inria.fr/zoomathia/PS-ARISTOTELES/on_marvellous_things_heard/e/1/74/text/1,http://dbpedia.org/resource/Plant_propagation,propagates,0.6214412999048041,DBpedia
http://ns.inria.fr/zoomathia/PS-ARISTOTELES/on_marvellous_things_heard/e/1/74/text/1,http://dbpedia.org/resource/Animal,creatures,0.7471055910429214,DBpedia
http://ns.inria.fr/zoomathia/PS-ARISTOTELES/on_marvellous_things_heard/e/1/75/text/1,https://opentheso.huma-num.fr/?idc=pcrtBWawwFyKfi&idt=th310,deer,1,zoomathia_match
http://ns.inria.fr/zoomathia/PS-ARISTOTELES/on_marvellous_things_heard/e/1/75/text/1,https://opentheso.huma-num.fr/?idc=105127&idt=th310,horn,1,zoomathia_match
http://ns.inria.fr/zoomathia/PS-ARISTOTELES/on_marvellous_things_heard/e/1/75/text/1,https://www.wikidata.org/wiki/Q565751,Epirus,0.454,wikidata
http://ns.inria.fr/zoomathia/PS-ARISTOTELES/on_marvellous_things_heard/e/1/75/text/1,http://dbpedia.org/resource/Deer,deer,0.9962617884300711,DBpedia
http://ns.inria.fr/zoomathia/PS-ARISTOTELES/on_marvellous_things_heard/e/1/75/text/1,http://dbpedia.org/resource/Epirus,Epirus,0.9666269382387788,DBpedia
http://ns.inria.fr/zoomathia/PS-ARISTOTELES/on_marvellous_things_heard/e/1/75/text/1,http://dbpedia.org/resource/Archaeological_excavation,dig,0.9127565076526203,DBpedia
http://ns.inria.fr/zoomathia/PS-ARISTOTELES/on_marvellous_things_heard/e/1/75/text/1,http://dbpedia.org/resource/Burial,bury,0.9955899802104128,DBpedia
http://ns.inria.fr/zoomathia/PS-ARISTOTELES/on_marvellous_things_heard/e/1/76/text/1,https://opentheso.huma-num.fr/?idc=pcrtIsegzIycr5&idt=th310,lynx,1,zoomathia_match
http://ns.inria.fr/zoomathia/PS-ARISTOTELES/on_marvellous_things_heard/e/1/76/text/1,https://opentheso.huma-num.fr/?idc=105408&idt=th310,urine,1,zoomathia_match
http://ns.inria.fr/zoomathia/PS-ARISTOTELES/on_marvellous_things_heard/e/1/76/text/1,http://dbpedia.org/resource/Lynx,lynx,0.9998802956431346,DBpedia
http://ns.inria.fr/zoomathia/PS-ARISTOTELES/on_marvellous_things_heard/e/1/76/text/1,http://dbpedia.org/resource/Urine,urine,0.9997809631115577,DBpedia
http://ns.inria.fr/zoomathia/PS-ARISTOTELES/on_marvellous_things_heard/e/1/76/text/1,http://dbpedia.org/resource/Bullshit,making,0.539628322328667,DBpedia
http://ns.inria.fr/zoomathia/PS-ARISTOTELES/on_marvellous_things_heard/e/1/77/text/1,https://opentheso.huma-num.fr/?idc=pcrtdtX7cfYccQ&idt=th310,seal,1,zoomathia_match
http://ns.inria.fr/zoomathia/PS-ARISTOTELES/on_marvellous_things_heard/e/1/77/text/1,https://opentheso.huma-num.fr/?idc=105955&idt=th310,vomits,1,zoomathia_match
http://ns.inria.fr/zoomathia/PS-ARISTOTELES/on_marvellous_things_heard/e/1/77/text/1,http://dbpedia.org/resource/Pinniped,seal,0.9870736070935093,DBpedia
http://ns.inria.fr/zoomathia/PS-ARISTOTELES/on_marvellous_things_heard/e/1/77/text/1,http://dbpedia.org/resource/Vomiting,vomits,0.9999999965304482,DBpedia
http://ns.inria.fr/zoomathia/PS-ARISTOTELES/on_marvellous_things_heard/e/1/77/text/1,http://dbpedia.org/resource/Cure,curative,0.6240530854027982,DBpedia
http://ns.inria.fr/zoomathia/PS-ARISTOTELES/on_marvellous_things_heard/e/1/77/text/1,http://dbpedia.org/resource/Goods,good,0.9007408716937588,DBpedia
http://ns.inria.fr/zoomathia/PS-ARISTOTELES/on_marvellous_things_heard/e/1/77/text/1,http://dbpedia.org/resource/Epilepsy,epileptics,0.9999999645220619,DBpedia
http://ns.inria.fr/zoomathia/PS-ARISTOTELES/on_marvellous_things_heard/e/1/79/text/1,https://opentheso.huma-num.fr/?idc=105270&idt=th310,size,1,zoomathia_match
http://ns.inria.fr/zoomathia/PS-ARISTOTELES/on_marvellous_things_heard/e/1/79/text/1,https://opentheso.huma-num.fr/?idc=105137&idt=th310,beaks,1,zoomathia_match
http://ns.inria.fr/zoomathia/PS-ARISTOTELES/on_marvellous_things_heard/e/1/79/text/1,https://opentheso.huma-num.fr/?idc=pcrttqg6h4M4o5&idt=th310,Greeks,1,zoomathia_match
http://ns.inria.fr/zoomathia/PS-ARISTOTELES/on_marvellous_things_heard/e/1/79/text/1,https://opentheso.huma-num.fr/?idc=105691&idt=th310,land,1,zoomathia_match
http://ns.inria.fr/zoomathia/PS-ARISTOTELES/on_marvellous_things_heard/e/1/79/text/1,https://opentheso.huma-num.fr/?idc=pcrtFl3pmSnGsQ&idt=th310,wheeling,1,zoomathia_match
http://ns.inria.fr/zoomathia/PS-ARISTOTELES/on_marvellous_things_heard/e/1/79/text/1,https://opentheso.huma-num.fr/?idc=105614&idt=th310,attack,1,zoomathia_match
http://ns.inria.fr/zoomathia/PS-ARISTOTELES/on_marvellous_things_heard/e/1/79/text/1,https://opentheso.huma-num.fr/?idc=105124&idt=th310,heads,1,zoomathia_match
http://ns.inria.fr/zoomathia/PS-ARISTOTELES/on_marvellous_things_heard/e/1/79/text/1,https://opentheso.huma-num.fr/?idc=105615&idt=th310,wounding,1,zoomathia_match
http://ns.inria.fr/zoomathia/PS-ARISTOTELES/on_marvellous_things_heard/e/1/79/text/1,https://opentheso.huma-num.fr/?idc=pcrtsADFJXaeAZ&idt=th310,Aeneas,1,zoomathia_match
http://ns.inria.fr/zoomathia/PS-ARISTOTELES/on_marvellous_things_heard/e/1/79/text/1,https://opentheso.huma-num.fr/?idc=105649&idt=th310,time,1,zoomathia_match
http://ns.inria.fr/zoomathia/PS-ARISTOTELES/on_marvellous_things_heard/e/1/79/text/1,https://www.wikidata.org/wiki/Q13924,Adriatic,0.456,wikidata
http://ns.inria.fr/zoomathia/PS-ARISTOTELES/on_marvellous_things_heard/e/1/79/text/1,https://www.wikidata.org/wiki/Q1226908,Diomedes,0.4598,wikidata
http://ns.inria.fr/zoomathia/PS-ARISTOTELES/on_marvellous_things_heard/e/1/79/text/1,https://www.wikidata.org/wiki/Q539051,Greeks,0.4561,wikidata
http://ns.inria.fr/zoomathia/PS-ARISTOTELES/on_marvellous_things_heard/e/1/79/text/1,https://www.wikidata.org/wiki/Q1226908,Diomedes,0.4598,wikidata
http://ns.inria.fr/zoomathia/PS-ARISTOTELES/on_marvellous_things_heard/e/1/79/text/1,https://www.wikidata.org/wiki/Q1226908,Diomedes,0.4598,wikidata
http://ns.inria.fr/zoomathia/PS-ARISTOTELES/on_marvellous_things_heard/e/1/79/text/1,https://www.wikidata.org/wiki/Q82732,Aeneas,0.4597,wikidata
http://ns.inria.fr/zoomathia/PS-ARISTOTELES/on_marvellous_things_heard/e/1/79/text/1,http://dbpedia.org/resource/Diomedeia,Diomedeia,0.6694456024659259,DBpedia
http://ns.inria.fr/zoomathia/PS-ARISTOTELES/on_marvellous_things_heard/e/1/79/text/1,http://dbpedia.org/resource/Adriatic_Sea,Adriatic,0.9999998505687812,DBpedia
http://ns.inria.fr/zoomathia/PS-ARISTOTELES/on_marvellous_things_heard/e/1/79/text/1,http://dbpedia.org/resource/Remarkable_(tablet),remarkable,0.8763642033697301,DBpedia
http://ns.inria.fr/zoomathia/PS-ARISTOTELES/on_marvellous_things_heard/e/1/79/text/1,http://dbpedia.org/resource/Hallow,hallowed,0.9999999190383198,DBpedia
http://ns.inria.fr/zoomathia/PS-ARISTOTELES/on_marvellous_things_heard/e/1/79/text/1,http://dbpedia.org/resource/Shrine,shrine,0.9271969049196606,DBpedia
http://ns.inria.fr/zoomathia/PS-ARISTOTELES/on_marvellous_things_heard/e/1/79/text/1,http://dbpedia.org/resource/Diomedes,Diomedes,0.9999999991090931,DBpedia
http://ns.inria.fr/zoomathia/PS-ARISTOTELES/on_marvellous_things_heard/e/1/79/text/1,http://dbpedia.org/resource/Bird,birds,0.9996583469130081,DBpedia
http://ns.inria.fr/zoomathia/PS-ARISTOTELES/on_marvellous_things_heard/e/1/79/text/1,http://dbpedia.org/resource/Dimension,size,0.5669170685390014,DBpedia
http://ns.inria.fr/zoomathia/PS-ARISTOTELES/on_marvellous_things_heard/e/1/79/text/1,http://dbpedia.org/resource/Sitting,sit,0.9960876408199183,DBpedia
http://ns.inria.fr/zoomathia/PS-ARISTOTELES/on_marvellous_things_heard/e/1/79/text/1,http://dbpedia.org/resource/Shrine,shrine,0.9271969049196606,DBpedia
http://ns.inria.fr/zoomathia/PS-ARISTOTELES/on_marvellous_things_heard/e/1/79/text/1,http://dbpedia.org/resource/Circle,circle,0.9853728824546251,DBpedia
http://ns.inria.fr/zoomathia/PS-ARISTOTELES/on_marvellous_things_heard/e/1/79/text/1,http://dbpedia.org/resource/Hard_rock,hard,0.41067181547936604,DBpedia
http://ns.inria.fr/zoomathia/PS-ARISTOTELES/on_marvellous_things_heard/e/1/79/text/1,http://dbpedia.org/resource/Beak,beaks,0.9978812568195815,DBpedia
http://ns.inria.fr/zoomathia/PS-ARISTOTELES/on_marvellous_things_heard/e/1/79/text/1,http://dbpedia.org/resource/Ancient_Greece,Greeks,0.8005134125128052,DBpedia
http://ns.inria.fr/zoomathia/PS-ARISTOTELES/on_marvellous_things_heard/e/1/79/text/1,http://dbpedia.org/resource/Glossary_of_professional_wrestling_terms,spot,0.9551494217528613,DBpedia
http://ns.inria.fr/zoomathia/PS-ARISTOTELES/on_marvellous_things_heard/e/1/79/text/1,http://dbpedia.org/resource/Silence,quiet,0.9999991758767791,DBpedia
http://ns.inria.fr/zoomathia/PS-ARISTOTELES/on_marvellous_things_heard/e/1/79/text/1,http://dbpedia.org/resource/Barbarian,barbarians,0.9999939062054545,DBpedia
http://ns.inria.fr/zoomathia/PS-ARISTOTELES/on_marvellous_things_heard/e/1/79/text/1,http://dbpedia.org/resource/Album,live,0.9590790582970188,DBpedia
http://ns.inria.fr/zoomathia/PS-ARISTOTELES/on_marvellous_things_heard/e/1/79/text/1,http://dbpedia.org/resource/Land_of_Israel,land,0.6046954927256696,DBpedia
http://ns.inria.fr/zoomathia/PS-ARISTOTELES/on_marvellous_things_heard/e/1/79/text/1,http://dbpedia.org/resource/Expansion_of_Macedonia_under_Philip_II,rise,0.8298589293593339,DBpedia
http://ns.inria.fr/zoomathia/PS-ARISTOTELES/on_marvellous_things_heard/e/1/79/text/1,http://dbpedia.org/resource/Breaking_wheel,wheeling,0.9999999626562619,DBpedia
http://ns.inria.fr/zoomathia/PS-ARISTOTELES/on_marvellous_things_heard/e/1/79/text/1,http://dbpedia.org/resource/Attack_on_Pearl_Harbor,attack,0.9980176699475304,DBpedia
http://ns.inria.fr/zoomathia/PS-ARISTOTELES/on_marvellous_things_heard/e/1/79/text/1,http://dbpedia.org/resource/Obverse_and_reverse,heads,0.4543688532564672,DBpedia
http://ns.inria.fr/zoomathia/PS-ARISTOTELES/on_marvellous_things_heard/e/1/79/text/1,http://dbpedia.org/resource/Wound,wounding,0.9664195095228214,DBpedia
http://ns.inria.fr/zoomathia/PS-ARISTOTELES/on_marvellous_things_heard/e/1/79/text/1,http://dbpedia.org/resource/Beak,bills,0.9999998467986988,DBpedia
http://ns.inria.fr/zoomathia/PS-ARISTOTELES/on_marvellous_things_heard/e/1/79/text/1,http://dbpedia.org/resource/Murder,kill,0.9738265716626998,DBpedia
http://ns.inria.fr/zoomathia/PS-ARISTOTELES/on_marvellous_things_heard/e/1/79/text/1,http://dbpedia.org/resource/Greek_mythology,legend,0.9995201005720565,DBpedia
http://ns.inria.fr/zoomathia/PS-ARISTOTELES/on_marvellous_things_heard/e/1/79/text/1,http://dbpedia.org/resource/Bird,birds,0.9996583469130081,DBpedia
http://ns.inria.fr/zoomathia/PS-ARISTOTELES/on_marvellous_things_heard/e/1/79/text/1,http://dbpedia.org/resource/Common_descent,descended,0.6169514464042822,DBpedia
http://ns.inria.fr/zoomathia/PS-ARISTOTELES/on_marvellous_things_heard/e/1/79/text/1,http://dbpedia.org/resource/Companions_of_the_Prophet,companions,0.9567901345339025,DBpedia
http://ns.inria.fr/zoomathia/PS-ARISTOTELES/on_marvellous_things_heard/e/1/79/text/1,http://dbpedia.org/resource/Diomedes,Diomedes,0.9999999991090931,DBpedia
http://ns.inria.fr/zoomathia/PS-ARISTOTELES/on_marvellous_things_heard/e/1/79/text/1,http://dbpedia.org/resource/Shipwreck,wrecked,0.9999770517133756,DBpedia
http://ns.inria.fr/zoomathia/PS-ARISTOTELES/on_marvellous_things_heard/e/1/79/text/1,http://dbpedia.org/resource/Diomedes,Diomedes,0.9999999991090931,DBpedia
http://ns.inria.fr/zoomathia/PS-ARISTOTELES/on_marvellous_things_heard/e/1/79/text/1,http://dbpedia.org/resource/Murder,murdered,0.9987454314472566,DBpedia
http://ns.inria.fr/zoomathia/PS-ARISTOTELES/on_marvellous_things_heard/e/1/79/text/1,http://dbpedia.org/resource/Aeneas,Aeneas,0.9999946616640994,DBpedia
http://ns.inria.fr/zoomathia/PS-ARISTOTELES/on_marvellous_things_heard/e/1/79/text/1,http://dbpedia.org/resource/King,king,0.7787891250604179,DBpedia
http://ns.inria.fr/zoomathia/PS-ARISTOTELES/on_marvellous_things_heard/e/1/79/text/1,http://dbpedia.org/resource/Chameria,parts,0.7637582590168412,DBpedia
http://ns.inria.fr/zoomathia/PS-ARISTOTELES/on_marvellous_things_heard/e/1/79/text/1,http://dbpedia.org/resource/Time,time,0.9419389920351153,DBpedia
http://ns.inria.fr/zoomathia/PS-ARISTOTELES/on_marvellous_things_heard/e/1/80/text/1,https://opentheso.huma-num.fr/?idc=pcrtGm7ZMfoQrc&idt=th310,bear,1,zoomathia_match
http://ns.inria.fr/zoomathia/PS-ARISTOTELES/on_marvellous_things_heard/e/1/80/text/1,https://opentheso.huma-num.fr/?idc=105649&idt=th310,times,1,zoomathia_match
http://ns.inria.fr/zoomathia/PS-ARISTOTELES/on_marvellous_things_heard/e/1/80/text/1,https://opentheso.huma-num.fr/?idc=pcrtpWT5t7kRx6&idt=th310,year,1,zoomathia_match
http://ns.inria.fr/zoomathia/PS-ARISTOTELES/on_marvellous_things_heard/e/1/80/text/1,https://opentheso.huma-num.fr/?idc=pcrtGm7ZMfoQrc&idt=th310,bears,1,zoomathia_match
http://ns.inria.fr/zoomathia/PS-ARISTOTELES/on_marvellous_things_heard/e/1/80/text/1,https://opentheso.huma-num.fr/?idc=105649&idt=th310,times,1,zoomathia_match
http://ns.inria.fr/zoomathia/PS-ARISTOTELES/on_marvellous_things_heard/e/1/80/text/1,https://opentheso.huma-num.fr/?idc=pcrtDFvOrje3j0&idt=th310,fruits,1,zoomathia_match
http://ns.inria.fr/zoomathia/PS-ARISTOTELES/on_marvellous_things_heard/e/1/80/text/1,https://opentheso.huma-num.fr/?idc=pcrtGm7ZMfoQrc&idt=th310,bear,1,zoomathia_match
http://ns.inria.fr/zoomathia/PS-ARISTOTELES/on_marvellous_things_heard/e/1/80/text/1,https://opentheso.huma-num.fr/?idc=105649&idt=th310,time,1,zoomathia_match
http://ns.inria.fr/zoomathia/PS-ARISTOTELES/on_marvellous_things_heard/e/1/80/text/1,https://www.wikidata.org/wiki/Q389236,Umbrians,0.9022,wikidata
http://ns.inria.fr/zoomathia/PS-ARISTOTELES/on_marvellous_things_heard/e/1/80/text/1,https://www.wikidata.org/wiki/Q60754831,the year,0.3644,wikidata
http://ns.inria.fr/zoomathia/PS-ARISTOTELES/on_marvellous_things_heard/e/1/80/text/1,http://dbpedia.org/resource/Umbri,Umbrians,0.9999996427047292,DBpedia
http://ns.inria.fr/zoomathia/PS-ARISTOTELES/on_marvellous_things_heard/e/1/80/text/1,http://dbpedia.org/resource/Cattle,cattle,0.9999803686476395,DBpedia
http://ns.inria.fr/zoomathia/PS-ARISTOTELES/on_marvellous_things_heard/e/1/80/text/1,http://dbpedia.org/resource/Cap_(sport),times,0.3375850618215122,DBpedia
http://ns.inria.fr/zoomathia/PS-ARISTOTELES/on_marvellous_things_heard/e/1/80/text/1,http://dbpedia.org/resource/Earth,earth,0.8897832538914296,DBpedia
http://ns.inria.fr/zoomathia/PS-ARISTOTELES/on_marvellous_things_heard/e/1/80/text/1,http://dbpedia.org/resource/Bear,bears,0.9847379333642756,DBpedia
http://ns.inria.fr/zoomathia/PS-ARISTOTELES/on_marvellous_things_heard/e/1/80/text/1,http://dbpedia.org/resource/Cap_(sport),times,0.3375850618215122,DBpedia
http://ns.inria.fr/zoomathia/PS-ARISTOTELES/on_marvellous_things_heard/e/1/80/text/1,http://dbpedia.org/resource/Fruit,fruits,0.9958883347433154,DBpedia
http://ns.inria.fr/zoomathia/PS-ARISTOTELES/on_marvellous_things_heard/e/1/80/text/1,http://dbpedia.org/resource/Time,time,0.9941806548027083,DBpedia
http://ns.inria.fr/zoomathia/PS-ARISTOTELES/on_marvellous_things_heard/e/1/83/text/1,https://opentheso.huma-num.fr/?idc=pcrtnvLSUa7dJG&idt=th310,wolves,1,zoomathia_match
http://ns.inria.fr/zoomathia/PS-ARISTOTELES/on_marvellous_things_heard/e/1/83/text/1,https://opentheso.huma-num.fr/?idc=pcrtGm7ZMfoQrc&idt=th310,bears,1,zoomathia_match
http://ns.inria.fr/zoomathia/PS-ARISTOTELES/on_marvellous_things_heard/e/1/83/text/1,https://opentheso.huma-num.fr/?idc=106259&idt=th310,snakes,1,zoomathia_match
http://ns.inria.fr/zoomathia/PS-ARISTOTELES/on_marvellous_things_heard/e/1/83/text/1,https://opentheso.huma-num.fr/?idc=pcrtSgaLklRNDT&idt=th310,Zeus,1,zoomathia_match
http://ns.inria.fr/zoomathia/PS-ARISTOTELES/on_marvellous_things_heard/e/1/83/text/1,https://opentheso.huma-num.fr/?idc=pcrtGm7ZMfoQrc&idt=th310,born,1,zoomathia_match
http://ns.inria.fr/zoomathia/PS-ARISTOTELES/on_marvellous_things_heard/e/1/83/text/1,https://www.wikidata.org/wiki/Q34374,Crete,0.4531,wikidata
http://ns.inria.fr/zoomathia/PS-ARISTOTELES/on_marvellous_things_heard/e/1/83/text/1,https://www.wikidata.org/wiki/Q34201,Zeus,0.4526,wikidata
http://ns.inria.fr/zoomathia/PS-ARISTOTELES/on_marvellous_things_heard/e/1/83/text/1,http://dbpedia.org/resource/Bear,bears,0.9712800217211386,DBpedia
http://ns.inria.fr/zoomathia/PS-ARISTOTELES/on_marvellous_things_heard/e/1/83/text/1,http://dbpedia.org/resource/Snake,snakes,0.9999193246424379,DBpedia
http://ns.inria.fr/zoomathia/PS-ARISTOTELES/on_marvellous_things_heard/e/1/83/text/1,http://dbpedia.org/resource/Crete,Crete,0.995338328063329,DBpedia
http://ns.inria.fr/zoomathia/PS-ARISTOTELES/on_marvellous_things_heard/e/1/83/text/1,http://dbpedia.org/resource/Stress_(biology),generally,0.9957486240871748,DBpedia
http://ns.inria.fr/zoomathia/PS-ARISTOTELES/on_marvellous_things_heard/e/1/83/text/1,http://dbpedia.org/resource/Speech,speaking,0.928755150847034,DBpedia
http://ns.inria.fr/zoomathia/PS-ARISTOTELES/on_marvellous_things_heard/e/1/83/text/1,http://dbpedia.org/resource/Animal,beasts,0.6117896390963173,DBpedia
http://ns.inria.fr/zoomathia/PS-ARISTOTELES/on_marvellous_things_heard/e/1/83/text/1,http://dbpedia.org/resource/Kindness,kind,0.8907205600844295,DBpedia
http://ns.inria.fr/zoomathia/PS-ARISTOTELES/on_marvellous_things_heard/e/1/83/text/1,http://dbpedia.org/resource/Zeus,Zeus,0.9999989392352915,DBpedia
http://ns.inria.fr/zoomathia/PS-ARISTOTELES/on_marvellous_things_heard/e/1/83/text/1,http://dbpedia.org/resource/Childbirth,born,0.3778620986000444,DBpedia
http://ns.inria.fr/zoomathia/PS-ARISTOTELES/on_marvellous_things_heard/e/1/86/text/1,https://opentheso.huma-num.fr/?idc=106471&idt=th310,death,1,zoomathia_match
http://ns.inria.fr/zoomathia/PS-ARISTOTELES/on_marvellous_things_heard/e/1/86/text/1,https://opentheso.huma-num.fr/?idc=105310&idt=th310,hunters,1,zoomathia_match
http://ns.inria.fr/zoomathia/PS-ARISTOTELES/on_marvellous_things_heard/e/1/86/text/1,https://opentheso.huma-num.fr/?idc=pcrtBWawwFyKfi&idt=th310,deer,1,zoomathia_match
http://ns.inria.fr/zoomathia/PS-ARISTOTELES/on_marvellous_things_heard/e/1/86/text/1,https://opentheso.huma-num.fr/?idc=105615&idt=th310,wounded,1,zoomathia_match
http://ns.inria.fr/zoomathia/PS-ARISTOTELES/on_marvellous_things_heard/e/1/86/text/1,https://opentheso.huma-num.fr/?idc=105975&idt=th310,flesh,1,zoomathia_match
http://ns.inria.fr/zoomathia/PS-ARISTOTELES/on_marvellous_things_heard/e/1/86/text/1,https://opentheso.huma-num.fr/?idc=105198&idt=th310,poison,1,zoomathia_match
http://ns.inria.fr/zoomathia/PS-ARISTOTELES/on_marvellous_things_heard/e/1/86/text/1,https://opentheso.huma-num.fr/?idc=107596&idt=th310,leaf,1,zoomathia_match
http://ns.inria.fr/zoomathia/PS-ARISTOTELES/on_marvellous_things_heard/e/1/86/text/1,https://opentheso.huma-num.fr/?idc=pcrtva7NUywIgB&idt=th310,raven,1,zoomathia_match
http://ns.inria.fr/zoomathia/PS-ARISTOTELES/on_marvellous_things_heard/e/1/86/text/1,https://opentheso.huma-num.fr/?idc=pcrtva7NUywIgB&idt=th310,raven,1,zoomathia_match
http://ns.inria.fr/zoomathia/PS-ARISTOTELES/on_marvellous_things_heard/e/1/86/text/1,https://opentheso.huma-num.fr/?idc=pcrtLnUS9cADfI&idt=th310,seen,1,zoomathia_match
http://ns.inria.fr/zoomathia/PS-ARISTOTELES/on_marvellous_things_heard/e/1/86/text/1,https://opentheso.huma-num.fr/?idc=105404&idt=th310,tasting,1,zoomathia_match
http://ns.inria.fr/zoomathia/PS-ARISTOTELES/on_marvellous_things_heard/e/1/86/text/1,https://opentheso.huma-num.fr/?idc=107596&idt=th310,leaf,1,zoomathia_match
http://ns.inria.fr/zoomathia/PS-ARISTOTELES/on_marvellous_things_heard/e/1/86/text/1,https://opentheso.huma-num.fr/?idc=106953&idt=th310,pain,1,zoomathia_match
http://ns.inria.fr/zoomathia/PS-ARISTOTELES/on_marvellous_things_heard/e/1/86/text/1,https://www.wikidata.org/wiki/Q35966,Celts,0.7267,wikidata
http://ns.inria.fr/zoomathia/PS-ARISTOTELES/on_marvellous_things_heard/e/1/86/text/1,https://www.wikidata.org/wiki/Q25293,Celtic,0.8351,wikidata
http://ns.inria.fr/zoomathia/PS-ARISTOTELES/on_marvellous_things_heard/e/1/86/text/1,https://www.wikidata.org/wiki/Q267376,oak‑tree,0.4317,wikidata
http://ns.inria.fr/zoomathia/PS-ARISTOTELES/on_marvellous_things_heard/e/1/86/text/1,http://dbpedia.org/resource/Celts,Celts,0.9999973771320192,DBpedia
http://ns.inria.fr/zoomathia/PS-ARISTOTELES/on_marvellous_things_heard/e/1/86/text/1,http://dbpedia.org/resource/Drug,drug,0.8503681977911665,DBpedia
http://ns.inria.fr/zoomathia/PS-ARISTOTELES/on_marvellous_things_heard/e/1/86/text/1,http://dbpedia.org/resource/Call_to_the_bar,called,0.7635175351693486,DBpedia
http://ns.inria.fr/zoomathia/PS-ARISTOTELES/on_marvellous_things_heard/e/1/86/text/1,http://dbpedia.org/resource/Arrow,arrow,0.9908089593656391,DBpedia
http://ns.inria.fr/zoomathia/PS-ARISTOTELES/on_marvellous_things_heard/e/1/86/text/1,http://dbpedia.org/resource/Drug,drug,0.8503681977911665,DBpedia
http://ns.inria.fr/zoomathia/PS-ARISTOTELES/on_marvellous_things_heard/e/1/86/text/1,http://dbpedia.org/resource/Record_producer,produces,0.6207478379390978,DBpedia
http://ns.inria.fr/zoomathia/PS-ARISTOTELES/on_marvellous_things_heard/e/1/86/text/1,http://dbpedia.org/resource/Common_swift,swift,0.9999999983755856,DBpedia
http://ns.inria.fr/zoomathia/PS-ARISTOTELES/on_marvellous_things_heard/e/1/86/text/1,http://dbpedia.org/resource/Celts,Celtic,0.997803953850596,DBpedia
http://ns.inria.fr/zoomathia/PS-ARISTOTELES/on_marvellous_things_heard/e/1/86/text/1,http://dbpedia.org/resource/Hunting,hunters,0.9883447711290608,DBpedia
http://ns.inria.fr/zoomathia/PS-ARISTOTELES/on_marvellous_things_heard/e/1/86/text/1,http://dbpedia.org/resource/Deer,deer,0.9994718278843691,DBpedia
http://ns.inria.fr/zoomathia/PS-ARISTOTELES/on_marvellous_things_heard/e/1/86/text/1,http://dbpedia.org/resource/Animal,beast,0.9973254187153142,DBpedia
http://ns.inria.fr/zoomathia/PS-ARISTOTELES/on_marvellous_things_heard/e/1/86/text/1,http://dbpedia.org/resource/Diamond_cut,cut,0.6078961589169336,DBpedia
http://ns.inria.fr/zoomathia/PS-ARISTOTELES/on_marvellous_things_heard/e/1/86/text/1,http://dbpedia.org/resource/Wound,wounded,0.998176945515992,DBpedia
http://ns.inria.fr/zoomathia/PS-ARISTOTELES/on_marvellous_things_heard/e/1/86/text/1,http://dbpedia.org/resource/Flesh,flesh,0.9957447815659638,DBpedia
http://ns.inria.fr/zoomathia/PS-ARISTOTELES/on_marvellous_things_heard/e/1/86/text/1,http://dbpedia.org/resource/Poison,poison,0.9966682551595009,DBpedia
http://ns.inria.fr/zoomathia/PS-ARISTOTELES/on_marvellous_things_heard/e/1/86/text/1,http://dbpedia.org/resource/Sake,sake,1.0,DBpedia
http://ns.inria.fr/zoomathia/PS-ARISTOTELES/on_marvellous_things_heard/e/1/86/text/1,http://dbpedia.org/resource/Preventive_healthcare,prevent,0.9737264193602494,DBpedia
http://ns.inria.fr/zoomathia/PS-ARISTOTELES/on_marvellous_things_heard/e/1/86/text/1,http://dbpedia.org/resource/Animal,animal,0.9737223186371633,DBpedia
http://ns.inria.fr/zoomathia/PS-ARISTOTELES/on_marvellous_things_heard/e/1/86/text/1,http://dbpedia.org/resource/Decomposition,rotting,0.9981712736276624,DBpedia
http://ns.inria.fr/zoomathia/PS-ARISTOTELES/on_marvellous_things_heard/e/1/86/text/1,http://dbpedia.org/resource/Birch_bark,bark,0.39328023408755386,DBpedia
http://ns.inria.fr/zoomathia/PS-ARISTOTELES/on_marvellous_things_heard/e/1/86/text/1,http://dbpedia.org/resource/Drug_discovery,discovered,0.9638179807023969,DBpedia
http://ns.inria.fr/zoomathia/PS-ARISTOTELES/on_marvellous_things_heard/e/1/86/text/1,http://dbpedia.org/resource/Antidote,antidote,1.0,DBpedia
http://ns.inria.fr/zoomathia/PS-ARISTOTELES/on_marvellous_things_heard/e/1/86/text/1,http://dbpedia.org/resource/Speech,speak,0.8663273594795521,DBpedia
http://ns.inria.fr/zoomathia/PS-ARISTOTELES/on_marvellous_things_heard/e/1/86/text/1,http://dbpedia.org/resource/Leaf,leaf,0.9992094112456306,DBpedia
http://ns.inria.fr/zoomathia/PS-ARISTOTELES/on_marvellous_things_heard/e/1/86/text/1,http://dbpedia.org/resource/Raven,raven,0.9998281006086284,DBpedia
http://ns.inria.fr/zoomathia/PS-ARISTOTELES/on_marvellous_things_heard/e/1/86/text/1,http://dbpedia.org/resource/Raven,raven,0.9998281006086284,DBpedia
http://ns.inria.fr/zoomathia/PS-ARISTOTELES/on_marvellous_things_heard/e/1/86/text/1,http://dbpedia.org/resource/Taste,tasting,0.9994715966719417,DBpedia
http://ns.inria.fr/zoomathia/PS-ARISTOTELES/on_marvellous_things_heard/e/1/86/text/1,http://dbpedia.org/resource/Drug,drug,0.8503681977911665,DBpedia
http://ns.inria.fr/zoomathia/PS-ARISTOTELES/on_marvellous_things_heard/e/1/86/text/1,http://dbpedia.org/resource/Disease,ill,0.9999998834609368,DBpedia
http://ns.inria.fr/zoomathia/PS-ARISTOTELES/on_marvellous_things_heard/e/1/86/text/1,http://dbpedia.org/resource/Leaf,leaf,0.9992094112456306,DBpedia
http://ns.inria.fr/zoomathia/PS-ARISTOTELES/on_marvellous_things_heard/e/1/86/text/1,http://dbpedia.org/resource/Swallowing,swallowing,0.9567560209135167,DBpedia
http://ns.inria.fr/zoomathia/PS-ARISTOTELES/on_marvellous_things_heard/e/1/86/text/1,http://dbpedia.org/resource/Pain,pain,0.6240409689849737,DBpedia
http://ns.inria.fr/zoomathia/PS-ARISTOTELES/on_marvellous_things_heard/e/1/99/text/1,https://opentheso.huma-num.fr/?idc=pcrtSGYXpNbhwF&idt=th310,fox,1,zoomathia_match
http://ns.inria.fr/zoomathia/PS-ARISTOTELES/on_marvellous_things_heard/e/1/99/text/1,https://opentheso.huma-num.fr/?idc=pcrtLnUS9cADfI&idt=th310,seen,1,zoomathia_match
http://ns.inria.fr/zoomathia/PS-ARISTOTELES/on_marvellous_things_heard/e/1/99/text/1,https://opentheso.huma-num.fr/?idc=pcrt4v7jKE3TVw&idt=th310,dog,1,zoomathia_match
http://ns.inria.fr/zoomathia/PS-ARISTOTELES/on_marvellous_things_heard/e/1/99/text/1,https://opentheso.huma-num.fr/?idc=pcrt4v7jKE3TVw&idt=th310,dog,1,zoomathia_match
http://ns.inria.fr/zoomathia/PS-ARISTOTELES/on_marvellous_things_heard/e/1/99/text/1,https://opentheso.huma-num.fr/?idc=pcrtx72BOMXZ2d&idt=th310,open,1,zoomathia_match
http://ns.inria.fr/zoomathia/PS-ARISTOTELES/on_marvellous_things_heard/e/1/99/text/1,https://opentheso.huma-num.fr/?idc=pcrtylFLKbzFds&idt=th310,entrance,1,zoomathia_match
http://ns.inria.fr/zoomathia/PS-ARISTOTELES/on_marvellous_things_heard/e/1/99/text/1,https://opentheso.huma-num.fr/?idc=pcrtLnUS9cADfI&idt=th310,seeing,1,zoomathia_match
http://ns.inria.fr/zoomathia/PS-ARISTOTELES/on_marvellous_things_heard/e/1/99/text/1,https://opentheso.huma-num.fr/?idc=pcrt3SWbm6EV00&idt=th310,light,1,zoomathia_match
http://ns.inria.fr/zoomathia/PS-ARISTOTELES/on_marvellous_things_heard/e/1/99/text/1,http://dbpedia.org/resource/City,city,0.9488944494815953,DBpedia
http://ns.inria.fr/zoomathia/PS-ARISTOTELES/on_marvellous_things_heard/e/1/99/text/1,http://dbpedia.org/resource/Battle_of_Orchomenus,Orchomenus,0.9999986865945046,DBpedia
http://ns.inria.fr/zoomathia/PS-ARISTOTELES/on_marvellous_things_heard/e/1/99/text/1,http://dbpedia.org/resource/Boeotia,Boeotia,0.9999999999994316,DBpedia
http://ns.inria.fr/zoomathia/PS-ARISTOTELES/on_marvellous_things_heard/e/1/99/text/1,http://dbpedia.org/resource/Fox,fox,0.9866642411800689,DBpedia
http://ns.inria.fr/zoomathia/PS-ARISTOTELES/on_marvellous_things_heard/e/1/99/text/1,http://dbpedia.org/resource/Home_invasion,pursued,0.8509061464628974,DBpedia
http://ns.inria.fr/zoomathia/PS-ARISTOTELES/on_marvellous_things_heard/e/1/99/text/1,http://dbpedia.org/resource/Dog,dog,0.9979001148134077,DBpedia
http://ns.inria.fr/zoomathia/PS-ARISTOTELES/on_marvellous_things_heard/e/1/99/text/1,http://dbpedia.org/resource/Cave_diving,dived,0.9999999518419156,DBpedia
http://ns.inria.fr/zoomathia/PS-ARISTOTELES/on_marvellous_things_heard/e/1/99/text/1,http://dbpedia.org/resource/Underground_music,underground,0.6768453690993598,DBpedia
http://ns.inria.fr/zoomathia/PS-ARISTOTELES/on_marvellous_things_heard/e/1/99/text/1,http://dbpedia.org/resource/Hallway,passage,0.9445115247141854,DBpedia
http://ns.inria.fr/zoomathia/PS-ARISTOTELES/on_marvellous_things_heard/e/1/99/text/1,http://dbpedia.org/resource/Dog,dog,0.9979001148134077,DBpedia
http://ns.inria.fr/zoomathia/PS-ARISTOTELES/on_marvellous_things_heard/e/1/99/text/1,http://dbpedia.org/resource/Cave_diving,dived,0.9999999518419156,DBpedia
http://ns.inria.fr/zoomathia/PS-ARISTOTELES/on_marvellous_things_heard/e/1/99/text/1,http://dbpedia.org/resource/Noise,loud,0.916659685432257,DBpedia
http://ns.inria.fr/zoomathia/PS-ARISTOTELES/on_marvellous_things_heard/e/1/99/text/1,http://dbpedia.org/resource/Noise,noise,0.9121704515886055,DBpedia
http://ns.inria.fr/zoomathia/PS-ARISTOTELES/on_marvellous_things_heard/e/1/99/text/1,http://dbpedia.org/resource/Bark_(sound),barking,0.9892643435473292,DBpedia
http://ns.inria.fr/zoomathia/PS-ARISTOTELES/on_marvellous_things_heard/e/1/99/text/1,http://dbpedia.org/resource/Wide_Open_Space,wide open space,0.99999999999784,DBpedia
http://ns.inria.fr/zoomathia/PS-ARISTOTELES/on_marvellous_things_heard/e/1/99/text/1,http://dbpedia.org/resource/Hunting,huntsmen,0.9995043774477812,DBpedia
http://ns.inria.fr/zoomathia/PS-ARISTOTELES/on_marvellous_things_heard/e/1/99/text/1,http://dbpedia.org/resource/Supernatural,supernatural,0.9944821794652909,DBpedia
http://ns.inria.fr/zoomathia/PS-ARISTOTELES/on_marvellous_things_heard/e/1/99/text/1,http://dbpedia.org/resource/Government_agency,agency,0.7222621445036261,DBpedia
http://ns.inria.fr/zoomathia/PS-ARISTOTELES/on_marvellous_things_heard/e/1/99/text/1,http://dbpedia.org/resource/Chess_opening,openings,0.47801470320823625,DBpedia
http://ns.inria.fr/zoomathia/PS-ARISTOTELES/on_marvellous_things_heard/e/1/99/text/1,http://dbpedia.org/resource/Light,light,0.9984354921647449,DBpedia
http://ns.inria.fr/zoomathia/PS-ARISTOTELES/on_marvellous_things_heard/e/1/99/text/1,http://dbpedia.org/resource/Second_Coming,coming,0.9937143682366095,DBpedia
http://ns.inria.fr/zoomathia/PS-ARISTOTELES/on_marvellous_things_heard/e/1/99/text/1,http://dbpedia.org/resource/Complete_metric_space,complete,0.9162933579592404,DBpedia
http://ns.inria.fr/zoomathia/PS-ARISTOTELES/on_marvellous_things_heard/e/1/99/text/1,http://dbpedia.org/resource/Magistrate,magistrates,0.9024899844220908,DBpedia
http://ns.inria.fr/zoomathia/PS-ARISTOTELES/on_marvellous_things_heard/e/1/116/text/1,https://opentheso.huma-num.fr/?idc=pcrtGm7ZMfoQrc&idt=th310,bears,1,zoomathia_match
http://ns.inria.fr/zoomathia/PS-ARISTOTELES/on_marvellous_things_heard/e/1/116/text/1,https://opentheso.huma-num.fr/?idc=pcrt4vKMQQ6elk&idt=th310,barley,1,zoomathia_match
http://ns.inria.fr/zoomathia/PS-ARISTOTELES/on_marvellous_things_heard/e/1/116/text/1,https://opentheso.huma-num.fr/?idc=pcrt0WrjgPTs33&idt=th310,men,1,zoomathia_match
http://ns.inria.fr/zoomathia/PS-ARISTOTELES/on_marvellous_things_heard/e/1/116/text/1,https://opentheso.huma-num.fr/?idc=pcrt6i8AcPBoY2&idt=th310,horses,1,zoomathia_match
http://ns.inria.fr/zoomathia/PS-ARISTOTELES/on_marvellous_things_heard/e/1/116/text/1,https://opentheso.huma-num.fr/?idc=pcrtamWjqMqPWT&idt=th310,pigs,1,zoomathia_match
http://ns.inria.fr/zoomathia/PS-ARISTOTELES/on_marvellous_things_heard/e/1/116/text/1,https://opentheso.huma-num.fr/?idc=pcrt4v7jKE3TVw&idt=th310,dogs,1,zoomathia_match
http://ns.inria.fr/zoomathia/PS-ARISTOTELES/on_marvellous_things_heard/e/1/116/text/1,https://opentheso.huma-num.fr/?idc=105406&idt=th310,touch,1,zoomathia_match
http://ns.inria.fr/zoomathia/PS-ARISTOTELES/on_marvellous_things_heard/e/1/116/text/1,https://opentheso.huma-num.fr/?idc=105407&idt=th310,excrement,1,zoomathia_match
http://ns.inria.fr/zoomathia/PS-ARISTOTELES/on_marvellous_things_heard/e/1/116/text/1,https://opentheso.huma-num.fr/?idc=pcrt0WrjgPTs33&idt=th310,men,1,zoomathia_match
http://ns.inria.fr/zoomathia/PS-ARISTOTELES/on_marvellous_things_heard/e/1/116/text/1,https://opentheso.huma-num.fr/?idc=pcrtDm4SzIGTiV&idt=th310,meal,1,zoomathia_match
http://ns.inria.fr/zoomathia/PS-ARISTOTELES/on_marvellous_things_heard/e/1/116/text/1,https://opentheso.huma-num.fr/?idc=pcrtDr6Oi6lHM6&idt=th310,bread,1,zoomathia_match
http://ns.inria.fr/zoomathia/PS-ARISTOTELES/on_marvellous_things_heard/e/1/116/text/1,https://opentheso.huma-num.fr/?idc=pcrt4vKMQQ6elk&idt=th310,barley,1,zoomathia_match
http://ns.inria.fr/zoomathia/PS-ARISTOTELES/on_marvellous_things_heard/e/1/116/text/1,https://opentheso.huma-num.fr/?idc=106471&idt=th310,death,1,zoomathia_match
http://ns.inria.fr/zoomathia/PS-ARISTOTELES/on_marvellous_things_heard/e/1/116/text/1,http://dbpedia.org/resource/Stadion_(unit),stades,0.9987224287072964,DBpedia
http://ns.inria.fr/zoomathia/PS-ARISTOTELES/on_marvellous_things_heard/e/1/116/text/1,http://dbpedia.org/resource/Bear,bears,0.9969427664742868,DBpedia
http://ns.inria.fr/zoomathia/PS-ARISTOTELES/on_marvellous_things_heard/e/1/116/text/1,http://dbpedia.org/resource/Barley,barley,0.9999994192436342,DBpedia
http://ns.inria.fr/zoomathia/PS-ARISTOTELES/on_marvellous_things_heard/e/1/116/text/1,http://dbpedia.org/resource/Man,men,0.9685827688754832,DBpedia
http://ns.inria.fr/zoomathia/PS-ARISTOTELES/on_marvellous_things_heard/e/1/116/text/1,http://dbpedia.org/resource/Horse,horses,0.9933070010615765,DBpedia
http://ns.inria.fr/zoomathia/PS-ARISTOTELES/on_marvellous_things_heard/e/1/116/text/1,http://dbpedia.org/resource/Cattle,cattle,0.9999989132959051,DBpedia
http://ns.inria.fr/zoomathia/PS-ARISTOTELES/on_marvellous_things_heard/e/1/116/text/1,http://dbpedia.org/resource/Eating,eat,0.9962797579725717,DBpedia
http://ns.inria.fr/zoomathia/PS-ARISTOTELES/on_marvellous_things_heard/e/1/116/text/1,http://dbpedia.org/resource/Animal,animal,0.9993077427534395,DBpedia
http://ns.inria.fr/zoomathia/PS-ARISTOTELES/on_marvellous_things_heard/e/1/116/text/1,http://dbpedia.org/resource/Pig,pigs,0.8946603469395664,DBpedia
http://ns.inria.fr/zoomathia/PS-ARISTOTELES/on_marvellous_things_heard/e/1/116/text/1,http://dbpedia.org/resource/Dog,dogs,0.9995703446580645,DBpedia
http://ns.inria.fr/zoomathia/PS-ARISTOTELES/on_marvellous_things_heard/e/1/116/text/1,http://dbpedia.org/resource/Venture_capital,venture,0.9608398516336416,DBpedia
http://ns.inria.fr/zoomathia/PS-ARISTOTELES/on_marvellous_things_heard/e/1/116/text/1,http://dbpedia.org/resource/Feces,excrement,0.9962295037248899,DBpedia
http://ns.inria.fr/zoomathia/PS-ARISTOTELES/on_marvellous_things_heard/e/1/116/text/1,http://dbpedia.org/resource/Man,men,0.9685827688754832,DBpedia
http://ns.inria.fr/zoomathia/PS-ARISTOTELES/on_marvellous_things_heard/e/1/116/text/1,http://dbpedia.org/resource/Void_(astronomy),void,0.6120665297310279,DBpedia
http://ns.inria.fr/zoomathia/PS-ARISTOTELES/on_marvellous_things_heard/e/1/116/text/1,http://dbpedia.org/resource/Eating,eating,0.9998236781129022,DBpedia
http://ns.inria.fr/zoomathia/PS-ARISTOTELES/on_marvellous_things_heard/e/1/116/text/1,http://dbpedia.org/resource/Bread,bread,0.999996933317034,DBpedia
http://ns.inria.fr/zoomathia/PS-ARISTOTELES/on_marvellous_things_heard/e/1/116/text/1,http://dbpedia.org/resource/Barley,barley,0.9999994192436342,DBpedia
http://ns.inria.fr/zoomathia/PS-ARISTOTELES/on_marvellous_things_heard/e/1/118/text/1,https://opentheso.huma-num.fr/?idc=pcrtLnUS9cADfI&idt=th310,seen,1,zoomathia_match
http://ns.inria.fr/zoomathia/PS-ARISTOTELES/on_marvellous_things_heard/e/1/118/text/1,https://opentheso.huma-num.fr/?idc=105405&idt=th310,hear,1,zoomathia_match
http://ns.inria.fr/zoomathia/PS-ARISTOTELES/on_marvellous_things_heard/e/1/118/text/1,https://opentheso.huma-num.fr/?idc=105391&idt=th310,voices,1,zoomathia_match
http://ns.inria.fr/zoomathia/PS-ARISTOTELES/on_marvellous_things_heard/e/1/118/text/1,https://opentheso.huma-num.fr/?idc=105121&idt=th310,fly,1,zoomathia_match
http://ns.inria.fr/zoomathia/PS-ARISTOTELES/on_marvellous_things_heard/e/1/118/text/1,https://opentheso.huma-num.fr/?idc=105383&idt=th310,fly,1,zoomathia_match
http://ns.inria.fr/zoomathia/PS-ARISTOTELES/on_marvellous_things_heard/e/1/118/text/1,https://opentheso.huma-num.fr/?idc=pcrt3L8yViugRX&idt=th310,throw,1,zoomathia_match
http://ns.inria.fr/zoomathia/PS-ARISTOTELES/on_marvellous_things_heard/e/1/118/text/1,https://opentheso.huma-num.fr/?idc=105310&idt=th310,hunters,1,zoomathia_match
http://ns.inria.fr/zoomathia/PS-ARISTOTELES/on_marvellous_things_heard/e/1/118/text/1,https://www.wikidata.org/wiki/Q41741,Thrace,0.4521,wikidata
http://ns.inria.fr/zoomathia/PS-ARISTOTELES/on_marvellous_things_heard/e/1/118/text/1,https://www.wikidata.org/wiki/Q217414,Amphipolis,0.4385,wikidata
http://ns.inria.fr/zoomathia/PS-ARISTOTELES/on_marvellous_things_heard/e/1/118/text/1,http://dbpedia.org/resource/Thrace,Thrace,0.9909628103713359,DBpedia
http://ns.inria.fr/zoomathia/PS-ARISTOTELES/on_marvellous_things_heard/e/1/118/text/1,http://dbpedia.org/resource/Amphipolis,Amphipolis,0.9999999999851639,DBpedia
http://ns.inria.fr/zoomathia/PS-ARISTOTELES/on_marvellous_things_heard/e/1/118/text/1,http://dbpedia.org/resource/Remarkable_(tablet),remarkable,0.8763642033697301,DBpedia
http://ns.inria.fr/zoomathia/PS-ARISTOTELES/on_marvellous_things_heard/e/1/118/text/1,http://dbpedia.org/resource/Boy,boys,0.8947327736102118,DBpedia
http://ns.inria.fr/zoomathia/PS-ARISTOTELES/on_marvellous_things_heard/e/1/118/text/1,http://dbpedia.org/resource/Second_Coming,coming,0.9770238939410346,DBpedia
http://ns.inria.fr/zoomathia/PS-ARISTOTELES/on_marvellous_things_heard/e/1/118/text/1,http://dbpedia.org/resource/Village,villages,0.6377026887961651,DBpedia
http://ns.inria.fr/zoomathia/PS-ARISTOTELES/on_marvellous_things_heard/e/1/118/text/1,http://dbpedia.org/resource/Hunting,hunt,0.9948033591694968,DBpedia
http://ns.inria.fr/zoomathia/PS-ARISTOTELES/on_marvellous_things_heard/e/1/118/text/1,http://dbpedia.org/resource/Bird,birds,0.9971177499868576,DBpedia
http://ns.inria.fr/zoomathia/PS-ARISTOTELES/on_marvellous_things_heard/e/1/118/text/1,http://dbpedia.org/resource/Hawk,hawks,0.9992372595969733,DBpedia
http://ns.inria.fr/zoomathia/PS-ARISTOTELES/on_marvellous_things_heard/e/1/118/text/1,http://dbpedia.org/resource/Glossary_of_professional_wrestling_terms,spot,0.9875278349868822,DBpedia
http://ns.inria.fr/zoomathia/PS-ARISTOTELES/on_marvellous_things_heard/e/1/118/text/1,http://dbpedia.org/resource/Hawk,hawks,0.9992372595969733,DBpedia
http://ns.inria.fr/zoomathia/PS-ARISTOTELES/on_marvellous_things_heard/e/1/118/text/1,http://dbpedia.org/resource/Boy,boys,0.8947327736102118,DBpedia
http://ns.inria.fr/zoomathia/PS-ARISTOTELES/on_marvellous_things_heard/e/1/118/text/1,http://dbpedia.org/resource/Voice_acting,voices,0.524733451486504,DBpedia
http://ns.inria.fr/zoomathia/PS-ARISTOTELES/on_marvellous_things_heard/e/1/118/text/1,http://dbpedia.org/resource/Fixed-wing_aircraft,swoop,0.9999999999998863,DBpedia
http://ns.inria.fr/zoomathia/PS-ARISTOTELES/on_marvellous_things_heard/e/1/118/text/1,http://dbpedia.org/resource/Bird,birds,0.9971177499868576,DBpedia
http://ns.inria.fr/zoomathia/PS-ARISTOTELES/on_marvellous_things_heard/e/1/118/text/1,http://dbpedia.org/resource/Bird,birds,0.9971177499868576,DBpedia
http://ns.inria.fr/zoomathia/PS-ARISTOTELES/on_marvellous_things_heard/e/1/118/text/1,http://dbpedia.org/resource/Fly,fly,0.9539342982741771,DBpedia
http://ns.inria.fr/zoomathia/PS-ARISTOTELES/on_marvellous_things_heard/e/1/118/text/1,http://dbpedia.org/resource/Terrorism,terror,0.996936902412882,DBpedia
http://ns.inria.fr/zoomathia/PS-ARISTOTELES/on_marvellous_things_heard/e/1/118/text/1,http://dbpedia.org/resource/Shrub,bushes,0.9645507810340048,DBpedia
http://ns.inria.fr/zoomathia/PS-ARISTOTELES/on_marvellous_things_heard/e/1/118/text/1,http://dbpedia.org/resource/Boy,boys,0.8947327736102118,DBpedia
http://ns.inria.fr/zoomathia/PS-ARISTOTELES/on_marvellous_things_heard/e/1/118/text/1,http://dbpedia.org/resource/Caught,catch,0.8461992694797638,DBpedia
http://ns.inria.fr/zoomathia/PS-ARISTOTELES/on_marvellous_things_heard/e/1/118/text/1,http://dbpedia.org/resource/Engine_knocking,knocking,0.99999999997749,DBpedia
http://ns.inria.fr/zoomathia/PS-ARISTOTELES/on_marvellous_things_heard/e/1/118/text/1,http://dbpedia.org/resource/Remarkable_(tablet),remarkable,0.8763642033697301,DBpedia
http://ns.inria.fr/zoomathia/PS-ARISTOTELES/on_marvellous_things_heard/e/1/118/text/1,http://dbpedia.org/resource/Feature_film,feature,0.5959789788838159,DBpedia
http://ns.inria.fr/zoomathia/PS-ARISTOTELES/on_marvellous_things_heard/e/1/118/text/1,http://dbpedia.org/resource/Hawk,hawks,0.9992372595969733,DBpedia
http://ns.inria.fr/zoomathia/PS-ARISTOTELES/on_marvellous_things_heard/e/1/118/text/1,http://dbpedia.org/resource/Caught,catch,0.8461992694797638,DBpedia
http://ns.inria.fr/zoomathia/PS-ARISTOTELES/on_marvellous_things_heard/e/1/118/text/1,http://dbpedia.org/resource/Bird,birds,0.9971177499868576,DBpedia
http://ns.inria.fr/zoomathia/PS-ARISTOTELES/on_marvellous_things_heard/e/1/118/text/1,http://dbpedia.org/resource/Hunting,hunters,0.9989674215304591,DBpedia
http://ns.inria.fr/zoomathia/PS-ARISTOTELES/on_marvellous_things_heard/e/1/118/text/1,http://dbpedia.org/resource/Boy,boys,0.8947327736102118,DBpedia
http://ns.inria.fr/zoomathia/PS-ARISTOTELES/on_marvellous_things_heard/e/1/118/text/1,http://dbpedia.org/resource/Hawk,hawks,0.9992372595969733,DBpedia
http://ns.inria.fr/zoomathia/PS-ARISTOTELES/on_marvellous_things_heard/e/1/119/text/1,https://opentheso.huma-num.fr/?idc=105933&idt=th310,jackdaws,1,zoomathia_match
http://ns.inria.fr/zoomathia/PS-ARISTOTELES/on_marvellous_things_heard/e/1/119/text/1,https://opentheso.huma-num.fr/?idc=105121&idt=th310,fly,1,zoomathia_match
http://ns.inria.fr/zoomathia/PS-ARISTOTELES/on_marvellous_things_heard/e/1/119/text/1,https://opentheso.huma-num.fr/?idc=105383&idt=th310,fly,1,zoomathia_match
http://ns.inria.fr/zoomathia/PS-ARISTOTELES/on_marvellous_things_heard/e/1/119/text/1,https://opentheso.huma-num.fr/?idc=pcrtDFvOrje3j0&idt=th310,fruits,1,zoomathia_match
http://ns.inria.fr/zoomathia/PS-ARISTOTELES/on_marvellous_things_heard/e/1/119/text/1,https://opentheso.huma-num.fr/?idc=105933&idt=th310,jackdaws,1,zoomathia_match
http://ns.inria.fr/zoomathia/PS-ARISTOTELES/on_marvellous_things_heard/e/1/119/text/1,https://opentheso.huma-num.fr/?idc=105404&idt=th310,taste,1,zoomathia_match
http://ns.inria.fr/zoomathia/PS-ARISTOTELES/on_marvellous_things_heard/e/1/119/text/1,https://opentheso.huma-num.fr/?idc=105404&idt=th310,taste,1,zoomathia_match
http://ns.inria.fr/zoomathia/PS-ARISTOTELES/on_marvellous_things_heard/e/1/119/text/1,https://www.wikidata.org/wiki/Q3725317,Heneti,0.4627,wikidata
http://ns.inria.fr/zoomathia/PS-ARISTOTELES/on_marvellous_things_heard/e/1/119/text/1,https://www.wikidata.org/wiki/Q3725317,Heneti,0.4627,wikidata
http://ns.inria.fr/zoomathia/PS-ARISTOTELES/on_marvellous_things_heard/e/1/119/text/1,https://www.wikidata.org/wiki/Q3725317,Heneti,0.4627,wikidata
http://ns.inria.fr/zoomathia/PS-ARISTOTELES/on_marvellous_things_heard/e/1/119/text/1,http://dbpedia.org/resource/Continuity_equation,relate,0.9999900182945339,DBpedia
http://ns.inria.fr/zoomathia/PS-ARISTOTELES/on_marvellous_things_heard/e/1/119/text/1,http://dbpedia.org/resource/Remarkable_(tablet),remarkable,0.8763642033697301,DBpedia
http://ns.inria.fr/zoomathia/PS-ARISTOTELES/on_marvellous_things_heard/e/1/119/text/1,http://dbpedia.org/resource/Adriatic_Veneti,Heneti,0.9999999747759606,DBpedia
http://ns.inria.fr/zoomathia/PS-ARISTOTELES/on_marvellous_things_heard/e/1/119/text/1,http://dbpedia.org/resource/Western_jackdaw,jackdaws,0.9824056985346663,DBpedia
http://ns.inria.fr/zoomathia/PS-ARISTOTELES/on_marvellous_things_heard/e/1/119/text/1,http://dbpedia.org/resource/Eating,consume,0.7661110224680087,DBpedia
http://ns.inria.fr/zoomathia/PS-ARISTOTELES/on_marvellous_things_heard/e/1/119/text/1,http://dbpedia.org/resource/Grain,grain,0.810628319060303,DBpedia
http://ns.inria.fr/zoomathia/PS-ARISTOTELES/on_marvellous_things_heard/e/1/119/text/1,http://dbpedia.org/resource/Fly,fly,0.999978633562119,DBpedia
http://ns.inria.fr/zoomathia/PS-ARISTOTELES/on_marvellous_things_heard/e/1/119/text/1,http://dbpedia.org/resource/Adriatic_Veneti,Heneti,0.9999999747759606,DBpedia
http://ns.inria.fr/zoomathia/PS-ARISTOTELES/on_marvellous_things_heard/e/1/119/text/1,http://dbpedia.org/resource/Gift,gifts,0.9964612628941707,DBpedia
http://ns.inria.fr/zoomathia/PS-ARISTOTELES/on_marvellous_things_heard/e/1/119/text/1,http://dbpedia.org/resource/Bird,birds,0.9888649805590984,DBpedia
http://ns.inria.fr/zoomathia/PS-ARISTOTELES/on_marvellous_things_heard/e/1/119/text/1,http://dbpedia.org/resource/Golf_course,putting,0.6641155657750851,DBpedia
http://ns.inria.fr/zoomathia/PS-ARISTOTELES/on_marvellous_things_heard/e/1/119/text/1,http://dbpedia.org/resource/Seed,seeds,0.9998584738003968,DBpedia
http://ns.inria.fr/zoomathia/PS-ARISTOTELES/on_marvellous_things_heard/e/1/119/text/1,http://dbpedia.org/resource/Mutant,kinds,0.7163777771352491,DBpedia
http://ns.inria.fr/zoomathia/PS-ARISTOTELES/on_marvellous_things_heard/e/1/119/text/1,http://dbpedia.org/resource/Fruit,fruits,0.9983383119620307,DBpedia
http://ns.inria.fr/zoomathia/PS-ARISTOTELES/on_marvellous_things_heard/e/1/119/text/1,http://dbpedia.org/resource/Western_jackdaw,jackdaws,0.9824056985346663,DBpedia
http://ns.inria.fr/zoomathia/PS-ARISTOTELES/on_marvellous_things_heard/e/1/119/text/1,http://dbpedia.org/resource/Taste,taste,0.9730212813534315,DBpedia
http://ns.inria.fr/zoomathia/PS-ARISTOTELES/on_marvellous_things_heard/e/1/119/text/1,http://dbpedia.org/resource/Border,border,0.9996148294073209,DBpedia
http://ns.inria.fr/zoomathia/PS-ARISTOTELES/on_marvellous_things_heard/e/1/119/text/1,http://dbpedia.org/resource/Adriatic_Veneti,Heneti,0.9999999747759606,DBpedia
http://ns.inria.fr/zoomathia/PS-ARISTOTELES/on_marvellous_things_heard/e/1/119/text/1,http://dbpedia.org/resource/Peace,peace,0.9976898842918618,DBpedia
http://ns.inria.fr/zoomathia/PS-ARISTOTELES/on_marvellous_things_heard/e/1/119/text/1,http://dbpedia.org/resource/Taste,taste,0.9730212813534315,DBpedia
http://ns.inria.fr/zoomathia/PS-ARISTOTELES/on_marvellous_things_heard/e/1/119/text/1,http://dbpedia.org/resource/Expected_value,expect,0.9998906128042132,DBpedia
http://ns.inria.fr/zoomathia/PS-ARISTOTELES/on_marvellous_things_heard/e/1/119/text/1,http://dbpedia.org/resource/Invasive_species,invasion,0.892338889799305,DBpedia
http://ns.inria.fr/zoomathia/PS-ARISTOTELES/on_marvellous_things_heard/e/1/120/text/1,https://opentheso.huma-num.fr/?idc=105270&idt=th310,size,1,zoomathia_match
http://ns.inria.fr/zoomathia/PS-ARISTOTELES/on_marvellous_things_heard/e/1/120/text/1,https://opentheso.huma-num.fr/?idc=pcrtUIbdZmT2P6&idt=th310,floor,1,zoomathia_match
http://ns.inria.fr/zoomathia/PS-ARISTOTELES/on_marvellous_things_heard/e/1/120/text/1,https://opentheso.huma-num.fr/?idc=pcrtFl3pmSnGsQ&idt=th310,wheeling,1,zoomathia_match
http://ns.inria.fr/zoomathia/PS-ARISTOTELES/on_marvellous_things_heard/e/1/120/text/1,https://opentheso.huma-num.fr/?idc=105840&idt=th310,hunger,1,zoomathia_match
http://ns.inria.fr/zoomathia/PS-ARISTOTELES/on_marvellous_things_heard/e/1/120/text/1,https://www.wikidata.org/wiki/Q144964,Thracian,0.4655,wikidata
http://ns.inria.fr/zoomathia/PS-ARISTOTELES/on_marvellous_things_heard/e/1/120/text/1,https://www.wikidata.org/wiki/Q1141669,Olynthus,0.4383,wikidata
http://ns.inria.fr/zoomathia/PS-ARISTOTELES/on_marvellous_things_heard/e/1/120/text/1,http://dbpedia.org/resource/Thracians,Thracian,0.9020727779432203,DBpedia
http://ns.inria.fr/zoomathia/PS-ARISTOTELES/on_marvellous_things_heard/e/1/120/text/1,http://dbpedia.org/resource/Chalkidiki,Chalcidice,1.0,DBpedia
http://ns.inria.fr/zoomathia/PS-ARISTOTELES/on_marvellous_things_heard/e/1/120/text/1,http://dbpedia.org/resource/Olynthus,Olynthus,1.0,DBpedia
http://ns.inria.fr/zoomathia/PS-ARISTOTELES/on_marvellous_things_heard/e/1/120/text/1,http://dbpedia.org/resource/Port,called,0.4557112462557772,DBpedia
http://ns.inria.fr/zoomathia/PS-ARISTOTELES/on_marvellous_things_heard/e/1/120/text/1,http://dbpedia.org/resource/Sizing,size,0.44604174136008357,DBpedia
http://ns.inria.fr/zoomathia/PS-ARISTOTELES/on_marvellous_things_heard/e/1/120/text/1,http://dbpedia.org/resource/Threshing_floor,threshing-floor,0.9999999999999716,DBpedia
http://ns.inria.fr/zoomathia/PS-ARISTOTELES/on_marvellous_things_heard/e/1/120/text/1,http://dbpedia.org/resource/Animal,animal,0.9684430285316502,DBpedia
http://ns.inria.fr/zoomathia/PS-ARISTOTELES/on_marvellous_things_heard/e/1/120/text/1,http://dbpedia.org/resource/Kantharos,cantharus,0.9999999999068905,DBpedia
http://ns.inria.fr/zoomathia/PS-ARISTOTELES/on_marvellous_things_heard/e/1/120/text/1,http://dbpedia.org/resource/Beetle,beetles,0.9988171554744997,DBpedia
http://ns.inria.fr/zoomathia/PS-ARISTOTELES/on_marvellous_things_heard/e/1/120/text/1,http://dbpedia.org/resource/Breaking_wheel,wheeling,0.9999999995671374,DBpedia
http://ns.inria.fr/zoomathia/PS-ARISTOTELES/on_marvellous_things_heard/e/1/120/text/1,http://dbpedia.org/resource/Dice,die,0.9848489236655867,DBpedia
http://ns.inria.fr/zoomathia/PS-ARISTOTELES/on_marvellous_things_heard/e/1/120/text/1,http://dbpedia.org/resource/Hunger,hunger,0.960688646857772,DBpedia
http://ns.inria.fr/zoomathia/PS-ARISTOTELES/on_marvellous_things_heard/e/1/122/text/1,https://opentheso.huma-num.fr/?idc=pcrtOl4a3UUtiu&idt=th310,hares,1,zoomathia_match
http://ns.inria.fr/zoomathia/PS-ARISTOTELES/on_marvellous_things_heard/e/1/122/text/1,https://opentheso.huma-num.fr/?idc=105224&idt=th310,livers,1,zoomathia_match
http://ns.inria.fr/zoomathia/PS-ARISTOTELES/on_marvellous_things_heard/e/1/122/text/1,https://opentheso.huma-num.fr/?idc=pcrtYhYMiLwDUr&idt=th310,temple,1,zoomathia_match
http://ns.inria.fr/zoomathia/PS-ARISTOTELES/on_marvellous_things_heard/e/1/122/text/1,https://opentheso.huma-num.fr/?idc=pcrtFghztlzGFv&idt=th310,feast,1,zoomathia_match
http://ns.inria.fr/zoomathia/PS-ARISTOTELES/on_marvellous_things_heard/e/1/122/text/1,https://opentheso.huma-num.fr/?idc=pcrtlYKAB2mIuy&idt=th310,season,1,zoomathia_match
http://ns.inria.fr/zoomathia/PS-ARISTOTELES/on_marvellous_things_heard/e/1/122/text/1,https://opentheso.huma-num.fr/?idc=pcrtmhUStm5T6Y&idt=th310,fire,1,zoomathia_match
http://ns.inria.fr/zoomathia/PS-ARISTOTELES/on_marvellous_things_heard/e/1/122/text/1,https://opentheso.huma-num.fr/?idc=pcrtlYKAB2mIuy&idt=th310,season,1,zoomathia_match
http://ns.inria.fr/zoomathia/PS-ARISTOTELES/on_marvellous_things_heard/e/1/122/text/1,https://opentheso.huma-num.fr/?idc=pcrt3SWbm6EV00&idt=th310,light,1,zoomathia_match
http://ns.inria.fr/zoomathia/PS-ARISTOTELES/on_marvellous_things_heard/e/1/122/text/1,https://www.wikidata.org/wiki/Q41680,Dionysus,0.7407,wikidata
http://ns.inria.fr/zoomathia/PS-ARISTOTELES/on_marvellous_things_heard/e/1/122/text/1,https://www.wikidata.org/wiki/Q4605763,a good season,0.5646,wikidata
http://ns.inria.fr/zoomathia/PS-ARISTOTELES/on_marvellous_things_heard/e/1/122/text/1,http://dbpedia.org/resource/Bisaltae,Bisaltae,0.9999999062549181,DBpedia
http://ns.inria.fr/zoomathia/PS-ARISTOTELES/on_marvellous_things_heard/e/1/122/text/1,http://dbpedia.org/resource/Hare,hares,0.9989614133202958,DBpedia
http://ns.inria.fr/zoomathia/PS-ARISTOTELES/on_marvellous_things_heard/e/1/122/text/1,http://dbpedia.org/resource/Liver,livers,0.9999999999469082,DBpedia
http://ns.inria.fr/zoomathia/PS-ARISTOTELES/on_marvellous_things_heard/e/1/122/text/1,http://dbpedia.org/resource/Acre,acre,0.99999999999784,DBpedia
http://ns.inria.fr/zoomathia/PS-ARISTOTELES/on_marvellous_things_heard/e/1/122/text/1,http://dbpedia.org/resource/Measurement_of_sea_ice,extent,0.9935532918576105,DBpedia
http://ns.inria.fr/zoomathia/PS-ARISTOTELES/on_marvellous_things_heard/e/1/122/text/1,http://dbpedia.org/resource/Animal_sacrifice,animal,0.9999996710402542,DBpedia
http://ns.inria.fr/zoomathia/PS-ARISTOTELES/on_marvellous_things_heard/e/1/122/text/1,http://dbpedia.org/resource/Russo-Georgian_War,enters,0.9999999995241637,DBpedia
http://ns.inria.fr/zoomathia/PS-ARISTOTELES/on_marvellous_things_heard/e/1/122/text/1,http://dbpedia.org/resource/Death,dies,0.9711970677595873,DBpedia
http://ns.inria.fr/zoomathia/PS-ARISTOTELES/on_marvellous_things_heard/e/1/122/text/1,http://dbpedia.org/resource/Fineness,fine,0.41735182449418823,DBpedia
http://ns.inria.fr/zoomathia/PS-ARISTOTELES/on_marvellous_things_heard/e/1/122/text/1,http://dbpedia.org/resource/Temple,temple,0.6891810084292923,DBpedia
http://ns.inria.fr/zoomathia/PS-ARISTOTELES/on_marvellous_things_heard/e/1/122/text/1,http://dbpedia.org/resource/Dionysius_of_Halicarnassus,Dionysus,0.9999999936580934,DBpedia
http://ns.inria.fr/zoomathia/PS-ARISTOTELES/on_marvellous_things_heard/e/1/122/text/1,http://dbpedia.org/resource/Animal_sacrifice,sacrifice,0.9980615382684386,DBpedia
http://ns.inria.fr/zoomathia/PS-ARISTOTELES/on_marvellous_things_heard/e/1/122/text/1,http://dbpedia.org/resource/Festival,feast,0.500053905371089,DBpedia
http://ns.inria.fr/zoomathia/PS-ARISTOTELES/on_marvellous_things_heard/e/1/122/text/1,http://dbpedia.org/resource/Good_and_evil,good,0.9322105606659037,DBpedia
http://ns.inria.fr/zoomathia/PS-ARISTOTELES/on_marvellous_things_heard/e/1/122/text/1,http://dbpedia.org/resource/Season,season,0.9923438808577665,DBpedia
http://ns.inria.fr/zoomathia/PS-ARISTOTELES/on_marvellous_things_heard/e/1/122/text/1,http://dbpedia.org/resource/Fire,fire,0.989296984359733,DBpedia
http://ns.inria.fr/zoomathia/PS-ARISTOTELES/on_marvellous_things_heard/e/1/122/text/1,http://dbpedia.org/resource/Glossary_of_ancient_Roman_religion,sacred,0.9829904036644656,DBpedia
http://ns.inria.fr/zoomathia/PS-ARISTOTELES/on_marvellous_things_heard/e/1/122/text/1,http://dbpedia.org/resource/Enclosure,enclosure,0.6574297599099727,DBpedia
http://ns.inria.fr/zoomathia/PS-ARISTOTELES/on_marvellous_things_heard/e/1/122/text/1,http://dbpedia.org/resource/Season,season,0.9923438808577665,DBpedia
http://ns.inria.fr/zoomathia/PS-ARISTOTELES/on_marvellous_things_heard/e/1/122/text/1,http://dbpedia.org/resource/Death,bad,0.8852120754964918,DBpedia
http://ns.inria.fr/zoomathia/PS-ARISTOTELES/on_marvellous_things_heard/e/1/122/text/1,http://dbpedia.org/resource/Light,light,0.9881875219855677,DBpedia
http://ns.inria.fr/zoomathia/PS-ARISTOTELES/on_marvellous_things_heard/e/1/122/text/1,http://dbpedia.org/resource/Darkness,darkness,0.9983809924710333,DBpedia
http://ns.inria.fr/zoomathia/PS-ARISTOTELES/on_marvellous_things_heard/e/1/122/text/1,http://dbpedia.org/resource/Cover_version,covers,0.8541429712929953,DBpedia
http://ns.inria.fr/zoomathia/PS-ARISTOTELES/on_marvellous_things_heard/e/1/124/text/1,https://opentheso.huma-num.fr/?idc=5073&idt=th310,moles,1,zoomathia_match
http://ns.inria.fr/zoomathia/PS-ARISTOTELES/on_marvellous_things_heard/e/1/124/text/1,https://www.wikidata.org/wiki/Q8257871,Boeotia,0.9159,wikidata
http://ns.inria.fr/zoomathia/PS-ARISTOTELES/on_marvellous_things_heard/e/1/124/text/1,http://dbpedia.org/resource/Coroneia_(Boeotia),Coroneia,0.8236797814737071,DBpedia
http://ns.inria.fr/zoomathia/PS-ARISTOTELES/on_marvellous_things_heard/e/1/124/text/1,http://dbpedia.org/resource/Boeotia,Boeotia,0.9999999999604086,DBpedia
http://ns.inria.fr/zoomathia/PS-ARISTOTELES/on_marvellous_things_heard/e/1/124/text/1,http://dbpedia.org/resource/Nevus,moles,0.5412544055892015,DBpedia
http://ns.inria.fr/zoomathia/PS-ARISTOTELES/on_marvellous_things_heard/e/1/124/text/1,http://dbpedia.org/resource/Album,live,0.766577590074999,DBpedia
http://ns.inria.fr/zoomathia/PS-ARISTOTELES/on_marvellous_things_heard/e/1/124/text/1,http://dbpedia.org/resource/Archaeological_excavation,dig,0.9429478506930444,DBpedia
http://ns.inria.fr/zoomathia/PS-ARISTOTELES/on_marvellous_things_heard/e/1/124/text/1,http://dbpedia.org/resource/Earth,earth,0.9715862391967505,DBpedia
http://ns.inria.fr/zoomathia/PS-ARISTOTELES/on_marvellous_things_heard/e/1/124/text/1,http://dbpedia.org/resource/Leisure,rest,0.6499705132406194,DBpedia
http://ns.inria.fr/zoomathia/PS-ARISTOTELES/on_marvellous_things_heard/e/1/124/text/1,http://dbpedia.org/resource/Boeotia,Boeotia,0.9999999999604086,DBpedia
http://ns.inria.fr/zoomathia/PS-ARISTOTELES/on_marvellous_things_heard/e/1/125/text/1,https://opentheso.huma-num.fr/?idc=105655&idt=th310,spring,1,zoomathia_match
http://ns.inria.fr/zoomathia/PS-ARISTOTELES/on_marvellous_things_heard/e/1/125/text/1,https://opentheso.huma-num.fr/?idc=105691&idt=th310,land,1,zoomathia_match
http://ns.inria.fr/zoomathia/PS-ARISTOTELES/on_marvellous_things_heard/e/1/125/text/1,https://opentheso.huma-num.fr/?idc=5071&idt=th310,mice,1,zoomathia_match
http://ns.inria.fr/zoomathia/PS-ARISTOTELES/on_marvellous_things_heard/e/1/125/text/1,https://www.wikidata.org/wiki/Q12898802,Arcadia,0.8107,wikidata
http://ns.inria.fr/zoomathia/PS-ARISTOTELES/on_marvellous_things_heard/e/1/125/text/1,https://www.wikidata.org/wiki/Q1229422,Lampsacus,0.9025,wikidata
http://ns.inria.fr/zoomathia/PS-ARISTOTELES/on_marvellous_things_heard/e/1/125/text/1,http://dbpedia.org/resource/Lusi_language,Lusi,0.9349660830678356,DBpedia
http://ns.inria.fr/zoomathia/PS-ARISTOTELES/on_marvellous_things_heard/e/1/125/text/1,http://dbpedia.org/resource/Outer_Plane,Arcadia,0.9560227164517225,DBpedia
http://ns.inria.fr/zoomathia/PS-ARISTOTELES/on_marvellous_things_heard/e/1/125/text/1,http://dbpedia.org/resource/Spring_(hydrology),spring,0.5296685185156348,DBpedia
http://ns.inria.fr/zoomathia/PS-ARISTOTELES/on_marvellous_things_heard/e/1/125/text/1,http://dbpedia.org/resource/Land_of_Israel,land,0.37589794724672837,DBpedia
http://ns.inria.fr/zoomathia/PS-ARISTOTELES/on_marvellous_things_heard/e/1/125/text/1,http://dbpedia.org/resource/Mouse,mice,0.9826016289548665,DBpedia
http://ns.inria.fr/zoomathia/PS-ARISTOTELES/on_marvellous_things_heard/e/1/125/text/1,http://dbpedia.org/resource/Scuba_diving,dive,0.7162448631119608,DBpedia
http://ns.inria.fr/zoomathia/PS-ARISTOTELES/on_marvellous_things_heard/e/1/125/text/1,http://dbpedia.org/resource/Album,live,0.8221985392547935,DBpedia
http://ns.inria.fr/zoomathia/PS-ARISTOTELES/on_marvellous_things_heard/e/1/125/text/1,http://dbpedia.org/resource/Lampsacus,Lampsacus,0.9999999307351881,DBpedia
http://ns.inria.fr/zoomathia/PS-ARISTOTELES/on_marvellous_things_heard/e/1/126/text/1,https://opentheso.huma-num.fr/?idc=pcrtva7NUywIgB&idt=th310,ravens,1,zoomathia_match
http://ns.inria.fr/zoomathia/PS-ARISTOTELES/on_marvellous_things_heard/e/1/126/text/1,https://opentheso.huma-num.fr/?idc=105468&idt=th310,nested,1,zoomathia_match
http://ns.inria.fr/zoomathia/PS-ARISTOTELES/on_marvellous_things_heard/e/1/126/text/1,https://www.wikidata.org/wiki/Q56427665,Crannon,0.4625,wikidata
http://ns.inria.fr/zoomathia/PS-ARISTOTELES/on_marvellous_things_heard/e/1/126/text/1,https://www.wikidata.org/wiki/Q22807284,Thessaly,0.4516,wikidata
http://ns.inria.fr/zoomathia/PS-ARISTOTELES/on_marvellous_things_heard/e/1/126/text/1,https://www.wikidata.org/wiki/Q3490945,only two,0.3263,wikidata
http://ns.inria.fr/zoomathia/PS-ARISTOTELES/on_marvellous_things_heard/e/1/126/text/1,http://dbpedia.org/resource/Cranon,Crannon,0.7828245840066831,DBpedia
http://ns.inria.fr/zoomathia/PS-ARISTOTELES/on_marvellous_things_heard/e/1/126/text/1,http://dbpedia.org/resource/Thessaly,Thessaly,0.9627072530119685,DBpedia
http://ns.inria.fr/zoomathia/PS-ARISTOTELES/on_marvellous_things_heard/e/1/126/text/1,http://dbpedia.org/resource/Common_raven,ravens,0.9493093071916188,DBpedia
http://ns.inria.fr/zoomathia/PS-ARISTOTELES/on_marvellous_things_heard/e/1/126/text/1,http://dbpedia.org/resource/City,city,0.9374728011676378,DBpedia
http://ns.inria.fr/zoomathia/PS-ARISTOTELES/on_marvellous_things_heard/e/1/126/text/1,http://dbpedia.org/resource/Nested_function,nested,0.36666575157988923,DBpedia
http://ns.inria.fr/zoomathia/PS-ARISTOTELES/on_marvellous_things_heard/e/1/126/text/1,http://dbpedia.org/resource/Bird_migration,migrate,0.9981190048269113,DBpedia
http://ns.inria.fr/zoomathia/PS-ARISTOTELES/on_marvellous_things_heard/e/1/126/text/1,http://dbpedia.org/resource/Leaf,leave,0.7276097521333103,DBpedia
http://ns.inria.fr/zoomathia/PS-ARISTOTELES/on_marvellous_things_heard/e/1/126/text/1,http://dbpedia.org/resource/Number,number,0.653451082271785,DBpedia
http://ns.inria.fr/zoomathia/PS-ARISTOTELES/on_marvellous_things_heard/e/1/126/text/1,http://dbpedia.org/resource/Hatchling,young,0.5519914186153824,DBpedia
http://ns.inria.fr/zoomathia/PS-ARISTOTELES/on_marvellous_things_heard/e/1/126/text/1,http://dbpedia.org/resource/Bird,birds,0.9928300473204741,DBpedia
http://ns.inria.fr/zoomathia/PS-ARISTOTELES/on_marvellous_things_heard/e/1/128/text/1,https://opentheso.huma-num.fr/?idc=pcrtpWT5t7kRx6&idt=th310,year,1,zoomathia_match
http://ns.inria.fr/zoomathia/PS-ARISTOTELES/on_marvellous_things_heard/e/1/128/text/1,https://opentheso.huma-num.fr/?idc=108705&idt=th310,twins,1,zoomathia_match
http://ns.inria.fr/zoomathia/PS-ARISTOTELES/on_marvellous_things_heard/e/1/128/text/1,https://opentheso.huma-num.fr/?idc=pcrt3jcrAaRENB&idt=th310,goats,1,zoomathia_match
http://ns.inria.fr/zoomathia/PS-ARISTOTELES/on_marvellous_things_heard/e/1/128/text/1,https://opentheso.huma-num.fr/?idc=pcrtGm7ZMfoQrc&idt=th310,bear,1,zoomathia_match
http://ns.inria.fr/zoomathia/PS-ARISTOTELES/on_marvellous_things_heard/e/1/128/text/1,https://opentheso.huma-num.fr/?idc=pcrtAWl3eAUQlA&idt=th310,milk,1,zoomathia_match
http://ns.inria.fr/zoomathia/PS-ARISTOTELES/on_marvellous_things_heard/e/1/128/text/1,https://opentheso.huma-num.fr/?idc=5078&idt=th310,hens,1,zoomathia_match
http://ns.inria.fr/zoomathia/PS-ARISTOTELES/on_marvellous_things_heard/e/1/128/text/1,https://opentheso.huma-num.fr/?idc=pcrtGSslMASdGf&idt=th310,day,1,zoomathia_match
http://ns.inria.fr/zoomathia/PS-ARISTOTELES/on_marvellous_things_heard/e/1/128/text/1,https://opentheso.huma-num.fr/?idc=105649&idt=th310,times,1,zoomathia_match
http://ns.inria.fr/zoomathia/PS-ARISTOTELES/on_marvellous_things_heard/e/1/128/text/1,https://www.wikidata.org/wiki/Q60754831,the year,0.3224,wikidata
http://ns.inria.fr/zoomathia/PS-ARISTOTELES/on_marvellous_things_heard/e/1/128/text/1,https://www.wikidata.org/wiki/Q178413,gallon,0.4126,wikidata
http://ns.inria.fr/zoomathia/PS-ARISTOTELES/on_marvellous_things_heard/e/1/128/text/1,http://dbpedia.org/resource/Cattle,Cattle,0.99998343787387,DBpedia
http://ns.inria.fr/zoomathia/PS-ARISTOTELES/on_marvellous_things_heard/e/1/128/text/1,http://dbpedia.org/resource/Illyria,Illyria,0.9999711390759599,DBpedia
http://ns.inria.fr/zoomathia/PS-ARISTOTELES/on_marvellous_things_heard/e/1/128/text/1,http://dbpedia.org/resource/Breed,breed,0.9998115352815801,DBpedia
http://ns.inria.fr/zoomathia/PS-ARISTOTELES/on_marvellous_things_heard/e/1/128/text/1,http://dbpedia.org/resource/Common_name,commonly,0.9999997274753782,DBpedia
http://ns.inria.fr/zoomathia/PS-ARISTOTELES/on_marvellous_things_heard/e/1/128/text/1,http://dbpedia.org/resource/Twin,twins,0.9804325339940765,DBpedia
http://ns.inria.fr/zoomathia/PS-ARISTOTELES/on_marvellous_things_heard/e/1/128/text/1,http://dbpedia.org/resource/Goat,goats,0.9999844243600341,DBpedia
http://ns.inria.fr/zoomathia/PS-ARISTOTELES/on_marvellous_things_heard/e/1/128/text/1,http://dbpedia.org/resource/Crop_yield,yield,0.9941287035268366,DBpedia
http://ns.inria.fr/zoomathia/PS-ARISTOTELES/on_marvellous_things_heard/e/1/128/text/1,http://dbpedia.org/resource/Gallon,gallon,0.9999999628748533,DBpedia
http://ns.inria.fr/zoomathia/PS-ARISTOTELES/on_marvellous_things_heard/e/1/128/text/1,http://dbpedia.org/resource/Milk,milk,0.9777256162303959,DBpedia
http://ns.inria.fr/zoomathia/PS-ARISTOTELES/on_marvellous_things_heard/e/1/128/text/1,http://dbpedia.org/resource/Chicken,hens,0.9999999999949125,DBpedia
http://ns.inria.fr/zoomathia/PS-ARISTOTELES/on_marvellous_things_heard/e/1/128/text/1,http://dbpedia.org/resource/Day,day,0.9953763610799672,DBpedia
http://ns.inria.fr/zoomathia/PS-ARISTOTELES/on_marvellous_things_heard/e/1/128/text/1,http://dbpedia.org/resource/Multiplication,times,0.8904728511681979,DBpedia
http://ns.inria.fr/zoomathia/PS-ARISTOTELES/on_marvellous_things_heard/e/1/129/text/1,https://opentheso.huma-num.fr/?idc=106004&idt=th310,wild,1,zoomathia_match
http://ns.inria.fr/zoomathia/PS-ARISTOTELES/on_marvellous_things_heard/e/1/129/text/1,https://opentheso.huma-num.fr/?idc=105898&idt=th310,wild bulls,1,zoomathia_match
http://ns.inria.fr/zoomathia/PS-ARISTOTELES/on_marvellous_things_heard/e/1/129/text/1,https://opentheso.huma-num.fr/?idc=pcrt3lk0hOhAFJ&idt=th310,races,1,zoomathia_match
http://ns.inria.fr/zoomathia/PS-ARISTOTELES/on_marvellous_things_heard/e/1/129/text/1,https://opentheso.huma-num.fr/?idc=105127&idt=th310,horns,1,zoomathia_match
http://ns.inria.fr/zoomathia/PS-ARISTOTELES/on_marvellous_things_heard/e/1/129/text/1,https://www.wikidata.org/wiki/Q249561,Paeonia,0.4621,wikidata
http://ns.inria.fr/zoomathia/PS-ARISTOTELES/on_marvellous_things_heard/e/1/129/text/1,http://dbpedia.org/resource/Peony,Paeonia,0.999849430681496,DBpedia
http://ns.inria.fr/zoomathia/PS-ARISTOTELES/on_marvellous_things_heard/e/1/129/text/1,http://dbpedia.org/resource/Wildlife,wild,0.6064285086398421,DBpedia
http://ns.inria.fr/zoomathia/PS-ARISTOTELES/on_marvellous_things_heard/e/1/129/text/1,http://dbpedia.org/resource/Bull,bulls,0.6330573389030167,DBpedia
http://ns.inria.fr/zoomathia/PS-ARISTOTELES/on_marvellous_things_heard/e/1/129/text/1,http://dbpedia.org/resource/World_War_II,bigger,0.9981602365748335,DBpedia
http://ns.inria.fr/zoomathia/PS-ARISTOTELES/on_marvellous_things_heard/e/1/129/text/1,http://dbpedia.org/resource/Race_and_ethnicity_in_the_United_States_census,races,0.5468036537814226,DBpedia
http://ns.inria.fr/zoomathia/PS-ARISTOTELES/on_marvellous_things_heard/e/1/129/text/1,http://dbpedia.org/resource/French_horn,horns,0.925780957804187,DBpedia
http://ns.inria.fr/zoomathia/PS-ARISTOTELES/on_marvellous_things_heard/e/1/129/text/1,http://dbpedia.org/resource/Professional_wrestling_holds,hold,0.48928269498167004,DBpedia
http://ns.inria.fr/zoomathia/PS-ARISTOTELES/on_marvellous_things_heard/e/1/129/text/1,http://dbpedia.org/resource/Gallon,gallons,0.9924247650434964,DBpedia
http://ns.inria.fr/zoomathia/PS-ARISTOTELES/on_marvellous_things_heard/e/1/136/text/1,https://opentheso.huma-num.fr/?idc=105642&idt=th310,wind,1,zoomathia_match
http://ns.inria.fr/zoomathia/PS-ARISTOTELES/on_marvellous_things_heard/e/1/136/text/1,https://opentheso.huma-num.fr/?idc=pcrtGSslMASdGf&idt=th310,days,1,zoomathia_match
http://ns.inria.fr/zoomathia/PS-ARISTOTELES/on_marvellous_things_heard/e/1/136/text/1,https://opentheso.huma-num.fr/?idc=105627&idt=th310,desert,1,zoomathia_match
http://ns.inria.fr/zoomathia/PS-ARISTOTELES/on_marvellous_things_heard/e/1/136/text/1,https://opentheso.huma-num.fr/?idc=105691&idt=th310,lands,1,zoomathia_match
http://ns.inria.fr/zoomathia/PS-ARISTOTELES/on_marvellous_things_heard/e/1/136/text/1,https://opentheso.huma-num.fr/?idc=107063&idt=th310,tide,1,zoomathia_match
http://ns.inria.fr/zoomathia/PS-ARISTOTELES/on_marvellous_things_heard/e/1/136/text/1,https://opentheso.huma-num.fr/?idc=107063&idt=th310,tide,1,zoomathia_match
http://ns.inria.fr/zoomathia/PS-ARISTOTELES/on_marvellous_things_heard/e/1/136/text/1,https://opentheso.huma-num.fr/?idc=105270&idt=th310,size,1,zoomathia_match
http://ns.inria.fr/zoomathia/PS-ARISTOTELES/on_marvellous_things_heard/e/1/136/text/1,https://opentheso.huma-num.fr/?idc=108255&idt=th310,weight,1,zoomathia_match
http://ns.inria.fr/zoomathia/PS-ARISTOTELES/on_marvellous_things_heard/e/1/136/text/1,https://opentheso.huma-num.fr/?idc=pcrtTS2T8PJDRo&idt=th310,jars,1,zoomathia_match
http://ns.inria.fr/zoomathia/PS-ARISTOTELES/on_marvellous_things_heard/e/1/136/text/1,https://opentheso.huma-num.fr/?idc=pcrtRtSpElzcxv&idt=th310,Carthaginians,1,zoomathia_match
http://ns.inria.fr/zoomathia/PS-ARISTOTELES/on_marvellous_things_heard/e/1/136/text/1,https://opentheso.huma-num.fr/?idc=pcrtSwSy2LBuHG&idt=th310,export,1,zoomathia_match
http://ns.inria.fr/zoomathia/PS-ARISTOTELES/on_marvellous_things_heard/e/1/136/text/1,https://www.wikidata.org/wiki/Q41642,Phoenicians,0.738,wikidata
http://ns.inria.fr/zoomathia/PS-ARISTOTELES/on_marvellous_things_heard/e/1/136/text/1,https://www.wikidata.org/wiki/Q15682,Gades,0.7048,wikidata
http://ns.inria.fr/zoomathia/PS-ARISTOTELES/on_marvellous_things_heard/e/1/136/text/1,https://www.wikidata.org/wiki/Q1127742,four days,0.5646,wikidata
http://ns.inria.fr/zoomathia/PS-ARISTOTELES/on_marvellous_things_heard/e/1/136/text/1,https://www.wikidata.org/wiki/Q6343,Carthage,0.7282,wikidata
http://ns.inria.fr/zoomathia/PS-ARISTOTELES/on_marvellous_things_heard/e/1/136/text/1,https://www.wikidata.org/wiki/Q4383747,Carthaginians,0.7322,wikidata
http://ns.inria.fr/zoomathia/PS-ARISTOTELES/on_marvellous_things_heard/e/1/136/text/1,http://dbpedia.org/resource/Phoenicia,Phoenicians,0.9999999607215962,DBpedia
http://ns.inria.fr/zoomathia/PS-ARISTOTELES/on_marvellous_things_heard/e/1/136/text/1,http://dbpedia.org/resource/Album,live,0.8989709835612598,DBpedia
http://ns.inria.fr/zoomathia/PS-ARISTOTELES/on_marvellous_things_heard/e/1/136/text/1,http://dbpedia.org/resource/Port,called,0.9964165766224398,DBpedia
http://ns.inria.fr/zoomathia/PS-ARISTOTELES/on_marvellous_things_heard/e/1/136/text/1,http://dbpedia.org/resource/Sailing,sailing,0.9961140208480658,DBpedia
http://ns.inria.fr/zoomathia/PS-ARISTOTELES/on_marvellous_things_heard/e/1/136/text/1,http://dbpedia.org/resource/Pillars_of_Hercules,Pillars,0.9999999999839133,DBpedia
http://ns.inria.fr/zoomathia/PS-ARISTOTELES/on_marvellous_things_heard/e/1/136/text/1,http://dbpedia.org/resource/Heracles,Heracles,0.9634778905839777,DBpedia
http://ns.inria.fr/zoomathia/PS-ARISTOTELES/on_marvellous_things_heard/e/1/136/text/1,http://dbpedia.org/resource/East_wind,east wind,0.9999999942076556,DBpedia
http://ns.inria.fr/zoomathia/PS-ARISTOTELES/on_marvellous_things_heard/e/1/136/text/1,http://dbpedia.org/resource/Day,days,0.9895277282342798,DBpedia
http://ns.inria.fr/zoomathia/PS-ARISTOTELES/on_marvellous_things_heard/e/1/136/text/1,http://dbpedia.org/resource/Water_landing,lands,0.6818132470649731,DBpedia
http://ns.inria.fr/zoomathia/PS-ARISTOTELES/on_marvellous_things_heard/e/1/136/text/1,http://dbpedia.org/resource/Juncaceae,rushes,0.9898645638396952,DBpedia
http://ns.inria.fr/zoomathia/PS-ARISTOTELES/on_marvellous_things_heard/e/1/136/text/1,http://dbpedia.org/resource/Seaweed,seaweed,0.9998650123740637,DBpedia
http://ns.inria.fr/zoomathia/PS-ARISTOTELES/on_marvellous_things_heard/e/1/136/text/1,http://dbpedia.org/resource/Tide,tide,0.9999812454847702,DBpedia
http://ns.inria.fr/zoomathia/PS-ARISTOTELES/on_marvellous_things_heard/e/1/136/text/1,http://dbpedia.org/resource/Cover_version,covered,0.995718739923955,DBpedia
http://ns.inria.fr/zoomathia/PS-ARISTOTELES/on_marvellous_things_heard/e/1/136/text/1,http://dbpedia.org/resource/Tide,tide,0.9999812454847702,DBpedia
http://ns.inria.fr/zoomathia/PS-ARISTOTELES/on_marvellous_things_heard/e/1/136/text/1,http://dbpedia.org/resource/Quantity,quantity,0.9469953012177011,DBpedia
http://ns.inria.fr/zoomathia/PS-ARISTOTELES/on_marvellous_things_heard/e/1/136/text/1,http://dbpedia.org/resource/Sizing,size,0.952930439881137,DBpedia
http://ns.inria.fr/zoomathia/PS-ARISTOTELES/on_marvellous_things_heard/e/1/136/text/1,http://dbpedia.org/resource/Weight,weight,0.9995010626664391,DBpedia
http://ns.inria.fr/zoomathia/PS-ARISTOTELES/on_marvellous_things_heard/e/1/136/text/1,http://dbpedia.org/resource/Intertidal_zone,shore,0.5736435727288033,DBpedia
http://ns.inria.fr/zoomathia/PS-ARISTOTELES/on_marvellous_things_heard/e/1/136/text/1,http://dbpedia.org/resource/Pickling,pickling,0.9997504101062771,DBpedia
http://ns.inria.fr/zoomathia/PS-ARISTOTELES/on_marvellous_things_heard/e/1/136/text/1,http://dbpedia.org/resource/Golf_course,putting,0.9396404451680803,DBpedia
http://ns.inria.fr/zoomathia/PS-ARISTOTELES/on_marvellous_things_heard/e/1/136/text/1,http://dbpedia.org/resource/Jar,jars,0.9439812933144539,DBpedia
http://ns.inria.fr/zoomathia/PS-ARISTOTELES/on_marvellous_things_heard/e/1/136/text/1,http://dbpedia.org/resource/Carthage,Carthage,0.9629182275781267,DBpedia
http://ns.inria.fr/zoomathia/PS-ARISTOTELES/on_marvellous_things_heard/e/1/136/text/1,http://dbpedia.org/resource/Carthage,Carthaginians,0.524189360192557,DBpedia
http://ns.inria.fr/zoomathia/PS-ARISTOTELES/on_marvellous_things_heard/e/1/136/text/1,http://dbpedia.org/resource/Export,export,0.9996216626912352,DBpedia
http://ns.inria.fr/zoomathia/PS-ARISTOTELES/on_marvellous_things_heard/e/1/136/text/1,http://dbpedia.org/resource/Food,food,0.9996659283724827,DBpedia
http://ns.inria.fr/zoomathia/PS-ARISTOTELES/on_marvellous_things_heard/e/1/136/text/1,http://dbpedia.org/resource/Eating,consume,0.5746815072308363,DBpedia
http://ns.inria.fr/zoomathia/PS-ARISTOTELES/on_marvellous_things_heard/e/1/137/text/1,https://opentheso.huma-num.fr/?idc=pcrtvrjSD13Uee&idt=th310,Caria,1,zoomathia_match
http://ns.inria.fr/zoomathia/PS-ARISTOTELES/on_marvellous_things_heard/e/1/137/text/1,https://opentheso.huma-num.fr/?idc=pcrtSgaLklRNDT&idt=th310,Zeus,1,zoomathia_match
http://ns.inria.fr/zoomathia/PS-ARISTOTELES/on_marvellous_things_heard/e/1/137/text/1,https://opentheso.huma-num.fr/?idc=105328&idt=th310,procession,1,zoomathia_match
http://ns.inria.fr/zoomathia/PS-ARISTOTELES/on_marvellous_things_heard/e/1/137/text/1,https://opentheso.huma-num.fr/?idc=105380&idt=th310,walking,1,zoomathia_match
http://ns.inria.fr/zoomathia/PS-ARISTOTELES/on_marvellous_things_heard/e/1/137/text/1,https://opentheso.huma-num.fr/?idc=pcrtoTsrSWBiRm&idt=th310,rope,1,zoomathia_match
http://ns.inria.fr/zoomathia/PS-ARISTOTELES/on_marvellous_things_heard/e/1/137/text/1,https://opentheso.huma-num.fr/?idc=105380&idt=th310,walks,1,zoomathia_match
http://ns.inria.fr/zoomathia/PS-ARISTOTELES/on_marvellous_things_heard/e/1/137/text/1,https://opentheso.huma-num.fr/?idc=pcrt0WrjgPTs33&idt=th310,man,1,zoomathia_match
http://ns.inria.fr/zoomathia/PS-ARISTOTELES/on_marvellous_things_heard/e/1/137/text/1,https://opentheso.huma-num.fr/?idc=pcrtva7NUywIgB&idt=th310,ravens,1,zoomathia_match
http://ns.inria.fr/zoomathia/PS-ARISTOTELES/on_marvellous_things_heard/e/1/137/text/1,https://opentheso.huma-num.fr/?idc=pcrtYhYMiLwDUr&idt=th310,temple,1,zoomathia_match
http://ns.inria.fr/zoomathia/PS-ARISTOTELES/on_marvellous_things_heard/e/1/137/text/1,https://opentheso.huma-num.fr/?idc=pcrtSgaLklRNDT&idt=th310,Zeus,1,zoomathia_match
http://ns.inria.fr/zoomathia/PS-ARISTOTELES/on_marvellous_things_heard/e/1/137/text/1,https://opentheso.huma-num.fr/?idc=108030&idt=th310,white,1,zoomathia_match
http://ns.inria.fr/zoomathia/PS-ARISTOTELES/on_marvellous_things_heard/e/1/137/text/1,https://opentheso.huma-num.fr/?idc=105140&idt=th310,neck,1,zoomathia_match
http://ns.inria.fr/zoomathia/PS-ARISTOTELES/on_marvellous_things_heard/e/1/137/text/1,https://www.wikidata.org/wiki/Q193214,Caria,0.694,wikidata
http://ns.inria.fr/zoomathia/PS-ARISTOTELES/on_marvellous_things_heard/e/1/137/text/1,https://www.wikidata.org/wiki/Q4024312,Zeus,0.6751,wikidata
http://ns.inria.fr/zoomathia/PS-ARISTOTELES/on_marvellous_things_heard/e/1/137/text/1,https://www.wikidata.org/wiki/Q16150153,seventy,0.3889,wikidata
http://ns.inria.fr/zoomathia/PS-ARISTOTELES/on_marvellous_things_heard/e/1/137/text/1,https://www.wikidata.org/wiki/Q9057284,Pedasi,0.6932,wikidata
http://ns.inria.fr/zoomathia/PS-ARISTOTELES/on_marvellous_things_heard/e/1/137/text/1,https://www.wikidata.org/wiki/Q4024312,Zeus,0.6751,wikidata
http://ns.inria.fr/zoomathia/PS-ARISTOTELES/on_marvellous_things_heard/e/1/137/text/1,http://dbpedia.org/resource/Caria,Caria,0.9995179090631126,DBpedia
http://ns.inria.fr/zoomathia/PS-ARISTOTELES/on_marvellous_things_heard/e/1/137/text/1,http://dbpedia.org/resource/Korban,sacrifices,0.7653890332673609,DBpedia
http://ns.inria.fr/zoomathia/PS-ARISTOTELES/on_marvellous_things_heard/e/1/137/text/1,http://dbpedia.org/resource/Zeus,Zeus,0.9999999999104148,DBpedia
http://ns.inria.fr/zoomathia/PS-ARISTOTELES/on_marvellous_things_heard/e/1/137/text/1,http://dbpedia.org/resource/Procession,procession,0.9999995149110572,DBpedia
http://ns.inria.fr/zoomathia/PS-ARISTOTELES/on_marvellous_things_heard/e/1/137/text/1,http://dbpedia.org/resource/Marvel_Comics,marvel,0.844278350603449,DBpedia
http://ns.inria.fr/zoomathia/PS-ARISTOTELES/on_marvellous_things_heard/e/1/137/text/1,http://dbpedia.org/resource/Walking,walking,0.9605204661377972,DBpedia
http://ns.inria.fr/zoomathia/PS-ARISTOTELES/on_marvellous_things_heard/e/1/137/text/1,http://dbpedia.org/resource/Seventy_(LDS_Church),seventy,0.9009493802243242,DBpedia
http://ns.inria.fr/zoomathia/PS-ARISTOTELES/on_marvellous_things_heard/e/1/137/text/1,http://dbpedia.org/resource/Stadion_(unit),stades,0.9987224287072964,DBpedia
http://ns.inria.fr/zoomathia/PS-ARISTOTELES/on_marvellous_things_heard/e/1/137/text/1,"http://dbpedia.org/resource/Pedasí,_Los_Santos",Pedasi,0.9764800095047218,DBpedia
http://ns.inria.fr/zoomathia/PS-ARISTOTELES/on_marvellous_things_heard/e/1/137/text/1,http://dbpedia.org/resource/Watcher_(angel),watchers,0.9955108972571419,DBpedia
http://ns.inria.fr/zoomathia/PS-ARISTOTELES/on_marvellous_things_heard/e/1/137/text/1,http://dbpedia.org/resource/Quest,journey,0.8904991121643434,DBpedia
http://ns.inria.fr/zoomathia/PS-ARISTOTELES/on_marvellous_things_heard/e/1/137/text/1,http://dbpedia.org/resource/Glossary_of_professional_wrestling_terms,turn,0.9997312286805731,DBpedia
http://ns.inria.fr/zoomathia/PS-ARISTOTELES/on_marvellous_things_heard/e/1/137/text/1,http://dbpedia.org/resource/Road,road,0.8920568566042856,DBpedia
http://ns.inria.fr/zoomathia/PS-ARISTOTELES/on_marvellous_things_heard/e/1/137/text/1,http://dbpedia.org/resource/Fly_tying,tied,0.871527122158984,DBpedia
http://ns.inria.fr/zoomathia/PS-ARISTOTELES/on_marvellous_things_heard/e/1/137/text/1,http://dbpedia.org/resource/Rope,rope,0.9833058944338571,DBpedia
http://ns.inria.fr/zoomathia/PS-ARISTOTELES/on_marvellous_things_heard/e/1/137/text/1,http://dbpedia.org/resource/Human,man,0.800004263200256,DBpedia
http://ns.inria.fr/zoomathia/PS-ARISTOTELES/on_marvellous_things_heard/e/1/137/text/1,http://dbpedia.org/resource/Conducting,conducting,0.36681782700952503,DBpedia
http://ns.inria.fr/zoomathia/PS-ARISTOTELES/on_marvellous_things_heard/e/1/137/text/1,http://dbpedia.org/resource/Sacrifice,sacrifice,0.816611180091881,DBpedia
http://ns.inria.fr/zoomathia/PS-ARISTOTELES/on_marvellous_things_heard/e/1/137/text/1,http://dbpedia.org/resource/Wonderful_(Beach_Boys_song),wonderful,0.43576286389631586,DBpedia
http://ns.inria.fr/zoomathia/PS-ARISTOTELES/on_marvellous_things_heard/e/1/137/text/1,http://dbpedia.org/resource/Raven,ravens,0.4416309687875524,DBpedia
http://ns.inria.fr/zoomathia/PS-ARISTOTELES/on_marvellous_things_heard/e/1/137/text/1,http://dbpedia.org/resource/Temple,temple,0.6579287665247351,DBpedia
http://ns.inria.fr/zoomathia/PS-ARISTOTELES/on_marvellous_things_heard/e/1/137/text/1,http://dbpedia.org/resource/Zeus,Zeus,0.9999999999104148,DBpedia
http://ns.inria.fr/zoomathia/PS-ARISTOTELES/on_marvellous_things_heard/e/1/137/text/1,http://dbpedia.org/resource/Glossary_of_professional_wrestling_terms,spot,0.9998160777612018,DBpedia
http://ns.inria.fr/zoomathia/PS-ARISTOTELES/on_marvellous_things_heard/e/1/137/text/1,http://dbpedia.org/resource/Leukoplakia,white patch,1.0,DBpedia
http://ns.inria.fr/zoomathia/PS-ARISTOTELES/on_marvellous_things_heard/e/1/137/text/1,http://dbpedia.org/resource/Neck,neck,0.9693196083432064,DBpedia
http://ns.inria.fr/zoomathia/PS-ARISTOTELES/on_marvellous_things_heard/e/1/139/text/1,https://opentheso.huma-num.fr/?idc=105944&idt=th310,locust,1,zoomathia_match
http://ns.inria.fr/zoomathia/PS-ARISTOTELES/on_marvellous_things_heard/e/1/139/text/1,https://opentheso.huma-num.fr/?idc=pcrt2t2EtFSnPv&idt=th310,scorpion,1,zoomathia_match
http://ns.inria.fr/zoomathia/PS-ARISTOTELES/on_marvellous_things_heard/e/1/139/text/1,https://opentheso.huma-num.fr/?idc=pcrtLnUS9cADfI&idt=th310,sees,1,zoomathia_match
http://ns.inria.fr/zoomathia/PS-ARISTOTELES/on_marvellous_things_heard/e/1/139/text/1,https://opentheso.huma-num.fr/?idc=pcrt2t2EtFSnPv&idt=th310,scorpion,1,zoomathia_match
http://ns.inria.fr/zoomathia/PS-ARISTOTELES/on_marvellous_things_heard/e/1/139/text/1,https://opentheso.huma-num.fr/?idc=105614&idt=th310,attacks,1,zoomathia_match
http://ns.inria.fr/zoomathia/PS-ARISTOTELES/on_marvellous_things_heard/e/1/139/text/1,https://opentheso.huma-num.fr/?idc=pcrt2t2EtFSnPv&idt=th310,scorpion,1,zoomathia_match
http://ns.inria.fr/zoomathia/PS-ARISTOTELES/on_marvellous_things_heard/e/1/139/text/1,https://opentheso.huma-num.fr/?idc=105121&idt=th310,flies,1,zoomathia_match
http://ns.inria.fr/zoomathia/PS-ARISTOTELES/on_marvellous_things_heard/e/1/139/text/1,https://opentheso.huma-num.fr/?idc=105383&idt=th310,flies,1,zoomathia_match
http://ns.inria.fr/zoomathia/PS-ARISTOTELES/on_marvellous_things_heard/e/1/139/text/1,https://opentheso.huma-num.fr/?idc=pcrt2t2EtFSnPv&idt=th310,scorpion,1,zoomathia_match
http://ns.inria.fr/zoomathia/PS-ARISTOTELES/on_marvellous_things_heard/e/1/139/text/1,https://opentheso.huma-num.fr/?idc=pcrt2t2EtFSnPv&idt=th310,scorpion,1,zoomathia_match
http://ns.inria.fr/zoomathia/PS-ARISTOTELES/on_marvellous_things_heard/e/1/139/text/1,https://opentheso.huma-num.fr/?idc=105184&idt=th310,sting,1,zoomathia_match
http://ns.inria.fr/zoomathia/PS-ARISTOTELES/on_marvellous_things_heard/e/1/139/text/1,https://opentheso.huma-num.fr/?idc=105184&idt=th310,sting,1,zoomathia_match
http://ns.inria.fr/zoomathia/PS-ARISTOTELES/on_marvellous_things_heard/e/1/139/text/1,https://opentheso.huma-num.fr/?idc=105944&idt=th310,locust,1,zoomathia_match
http://ns.inria.fr/zoomathia/PS-ARISTOTELES/on_marvellous_things_heard/e/1/139/text/1,https://opentheso.huma-num.fr/?idc=105944&idt=th310,locust,1,zoomathia_match
http://ns.inria.fr/zoomathia/PS-ARISTOTELES/on_marvellous_things_heard/e/1/139/text/1,https://opentheso.huma-num.fr/?idc=105944&idt=th310,locust,1,zoomathia_match
http://ns.inria.fr/zoomathia/PS-ARISTOTELES/on_marvellous_things_heard/e/1/139/text/1,https://opentheso.huma-num.fr/?idc=pcrt2t2EtFSnPv&idt=th310,scorpion,1,zoomathia_match
http://ns.inria.fr/zoomathia/PS-ARISTOTELES/on_marvellous_things_heard/e/1/139/text/1,https://opentheso.huma-num.fr/?idc=105184&idt=th310,sting,1,zoomathia_match
http://ns.inria.fr/zoomathia/PS-ARISTOTELES/on_marvellous_things_heard/e/1/139/text/1,https://www.wikidata.org/wiki/Q189901,Argos,0.4614,wikidata
http://ns.inria.fr/zoomathia/PS-ARISTOTELES/on_marvellous_things_heard/e/1/139/text/1,http://dbpedia.org/resource/Argus_Panoptes,Argos,0.99395777837682,DBpedia
http://ns.inria.fr/zoomathia/PS-ARISTOTELES/on_marvellous_things_heard/e/1/139/text/1,http://dbpedia.org/resource/System_call,called,0.5031815693424865,DBpedia
http://ns.inria.fr/zoomathia/PS-ARISTOTELES/on_marvellous_things_heard/e/1/139/text/1,http://dbpedia.org/resource/Moment_of_inertia,moment,0.9730347703717533,DBpedia
http://ns.inria.fr/zoomathia/PS-ARISTOTELES/on_marvellous_things_heard/e/1/139/text/1,http://dbpedia.org/resource/Scorpion,scorpion,0.999999619887164,DBpedia
http://ns.inria.fr/zoomathia/PS-ARISTOTELES/on_marvellous_things_heard/e/1/139/text/1,http://dbpedia.org/resource/September_11_attacks,attacks,0.853241040196218,DBpedia
http://ns.inria.fr/zoomathia/PS-ARISTOTELES/on_marvellous_things_heard/e/1/139/text/1,http://dbpedia.org/resource/Scorpion,scorpion,0.999999619887164,DBpedia
http://ns.inria.fr/zoomathia/PS-ARISTOTELES/on_marvellous_things_heard/e/1/139/text/1,http://dbpedia.org/resource/Circle,circle,0.9991682371718462,DBpedia
http://ns.inria.fr/zoomathia/PS-ARISTOTELES/on_marvellous_things_heard/e/1/139/text/1,http://dbpedia.org/resource/Scorpion,scorpion,0.999999619887164,DBpedia
http://ns.inria.fr/zoomathia/PS-ARISTOTELES/on_marvellous_things_heard/e/1/139/text/1,http://dbpedia.org/resource/Chirp,chirps,0.9691285989725401,DBpedia
http://ns.inria.fr/zoomathia/PS-ARISTOTELES/on_marvellous_things_heard/e/1/139/text/1,http://dbpedia.org/resource/Scorpion,scorpion,0.999999619887164,DBpedia
http://ns.inria.fr/zoomathia/PS-ARISTOTELES/on_marvellous_things_heard/e/1/139/text/1,http://dbpedia.org/resource/Betting_in_poker,raises,0.8994925074514303,DBpedia
http://ns.inria.fr/zoomathia/PS-ARISTOTELES/on_marvellous_things_heard/e/1/139/text/1,http://dbpedia.org/resource/Stinger,sting,0.999423169013601,DBpedia
http://ns.inria.fr/zoomathia/PS-ARISTOTELES/on_marvellous_things_heard/e/1/139/text/1,http://dbpedia.org/resource/Glossary_of_professional_wrestling_terms,turns,0.8325369784928272,DBpedia
http://ns.inria.fr/zoomathia/PS-ARISTOTELES/on_marvellous_things_heard/e/1/139/text/1,http://dbpedia.org/resource/Gradualism,gradually,0.9999974229631571,DBpedia
http://ns.inria.fr/zoomathia/PS-ARISTOTELES/on_marvellous_things_heard/e/1/139/text/1,http://dbpedia.org/resource/Betting_in_poker,raises,0.8994925074514303,DBpedia
http://ns.inria.fr/zoomathia/PS-ARISTOTELES/on_marvellous_things_heard/e/1/139/text/1,http://dbpedia.org/resource/Stinger,sting,0.999423169013601,DBpedia
http://ns.inria.fr/zoomathia/PS-ARISTOTELES/on_marvellous_things_heard/e/1/139/text/1,http://dbpedia.org/resource/Stretched_tuning,stretches,0.9997780229746284,DBpedia
http://ns.inria.fr/zoomathia/PS-ARISTOTELES/on_marvellous_things_heard/e/1/139/text/1,http://dbpedia.org/resource/Horse_length,length,0.7478537704280878,DBpedia
http://ns.inria.fr/zoomathia/PS-ARISTOTELES/on_marvellous_things_heard/e/1/139/text/1,http://dbpedia.org/resource/Circle,circles,0.970359184709456,DBpedia
http://ns.inria.fr/zoomathia/PS-ARISTOTELES/on_marvellous_things_heard/e/1/139/text/1,http://dbpedia.org/resource/Eating,eats,0.7108432073029053,DBpedia
http://ns.inria.fr/zoomathia/PS-ARISTOTELES/on_marvellous_things_heard/e/1/139/text/1,http://dbpedia.org/resource/Good,good,0.9716995899356572,DBpedia
http://ns.inria.fr/zoomathia/PS-ARISTOTELES/on_marvellous_things_heard/e/1/139/text/1,http://dbpedia.org/resource/Eating,eat,0.8483454208697602,DBpedia
http://ns.inria.fr/zoomathia/PS-ARISTOTELES/on_marvellous_things_heard/e/1/139/text/1,http://dbpedia.org/resource/Scorpion,scorpion,0.999999619887164,DBpedia
http://ns.inria.fr/zoomathia/PS-ARISTOTELES/on_marvellous_things_heard/e/1/139/text/1,http://dbpedia.org/resource/Stinger,sting,0.999423169013601,DBpedia
http://ns.inria.fr/zoomathia/PS-ARISTOTELES/on_marvellous_things_heard/e/1/140/text/1,https://opentheso.huma-num.fr/?idc=107660&idt=th310,wasps,1,zoomathia_match
http://ns.inria.fr/zoomathia/PS-ARISTOTELES/on_marvellous_things_heard/e/1/140/text/1,https://opentheso.huma-num.fr/?idc=105975&idt=th310,flesh,1,zoomathia_match
http://ns.inria.fr/zoomathia/PS-ARISTOTELES/on_marvellous_things_heard/e/1/140/text/1,https://opentheso.huma-num.fr/?idc=105184&idt=th310,sting,1,zoomathia_match
http://ns.inria.fr/zoomathia/PS-ARISTOTELES/on_marvellous_things_heard/e/1/140/text/1,https://opentheso.huma-num.fr/?idc=106953&idt=th310,pain,1,zoomathia_match
http://ns.inria.fr/zoomathia/PS-ARISTOTELES/on_marvellous_things_heard/e/1/140/text/1,https://opentheso.huma-num.fr/?idc=105184&idt=th310,sting,1,zoomathia_match
http://ns.inria.fr/zoomathia/PS-ARISTOTELES/on_marvellous_things_heard/e/1/140/text/1,https://opentheso.huma-num.fr/?idc=105616&idt=th310,bite,1,zoomathia_match
http://ns.inria.fr/zoomathia/PS-ARISTOTELES/on_marvellous_things_heard/e/1/140/text/1,https://www.wikidata.org/wiki/Q1579196,Naxos,0.4644,wikidata
http://ns.inria.fr/zoomathia/PS-ARISTOTELES/on_marvellous_things_heard/e/1/140/text/1,http://dbpedia.org/resource/Wasp,wasps,0.9991451850983278,DBpedia
http://ns.inria.fr/zoomathia/PS-ARISTOTELES/on_marvellous_things_heard/e/1/140/text/1,http://dbpedia.org/resource/Naxos,Naxos,0.999164232515489,DBpedia
http://ns.inria.fr/zoomathia/PS-ARISTOTELES/on_marvellous_things_heard/e/1/140/text/1,http://dbpedia.org/resource/Viperidae,adder,0.8778854210100382,DBpedia
http://ns.inria.fr/zoomathia/PS-ARISTOTELES/on_marvellous_things_heard/e/1/140/text/1,http://dbpedia.org/resource/Flesh,flesh,0.9621120891764187,DBpedia
http://ns.inria.fr/zoomathia/PS-ARISTOTELES/on_marvellous_things_heard/e/1/140/text/1,http://dbpedia.org/resource/Partial_derivative,partial,0.7052174438047905,DBpedia
http://ns.inria.fr/zoomathia/PS-ARISTOTELES/on_marvellous_things_heard/e/1/140/text/1,http://dbpedia.org/resource/Stinger,sting,0.9987299644470841,DBpedia
http://ns.inria.fr/zoomathia/PS-ARISTOTELES/on_marvellous_things_heard/e/1/140/text/1,http://dbpedia.org/resource/Produce,produce,0.7550965447392631,DBpedia
http://ns.inria.fr/zoomathia/PS-ARISTOTELES/on_marvellous_things_heard/e/1/140/text/1,http://dbpedia.org/resource/Pain,pain,0.9999248959603264,DBpedia
http://ns.inria.fr/zoomathia/PS-ARISTOTELES/on_marvellous_things_heard/e/1/140/text/1,http://dbpedia.org/resource/Stinger,sting,0.9987299644470841,DBpedia
http://ns.inria.fr/zoomathia/PS-ARISTOTELES/on_marvellous_things_heard/e/1/140/text/1,http://dbpedia.org/resource/Viperidae,adder,0.8778854210100382,DBpedia
http://ns.inria.fr/zoomathia/PS-ARISTOTELES/on_marvellous_things_heard/e/1/140/text/1,http://dbpedia.org/resource/Snakebite,bite,0.4262230046853719,DBpedia
http://ns.inria.fr/zoomathia/PS-ARISTOTELES/on_marvellous_things_heard/e/1/142/text/1,https://opentheso.huma-num.fr/?idc=106259&idt=th310,snake,1,zoomathia_match
http://ns.inria.fr/zoomathia/PS-ARISTOTELES/on_marvellous_things_heard/e/1/142/text/1,https://opentheso.huma-num.fr/?idc=107842&idt=th310,Cyprus,1,zoomathia_match
http://ns.inria.fr/zoomathia/PS-ARISTOTELES/on_marvellous_things_heard/e/1/142/text/1,https://opentheso.huma-num.fr/?idc=106969&idt=th310,asp,1,zoomathia_match
http://ns.inria.fr/zoomathia/PS-ARISTOTELES/on_marvellous_things_heard/e/1/142/text/1,https://opentheso.huma-num.fr/?idc=105616&idt=th310,bites,1,zoomathia_match
http://ns.inria.fr/zoomathia/PS-ARISTOTELES/on_marvellous_things_heard/e/1/142/text/1,https://opentheso.huma-num.fr/?idc=105657&idt=th310,winter,1,zoomathia_match
http://ns.inria.fr/zoomathia/PS-ARISTOTELES/on_marvellous_things_heard/e/1/142/text/1,https://opentheso.huma-num.fr/?idc=105428&idt=th310,reason,1,zoomathia_match
http://ns.inria.fr/zoomathia/PS-ARISTOTELES/on_marvellous_things_heard/e/1/142/text/1,https://opentheso.huma-num.fr/?idc=105645&idt=th310,cold,1,zoomathia_match
http://ns.inria.fr/zoomathia/PS-ARISTOTELES/on_marvellous_things_heard/e/1/142/text/1,https://opentheso.huma-num.fr/?idc=105646&idt=th310,warmed,1,zoomathia_match
http://ns.inria.fr/zoomathia/PS-ARISTOTELES/on_marvellous_things_heard/e/1/142/text/1,https://www.wikidata.org/wiki/Q1785592,Curium,0.4601,wikidata
http://ns.inria.fr/zoomathia/PS-ARISTOTELES/on_marvellous_things_heard/e/1/142/text/1,https://www.wikidata.org/wiki/Q229,Cyprus,0.4575,wikidata
http://ns.inria.fr/zoomathia/PS-ARISTOTELES/on_marvellous_things_heard/e/1/142/text/1,https://www.wikidata.org/wiki/Q79,Egypt,0.4625,wikidata
http://ns.inria.fr/zoomathia/PS-ARISTOTELES/on_marvellous_things_heard/e/1/142/text/1,https://www.wikidata.org/wiki/Q18701652,the winter,0.3263,wikidata
http://ns.inria.fr/zoomathia/PS-ARISTOTELES/on_marvellous_things_heard/e/1/142/text/1,http://dbpedia.org/resource/Kindness,kind,0.6038936852580127,DBpedia
http://ns.inria.fr/zoomathia/PS-ARISTOTELES/on_marvellous_things_heard/e/1/142/text/1,http://dbpedia.org/resource/Snake,snake,0.9999999700663698,DBpedia
http://ns.inria.fr/zoomathia/PS-ARISTOTELES/on_marvellous_things_heard/e/1/142/text/1,http://dbpedia.org/resource/Curium,Curium,0.9429760742683395,DBpedia
http://ns.inria.fr/zoomathia/PS-ARISTOTELES/on_marvellous_things_heard/e/1/142/text/1,http://dbpedia.org/resource/Cyprus,Cyprus,0.9996449792078548,DBpedia
http://ns.inria.fr/zoomathia/PS-ARISTOTELES/on_marvellous_things_heard/e/1/142/text/1,http://dbpedia.org/resource/Electric_power,power,0.7090538619737339,DBpedia
http://ns.inria.fr/zoomathia/PS-ARISTOTELES/on_marvellous_things_heard/e/1/142/text/1,http://dbpedia.org/resource/Vipera_aspis,asp,0.9916362766129544,DBpedia
http://ns.inria.fr/zoomathia/PS-ARISTOTELES/on_marvellous_things_heard/e/1/142/text/1,http://dbpedia.org/resource/Egypt,Egypt,0.9583348437660133,DBpedia
http://ns.inria.fr/zoomathia/PS-ARISTOTELES/on_marvellous_things_heard/e/1/142/text/1,http://dbpedia.org/resource/Snakebite,bites,0.9980834353139444,DBpedia
http://ns.inria.fr/zoomathia/PS-ARISTOTELES/on_marvellous_things_heard/e/1/142/text/1,http://dbpedia.org/resource/Winter,winter,0.9960281791111263,DBpedia
http://ns.inria.fr/zoomathia/PS-ARISTOTELES/on_marvellous_things_heard/e/1/142/text/1,http://dbpedia.org/resource/Reason,reason,0.9999051884169692,DBpedia
http://ns.inria.fr/zoomathia/PS-ARISTOTELES/on_marvellous_things_heard/e/1/142/text/1,http://dbpedia.org/resource/Animal,animal,0.9999169784017955,DBpedia
http://ns.inria.fr/zoomathia/PS-ARISTOTELES/on_marvellous_things_heard/e/1/142/text/1,http://dbpedia.org/resource/Anesthesia,numbed,0.999999902085681,DBpedia
http://ns.inria.fr/zoomathia/PS-ARISTOTELES/on_marvellous_things_heard/e/1/142/text/1,http://dbpedia.org/resource/Common_cold,cold,0.4816223449933012,DBpedia
http://ns.inria.fr/zoomathia/PS-ARISTOTELES/on_marvellous_things_heard/e/1/142/text/1,http://dbpedia.org/resource/Powerless_(TV_series),powerless,0.6915240106989333,DBpedia
http://ns.inria.fr/zoomathia/PS-ARISTOTELES/on_marvellous_things_heard/e/1/144/text/1,https://opentheso.huma-num.fr/?idc=pcrthfL6xAv1h6&idt=th310,Mysia,1,zoomathia_match
http://ns.inria.fr/zoomathia/PS-ARISTOTELES/on_marvellous_things_heard/e/1/144/text/1,https://opentheso.huma-num.fr/?idc=108030&idt=th310,white,1,zoomathia_match
http://ns.inria.fr/zoomathia/PS-ARISTOTELES/on_marvellous_things_heard/e/1/144/text/1,https://opentheso.huma-num.fr/?idc=108022&idt=th310,white bear,1,zoomathia_match
http://ns.inria.fr/zoomathia/PS-ARISTOTELES/on_marvellous_things_heard/e/1/144/text/1,https://opentheso.huma-num.fr/?idc=pcrtGm7ZMfoQrc&idt=th310,bear,1,zoomathia_match
http://ns.inria.fr/zoomathia/PS-ARISTOTELES/on_marvellous_things_heard/e/1/144/text/1,https://opentheso.huma-num.fr/?idc=105260&idt=th310,breath,1,zoomathia_match
http://ns.inria.fr/zoomathia/PS-ARISTOTELES/on_marvellous_things_heard/e/1/144/text/1,https://opentheso.huma-num.fr/?idc=105975&idt=th310,flesh,1,zoomathia_match
http://ns.inria.fr/zoomathia/PS-ARISTOTELES/on_marvellous_things_heard/e/1/144/text/1,https://opentheso.huma-num.fr/?idc=pcrt4v7jKE3TVw&idt=th310,dogs,1,zoomathia_match
http://ns.inria.fr/zoomathia/PS-ARISTOTELES/on_marvellous_things_heard/e/1/144/text/1,https://opentheso.huma-num.fr/?idc=105131&idt=th310,mouths,1,zoomathia_match
http://ns.inria.fr/zoomathia/PS-ARISTOTELES/on_marvellous_things_heard/e/1/144/text/1,https://opentheso.huma-num.fr/?idc=105193&idt=th310,phlegm,1,zoomathia_match
http://ns.inria.fr/zoomathia/PS-ARISTOTELES/on_marvellous_things_heard/e/1/144/text/1,https://opentheso.huma-num.fr/?idc=pcrthTAMawVNg8&idt=th310,faces,1,zoomathia_match
http://ns.inria.fr/zoomathia/PS-ARISTOTELES/on_marvellous_things_heard/e/1/144/text/1,https://opentheso.huma-num.fr/?idc=106018&idt=th310,faces,1,zoomathia_match
http://ns.inria.fr/zoomathia/PS-ARISTOTELES/on_marvellous_things_heard/e/1/144/text/1,https://opentheso.huma-num.fr/?idc=pcrt4v7jKE3TVw&idt=th310,dogs,1,zoomathia_match
http://ns.inria.fr/zoomathia/PS-ARISTOTELES/on_marvellous_things_heard/e/1/144/text/1,https://opentheso.huma-num.fr/?idc=pcrt0WrjgPTs33&idt=th310,men,1,zoomathia_match
http://ns.inria.fr/zoomathia/PS-ARISTOTELES/on_marvellous_things_heard/e/1/144/text/1,https://www.wikidata.org/wiki/Q622319,Mysia,0.4516,wikidata
http://ns.inria.fr/zoomathia/PS-ARISTOTELES/on_marvellous_things_heard/e/1/144/text/1,http://dbpedia.org/resource/Mysia,Mysia,0.9999645529318005,DBpedia
http://ns.inria.fr/zoomathia/PS-ARISTOTELES/on_marvellous_things_heard/e/1/144/text/1,http://dbpedia.org/resource/Species,species,0.9999537438253013,DBpedia
http://ns.inria.fr/zoomathia/PS-ARISTOTELES/on_marvellous_things_heard/e/1/144/text/1,http://dbpedia.org/resource/Kermode_bear,white bear,0.999999997766281,DBpedia
http://ns.inria.fr/zoomathia/PS-ARISTOTELES/on_marvellous_things_heard/e/1/144/text/1,http://dbpedia.org/resource/Fouling,foul,0.938503779972458,DBpedia
http://ns.inria.fr/zoomathia/PS-ARISTOTELES/on_marvellous_things_heard/e/1/144/text/1,http://dbpedia.org/resource/Breathing,breath,0.9999924506093589,DBpedia
http://ns.inria.fr/zoomathia/PS-ARISTOTELES/on_marvellous_things_heard/e/1/144/text/1,http://dbpedia.org/resource/Hunting,hunted,0.9576018013617702,DBpedia
http://ns.inria.fr/zoomathia/PS-ARISTOTELES/on_marvellous_things_heard/e/1/144/text/1,http://dbpedia.org/resource/Flesh,flesh,0.9999995768634207,DBpedia
http://ns.inria.fr/zoomathia/PS-ARISTOTELES/on_marvellous_things_heard/e/1/144/text/1,http://dbpedia.org/resource/Dog,dogs,0.996528611359244,DBpedia
http://ns.inria.fr/zoomathia/PS-ARISTOTELES/on_marvellous_things_heard/e/1/144/text/1,http://dbpedia.org/resource/Decomposition,decompose,0.9998624349915809,DBpedia
http://ns.inria.fr/zoomathia/PS-ARISTOTELES/on_marvellous_things_heard/e/1/144/text/1,http://dbpedia.org/resource/Natural_kind,kinds,0.900611566702263,DBpedia
http://ns.inria.fr/zoomathia/PS-ARISTOTELES/on_marvellous_things_heard/e/1/144/text/1,http://dbpedia.org/resource/Animal,animals,0.9979507711677285,DBpedia
http://ns.inria.fr/zoomathia/PS-ARISTOTELES/on_marvellous_things_heard/e/1/144/text/1,http://dbpedia.org/resource/Close_vowel,close,0.5688259849385544,DBpedia
http://ns.inria.fr/zoomathia/PS-ARISTOTELES/on_marvellous_things_heard/e/1/144/text/1,http://dbpedia.org/resource/River_mouth,mouths,0.9962462280856627,DBpedia
http://ns.inria.fr/zoomathia/PS-ARISTOTELES/on_marvellous_things_heard/e/1/144/text/1,http://dbpedia.org/resource/Quantity,quantity,0.9533514551071784,DBpedia
http://ns.inria.fr/zoomathia/PS-ARISTOTELES/on_marvellous_things_heard/e/1/144/text/1,http://dbpedia.org/resource/Phlegm,phlegm,1.0,DBpedia
http://ns.inria.fr/zoomathia/PS-ARISTOTELES/on_marvellous_things_heard/e/1/144/text/1,http://dbpedia.org/resource/Professional_wrestling_strikes,blows,0.999999721794136,DBpedia
http://ns.inria.fr/zoomathia/PS-ARISTOTELES/on_marvellous_things_heard/e/1/144/text/1,http://dbpedia.org/resource/Face,faces,0.9744186781079851,DBpedia
http://ns.inria.fr/zoomathia/PS-ARISTOTELES/on_marvellous_things_heard/e/1/144/text/1,http://dbpedia.org/resource/Dog,dogs,0.996528611359244,DBpedia
http://ns.inria.fr/zoomathia/PS-ARISTOTELES/on_marvellous_things_heard/e/1/144/text/1,http://dbpedia.org/resource/Man,men,0.9857175352629577,DBpedia
http://ns.inria.fr/zoomathia/PS-ARISTOTELES/on_marvellous_things_heard/e/1/144/text/1,http://dbpedia.org/resource/Alike,alike,0.999999999996362,DBpedia
http://ns.inria.fr/zoomathia/PS-ARISTOTELES/on_marvellous_things_heard/e/1/144/text/1,http://dbpedia.org/resource/Choking,choke,0.8488592327221371,DBpedia
http://ns.inria.fr/zoomathia/PS-ARISTOTELES/on_marvellous_things_heard/e/1/144/text/1,http://dbpedia.org/resource/Visual_impairment,blind,0.9876628372789474,DBpedia
http://ns.inria.fr/zoomathia/PS-ARISTOTELES/on_marvellous_things_heard/e/1/145/text/1,https://opentheso.huma-num.fr/?idc=107800&idt=th310,Arabia,1,zoomathia_match
http://ns.inria.fr/zoomathia/PS-ARISTOTELES/on_marvellous_things_heard/e/1/145/text/1,https://opentheso.huma-num.fr/?idc=pcrtLnUS9cADfI&idt=th310,sees,1,zoomathia_match
http://ns.inria.fr/zoomathia/PS-ARISTOTELES/on_marvellous_things_heard/e/1/145/text/1,https://opentheso.huma-num.fr/?idc=pcrt0WrjgPTs33&idt=th310,man,1,zoomathia_match
http://ns.inria.fr/zoomathia/PS-ARISTOTELES/on_marvellous_things_heard/e/1/145/text/1,https://opentheso.huma-num.fr/?idc=pcrt4v7jKE3TVw&idt=th310,dogs,1,zoomathia_match
http://ns.inria.fr/zoomathia/PS-ARISTOTELES/on_marvellous_things_heard/e/1/145/text/1,https://www.wikidata.org/wiki/Q31945,Arabia,0.4107,wikidata
http://ns.inria.fr/zoomathia/PS-ARISTOTELES/on_marvellous_things_heard/e/1/145/text/1,http://dbpedia.org/resource/Arabian_Peninsula,Arabia,0.9696830890995495,DBpedia
http://ns.inria.fr/zoomathia/PS-ARISTOTELES/on_marvellous_things_heard/e/1/145/text/1,http://dbpedia.org/resource/Species,species,0.9999997741888336,DBpedia
http://ns.inria.fr/zoomathia/PS-ARISTOTELES/on_marvellous_things_heard/e/1/145/text/1,http://dbpedia.org/resource/Hyaena,hyaena,0.9999999999928377,DBpedia
http://ns.inria.fr/zoomathia/PS-ARISTOTELES/on_marvellous_things_heard/e/1/145/text/1,http://dbpedia.org/resource/Animal,beast,0.5972305755733304,DBpedia
http://ns.inria.fr/zoomathia/PS-ARISTOTELES/on_marvellous_things_heard/e/1/145/text/1,http://dbpedia.org/resource/Shadow,shadow,0.9955143871658498,DBpedia
http://ns.inria.fr/zoomathia/PS-ARISTOTELES/on_marvellous_things_heard/e/1/145/text/1,http://dbpedia.org/resource/Human,man,0.9026025066902741,DBpedia
http://ns.inria.fr/zoomathia/PS-ARISTOTELES/on_marvellous_things_heard/e/1/145/text/1,http://dbpedia.org/resource/Record_producer,produces,0.8269853068509965,DBpedia
http://ns.inria.fr/zoomathia/PS-ARISTOTELES/on_marvellous_things_heard/e/1/145/text/1,http://dbpedia.org/resource/Paralysis,paralysis,0.8954766115871009,DBpedia
http://ns.inria.fr/zoomathia/PS-ARISTOTELES/on_marvellous_things_heard/e/1/145/text/1,http://dbpedia.org/resource/Lost_film,impossible,0.8277349378778618,DBpedia
http://ns.inria.fr/zoomathia/PS-ARISTOTELES/on_marvellous_things_heard/e/1/145/text/1,http://dbpedia.org/resource/Human_body,body,0.971578972274917,DBpedia
http://ns.inria.fr/zoomathia/PS-ARISTOTELES/on_marvellous_things_heard/e/1/145/text/1,http://dbpedia.org/resource/Dog,dogs,0.9999663652333038,DBpedia
http://ns.inria.fr/zoomathia/PS-ARISTOTELES/on_marvellous_things_heard/e/1/146/text/1,https://opentheso.huma-num.fr/?idc=107826&idt=th310,Syria,1,zoomathia_match
http://ns.inria.fr/zoomathia/PS-ARISTOTELES/on_marvellous_things_heard/e/1/146/text/1,https://opentheso.huma-num.fr/?idc=pcrt5TAeZsO7W4&idt=th310,lion,1,zoomathia_match
http://ns.inria.fr/zoomathia/PS-ARISTOTELES/on_marvellous_things_heard/e/1/146/text/1,https://opentheso.huma-num.fr/?idc=pcrt5TAeZsO7W4&idt=th310,lion,1,zoomathia_match
http://ns.inria.fr/zoomathia/PS-ARISTOTELES/on_marvellous_things_heard/e/1/146/text/1,https://opentheso.huma-num.fr/?idc=pcrt5TAeZsO7W4&idt=th310,lion,1,zoomathia_match
http://ns.inria.fr/zoomathia/PS-ARISTOTELES/on_marvellous_things_heard/e/1/146/text/1,https://opentheso.huma-num.fr/?idc=105310&idt=th310,hunters,1,zoomathia_match
http://ns.inria.fr/zoomathia/PS-ARISTOTELES/on_marvellous_things_heard/e/1/146/text/1,https://opentheso.huma-num.fr/?idc=108030&idt=th310,white,1,zoomathia_match
http://ns.inria.fr/zoomathia/PS-ARISTOTELES/on_marvellous_things_heard/e/1/146/text/1,https://opentheso.huma-num.fr/?idc=pcrtDm4SzIGTiV&idt=th310,meal,1,zoomathia_match
http://ns.inria.fr/zoomathia/PS-ARISTOTELES/on_marvellous_things_heard/e/1/146/text/1,https://opentheso.huma-num.fr/?idc=105581&idt=th310,cook,1,zoomathia_match
http://ns.inria.fr/zoomathia/PS-ARISTOTELES/on_marvellous_things_heard/e/1/146/text/1,https://opentheso.huma-num.fr/?idc=105404&idt=th310,tasting,1,zoomathia_match
http://ns.inria.fr/zoomathia/PS-ARISTOTELES/on_marvellous_things_heard/e/1/146/text/1,https://opentheso.huma-num.fr/?idc=pcrt5TAeZsO7W4&idt=th310,lion,1,zoomathia_match
http://ns.inria.fr/zoomathia/PS-ARISTOTELES/on_marvellous_things_heard/e/1/146/text/1,https://opentheso.huma-num.fr/?idc=107576&idt=th310,water,1,zoomathia_match
http://ns.inria.fr/zoomathia/PS-ARISTOTELES/on_marvellous_things_heard/e/1/146/text/1,https://www.wikidata.org/wiki/Q858,Syria,0.4505,wikidata
http://ns.inria.fr/zoomathia/PS-ARISTOTELES/on_marvellous_things_heard/e/1/146/text/1,http://dbpedia.org/resource/Syria,Syria,0.9990754220082982,DBpedia
http://ns.inria.fr/zoomathia/PS-ARISTOTELES/on_marvellous_things_heard/e/1/146/text/1,http://dbpedia.org/resource/Animal,beast,0.9380611085373572,DBpedia
http://ns.inria.fr/zoomathia/PS-ARISTOTELES/on_marvellous_things_heard/e/1/146/text/1,http://dbpedia.org/resource/Adhan,called,0.5709758086576195,DBpedia
http://ns.inria.fr/zoomathia/PS-ARISTOTELES/on_marvellous_things_heard/e/1/146/text/1,http://dbpedia.org/resource/Death,dies,0.9960197384187639,DBpedia
http://ns.inria.fr/zoomathia/PS-ARISTOTELES/on_marvellous_things_heard/e/1/146/text/1,http://dbpedia.org/resource/Eating,eats,0.893857600937665,DBpedia
http://ns.inria.fr/zoomathia/PS-ARISTOTELES/on_marvellous_things_heard/e/1/146/text/1,http://dbpedia.org/resource/Animal,animal,0.978436272243088,DBpedia
http://ns.inria.fr/zoomathia/PS-ARISTOTELES/on_marvellous_things_heard/e/1/146/text/1,http://dbpedia.org/resource/Hunting,hunters,0.9980037479160604,DBpedia
http://ns.inria.fr/zoomathia/PS-ARISTOTELES/on_marvellous_things_heard/e/1/146/text/1,http://dbpedia.org/resource/Caught,catch,0.5655260285813911,DBpedia
http://ns.inria.fr/zoomathia/PS-ARISTOTELES/on_marvellous_things_heard/e/1/146/text/1,http://dbpedia.org/resource/Animal,animal,0.978436272243088,DBpedia
http://ns.inria.fr/zoomathia/PS-ARISTOTELES/on_marvellous_things_heard/e/1/146/text/1,http://dbpedia.org/resource/White_people,white,0.6968974783530497,DBpedia
http://ns.inria.fr/zoomathia/PS-ARISTOTELES/on_marvellous_things_heard/e/1/146/text/1,http://dbpedia.org/resource/Cooking,cook,0.9905662778795378,DBpedia
http://ns.inria.fr/zoomathia/PS-ARISTOTELES/on_marvellous_things_heard/e/1/146/text/1,http://dbpedia.org/resource/Animal,animal,0.978436272243088,DBpedia
http://ns.inria.fr/zoomathia/PS-ARISTOTELES/on_marvellous_things_heard/e/1/146/text/1,http://dbpedia.org/resource/Taste,tasting,0.9968662248469051,DBpedia
http://ns.inria.fr/zoomathia/PS-ARISTOTELES/on_marvellous_things_heard/e/1/146/text/1,http://dbpedia.org/resource/Death,die,0.579007566284512,DBpedia
http://ns.inria.fr/zoomathia/PS-ARISTOTELES/on_marvellous_things_heard/e/1/146/text/1,http://dbpedia.org/resource/Animal,beast,0.9380611085373572,DBpedia
http://ns.inria.fr/zoomathia/PS-ARISTOTELES/on_marvellous_things_heard/e/1/146/text/1,http://dbpedia.org/resource/Roundel,hurts,0.9999351987193678,DBpedia
http://ns.inria.fr/zoomathia/PS-ARISTOTELES/on_marvellous_things_heard/e/1/146/text/1,http://dbpedia.org/resource/Water,water,0.9996224388313633,DBpedia
http://ns.inria.fr/zoomathia/PS-ARISTOTELES/on_marvellous_things_heard/e/1/147/text/1,https://opentheso.huma-num.fr/?idc=108042&idt=th310,Vultures,1,zoomathia_match
http://ns.inria.fr/zoomathia/PS-ARISTOTELES/on_marvellous_things_heard/e/1/147/text/1,https://www.wikidata.org/wiki/Q135738,Vultures,0.352,wikidata
http://ns.inria.fr/zoomathia/PS-ARISTOTELES/on_marvellous_things_heard/e/1/147/text/1,http://dbpedia.org/resource/Vulture,Vultures,0.9999994348761054,DBpedia
http://ns.inria.fr/zoomathia/PS-ARISTOTELES/on_marvellous_things_heard/e/1/147/text/1,http://dbpedia.org/resource/Dice,die,0.9034764765631114,DBpedia
http://ns.inria.fr/zoomathia/PS-ARISTOTELES/on_marvellous_things_heard/e/1/147/text/1,http://dbpedia.org/resource/Odor,scent,0.7737506220422642,DBpedia
http://ns.inria.fr/zoomathia/PS-ARISTOTELES/on_marvellous_things_heard/e/1/147/text/1,http://dbpedia.org/resource/Myrrh,myrrh,0.9999999992591313,DBpedia
http://ns.inria.fr/zoomathia/PS-ARISTOTELES/on_marvellous_things_heard/e/1/147/text/1,http://dbpedia.org/resource/Smear_campaign,smears,0.9999991265460557,DBpedia
http://ns.inria.fr/zoomathia/PS-ARISTOTELES/on_marvellous_things_heard/e/1/147/text/1,http://dbpedia.org/resource/Steeping,steeped,0.9999964328580078,DBpedia
http://ns.inria.fr/zoomathia/PS-ARISTOTELES/on_marvellous_things_heard/e/1/147/text/1,http://dbpedia.org/resource/Myrrh,myrrh,0.9999999992591313,DBpedia
http://ns.inria.fr/zoomathia/PS-ARISTOTELES/on_marvellous_things_heard/e/1/147/text/1,http://dbpedia.org/resource/Eat_(restaurant),eat.,0.9999970395850875,DBpedia
http://ns.inria.fr/zoomathia/PS-ARISTOTELES/on_marvellous_things_heard/e/1/147/text/1,http://dbpedia.org/resource/Beetle,beetles,0.9998882758186531,DBpedia
http://ns.inria.fr/zoomathia/PS-ARISTOTELES/on_marvellous_things_heard/e/1/147/text/1,http://dbpedia.org/resource/Dice,die,0.9034764765631114,DBpedia
http://ns.inria.fr/zoomathia/PS-ARISTOTELES/on_marvellous_things_heard/e/1/147/text/1,http://dbpedia.org/resource/Odor,scent,0.7737506220422642,DBpedia
http://ns.inria.fr/zoomathia/PS-ARISTOTELES/on_marvellous_things_heard/e/1/147/text/1,http://dbpedia.org/resource/Rose,roses,0.9966759473989529,DBpedia
http://ns.inria.fr/zoomathia/PS-ARISTOTELES/on_marvellous_things_heard/e/1/148/text/1,https://opentheso.huma-num.fr/?idc=107792&idt=th310,Sicily,1,zoomathia_match
http://ns.inria.fr/zoomathia/PS-ARISTOTELES/on_marvellous_things_heard/e/1/148/text/1,https://opentheso.huma-num.fr/?idc=105718&idt=th310,Italy,1,zoomathia_match
http://ns.inria.fr/zoomathia/PS-ARISTOTELES/on_marvellous_things_heard/e/1/148/text/1,https://opentheso.huma-num.fr/?idc=105616&idt=th310,bite,1,zoomathia_match
http://ns.inria.fr/zoomathia/PS-ARISTOTELES/on_marvellous_things_heard/e/1/148/text/1,https://opentheso.huma-num.fr/?idc=5045&idt=th310,lizard,1,zoomathia_match
http://ns.inria.fr/zoomathia/PS-ARISTOTELES/on_marvellous_things_heard/e/1/148/text/1,https://opentheso.huma-num.fr/?idc=5071&idt=th310,mouse,1,zoomathia_match
http://ns.inria.fr/zoomathia/PS-ARISTOTELES/on_marvellous_things_heard/e/1/148/text/1,https://opentheso.huma-num.fr/?idc=105616&idt=th310,bites,1,zoomathia_match
http://ns.inria.fr/zoomathia/PS-ARISTOTELES/on_marvellous_things_heard/e/1/148/text/1,https://opentheso.huma-num.fr/?idc=106471&idt=th310,death,1,zoomathia_match
http://ns.inria.fr/zoomathia/PS-ARISTOTELES/on_marvellous_things_heard/e/1/148/text/1,https://www.wikidata.org/wiki/Q1460,Sicily,0.4505,wikidata
http://ns.inria.fr/zoomathia/PS-ARISTOTELES/on_marvellous_things_heard/e/1/148/text/1,https://www.wikidata.org/wiki/Q38,Italy,0.4622,wikidata
http://ns.inria.fr/zoomathia/PS-ARISTOTELES/on_marvellous_things_heard/e/1/148/text/1,http://dbpedia.org/resource/Sicily,Sicily,0.9966963697147039,DBpedia
http://ns.inria.fr/zoomathia/PS-ARISTOTELES/on_marvellous_things_heard/e/1/148/text/1,http://dbpedia.org/resource/Italy,Italy,0.9970355202274466,DBpedia
http://ns.inria.fr/zoomathia/PS-ARISTOTELES/on_marvellous_things_heard/e/1/148/text/1,http://dbpedia.org/resource/Snakebite,bite,0.9144384913597472,DBpedia
http://ns.inria.fr/zoomathia/PS-ARISTOTELES/on_marvellous_things_heard/e/1/148/text/1,http://dbpedia.org/resource/Spotted_hyena,spotted,0.7812182107612463,DBpedia
http://ns.inria.fr/zoomathia/PS-ARISTOTELES/on_marvellous_things_heard/e/1/148/text/1,http://dbpedia.org/resource/Lizard,lizard,0.9999823885098504,DBpedia
http://ns.inria.fr/zoomathia/PS-ARISTOTELES/on_marvellous_things_heard/e/1/148/text/1,http://dbpedia.org/resource/Mostly_Harmless,harmless,0.9734235236032082,DBpedia
http://ns.inria.fr/zoomathia/PS-ARISTOTELES/on_marvellous_things_heard/e/1/148/text/1,http://dbpedia.org/resource/Slighting,slight,0.999994558991455,DBpedia
http://ns.inria.fr/zoomathia/PS-ARISTOTELES/on_marvellous_things_heard/e/1/148/text/1,http://dbpedia.org/resource/Kindness,kind,0.7510179777757051,DBpedia
http://ns.inria.fr/zoomathia/PS-ARISTOTELES/on_marvellous_things_heard/e/1/148/text/1,http://dbpedia.org/resource/Mouse,mouse,0.9990168110601292,DBpedia
http://ns.inria.fr/zoomathia/PS-ARISTOTELES/on_marvellous_things_heard/e/1/148/text/1,http://dbpedia.org/resource/Snakebite,bites,0.9822237316395911,DBpedia
http://ns.inria.fr/zoomathia/PS-ARISTOTELES/on_marvellous_things_heard/e/1/149/text/1,https://opentheso.huma-num.fr/?idc=pcrtH1FhRBDPzP&idt=th310,Mesopotamia,1,zoomathia_match
http://ns.inria.fr/zoomathia/PS-ARISTOTELES/on_marvellous_things_heard/e/1/149/text/1,https://opentheso.huma-num.fr/?idc=107826&idt=th310,Syria,1,zoomathia_match
http://ns.inria.fr/zoomathia/PS-ARISTOTELES/on_marvellous_things_heard/e/1/149/text/1,https://opentheso.huma-num.fr/?idc=106259&idt=th310,snake,1,zoomathia_match
http://ns.inria.fr/zoomathia/PS-ARISTOTELES/on_marvellous_things_heard/e/1/149/text/1,https://opentheso.huma-num.fr/?idc=105616&idt=th310,bite,1,zoomathia_match
http://ns.inria.fr/zoomathia/PS-ARISTOTELES/on_marvellous_things_heard/e/1/149/text/1,https://www.wikidata.org/wiki/Q11767,Mesopotamia,0.4531,wikidata
http://ns.inria.fr/zoomathia/PS-ARISTOTELES/on_marvellous_things_heard/e/1/149/text/1,https://www.wikidata.org/wiki/Q858,Syria,0.4505,wikidata
http://ns.inria.fr/zoomathia/PS-ARISTOTELES/on_marvellous_things_heard/e/1/149/text/1,http://dbpedia.org/resource/Mesopotamia,Mesopotamia,0.9996490672239362,DBpedia
http://ns.inria.fr/zoomathia/PS-ARISTOTELES/on_marvellous_things_heard/e/1/149/text/1,http://dbpedia.org/resource/Syria,Syria,0.9975978874587071,DBpedia
http://ns.inria.fr/zoomathia/PS-ARISTOTELES/on_marvellous_things_heard/e/1/149/text/1,http://dbpedia.org/resource/Istrus_(mythology),Istrus,0.901122194566721,DBpedia
http://ns.inria.fr/zoomathia/PS-ARISTOTELES/on_marvellous_things_heard/e/1/149/text/1,http://dbpedia.org/resource/Snake,snake,0.9999977746310583,DBpedia
http://ns.inria.fr/zoomathia/PS-ARISTOTELES/on_marvellous_things_heard/e/1/149/text/1,http://dbpedia.org/resource/Snakebite,bite,0.8695824818230984,DBpedia
http://ns.inria.fr/zoomathia/PS-ARISTOTELES/on_marvellous_things_heard/e/1/149/text/1,http://dbpedia.org/resource/Native_Americans_in_the_United_States,natives,0.4833781538356392,DBpedia
http://ns.inria.fr/zoomathia/PS-ARISTOTELES/on_marvellous_things_heard/e/1/149/text/1,http://dbpedia.org/resource/Harm,harm,0.8547878793414311,DBpedia
http://ns.inria.fr/zoomathia/PS-ARISTOTELES/on_marvellous_things_heard/e/1/149/text/1,http://dbpedia.org/resource/Stranger,strangers,0.999855549163092,DBpedia
http://ns.inria.fr/zoomathia/PS-ARISTOTELES/on_marvellous_things_heard/e/1/150/text/1,https://opentheso.huma-num.fr/?idc=105382&idt=th310,swim,1,zoomathia_match
http://ns.inria.fr/zoomathia/PS-ARISTOTELES/on_marvellous_things_heard/e/1/150/text/1,https://opentheso.huma-num.fr/?idc=105131&idt=th310,mouths,1,zoomathia_match
http://ns.inria.fr/zoomathia/PS-ARISTOTELES/on_marvellous_things_heard/e/1/150/text/1,https://opentheso.huma-num.fr/?idc=pcrtSaNDeLvKzS&idt=th310,banks,1,zoomathia_match
http://ns.inria.fr/zoomathia/PS-ARISTOTELES/on_marvellous_things_heard/e/1/150/text/1,https://opentheso.huma-num.fr/?idc=pcrtLnUS9cADfI&idt=th310,seen,1,zoomathia_match
http://ns.inria.fr/zoomathia/PS-ARISTOTELES/on_marvellous_things_heard/e/1/150/text/1,https://opentheso.huma-num.fr/?idc=105616&idt=th310,bite,1,zoomathia_match
http://ns.inria.fr/zoomathia/PS-ARISTOTELES/on_marvellous_things_heard/e/1/150/text/1,https://opentheso.huma-num.fr/?idc=pcrttqg6h4M4o5&idt=th310,Greeks,1,zoomathia_match
http://ns.inria.fr/zoomathia/PS-ARISTOTELES/on_marvellous_things_heard/e/1/150/text/1,https://www.wikidata.org/wiki/Q34589,Euphrates,0.9025,wikidata
http://ns.inria.fr/zoomathia/PS-ARISTOTELES/on_marvellous_things_heard/e/1/150/text/1,https://www.wikidata.org/wiki/Q18393189,Syrians,0.625,wikidata
http://ns.inria.fr/zoomathia/PS-ARISTOTELES/on_marvellous_things_heard/e/1/150/text/1,https://www.wikidata.org/wiki/Q11772,Greeks,0.7903,wikidata
http://ns.inria.fr/zoomathia/PS-ARISTOTELES/on_marvellous_things_heard/e/1/150/text/1,http://dbpedia.org/resource/Euphrates,Euphrates,0.9999938461905403,DBpedia
http://ns.inria.fr/zoomathia/PS-ARISTOTELES/on_marvellous_things_heard/e/1/150/text/1,http://dbpedia.org/resource/Swimming,swim,0.908293406340976,DBpedia
http://ns.inria.fr/zoomathia/PS-ARISTOTELES/on_marvellous_things_heard/e/1/150/text/1,http://dbpedia.org/resource/River_mouth,mouths,0.8875472190329714,DBpedia
http://ns.inria.fr/zoomathia/PS-ARISTOTELES/on_marvellous_things_heard/e/1/150/text/1,http://dbpedia.org/resource/Bank,banks,0.9983984525619369,DBpedia
http://ns.inria.fr/zoomathia/PS-ARISTOTELES/on_marvellous_things_heard/e/1/150/text/1,http://dbpedia.org/resource/Evening,evening,0.9943295285060065,DBpedia
http://ns.inria.fr/zoomathia/PS-ARISTOTELES/on_marvellous_things_heard/e/1/150/text/1,http://dbpedia.org/resource/Dawn,dawn,0.9999999409400875,DBpedia
http://ns.inria.fr/zoomathia/PS-ARISTOTELES/on_marvellous_things_heard/e/1/150/text/1,http://dbpedia.org/resource/Biting,bite,0.942173505752609,DBpedia
http://ns.inria.fr/zoomathia/PS-ARISTOTELES/on_marvellous_things_heard/e/1/150/text/1,http://dbpedia.org/resource/Syrians,Syrians,0.7747499362182577,DBpedia
http://ns.inria.fr/zoomathia/PS-ARISTOTELES/on_marvellous_things_heard/e/1/150/text/1,http://dbpedia.org/resource/Leisure,rest,0.9106785209807206,DBpedia
http://ns.inria.fr/zoomathia/PS-ARISTOTELES/on_marvellous_things_heard/e/1/150/text/1,http://dbpedia.org/resource/Refrain,refrain,0.9999995274403071,DBpedia
http://ns.inria.fr/zoomathia/PS-ARISTOTELES/on_marvellous_things_heard/e/1/150/text/1,http://dbpedia.org/resource/Greeks,Greeks,0.8728346165421498,DBpedia
http://ns.inria.fr/zoomathia/PS-ARISTOTELES/on_marvellous_things_heard/e/1/151/text/1,https://opentheso.huma-num.fr/?idc=106259&idt=th310,snake,1,zoomathia_match
http://ns.inria.fr/zoomathia/PS-ARISTOTELES/on_marvellous_things_heard/e/1/151/text/1,https://opentheso.huma-num.fr/?idc=105616&idt=th310,bites,1,zoomathia_match
http://ns.inria.fr/zoomathia/PS-ARISTOTELES/on_marvellous_things_heard/e/1/151/text/1,https://opentheso.huma-num.fr/?idc=105406&idt=th310,touches,1,zoomathia_match
http://ns.inria.fr/zoomathia/PS-ARISTOTELES/on_marvellous_things_heard/e/1/151/text/1,https://opentheso.huma-num.fr/?idc=105405&idt=th310,hear,1,zoomathia_match
http://ns.inria.fr/zoomathia/PS-ARISTOTELES/on_marvellous_things_heard/e/1/151/text/1,https://opentheso.huma-num.fr/?idc=105250&idt=th310,sound,1,zoomathia_match
http://ns.inria.fr/zoomathia/PS-ARISTOTELES/on_marvellous_things_heard/e/1/151/text/1,https://opentheso.huma-num.fr/?idc=106259&idt=th310,snakes,1,zoomathia_match
http://ns.inria.fr/zoomathia/PS-ARISTOTELES/on_marvellous_things_heard/e/1/151/text/1,https://opentheso.huma-num.fr/?idc=105974&idt=th310,vipers,1,zoomathia_match
http://ns.inria.fr/zoomathia/PS-ARISTOTELES/on_marvellous_things_heard/e/1/151/text/1,https://opentheso.huma-num.fr/?idc=106004&idt=th310,wild,1,zoomathia_match
http://ns.inria.fr/zoomathia/PS-ARISTOTELES/on_marvellous_things_heard/e/1/151/text/1,https://opentheso.huma-num.fr/?idc=105270&idt=th310,size,1,zoomathia_match
http://ns.inria.fr/zoomathia/PS-ARISTOTELES/on_marvellous_things_heard/e/1/151/text/1,https://opentheso.huma-num.fr/?idc=106471&idt=th310,death,1,zoomathia_match
http://ns.inria.fr/zoomathia/PS-ARISTOTELES/on_marvellous_things_heard/e/1/151/text/1,https://opentheso.huma-num.fr/?idc=106259&idt=th310,snake,1,zoomathia_match
http://ns.inria.fr/zoomathia/PS-ARISTOTELES/on_marvellous_things_heard/e/1/151/text/1,https://opentheso.huma-num.fr/?idc=105255&idt=th310,sleep,1,zoomathia_match
http://ns.inria.fr/zoomathia/PS-ARISTOTELES/on_marvellous_things_heard/e/1/151/text/1,https://opentheso.huma-num.fr/?idc=106259&idt=th310,snake,1,zoomathia_match
http://ns.inria.fr/zoomathia/PS-ARISTOTELES/on_marvellous_things_heard/e/1/151/text/1,https://www.wikidata.org/wiki/Q22807284,Thessaly,0.4516,wikidata
http://ns.inria.fr/zoomathia/PS-ARISTOTELES/on_marvellous_things_heard/e/1/151/text/1,https://www.wikidata.org/wiki/Q211285,Tenos,0.4424,wikidata
http://ns.inria.fr/zoomathia/PS-ARISTOTELES/on_marvellous_things_heard/e/1/151/text/1,https://www.wikidata.org/wiki/Q22807284,Thessalian,0.4588,wikidata
http://ns.inria.fr/zoomathia/PS-ARISTOTELES/on_marvellous_things_heard/e/1/151/text/1,http://dbpedia.org/resource/Thessaly,Thessaly,0.9992056273301663,DBpedia
http://ns.inria.fr/zoomathia/PS-ARISTOTELES/on_marvellous_things_heard/e/1/151/text/1,http://dbpedia.org/resource/Sacred,sacred,0.997763171949079,DBpedia
http://ns.inria.fr/zoomathia/PS-ARISTOTELES/on_marvellous_things_heard/e/1/151/text/1,http://dbpedia.org/resource/Snake,snake,0.999717148117486,DBpedia
http://ns.inria.fr/zoomathia/PS-ARISTOTELES/on_marvellous_things_heard/e/1/151/text/1,http://dbpedia.org/resource/Snakebite,bites,0.9991761962700001,DBpedia
http://ns.inria.fr/zoomathia/PS-ARISTOTELES/on_marvellous_things_heard/e/1/151/text/1,http://dbpedia.org/resource/Sound,sound,0.987092670783906,DBpedia
http://ns.inria.fr/zoomathia/PS-ARISTOTELES/on_marvellous_things_heard/e/1/151/text/1,http://dbpedia.org/resource/Snake,snakes,0.9994494916538635,DBpedia
http://ns.inria.fr/zoomathia/PS-ARISTOTELES/on_marvellous_things_heard/e/1/151/text/1,http://dbpedia.org/resource/Viperidae,vipers,0.9999886557711756,DBpedia
http://ns.inria.fr/zoomathia/PS-ARISTOTELES/on_marvellous_things_heard/e/1/151/text/1,http://dbpedia.org/resource/Wild_Beasts,wild beasts,0.9999999999998863,DBpedia
http://ns.inria.fr/zoomathia/PS-ARISTOTELES/on_marvellous_things_heard/e/1/151/text/1,http://dbpedia.org/resource/Tax_avoidance,avoid,0.9976002637793911,DBpedia
http://ns.inria.fr/zoomathia/PS-ARISTOTELES/on_marvellous_things_heard/e/1/151/text/1,http://dbpedia.org/resource/Great_Britain,great,0.8476991585720366,DBpedia
http://ns.inria.fr/zoomathia/PS-ARISTOTELES/on_marvellous_things_heard/e/1/151/text/1,http://dbpedia.org/resource/Moderate,moderate,0.971976871816192,DBpedia
http://ns.inria.fr/zoomathia/PS-ARISTOTELES/on_marvellous_things_heard/e/1/151/text/1,http://dbpedia.org/resource/Effect_size,size,0.8680899021484281,DBpedia
http://ns.inria.fr/zoomathia/PS-ARISTOTELES/on_marvellous_things_heard/e/1/151/text/1,http://dbpedia.org/resource/Tinos,Tenos,0.9999999999855618,DBpedia
http://ns.inria.fr/zoomathia/PS-ARISTOTELES/on_marvellous_things_heard/e/1/151/text/1,http://dbpedia.org/resource/Thessaly,Thessalian,0.9990119017165368,DBpedia
http://ns.inria.fr/zoomathia/PS-ARISTOTELES/on_marvellous_things_heard/e/1/151/text/1,http://dbpedia.org/resource/City,city,0.9983347745702768,DBpedia
http://ns.inria.fr/zoomathia/PS-ARISTOTELES/on_marvellous_things_heard/e/1/151/text/1,http://dbpedia.org/resource/Death,killed,0.9998959861806286,DBpedia
http://ns.inria.fr/zoomathia/PS-ARISTOTELES/on_marvellous_things_heard/e/1/151/text/1,http://dbpedia.org/resource/Woman,woman,0.9965060425591494,DBpedia
http://ns.inria.fr/zoomathia/PS-ARISTOTELES/on_marvellous_things_heard/e/1/151/text/1,http://dbpedia.org/resource/Manner_of_articulation,manner,0.9998735825393796,DBpedia
http://ns.inria.fr/zoomathia/PS-ARISTOTELES/on_marvellous_things_heard/e/1/151/text/1,http://dbpedia.org/resource/Woman,woman,0.9965060425591494,DBpedia
http://ns.inria.fr/zoomathia/PS-ARISTOTELES/on_marvellous_things_heard/e/1/151/text/1,http://dbpedia.org/resource/Circle,circle,0.9997503191275692,DBpedia
http://ns.inria.fr/zoomathia/PS-ARISTOTELES/on_marvellous_things_heard/e/1/151/text/1,http://dbpedia.org/resource/Earth,ground,0.9999813391565952,DBpedia
http://ns.inria.fr/zoomathia/PS-ARISTOTELES/on_marvellous_things_heard/e/1/151/text/1,http://dbpedia.org/resource/Golf_swing,putting,0.8976222334324345,DBpedia
http://ns.inria.fr/zoomathia/PS-ARISTOTELES/on_marvellous_things_heard/e/1/151/text/1,http://dbpedia.org/resource/Drug,drugs,0.5366078856454691,DBpedia
http://ns.inria.fr/zoomathia/PS-ARISTOTELES/on_marvellous_things_heard/e/1/151/text/1,http://dbpedia.org/resource/Circle,circle,0.9997503191275692,DBpedia
http://ns.inria.fr/zoomathia/PS-ARISTOTELES/on_marvellous_things_heard/e/1/151/text/1,http://dbpedia.org/resource/American_entry_into_World_War_I,entered,0.9393859663228884,DBpedia
http://ns.inria.fr/zoomathia/PS-ARISTOTELES/on_marvellous_things_heard/e/1/151/text/1,http://dbpedia.org/resource/Children_of_General_Hospital,son,0.7033479419167311,DBpedia
http://ns.inria.fr/zoomathia/PS-ARISTOTELES/on_marvellous_things_heard/e/1/151/text/1,http://dbpedia.org/resource/Pastiche,imitated,0.9998468911984302,DBpedia
http://ns.inria.fr/zoomathia/PS-ARISTOTELES/on_marvellous_things_heard/e/1/151/text/1,http://dbpedia.org/resource/Crying,cry,0.9843607846698569,DBpedia
http://ns.inria.fr/zoomathia/PS-ARISTOTELES/on_marvellous_things_heard/e/1/151/text/1,http://dbpedia.org/resource/Lion,creature,0.9842047100169167,DBpedia
http://ns.inria.fr/zoomathia/PS-ARISTOTELES/on_marvellous_things_heard/e/1/151/text/1,http://dbpedia.org/resource/Snake,snake,0.999717148117486,DBpedia
http://ns.inria.fr/zoomathia/PS-ARISTOTELES/on_marvellous_things_heard/e/1/151/text/1,http://dbpedia.org/resource/Woman,woman,0.9965060425591494,DBpedia
http://ns.inria.fr/zoomathia/PS-ARISTOTELES/on_marvellous_things_heard/e/1/151/text/1,http://dbpedia.org/resource/Sleepy_(novel),sleepy,0.8586704687943509,DBpedia
http://ns.inria.fr/zoomathia/PS-ARISTOTELES/on_marvellous_things_heard/e/1/151/text/1,http://dbpedia.org/resource/Scientific_control,control,0.7277694291481164,DBpedia
http://ns.inria.fr/zoomathia/PS-ARISTOTELES/on_marvellous_things_heard/e/1/151/text/1,http://dbpedia.org/resource/Children_of_General_Hospital,son,0.7033479419167311,DBpedia
http://ns.inria.fr/zoomathia/PS-ARISTOTELES/on_marvellous_things_heard/e/1/151/text/1,http://dbpedia.org/resource/Satya,sat,0.9909495064519831,DBpedia
http://ns.inria.fr/zoomathia/PS-ARISTOTELES/on_marvellous_things_heard/e/1/151/text/1,http://dbpedia.org/resource/Sexual_arousal,aroused,0.8493079763297139,DBpedia
http://ns.inria.fr/zoomathia/PS-ARISTOTELES/on_marvellous_things_heard/e/1/151/text/1,http://dbpedia.org/resource/Strike_action,striking,0.9783364306293374,DBpedia
http://ns.inria.fr/zoomathia/PS-ARISTOTELES/on_marvellous_things_heard/e/1/151/text/1,http://dbpedia.org/resource/Command_and_control,command,0.8536917001193639,DBpedia
http://ns.inria.fr/zoomathia/PS-ARISTOTELES/on_marvellous_things_heard/e/1/151/text/1,http://dbpedia.org/resource/Sleep,sleep,0.9994026926022017,DBpedia
http://ns.inria.fr/zoomathia/PS-ARISTOTELES/on_marvellous_things_heard/e/1/151/text/1,http://dbpedia.org/resource/Death,die,0.9982773591353359,DBpedia
http://ns.inria.fr/zoomathia/PS-ARISTOTELES/on_marvellous_things_heard/e/1/151/text/1,http://dbpedia.org/resource/Sexual_attraction,attracted,0.9982801570285852,DBpedia
http://ns.inria.fr/zoomathia/PS-ARISTOTELES/on_marvellous_things_heard/e/1/151/text/1,http://dbpedia.org/resource/Lion,creature,0.9842047100169167,DBpedia
http://ns.inria.fr/zoomathia/PS-ARISTOTELES/on_marvellous_things_heard/e/1/151/text/1,http://dbpedia.org/resource/Salvation,saved,0.8129133507819141,DBpedia
http://ns.inria.fr/zoomathia/PS-ARISTOTELES/on_marvellous_things_heard/e/1/151/text/1,http://dbpedia.org/resource/Snake,snake,0.999717148117486,DBpedia
http://ns.inria.fr/zoomathia/PS-ARISTOTELES/on_marvellous_things_heard/e/1/151/text/1,http://dbpedia.org/resource/Circle,circle,0.9997503191275692,DBpedia
http://ns.inria.fr/zoomathia/PS-ARISTOTELES/on_marvellous_things_heard/e/1/151/text/1,http://dbpedia.org/resource/Withered,withered,0.9999997557135046,DBpedia
http://ns.inria.fr/zoomathia/PS-ARISTOTELES/on_marvellous_things_heard/e/1/157/text/1,https://opentheso.huma-num.fr/?idc=pcrt4v7jKE3TVw&idt=th310,dogs,1,zoomathia_match
http://ns.inria.fr/zoomathia/PS-ARISTOTELES/on_marvellous_things_heard/e/1/157/text/1,https://opentheso.huma-num.fr/?idc=106004&idt=th310,wild,1,zoomathia_match
http://ns.inria.fr/zoomathia/PS-ARISTOTELES/on_marvellous_things_heard/e/1/157/text/1,https://www.wikidata.org/wiki/Q880441,Black Mountains,0.4491,wikidata
http://ns.inria.fr/zoomathia/PS-ARISTOTELES/on_marvellous_things_heard/e/1/157/text/1,http://dbpedia.org/resource/Dog,dogs,0.9945787878962736,DBpedia
http://ns.inria.fr/zoomathia/PS-ARISTOTELES/on_marvellous_things_heard/e/1/157/text/1,http://dbpedia.org/resource/Wild_Beasts,wild beasts,0.9999999999797069,DBpedia
http://ns.inria.fr/zoomathia/PS-ARISTOTELES/on_marvellous_things_heard/e/1/157/text/1,"http://dbpedia.org/resource/Black_Mountains,_Wales",Black Mountains,0.7535753904127743,DBpedia
http://ns.inria.fr/zoomathia/PS-ARISTOTELES/on_marvellous_things_heard/e/1/157/text/1,http://dbpedia.org/resource/Glossary_of_professional_wrestling_terms,turn,0.9913933506300785,DBpedia
http://ns.inria.fr/zoomathia/PS-ARISTOTELES/on_marvellous_things_heard/e/1/164/text/1,https://opentheso.huma-num.fr/?idc=106259&idt=th310,snakes,1,zoomathia_match
http://ns.inria.fr/zoomathia/PS-ARISTOTELES/on_marvellous_things_heard/e/1/164/text/1,https://opentheso.huma-num.fr/?idc=105691&idt=th310,land,1,zoomathia_match
http://ns.inria.fr/zoomathia/PS-ARISTOTELES/on_marvellous_things_heard/e/1/164/text/1,https://opentheso.huma-num.fr/?idc=106001&idt=th310,snails,1,zoomathia_match
http://ns.inria.fr/zoomathia/PS-ARISTOTELES/on_marvellous_things_heard/e/1/164/text/1,https://opentheso.huma-num.fr/?idc=pcrtbME0PA8KDn&idt=th310,scales,1,zoomathia_match
http://ns.inria.fr/zoomathia/PS-ARISTOTELES/on_marvellous_things_heard/e/1/164/text/1,https://opentheso.huma-num.fr/?idc=105175&idt=th310,scales,1,zoomathia_match
http://ns.inria.fr/zoomathia/PS-ARISTOTELES/on_marvellous_things_heard/e/1/164/text/1,https://opentheso.huma-num.fr/?idc=pcrt4VqmylO8mS&idt=th310,green,1,zoomathia_match
http://ns.inria.fr/zoomathia/PS-ARISTOTELES/on_marvellous_things_heard/e/1/164/text/1,https://opentheso.huma-num.fr/?idc=pcrt0HFzFNNK1N&idt=th310,sand,1,zoomathia_match
http://ns.inria.fr/zoomathia/PS-ARISTOTELES/on_marvellous_things_heard/e/1/164/text/1,https://opentheso.huma-num.fr/?idc=105616&idt=th310,bite,1,zoomathia_match
http://ns.inria.fr/zoomathia/PS-ARISTOTELES/on_marvellous_things_heard/e/1/164/text/1,https://opentheso.huma-num.fr/?idc=105345&idt=th310,thirst,1,zoomathia_match
http://ns.inria.fr/zoomathia/PS-ARISTOTELES/on_marvellous_things_heard/e/1/164/text/1,https://opentheso.huma-num.fr/?idc=105616&idt=th310,bite,1,zoomathia_match
http://ns.inria.fr/zoomathia/PS-ARISTOTELES/on_marvellous_things_heard/e/1/164/text/1,https://www.wikidata.org/wiki/Q22807284,Thessaly,0.4516,wikidata
http://ns.inria.fr/zoomathia/PS-ARISTOTELES/on_marvellous_things_heard/e/1/164/text/1,http://dbpedia.org/resource/Mount_Othrys,Othrys,0.9999999999988063,DBpedia
http://ns.inria.fr/zoomathia/PS-ARISTOTELES/on_marvellous_things_heard/e/1/164/text/1,http://dbpedia.org/resource/Thessaly,Thessaly,0.8915465816063369,DBpedia
http://ns.inria.fr/zoomathia/PS-ARISTOTELES/on_marvellous_things_heard/e/1/164/text/1,http://dbpedia.org/resource/Sheep,breeds,0.9694731362963124,DBpedia
http://ns.inria.fr/zoomathia/PS-ARISTOTELES/on_marvellous_things_heard/e/1/164/text/1,http://dbpedia.org/resource/Snake,snakes,0.999574070925209,DBpedia
http://ns.inria.fr/zoomathia/PS-ARISTOTELES/on_marvellous_things_heard/e/1/164/text/1,http://dbpedia.org/resource/Call_to_the_bar,called,0.6954498349735823,DBpedia
http://ns.inria.fr/zoomathia/PS-ARISTOTELES/on_marvellous_things_heard/e/1/164/text/1,http://dbpedia.org/resource/Color,colour,0.9963423858686195,DBpedia
http://ns.inria.fr/zoomathia/PS-ARISTOTELES/on_marvellous_things_heard/e/1/164/text/1,http://dbpedia.org/resource/Soil,ground,0.9464626814365357,DBpedia
http://ns.inria.fr/zoomathia/PS-ARISTOTELES/on_marvellous_things_heard/e/1/164/text/1,http://dbpedia.org/resource/Album,live,0.9353929996624466,DBpedia
http://ns.inria.fr/zoomathia/PS-ARISTOTELES/on_marvellous_things_heard/e/1/164/text/1,http://dbpedia.org/resource/Color,colour,0.9963423858686195,DBpedia
http://ns.inria.fr/zoomathia/PS-ARISTOTELES/on_marvellous_things_heard/e/1/164/text/1,http://dbpedia.org/resource/Snail,land snails,0.9082444447501555,DBpedia
http://ns.inria.fr/zoomathia/PS-ARISTOTELES/on_marvellous_things_heard/e/1/164/text/1,http://dbpedia.org/resource/Reptile_scale,scales,0.9012016874094488,DBpedia
http://ns.inria.fr/zoomathia/PS-ARISTOTELES/on_marvellous_things_heard/e/1/164/text/1,http://dbpedia.org/resource/Green,green,0.747982649959204,DBpedia
http://ns.inria.fr/zoomathia/PS-ARISTOTELES/on_marvellous_things_heard/e/1/164/text/1,http://dbpedia.org/resource/Album,live,0.9353929996624466,DBpedia
http://ns.inria.fr/zoomathia/PS-ARISTOTELES/on_marvellous_things_heard/e/1/164/text/1,http://dbpedia.org/resource/Sand,sandy,0.8001514093700067,DBpedia
http://ns.inria.fr/zoomathia/PS-ARISTOTELES/on_marvellous_things_heard/e/1/164/text/1,http://dbpedia.org/resource/Sand,sand,0.9999067060422742,DBpedia
http://ns.inria.fr/zoomathia/PS-ARISTOTELES/on_marvellous_things_heard/e/1/164/text/1,http://dbpedia.org/resource/Color,colour,0.9963423858686195,DBpedia
http://ns.inria.fr/zoomathia/PS-ARISTOTELES/on_marvellous_things_heard/e/1/164/text/1,http://dbpedia.org/resource/Biting,bite,0.8547456185046421,DBpedia
http://ns.inria.fr/zoomathia/PS-ARISTOTELES/on_marvellous_things_heard/e/1/164/text/1,http://dbpedia.org/resource/Produce,produce,0.69842889539024,DBpedia
http://ns.inria.fr/zoomathia/PS-ARISTOTELES/on_marvellous_things_heard/e/1/164/text/1,http://dbpedia.org/resource/Thirst,thirst,0.7668935613608046,DBpedia
http://ns.inria.fr/zoomathia/PS-ARISTOTELES/on_marvellous_things_heard/e/1/164/text/1,http://dbpedia.org/resource/Biting,bite,0.8547456185046421,DBpedia
http://ns.inria.fr/zoomathia/PS-ARISTOTELES/on_marvellous_things_heard/e/1/165/text/1,https://opentheso.huma-num.fr/?idc=105289&idt=th310,male,1,zoomathia_match
http://ns.inria.fr/zoomathia/PS-ARISTOTELES/on_marvellous_things_heard/e/1/165/text/1,https://opentheso.huma-num.fr/?idc=105290&idt=th310,female,1,zoomathia_match
http://ns.inria.fr/zoomathia/PS-ARISTOTELES/on_marvellous_things_heard/e/1/165/text/1,https://opentheso.huma-num.fr/?idc=105290&idt=th310,female,1,zoomathia_match
http://ns.inria.fr/zoomathia/PS-ARISTOTELES/on_marvellous_things_heard/e/1/165/text/1,https://opentheso.huma-num.fr/?idc=105616&idt=th310,bites,1,zoomathia_match
http://ns.inria.fr/zoomathia/PS-ARISTOTELES/on_marvellous_things_heard/e/1/165/text/1,https://opentheso.huma-num.fr/?idc=105124&idt=th310,head,1,zoomathia_match
http://ns.inria.fr/zoomathia/PS-ARISTOTELES/on_marvellous_things_heard/e/1/165/text/1,https://opentheso.huma-num.fr/?idc=106471&idt=th310,death,1,zoomathia_match
http://ns.inria.fr/zoomathia/PS-ARISTOTELES/on_marvellous_things_heard/e/1/165/text/1,https://opentheso.huma-num.fr/?idc=105616&idt=th310,bite,1,zoomathia_match
http://ns.inria.fr/zoomathia/PS-ARISTOTELES/on_marvellous_things_heard/e/1/165/text/1,https://opentheso.huma-num.fr/?idc=105148&idt=th310,belly,1,zoomathia_match
http://ns.inria.fr/zoomathia/PS-ARISTOTELES/on_marvellous_things_heard/e/1/165/text/1,http://dbpedia.org/resource/Male,male,0.9987873701638932,DBpedia
http://ns.inria.fr/zoomathia/PS-ARISTOTELES/on_marvellous_things_heard/e/1/165/text/1,http://dbpedia.org/resource/Vipera_berus,adder,0.5873699302113008,DBpedia
http://ns.inria.fr/zoomathia/PS-ARISTOTELES/on_marvellous_things_heard/e/1/165/text/1,http://dbpedia.org/resource/Associate_attorney,associates,0.3631738533013112,DBpedia
http://ns.inria.fr/zoomathia/PS-ARISTOTELES/on_marvellous_things_heard/e/1/165/text/1,http://dbpedia.org/resource/Female,female,0.9988439533276918,DBpedia
http://ns.inria.fr/zoomathia/PS-ARISTOTELES/on_marvellous_things_heard/e/1/165/text/1,http://dbpedia.org/resource/Female,female,0.9988439533276918,DBpedia
http://ns.inria.fr/zoomathia/PS-ARISTOTELES/on_marvellous_things_heard/e/1/165/text/1,http://dbpedia.org/resource/Snakebite,bites,0.9430201563421354,DBpedia
http://ns.inria.fr/zoomathia/PS-ARISTOTELES/on_marvellous_things_heard/e/1/165/text/1,http://dbpedia.org/resource/Head,head,0.9996821838863912,DBpedia
http://ns.inria.fr/zoomathia/PS-ARISTOTELES/on_marvellous_things_heard/e/1/165/text/1,http://dbpedia.org/resource/Offspring,young,0.8672937687035616,DBpedia
http://ns.inria.fr/zoomathia/PS-ARISTOTELES/on_marvellous_things_heard/e/1/165/text/1,http://dbpedia.org/resource/Father,father,0.9999207576280011,DBpedia
http://ns.inria.fr/zoomathia/PS-ARISTOTELES/on_marvellous_things_heard/e/1/165/text/1,http://dbpedia.org/resource/Snakebite,bite,0.899087361073626,DBpedia
http://ns.inria.fr/zoomathia/PS-ARISTOTELES/on_marvellous_things_heard/e/1/165/text/1,http://dbpedia.org/resource/Mother,mother,0.9941598074199153,DBpedia
http://ns.inria.fr/zoomathia/PS-ARISTOTELES/on_marvellous_things_heard/e/1/165/text/1,http://dbpedia.org/resource/Abdomen,belly,0.9958038317787432,DBpedia
http://ns.inria.fr/zoomathia/PS-ARISTOTELES/on_marvellous_things_heard/e/1/170/text/1,https://opentheso.huma-num.fr/?idc=pcrt6z097U6IUf&idt=th310,drink,1,zoomathia_match
http://ns.inria.fr/zoomathia/PS-ARISTOTELES/on_marvellous_things_heard/e/1/170/text/1,https://opentheso.huma-num.fr/?idc=108030&idt=th310,white,1,zoomathia_match
http://ns.inria.fr/zoomathia/PS-ARISTOTELES/on_marvellous_things_heard/e/1/170/text/1,https://opentheso.huma-num.fr/?idc=pcrtd6p9oHq1Tf&idt=th310,black,1,zoomathia_match
http://ns.inria.fr/zoomathia/PS-ARISTOTELES/on_marvellous_things_heard/e/1/170/text/1,https://opentheso.huma-num.fr/?idc=pcrt3kpULwWUS2&idt=th310,black,1,zoomathia_match
http://ns.inria.fr/zoomathia/PS-ARISTOTELES/on_marvellous_things_heard/e/1/170/text/1,https://www.wikidata.org/wiki/Q637955,Neleus,0.4346,wikidata
http://ns.inria.fr/zoomathia/PS-ARISTOTELES/on_marvellous_things_heard/e/1/170/text/1,http://dbpedia.org/resource/Euboea,Euboea,0.9999995448125004,DBpedia
http://ns.inria.fr/zoomathia/PS-ARISTOTELES/on_marvellous_things_heard/e/1/170/text/1,http://dbpedia.org/resource/Cattle,cattle,0.9998746488944151,DBpedia
http://ns.inria.fr/zoomathia/PS-ARISTOTELES/on_marvellous_things_heard/e/1/170/text/1,http://dbpedia.org/resource/White_people,white,0.6279556530089578,DBpedia
http://ns.inria.fr/zoomathia/PS-ARISTOTELES/on_marvellous_things_heard/e/1/170/text/1,http://dbpedia.org/resource/Religious_calling,called,0.45347263831099477,DBpedia
http://ns.inria.fr/zoomathia/PS-ARISTOTELES/on_marvellous_things_heard/e/1/170/text/1,http://dbpedia.org/resource/Religious_calling,called,0.45347263831099477,DBpedia
http://ns.inria.fr/zoomathia/PS-ARISTOTELES/on_marvellous_things_heard/e/1/170/text/1,http://dbpedia.org/resource/Neleus,Neleus,0.9997498449328834,DBpedia
http://ns.inria.fr/zoomathia/PS-ARISTOTELES/on_marvellous_things_heard/e/1/170/text/1,http://dbpedia.org/resource/Black_people,black,0.4461821899414006,DBpedia
http://ns.inria.fr/zoomathia/PS-ARISTOTELES/on_marvellous_things_heard/e/1/176/text/1,https://opentheso.huma-num.fr/?idc=5073&idt=th310,moles,1,zoomathia_match
http://ns.inria.fr/zoomathia/PS-ARISTOTELES/on_marvellous_things_heard/e/1/176/text/1,https://opentheso.huma-num.fr/?idc=105944&idt=th310,locusts,1,zoomathia_match
http://ns.inria.fr/zoomathia/PS-ARISTOTELES/on_marvellous_things_heard/e/1/176/text/1,https://www.wikidata.org/wiki/Q26857,Aetolians,0.4614,wikidata
http://ns.inria.fr/zoomathia/PS-ARISTOTELES/on_marvellous_things_heard/e/1/176/text/1,http://dbpedia.org/resource/Aetolia,Aetolians,0.7976597328940526,DBpedia
http://ns.inria.fr/zoomathia/PS-ARISTOTELES/on_marvellous_things_heard/e/1/176/text/1,http://dbpedia.org/resource/Nevus,moles,0.9738269585775517,DBpedia
http://ns.inria.fr/zoomathia/PS-ARISTOTELES/on_marvellous_things_heard/e/1/176/text/1,http://dbpedia.org/resource/Eating,eat,0.9246453320132116,DBpedia
http://ns.inria.fr/zoomathia/PS-ARISTOTELES/on_marvellous_things_heard/e/1/176/text/1,http://dbpedia.org/resource/Earth,earth,0.9881806338343997,DBpedia
http://ns.inria.fr/zoomathia/PS-ARISTOTELES/on_marvellous_things_heard/e/1/176/text/1,http://dbpedia.org/resource/Locust,locusts,0.999999996551395,DBpedia
http://ns.inria.fr/zoomathia/PS-ARISTOTELES/on_marvellous_things_heard/e/1/177/text/1,https://opentheso.huma-num.fr/?idc=pcrth4ik1YqDS1&idt=th310,elephants,1,zoomathia_match
http://ns.inria.fr/zoomathia/PS-ARISTOTELES/on_marvellous_things_heard/e/1/177/text/1,https://opentheso.huma-num.fr/?idc=pcrtpWT5t7kRx6&idt=th310,years,1,zoomathia_match
http://ns.inria.fr/zoomathia/PS-ARISTOTELES/on_marvellous_things_heard/e/1/177/text/1,https://opentheso.huma-num.fr/?idc=pcrtoASMcUbb46&idt=th310,months,1,zoomathia_match
http://ns.inria.fr/zoomathia/PS-ARISTOTELES/on_marvellous_things_heard/e/1/177/text/1,http://dbpedia.org/resource/Elephant,elephants,0.9120514047462995,DBpedia
http://ns.inria.fr/zoomathia/PS-ARISTOTELES/on_marvellous_things_heard/e/1/177/text/1,http://dbpedia.org/resource/Youth,young,0.88214290791964,DBpedia
http://ns.inria.fr/zoomathia/PS-ARISTOTELES/on_marvellous_things_heard/e/1/177/text/1,http://dbpedia.org/resource/Record_producer,producing,0.9425788111485864,DBpedia
http://ns.inria.fr/zoomathia/PS-ARISTOTELES/on_marvellous_things_heard/e/1/177/text/1,http://dbpedia.org/resource/Youth,young,0.88214290791964,DBpedia
