paragraph_uri,concept_uri,mention,score,origin
http://ns.inria.fr/zoomathia/PS-ARISTOTELES/περὶ_θαυμασίων_ἀκουσμάτων/g/1/1/text/1,https://opentheso.huma-num.fr/?idc=106004&idt=th310,wild,1,zoomathia_match
http://ns.inria.fr/zoomathia/PS-ARISTOTELES/περὶ_θαυμασίων_ἀκουσμάτων/g/1/1/text/1,https://opentheso.huma-num.fr/?idc=105414&idt=th310,general character,1,zoomathia_match
http://ns.inria.fr/zoomathia/PS-ARISTOTELES/περὶ_θαυμασίων_ἀκουσμάτων/g/1/1/text/1,https://opentheso.huma-num.fr/?idc=105413&idt=th310,character,1,zoomathia_match
http://ns.inria.fr/zoomathia/PS-ARISTOTELES/περὶ_θαυμασίων_ἀκουσμάτων/g/1/1/text/1,https://opentheso.huma-num.fr/?idc=105842&idt=th310,mane,1,zoomathia_match
http://ns.inria.fr/zoomathia/PS-ARISTOTELES/περὶ_θαυμασίων_ἀκουσμάτων/g/1/1/text/1,https://opentheso.huma-num.fr/?idc=105140&idt=th310,neck,1,zoomathia_match
http://ns.inria.fr/zoomathia/PS-ARISTOTELES/περὶ_θαυμασίων_ἀκουσμάτων/g/1/1/text/1,https://opentheso.huma-num.fr/?idc=pcrt6i8AcPBoY2&idt=th310,horse,1,zoomathia_match
http://ns.inria.fr/zoomathia/PS-ARISTOTELES/περὶ_θαυμασίων_ἀκουσμάτων/g/1/1/text/1,https://opentheso.huma-num.fr/?idc=105128&idt=th310,eyes,1,zoomathia_match
http://ns.inria.fr/zoomathia/PS-ARISTOTELES/περὶ_θαυμασίων_ἀκουσμάτων/g/1/1/text/1,https://opentheso.huma-num.fr/?idc=105127&idt=th310,horns,1,zoomathia_match
http://ns.inria.fr/zoomathia/PS-ARISTOTELES/περὶ_θαυμασίων_ἀκουσμάτων/g/1/1/text/1,https://opentheso.huma-num.fr/?idc=pcrtRpEmyMyoAU&idt=th310,oxen,1,zoomathia_match
http://ns.inria.fr/zoomathia/PS-ARISTOTELES/περὶ_θαυμασίων_ἀκουσμάτων/g/1/1/text/1,https://opentheso.huma-num.fr/?idc=pcrtmDqe8H6RNF&idt=th310,point,1,zoomathia_match
http://ns.inria.fr/zoomathia/PS-ARISTOTELES/περὶ_θαυμασίων_ἀκουσμάτων/g/1/1/text/1,https://opentheso.huma-num.fr/?idc=105129&idt=th310,ears,1,zoomathia_match
http://ns.inria.fr/zoomathia/PS-ARISTOTELES/περὶ_θαυμασίων_ἀκουσμάτων/g/1/1/text/1,https://opentheso.huma-num.fr/?idc=pcrtc6RmFQxFuS&idt=th310,pitch,1,zoomathia_match
http://ns.inria.fr/zoomathia/PS-ARISTOTELES/περὶ_θαυμασίων_ἀκουσμάτων/g/1/1/text/1,https://opentheso.huma-num.fr/?idc=pcrtd6p9oHq1Tf&idt=th310,black,1,zoomathia_match
http://ns.inria.fr/zoomathia/PS-ARISTOTELES/περὶ_θαυμασίων_ἀκουσμάτων/g/1/1/text/1,https://opentheso.huma-num.fr/?idc=pcrt3kpULwWUS2&idt=th310,black,1,zoomathia_match
http://ns.inria.fr/zoomathia/PS-ARISTOTELES/περὶ_θαυμασίων_ἀκουσμάτων/g/1/1/text/1,https://opentheso.huma-num.fr/?idc=108337&idt=th310,hide,1,zoomathia_match
http://ns.inria.fr/zoomathia/PS-ARISTOTELES/περὶ_θαυμασίων_ἀκουσμάτων/g/1/1/text/1,https://opentheso.huma-num.fr/?idc=pcrtW8Uu5SMsQy&idt=th310,hide,1,zoomathia_match
http://ns.inria.fr/zoomathia/PS-ARISTOTELES/περὶ_θαυμασίων_ἀκουσμάτων/g/1/1/text/1,https://opentheso.huma-num.fr/?idc=105170&idt=th310,skinned,1,zoomathia_match
http://ns.inria.fr/zoomathia/PS-ARISTOTELES/περὶ_θαυμασίων_ἀκουσμάτων/g/1/1/text/1,https://opentheso.huma-num.fr/?idc=105975&idt=th310,flesh,1,zoomathia_match
http://ns.inria.fr/zoomathia/PS-ARISTOTELES/περὶ_θαυμασίων_ἀκουσμάτων/g/1/1/text/1,https://opentheso.huma-num.fr/?idc=105407&idt=th310,excrement,1,zoomathia_match
http://ns.inria.fr/zoomathia/PS-ARISTOTELES/περὶ_θαυμασίων_ἀκουσμάτων/g/1/1/text/1,https://opentheso.huma-num.fr/?idc=105155&idt=th310,feet,1,zoomathia_match
http://ns.inria.fr/zoomathia/PS-ARISTOTELES/περὶ_θαυμασίων_ἀκουσμάτων/g/1/1/text/1,https://opentheso.huma-num.fr/?idc=pcrt4v7jKE3TVw&idt=th310,dog,1,zoomathia_match
http://ns.inria.fr/zoomathia/PS-ARISTOTELES/περὶ_θαυμασίων_ἀκουσμάτων/g/1/1/text/1,https://opentheso.huma-num.fr/?idc=105173&idt=th310,hair,1,zoomathia_match
http://ns.inria.fr/zoomathia/PS-ARISTOTELES/περὶ_θαυμασίων_ἀκουσμάτων/g/1/1/text/1,https://opentheso.huma-num.fr/?idc=105407&idt=th310,excrement,1,zoomathia_match
http://ns.inria.fr/zoomathia/PS-ARISTOTELES/περὶ_θαυμασίων_ἀκουσμάτων/g/1/1/text/1,https://opentheso.huma-num.fr/?idc=105407&idt=th310,excrement,1,zoomathia_match
http://ns.inria.fr/zoomathia/PS-ARISTOTELES/περὶ_θαυμασίων_ἀκουσμάτων/g/1/1/text/1,https://www.wikidata.org/wiki/Q249561,Paeonia,0.4621,wikidata
http://ns.inria.fr/zoomathia/PS-ARISTOTELES/περὶ_θαυμασίων_ἀκουσμάτων/g/1/1/text/1,https://www.wikidata.org/wiki/Q249561,Paeonia,0.4621,wikidata
http://ns.inria.fr/zoomathia/PS-ARISTOTELES/περὶ_θαυμασίων_ἀκουσμάτων/g/1/1/text/1,https://www.wikidata.org/wiki/Q3567156,Paeonians,0.4346,wikidata
http://ns.inria.fr/zoomathia/PS-ARISTOTELES/περὶ_θαυμασίων_ἀκουσμάτων/g/1/1/text/1,http://dbpedia.org/resource/Peony,Paeonia,1.0,DBpedia
http://ns.inria.fr/zoomathia/PS-ARISTOTELES/περὶ_θαυμασίων_ἀκουσμάτων/g/1/1/text/1,http://dbpedia.org/resource/Adhan,called,0.5369484446938687,DBpedia
http://ns.inria.fr/zoomathia/PS-ARISTOTELES/περὶ_θαυμασίων_ἀκουσμάτων/g/1/1/text/1,http://dbpedia.org/resource/Divisor,divides,0.9949136573979573,DBpedia
http://ns.inria.fr/zoomathia/PS-ARISTOTELES/περὶ_θαυμασίων_ἀκουσμάτων/g/1/1/text/1,http://dbpedia.org/resource/Peony,Paeonia,1.0,DBpedia
http://ns.inria.fr/zoomathia/PS-ARISTOTELES/περὶ_θαυμασίων_ἀκουσμάτων/g/1/1/text/1,http://dbpedia.org/resource/Wilde_Beast,wild beast,1.0,DBpedia
http://ns.inria.fr/zoomathia/PS-ARISTOTELES/περὶ_θαυμασίων_ἀκουσμάτων/g/1/1/text/1,http://dbpedia.org/resource/Adhan,called,0.5369484446938687,DBpedia
http://ns.inria.fr/zoomathia/PS-ARISTOTELES/περὶ_θαυμασίων_ἀκουσμάτων/g/1/1/text/1,http://dbpedia.org/resource/Paeonians,Paeonians,1.0,DBpedia
http://ns.inria.fr/zoomathia/PS-ARISTOTELES/περὶ_θαυμασίων_ἀκουσμάτων/g/1/1/text/1,http://dbpedia.org/resource/Animal,beast,0.9999982834149205,DBpedia
http://ns.inria.fr/zoomathia/PS-ARISTOTELES/περὶ_θαυμασίων_ἀκουσμάτων/g/1/1/text/1,http://dbpedia.org/resource/General_officer,general,0.5149788896286743,DBpedia
http://ns.inria.fr/zoomathia/PS-ARISTOTELES/περὶ_θαυμασίων_ἀκουσμάτων/g/1/1/text/1,http://dbpedia.org/resource/Ox,ox,0.9841318104510732,DBpedia
http://ns.inria.fr/zoomathia/PS-ARISTOTELES/περὶ_θαυμασίων_ἀκουσμάτων/g/1/1/text/1,http://dbpedia.org/resource/Strength_of_materials,stronger,0.7091418357731138,DBpedia
http://ns.inria.fr/zoomathia/PS-ARISTOTELES/περὶ_θαυμασίων_ἀκουσμάτων/g/1/1/text/1,http://dbpedia.org/resource/Neck,neck,0.9995261128230247,DBpedia
http://ns.inria.fr/zoomathia/PS-ARISTOTELES/περὶ_θαυμασίων_ἀκουσμάτων/g/1/1/text/1,http://dbpedia.org/resource/Horse,horse,0.9999984197727352,DBpedia
http://ns.inria.fr/zoomathia/PS-ARISTOTELES/περὶ_θαυμασίων_ἀκουσμάτων/g/1/1/text/1,http://dbpedia.org/resource/Stretching,stretching,0.8303069391724801,DBpedia
http://ns.inria.fr/zoomathia/PS-ARISTOTELES/περὶ_θαυμασίων_ἀκουσμάτων/g/1/1/text/1,http://dbpedia.org/resource/Eye,eyes,0.9801796048376021,DBpedia
http://ns.inria.fr/zoomathia/PS-ARISTOTELES/περὶ_θαυμασίων_ἀκουσμάτων/g/1/1/text/1,http://dbpedia.org/resource/French_horn,horns,0.35266647314030347,DBpedia
http://ns.inria.fr/zoomathia/PS-ARISTOTELES/περὶ_θαυμασίων_ἀκουσμάτων/g/1/1/text/1,http://dbpedia.org/resource/Ox,oxen,0.997472547833855,DBpedia
http://ns.inria.fr/zoomathia/PS-ARISTOTELES/περὶ_θαυμασίων_ἀκουσμάτων/g/1/1/text/1,http://dbpedia.org/resource/Shapeshifting,turned,0.999998812995636,DBpedia
http://ns.inria.fr/zoomathia/PS-ARISTOTELES/περὶ_θαυμασίων_ἀκουσμάτων/g/1/1/text/1,http://dbpedia.org/resource/Sharpening,sharp,0.9482361297784003,DBpedia
http://ns.inria.fr/zoomathia/PS-ARISTOTELES/περὶ_θαυμασίων_ἀκουσμάτων/g/1/1/text/1,http://dbpedia.org/resource/Peninsula,point,0.9992530605614065,DBpedia
http://ns.inria.fr/zoomathia/PS-ARISTOTELES/περὶ_θαυμασίων_ἀκουσμάτων/g/1/1/text/1,http://dbpedia.org/resource/Ear,ears,0.9993898864534688,DBpedia
http://ns.inria.fr/zoomathia/PS-ARISTOTELES/περὶ_θαυμασίων_ἀκουσμάτων/g/1/1/text/1,http://dbpedia.org/resource/Pint,pints,0.9999999981661176,DBpedia
http://ns.inria.fr/zoomathia/PS-ARISTOTELES/περὶ_θαυμασίων_ἀκουσμάτων/g/1/1/text/1,http://dbpedia.org/resource/Bogeyman,pitch black,1.0,DBpedia
http://ns.inria.fr/zoomathia/PS-ARISTOTELES/περὶ_θαυμασίων_ἀκουσμάτων/g/1/1/text/1,http://dbpedia.org/resource/Polishing,shine,0.9992956872899892,DBpedia
http://ns.inria.fr/zoomathia/PS-ARISTOTELES/περὶ_θαυμασίων_ἀκουσμάτων/g/1/1/text/1,http://dbpedia.org/resource/Hunting_blind,hide,0.8811307456625712,DBpedia
http://ns.inria.fr/zoomathia/PS-ARISTOTELES/περὶ_θαυμασίων_ἀκουσμάτων/g/1/1/text/1,http://dbpedia.org/resource/Skinning,skinned,1.0,DBpedia
http://ns.inria.fr/zoomathia/PS-ARISTOTELES/περὶ_θαυμασίων_ἀκουσμάτων/g/1/1/text/1,http://dbpedia.org/resource/Album_cover,covers,0.7965115521391882,DBpedia
http://ns.inria.fr/zoomathia/PS-ARISTOTELES/περὶ_θαυμασίων_ἀκουσμάτων/g/1/1/text/1,http://dbpedia.org/resource/Space,space,0.6743293608035662,DBpedia
http://ns.inria.fr/zoomathia/PS-ARISTOTELES/περὶ_θαυμασίων_ἀκουσμάτων/g/1/1/text/1,http://dbpedia.org/resource/Triclinium,couches,1.0,DBpedia
http://ns.inria.fr/zoomathia/PS-ARISTOTELES/περὶ_θαυμασίων_ἀκουσμάτων/g/1/1/text/1,http://dbpedia.org/resource/Animal,beast,0.9999982834149205,DBpedia
http://ns.inria.fr/zoomathia/PS-ARISTOTELES/περὶ_θαυμασίων_ἀκουσμάτων/g/1/1/text/1,http://dbpedia.org/resource/Contract_killing,hit,0.5977843204658189,DBpedia
http://ns.inria.fr/zoomathia/PS-ARISTOTELES/περὶ_θαυμασίων_ἀκουσμάτων/g/1/1/text/1,http://dbpedia.org/resource/Capacity_(law),incapacitated,0.9973380597055249,DBpedia
http://ns.inria.fr/zoomathia/PS-ARISTOTELES/περὶ_θαυμασίων_ἀκουσμάτων/g/1/1/text/1,http://dbpedia.org/resource/Glossary_of_video_game_terms,continues,0.9999491661389238,DBpedia
http://ns.inria.fr/zoomathia/PS-ARISTOTELES/περὶ_θαυμασίων_ἀκουσμάτων/g/1/1/text/1,http://dbpedia.org/resource/Flesh,flesh,0.9672550144111282,DBpedia
http://ns.inria.fr/zoomathia/PS-ARISTOTELES/περὶ_θαυμασίων_ἀκουσμάτων/g/1/1/text/1,http://dbpedia.org/resource/Sweetness,sweet,0.9945226217805337,DBpedia
http://ns.inria.fr/zoomathia/PS-ARISTOTELES/περὶ_θαυμασίων_ἀκουσμάτων/g/1/1/text/1,http://dbpedia.org/resource/Kick,kicking,0.8972276080925365,DBpedia
http://ns.inria.fr/zoomathia/PS-ARISTOTELES/περὶ_θαυμασίων_ἀκουσμάτων/g/1/1/text/1,http://dbpedia.org/resource/Urination,voiding,1.0,DBpedia
http://ns.inria.fr/zoomathia/PS-ARISTOTELES/περὶ_θαυμασίων_ἀκουσμάτων/g/1/1/text/1,http://dbpedia.org/resource/Feces,excrement,0.9999780624409162,DBpedia
http://ns.inria.fr/zoomathia/PS-ARISTOTELES/περὶ_θαυμασίων_ἀκουσμάτων/g/1/1/text/1,http://dbpedia.org/resource/Substantial_form,form,0.9392987631466323,DBpedia
http://ns.inria.fr/zoomathia/PS-ARISTOTELES/περὶ_θαυμασίων_ἀκουσμάτων/g/1/1/text/1,http://dbpedia.org/resource/Military,defence,0.8693657298168203,DBpedia
http://ns.inria.fr/zoomathia/PS-ARISTOTELES/περὶ_θαυμασίων_ἀκουσμάτων/g/1/1/text/1,http://dbpedia.org/resource/Bird_nest,scrape,0.9999999098743088,DBpedia
http://ns.inria.fr/zoomathia/PS-ARISTOTELES/περὶ_θαυμασίων_ἀκουσμάτων/g/1/1/text/1,http://dbpedia.org/resource/Dog,dog,0.999999999960437,DBpedia
http://ns.inria.fr/zoomathia/PS-ARISTOTELES/περὶ_θαυμασίων_ἀκουσμάτων/g/1/1/text/1,http://dbpedia.org/resource/Hair,hair,0.9999951944711898,DBpedia
http://ns.inria.fr/zoomathia/PS-ARISTOTELES/περὶ_θαυμασίων_ἀκουσμάτων/g/1/1/text/1,http://dbpedia.org/resource/Animal,animal,0.9999348950720556,DBpedia
http://ns.inria.fr/zoomathia/PS-ARISTOTELES/περὶ_θαυμασίων_ἀκουσμάτων/g/1/1/text/1,http://dbpedia.org/resource/Scorch_(TV_series),scorch,0.9091484988866096,DBpedia
http://ns.inria.fr/zoomathia/PS-ARISTOTELES/περὶ_θαυμασίων_ἀκουσμάτων/g/1/1/text/1,http://dbpedia.org/resource/Marsupial,young,0.9955314681555484,DBpedia
http://ns.inria.fr/zoomathia/PS-ARISTOTELES/περὶ_θαυμασίων_ἀκουσμάτων/g/1/1/text/1,http://dbpedia.org/resource/Large_numbers,large numbers,0.9939938694365237,DBpedia
http://ns.inria.fr/zoomathia/PS-ARISTOTELES/περὶ_θαυμασίων_ἀκουσμάτων/g/1/1/text/1,http://dbpedia.org/resource/Collecting,collecting,0.9942173264608068,DBpedia
http://ns.inria.fr/zoomathia/PS-ARISTOTELES/περὶ_θαυμασίων_ἀκουσμάτων/g/1/1/text/1,http://dbpedia.org/resource/Herd,herd,0.9999274480973626,DBpedia
http://ns.inria.fr/zoomathia/PS-ARISTOTELES/περὶ_θαυμασίων_ἀκουσμάτων/g/1/1/text/1,http://dbpedia.org/resource/Marsupial,young,0.9955314681555484,DBpedia
http://ns.inria.fr/zoomathia/PS-ARISTOTELES/περὶ_θαυμασίων_ἀκουσμάτων/g/1/1/text/1,http://dbpedia.org/resource/Vacuum,void,0.9987755228100083,DBpedia
http://ns.inria.fr/zoomathia/PS-ARISTOTELES/περὶ_θαυμασίων_ἀκουσμάτων/g/1/1/text/1,http://dbpedia.org/resource/Feces,excrement,0.9999780624409162,DBpedia
http://ns.inria.fr/zoomathia/PS-ARISTOTELES/περὶ_θαυμασίων_ἀκουσμάτων/g/1/1/text/1,http://dbpedia.org/resource/Circle,circle,0.9999426397919225,DBpedia
http://ns.inria.fr/zoomathia/PS-ARISTOTELES/περὶ_θαυμασίων_ἀκουσμάτων/g/1/1/text/1,http://dbpedia.org/resource/Animal,beast,0.9999982834149205,DBpedia
http://ns.inria.fr/zoomathia/PS-ARISTOTELES/περὶ_θαυμασίων_ἀκουσμάτων/g/1/1/text/1,http://dbpedia.org/resource/Voids_in_mineral_aggregate,voids,0.9999454397712569,DBpedia
http://ns.inria.fr/zoomathia/PS-ARISTOTELES/περὶ_θαυμασίων_ἀκουσμάτων/g/1/1/text/1,http://dbpedia.org/resource/Great_cormorant,great,0.7632763005602631,DBpedia
http://ns.inria.fr/zoomathia/PS-ARISTOTELES/περὶ_θαυμασίων_ἀκουσμάτων/g/1/1/text/1,http://dbpedia.org/resource/Card_game,deal,0.9505909950718323,DBpedia
http://ns.inria.fr/zoomathia/PS-ARISTOTELES/περὶ_θαυμασίων_ἀκουσμάτων/g/1/1/text/1,http://dbpedia.org/resource/Feces,excrement,0.9999780624409162,DBpedia
http://ns.inria.fr/zoomathia/PS-ARISTOTELES/περὶ_θαυμασίων_ἀκουσμάτων/g/1/2/text/1,https://opentheso.huma-num.fr/?idc=pcrt0wSiSXpLTf&idt=th310,camels,1,zoomathia_match
http://ns.inria.fr/zoomathia/PS-ARISTOTELES/περὶ_θαυμασίων_ἀκουσμάτων/g/1/2/text/1,https://opentheso.huma-num.fr/?idc=107800&idt=th310,Arabia,1,zoomathia_match
http://ns.inria.fr/zoomathia/PS-ARISTOTELES/περὶ_θαυμασίων_ἀκουσμάτων/g/1/2/text/1,https://opentheso.huma-num.fr/?idc=pcrt0WrjgPTs33&idt=th310,man,1,zoomathia_match
http://ns.inria.fr/zoomathia/PS-ARISTOTELES/περὶ_θαυμασίων_ἀκουσμάτων/g/1/2/text/1,https://opentheso.huma-num.fr/?idc=pcrt0wSiSXpLTf&idt=th310,camel,1,zoomathia_match
http://ns.inria.fr/zoomathia/PS-ARISTOTELES/περὶ_θαυμασίων_ἀκουσμάτων/g/1/2/text/1,https://opentheso.huma-num.fr/?idc=106471&idt=th310,death,1,zoomathia_match
http://ns.inria.fr/zoomathia/PS-ARISTOTELES/περὶ_θαυμασίων_ἀκουσμάτων/g/1/2/text/1,https://www.wikidata.org/wiki/Q31945,Arabia,0.4107,wikidata
http://ns.inria.fr/zoomathia/PS-ARISTOTELES/περὶ_θαυμασίων_ἀκουσμάτων/g/1/2/text/1,http://dbpedia.org/resource/Camel,camels,0.9999341830776234,DBpedia
http://ns.inria.fr/zoomathia/PS-ARISTOTELES/περὶ_θαυμασίων_ἀκουσμάτων/g/1/2/text/1,http://dbpedia.org/resource/Arabian_Peninsula,Arabia,0.992285512109219,DBpedia
http://ns.inria.fr/zoomathia/PS-ARISTOTELES/περὶ_θαυμασίων_ἀκουσμάτων/g/1/2/text/1,http://dbpedia.org/resource/Mating,mate,0.8392384604489659,DBpedia
http://ns.inria.fr/zoomathia/PS-ARISTOTELES/περὶ_θαυμασίων_ἀκουσμάτων/g/1/2/text/1,http://dbpedia.org/resource/Dam,dams,0.9983582929442831,DBpedia
http://ns.inria.fr/zoomathia/PS-ARISTOTELES/περὶ_θαυμασίων_ἀκουσμάτων/g/1/2/text/1,http://dbpedia.org/resource/Narrative,story,0.7090689608035189,DBpedia
http://ns.inria.fr/zoomathia/PS-ARISTOTELES/περὶ_θαυμασίων_ἀκουσμάτων/g/1/2/text/1,http://dbpedia.org/resource/Stallion,stallion,0.9983241631509125,DBpedia
http://ns.inria.fr/zoomathia/PS-ARISTOTELES/περὶ_θαυμασίων_ἀκουσμάτων/g/1/2/text/1,http://dbpedia.org/resource/Human,man,0.5848939646825816,DBpedia
http://ns.inria.fr/zoomathia/PS-ARISTOTELES/περὶ_θαυμασίων_ἀκουσμάτων/g/1/2/text/1,http://dbpedia.org/resource/Secretly,secretly,0.9963702241635684,DBpedia
http://ns.inria.fr/zoomathia/PS-ARISTOTELES/περὶ_θαυμασίων_ἀκουσμάτων/g/1/2/text/1,http://dbpedia.org/resource/Introduced_species,introduced,0.9981808981964481,DBpedia
http://ns.inria.fr/zoomathia/PS-ARISTOTELES/περὶ_θαυμασίων_ἀκουσμάτων/g/1/2/text/1,http://dbpedia.org/resource/Colt_(horse),colt,0.9994891086075558,DBpedia
http://ns.inria.fr/zoomathia/PS-ARISTOTELES/περὶ_θαυμασίων_ἀκουσμάτων/g/1/2/text/1,http://dbpedia.org/resource/Soul_in_the_Bible,Apparently,0.8207380027407618,DBpedia
http://ns.inria.fr/zoomathia/PS-ARISTOTELES/περὶ_θαυμασίων_ἀκουσμάτων/g/1/2/text/1,http://dbpedia.org/resource/Colt_(horse),colt,0.9994891086075558,DBpedia
http://ns.inria.fr/zoomathia/PS-ARISTOTELES/περὶ_θαυμασίων_ἀκουσμάτων/g/1/2/text/1,http://dbpedia.org/resource/Complete_game,completed,0.6673268449995184,DBpedia
http://ns.inria.fr/zoomathia/PS-ARISTOTELES/περὶ_θαυμασίων_ἀκουσμάτων/g/1/2/text/1,http://dbpedia.org/resource/Mating,mating,0.9965929980911857,DBpedia
http://ns.inria.fr/zoomathia/PS-ARISTOTELES/περὶ_θαυμασίων_ἀκουσμάτων/g/1/2/text/1,http://dbpedia.org/resource/Bit,bit,0.9998935560524028,DBpedia
http://ns.inria.fr/zoomathia/PS-ARISTOTELES/περὶ_θαυμασίων_ἀκουσμάτων/g/1/3/text/1,https://opentheso.huma-num.fr/?idc=108165&idt=th310,cuckoos,1,zoomathia_match
http://ns.inria.fr/zoomathia/PS-ARISTOTELES/περὶ_θαυμασίων_ἀκουσμάτων/g/1/3/text/1,https://opentheso.huma-num.fr/?idc=105548&idt=th310,eggs,1,zoomathia_match
http://ns.inria.fr/zoomathia/PS-ARISTOTELES/περὶ_θαυμασίων_ἀκουσμάτων/g/1/3/text/1,https://opentheso.huma-num.fr/?idc=105468&idt=th310,nest,1,zoomathia_match
http://ns.inria.fr/zoomathia/PS-ARISTOTELES/περὶ_θαυμασίων_ἀκουσμάτων/g/1/3/text/1,https://opentheso.huma-num.fr/?idc=105468&idt=th310,nests,1,zoomathia_match
http://ns.inria.fr/zoomathia/PS-ARISTOTELES/περὶ_θαυμασίων_ἀκουσμάτων/g/1/3/text/1,https://opentheso.huma-num.fr/?idc=105935&idt=th310,doves,1,zoomathia_match
http://ns.inria.fr/zoomathia/PS-ARISTOTELES/περὶ_θαυμασίων_ἀκουσμάτων/g/1/3/text/1,https://opentheso.huma-num.fr/?idc=pcrtGm7ZMfoQrc&idt=th310,born,1,zoomathia_match
http://ns.inria.fr/zoomathia/PS-ARISTOTELES/περὶ_θαυμασίων_ἀκουσμάτων/g/1/3/text/1,https://opentheso.huma-num.fr/?idc=pcrtc1ReiRiJUd&idt=th310,casts,1,zoomathia_match
http://ns.inria.fr/zoomathia/PS-ARISTOTELES/περὶ_θαυμασίων_ἀκουσμάτων/g/1/3/text/1,https://opentheso.huma-num.fr/?idc=105468&idt=th310,nest,1,zoomathia_match
http://ns.inria.fr/zoomathia/PS-ARISTOTELES/περὶ_θαυμασίων_ἀκουσμάτων/g/1/3/text/1,https://opentheso.huma-num.fr/?idc=pcrtL41Ddfw4XO&idt=th310,ring,1,zoomathia_match
http://ns.inria.fr/zoomathia/PS-ARISTOTELES/περὶ_θαυμασίων_ἀκουσμάτων/g/1/3/text/1,https://opentheso.huma-num.fr/?idc=105935&idt=th310,doves,1,zoomathia_match
http://ns.inria.fr/zoomathia/PS-ARISTOTELES/περὶ_θαυμασίων_ἀκουσμάτων/g/1/3/text/1,https://www.wikidata.org/wiki/Q12094612,Helice,0.4494,wikidata
http://ns.inria.fr/zoomathia/PS-ARISTOTELES/περὶ_θαυμασίων_ἀκουσμάτων/g/1/3/text/1,http://dbpedia.org/resource/Cuckoo,cuckoos,0.8585878895325245,DBpedia
http://ns.inria.fr/zoomathia/PS-ARISTOTELES/περὶ_θαυμασίων_ἀκουσμάτων/g/1/3/text/1,http://dbpedia.org/resource/Helike,Helice,0.9999314763586453,DBpedia
http://ns.inria.fr/zoomathia/PS-ARISTOTELES/περὶ_θαυμασίων_ἀκουσμάτων/g/1/3/text/1,http://dbpedia.org/resource/Bird_egg,eggs,0.5963503300494156,DBpedia
http://ns.inria.fr/zoomathia/PS-ARISTOTELES/περὶ_θαυμασίων_ἀκουσμάτων/g/1/3/text/1,http://dbpedia.org/resource/Bird_nest,nest,0.9578876903793765,DBpedia
http://ns.inria.fr/zoomathia/PS-ARISTOTELES/περὶ_θαυμασίων_ἀκουσμάτων/g/1/3/text/1,http://dbpedia.org/resource/Bird_nest,nests,0.9888875079665098,DBpedia
http://ns.inria.fr/zoomathia/PS-ARISTOTELES/περὶ_θαυμασίων_ἀκουσμάτων/g/1/3/text/1,http://dbpedia.org/resource/Columbidae,doves,0.9999999997525606,DBpedia
http://ns.inria.fr/zoomathia/PS-ARISTOTELES/περὶ_θαυμασίων_ἀκουσμάτων/g/1/3/text/1,http://dbpedia.org/resource/Columbidae,pigeons,0.992035556230107,DBpedia
http://ns.inria.fr/zoomathia/PS-ARISTOTELES/περὶ_θαυμασίων_ἀκουσμάτων/g/1/3/text/1,http://dbpedia.org/resource/Sitting,sit,0.9846580873930602,DBpedia
http://ns.inria.fr/zoomathia/PS-ARISTOTELES/περὶ_θαυμασίων_ἀκουσμάτων/g/1/3/text/1,http://dbpedia.org/resource/Offspring,young,0.7855071370388687,DBpedia
http://ns.inria.fr/zoomathia/PS-ARISTOTELES/περὶ_θαυμασίων_ἀκουσμάτων/g/1/3/text/1,http://dbpedia.org/resource/Offspring,young,0.7855071370388687,DBpedia
http://ns.inria.fr/zoomathia/PS-ARISTOTELES/περὶ_θαυμασίων_ἀκουσμάτων/g/1/3/text/1,http://dbpedia.org/resource/Bird,bird,0.9999929590683261,DBpedia
http://ns.inria.fr/zoomathia/PS-ARISTOTELES/περὶ_θαυμασίων_ἀκουσμάτων/g/1/3/text/1,http://dbpedia.org/resource/Childbirth,born,0.6107050353043627,DBpedia
http://ns.inria.fr/zoomathia/PS-ARISTOTELES/περὶ_θαυμασίων_ἀκουσμάτων/g/1/3/text/1,http://dbpedia.org/resource/Toe,big,0.6275168298995697,DBpedia
http://ns.inria.fr/zoomathia/PS-ARISTOTELES/περὶ_θαυμασίων_ἀκουσμάτων/g/1/3/text/1,http://dbpedia.org/resource/Casting,casts,0.9454335708570969,DBpedia
http://ns.inria.fr/zoomathia/PS-ARISTOTELES/περὶ_θαυμασίων_ἀκουσμάτων/g/1/3/text/1,http://dbpedia.org/resource/Bird_nest,nest,0.9578876903793765,DBpedia
http://ns.inria.fr/zoomathia/PS-ARISTOTELES/περὶ_θαυμασίων_ἀκουσμάτων/g/1/3/text/1,http://dbpedia.org/resource/Life,lived,0.9822698588585916,DBpedia
http://ns.inria.fr/zoomathia/PS-ARISTOTELES/περὶ_θαυμασίων_ἀκουσμάτων/g/1/3/text/1,http://dbpedia.org/resource/Fine_art,fine,0.9189835228692047,DBpedia
http://ns.inria.fr/zoomathia/PS-ARISTOTELES/περὶ_θαυμασίων_ἀκουσμάτων/g/1/3/text/1,http://dbpedia.org/resource/Strong_interaction,strong,0.8816881377765435,DBpedia
http://ns.inria.fr/zoomathia/PS-ARISTOTELES/περὶ_θαυμασίων_ἀκουσμάτων/g/1/3/text/1,http://dbpedia.org/resource/Bird,bird,0.9999929590683261,DBpedia
http://ns.inria.fr/zoomathia/PS-ARISTOTELES/περὶ_θαυμασίων_ἀκουσμάτων/g/1/3/text/1,http://dbpedia.org/resource/Sea_captain,master,0.7178506705204905,DBpedia
http://ns.inria.fr/zoomathia/PS-ARISTOTELES/περὶ_θαυμασίων_ἀκουσμάτων/g/1/3/text/1,http://dbpedia.org/resource/Happiness,delight,0.9999988535869625,DBpedia
http://ns.inria.fr/zoomathia/PS-ARISTOTELES/περὶ_θαυμασίων_ἀκουσμάτων/g/1/3/text/1,http://dbpedia.org/resource/Join_and_meet,join,0.4809290560427345,DBpedia
http://ns.inria.fr/zoomathia/PS-ARISTOTELES/περὶ_θαυμασίων_ἀκουσμάτων/g/1/3/text/1,http://dbpedia.org/resource/Shapeshifting,turning,0.6176327582467233,DBpedia
http://ns.inria.fr/zoomathia/PS-ARISTOTELES/περὶ_θαυμασίων_ἀκουσμάτων/g/1/3/text/1,http://dbpedia.org/resource/Offspring,young,0.7855071370388687,DBpedia
http://ns.inria.fr/zoomathia/PS-ARISTOTELES/περὶ_θαυμασίων_ἀκουσμάτων/g/1/4/text/1,https://opentheso.huma-num.fr/?idc=pcrt3jcrAaRENB&idt=th310,Goats,1,zoomathia_match
http://ns.inria.fr/zoomathia/PS-ARISTOTELES/περὶ_θαυμασίων_ἀκουσμάτων/g/1/4/text/1,https://opentheso.huma-num.fr/?idc=105615&idt=th310,wounded,1,zoomathia_match
http://ns.inria.fr/zoomathia/PS-ARISTOTELES/περὶ_θαυμασίων_ἀκουσμάτων/g/1/4/text/1,https://www.wikidata.org/wiki/Q34374,Crete,0.4531,wikidata
http://ns.inria.fr/zoomathia/PS-ARISTOTELES/περὶ_θαυμασίων_ἀκουσμάτων/g/1/4/text/1,http://dbpedia.org/resource/Goat,Goats,0.9999998970342343,DBpedia
http://ns.inria.fr/zoomathia/PS-ARISTOTELES/περὶ_θαυμασίων_ἀκουσμάτων/g/1/4/text/1,http://dbpedia.org/resource/Crete,Crete,0.999996493264727,DBpedia
http://ns.inria.fr/zoomathia/PS-ARISTOTELES/περὶ_θαυμασίων_ἀκουσμάτων/g/1/4/text/1,http://dbpedia.org/resource/Wounded_in_action,wounded,0.8603137091805304,DBpedia
http://ns.inria.fr/zoomathia/PS-ARISTOTELES/περὶ_θαυμασίων_ἀκουσμάτων/g/1/4/text/1,http://dbpedia.org/resource/Arrow,arrow,0.9990437447446205,DBpedia
http://ns.inria.fr/zoomathia/PS-ARISTOTELES/περὶ_θαυμασίων_ἀκουσμάτων/g/1/4/text/1,http://dbpedia.org/resource/Hunting,hunt,0.9974663107296545,DBpedia
http://ns.inria.fr/zoomathia/PS-ARISTOTELES/περὶ_θαυμασίων_ἀκουσμάτων/g/1/4/text/1,http://dbpedia.org/resource/Dittany,dittany,0.9999999655683217,DBpedia
http://ns.inria.fr/zoomathia/PS-ARISTOTELES/περὶ_θαυμασίων_ἀκουσμάτων/g/1/4/text/1,http://dbpedia.org/resource/Population_growth,grows,0.9212166235046083,DBpedia
http://ns.inria.fr/zoomathia/PS-ARISTOTELES/περὶ_θαυμασίων_ἀκουσμάτων/g/1/4/text/1,http://dbpedia.org/resource/Batting_(cricket),pull,0.5686752951752173,DBpedia
http://ns.inria.fr/zoomathia/PS-ARISTOTELES/περὶ_θαυμασίων_ἀκουσμάτων/g/1/4/text/1,http://dbpedia.org/resource/Arrow,arrows,0.9986817261914056,DBpedia
http://ns.inria.fr/zoomathia/PS-ARISTOTELES/περὶ_θαυμασίων_ἀκουσμάτων/g/1/5/text/1,https://opentheso.huma-num.fr/?idc=pcrtBWawwFyKfi&idt=th310,deer,1,zoomathia_match
http://ns.inria.fr/zoomathia/PS-ARISTOTELES/περὶ_θαυμασίων_ἀκουσμάτων/g/1/5/text/1,https://opentheso.huma-num.fr/?idc=105127&idt=th310,horns,1,zoomathia_match
http://ns.inria.fr/zoomathia/PS-ARISTOTELES/περὶ_θαυμασίων_ἀκουσμάτων/g/1/5/text/1,https://opentheso.huma-num.fr/?idc=pcrtmDqe8H6RNF&idt=th310,points,1,zoomathia_match
http://ns.inria.fr/zoomathia/PS-ARISTOTELES/περὶ_θαυμασίων_ἀκουσμάτων/g/1/5/text/1,https://opentheso.huma-num.fr/?idc=pcrtc1ReiRiJUd&idt=th310,cast,1,zoomathia_match
http://ns.inria.fr/zoomathia/PS-ARISTOTELES/περὶ_θαυμασίων_ἀκουσμάτων/g/1/5/text/1,https://opentheso.huma-num.fr/?idc=105127&idt=th310,horns,1,zoomathia_match
http://ns.inria.fr/zoomathia/PS-ARISTOTELES/περὶ_θαυμασίων_ἀκουσμάτων/g/1/5/text/1,https://opentheso.huma-num.fr/?idc=105127&idt=th310,horns,1,zoomathia_match
http://ns.inria.fr/zoomathia/PS-ARISTOTELES/περὶ_θαυμασίων_ἀκουσμάτων/g/1/5/text/1,https://opentheso.huma-num.fr/?idc=105921&idt=th310,ivy,1,zoomathia_match
http://ns.inria.fr/zoomathia/PS-ARISTOTELES/περὶ_θαυμασίων_ἀκουσμάτων/g/1/5/text/1,https://opentheso.huma-num.fr/?idc=pcrtLnUS9cADfI&idt=th310,seen,1,zoomathia_match
http://ns.inria.fr/zoomathia/PS-ARISTOTELES/περὶ_θαυμασίων_ἀκουσμάτων/g/1/5/text/1,https://www.wikidata.org/wiki/Q2495811,Achaea,0.4614,wikidata
http://ns.inria.fr/zoomathia/PS-ARISTOTELES/περὶ_θαυμασίων_ἀκουσμάτων/g/1/5/text/1,http://dbpedia.org/resource/Deer,deer,0.998253431645587,DBpedia
http://ns.inria.fr/zoomathia/PS-ARISTOTELES/περὶ_θαυμασίων_ἀκουσμάτων/g/1/5/text/1,http://dbpedia.org/resource/Achaea,Achaea,0.9566994425796911,DBpedia
http://ns.inria.fr/zoomathia/PS-ARISTOTELES/περὶ_θαυμασίων_ἀκουσμάτων/g/1/5/text/1,http://dbpedia.org/resource/French_horn,horns,0.829879753731129,DBpedia
http://ns.inria.fr/zoomathia/PS-ARISTOTELES/περὶ_θαυμασίων_ἀκουσμάτων/g/1/5/text/1,http://dbpedia.org/resource/Thesis,defend,0.6248006756633135,DBpedia
http://ns.inria.fr/zoomathia/PS-ARISTOTELES/περὶ_θαυμασίων_ἀκουσμάτων/g/1/5/text/1,http://dbpedia.org/resource/Three_points_for_a_win,points,0.8330724643527881,DBpedia
http://ns.inria.fr/zoomathia/PS-ARISTOTELES/περὶ_θαυμασίων_ἀκουσμάτων/g/1/5/text/1,http://dbpedia.org/resource/Casting,cast,0.5949010799244758,DBpedia
http://ns.inria.fr/zoomathia/PS-ARISTOTELES/περὶ_θαυμασίων_ἀκουσμάτων/g/1/5/text/1,http://dbpedia.org/resource/French_horn,horns,0.829879753731129,DBpedia
http://ns.inria.fr/zoomathia/PS-ARISTOTELES/περὶ_θαυμασίων_ἀκουσμάτων/g/1/5/text/1,http://dbpedia.org/resource/Pain,painful,0.98925858594038,DBpedia
http://ns.inria.fr/zoomathia/PS-ARISTOTELES/περὶ_θαυμασίων_ἀκουσμάτων/g/1/5/text/1,http://dbpedia.org/resource/French_horn,horns,0.829879753731129,DBpedia
http://ns.inria.fr/zoomathia/PS-ARISTOTELES/περὶ_θαυμασίων_ἀκουσμάτων/g/1/5/text/1,http://dbpedia.org/resource/Hedera,ivy,0.9991509634476141,DBpedia
http://ns.inria.fr/zoomathia/PS-ARISTOTELES/περὶ_θαυμασίων_ἀκουσμάτων/g/1/6/text/1,https://opentheso.huma-num.fr/?idc=pcrtU0Z5PocEyR&idt=th310,Armenia,1,zoomathia_match
http://ns.inria.fr/zoomathia/PS-ARISTOTELES/περὶ_θαυμασίων_ἀκουσμάτων/g/1/6/text/1,https://opentheso.huma-num.fr/?idc=5077&idt=th310,leopard,1,zoomathia_match
http://ns.inria.fr/zoomathia/PS-ARISTOTELES/περὶ_θαυμασίων_ἀκουσμάτων/g/1/6/text/1,https://opentheso.huma-num.fr/?idc=5077&idt=th310,leopard,1,zoomathia_match
http://ns.inria.fr/zoomathia/PS-ARISTOTELES/περὶ_θαυμασίων_ἀκουσμάτων/g/1/6/text/1,https://opentheso.huma-num.fr/?idc=pcrtLnUS9cADfI&idt=th310,seen,1,zoomathia_match
http://ns.inria.fr/zoomathia/PS-ARISTOTELES/περὶ_θαυμασίων_ἀκουσμάτων/g/1/6/text/1,https://opentheso.huma-num.fr/?idc=pcrtWUyge94a85&idt=th310,set,1,zoomathia_match
http://ns.inria.fr/zoomathia/PS-ARISTOTELES/περὶ_θαυμασίων_ἀκουσμάτων/g/1/6/text/1,https://opentheso.huma-num.fr/?idc=5077&idt=th310,leopard,1,zoomathia_match
http://ns.inria.fr/zoomathia/PS-ARISTOTELES/περὶ_θαυμασίων_ἀκουσμάτων/g/1/6/text/1,https://opentheso.huma-num.fr/?idc=105406&idt=th310,touched,1,zoomathia_match
http://ns.inria.fr/zoomathia/PS-ARISTOTELES/περὶ_θαυμασίων_ἀκουσμάτων/g/1/6/text/1,https://opentheso.huma-num.fr/?idc=105407&idt=th310,excrement,1,zoomathia_match
http://ns.inria.fr/zoomathia/PS-ARISTOTELES/περὶ_θαυμασίων_ἀκουσμάτων/g/1/6/text/1,https://opentheso.huma-num.fr/?idc=105310&idt=th310,hunters,1,zoomathia_match
http://ns.inria.fr/zoomathia/PS-ARISTOTELES/περὶ_θαυμασίων_ἀκουσμάτων/g/1/6/text/1,https://opentheso.huma-num.fr/?idc=pcrtfv4IrNiWE8&idt=th310,vessel,1,zoomathia_match
http://ns.inria.fr/zoomathia/PS-ARISTOTELES/περὶ_θαυμασίων_ἀκουσμάτων/g/1/6/text/1,https://opentheso.huma-num.fr/?idc=107538&idt=th310,tree,1,zoomathia_match
http://ns.inria.fr/zoomathia/PS-ARISTOTELES/περὶ_θαυμασίων_ἀκουσμάτων/g/1/6/text/1,https://opentheso.huma-num.fr/?idc=105381&idt=th310,jumping,1,zoomathia_match
http://ns.inria.fr/zoomathia/PS-ARISTOTELES/περὶ_θαυμασίων_ἀκουσμάτων/g/1/6/text/1,https://www.wikidata.org/wiki/Q399,Armenia,0.4526,wikidata
http://ns.inria.fr/zoomathia/PS-ARISTOTELES/περὶ_θαυμασίων_ἀκουσμάτων/g/1/6/text/1,http://dbpedia.org/resource/Armenia,Armenia,0.9886560788708296,DBpedia
http://ns.inria.fr/zoomathia/PS-ARISTOTELES/περὶ_θαυμασίων_ἀκουσμάτων/g/1/6/text/1,http://dbpedia.org/resource/Plant,plant,0.997462478313531,DBpedia
http://ns.inria.fr/zoomathia/PS-ARISTOTELES/περὶ_θαυμασίων_ἀκουσμάτων/g/1/6/text/1,http://dbpedia.org/resource/Religious_calling,called,0.7082894316316318,DBpedia
http://ns.inria.fr/zoomathia/PS-ARISTOTELES/περὶ_θαυμασίων_ἀκουσμάτων/g/1/6/text/1,http://dbpedia.org/resource/Bane_(plant),bane,0.9505919003394789,DBpedia
http://ns.inria.fr/zoomathia/PS-ARISTOTELES/περὶ_θαυμασίων_ἀκουσμάτων/g/1/6/text/1,http://dbpedia.org/resource/Anointing,anoint,0.9996213617714645,DBpedia
http://ns.inria.fr/zoomathia/PS-ARISTOTELES/περὶ_θαυμασίων_ἀκουσμάτων/g/1/6/text/1,http://dbpedia.org/resource/Victimology,victim,0.6772956155174158,DBpedia
http://ns.inria.fr/zoomathia/PS-ARISTOTELES/περὶ_θαυμασίων_ἀκουσμάτων/g/1/6/text/1,http://dbpedia.org/resource/Set_construction,set,0.7276962510992973,DBpedia
http://ns.inria.fr/zoomathia/PS-ARISTOTELES/περὶ_θαυμασίων_ἀκουσμάτων/g/1/6/text/1,http://dbpedia.org/resource/Hard_disk_drive_performance_characteristics,seeks,0.999999999993122,DBpedia
http://ns.inria.fr/zoomathia/PS-ARISTOTELES/περὶ_θαυμασίων_ἀκουσμάτων/g/1/6/text/1,http://dbpedia.org/resource/Feces,excrement,0.98698589323072,DBpedia
http://ns.inria.fr/zoomathia/PS-ARISTOTELES/περὶ_θαυμασίων_ἀκουσμάτων/g/1/6/text/1,http://dbpedia.org/resource/Hunting,hunters,0.7646838236750627,DBpedia
http://ns.inria.fr/zoomathia/PS-ARISTOTELES/περὶ_θαυμασίων_ἀκουσμάτων/g/1/6/text/1,http://dbpedia.org/resource/Hanging,hang,0.999284041217377,DBpedia
http://ns.inria.fr/zoomathia/PS-ARISTOTELES/περὶ_θαυμασίων_ἀκουσμάτων/g/1/6/text/1,http://dbpedia.org/resource/Tree,tree,0.999782992323757,DBpedia
http://ns.inria.fr/zoomathia/PS-ARISTOTELES/περὶ_θαυμασίων_ἀκουσμάτων/g/1/6/text/1,http://dbpedia.org/resource/Order_theory,order,0.6950334067311545,DBpedia
http://ns.inria.fr/zoomathia/PS-ARISTOTELES/περὶ_θαυμασίων_ἀκουσμάτων/g/1/6/text/1,http://dbpedia.org/resource/Major_depressive_disorder,tired,0.8421171103794092,DBpedia
http://ns.inria.fr/zoomathia/PS-ARISTOTELES/περὶ_θαυμασίων_ἀκουσμάτων/g/1/6/text/1,http://dbpedia.org/resource/Jumping,jumping,0.6059725889121101,DBpedia
http://ns.inria.fr/zoomathia/PS-ARISTOTELES/περὶ_θαυμασίων_ἀκουσμάτων/g/1/6/text/1,http://dbpedia.org/resource/Prisoner_of_war,captured,0.9442507315928657,DBpedia
http://ns.inria.fr/zoomathia/PS-ARISTOTELES/περὶ_θαυμασίων_ἀκουσμάτων/g/1/7/text/1,https://opentheso.huma-num.fr/?idc=105121&idt=th310,fly,1,zoomathia_match
http://ns.inria.fr/zoomathia/PS-ARISTOTELES/περὶ_θαυμασίων_ἀκουσμάτων/g/1/7/text/1,https://opentheso.huma-num.fr/?idc=105383&idt=th310,fly,1,zoomathia_match
http://ns.inria.fr/zoomathia/PS-ARISTOTELES/περὶ_θαυμασίων_ἀκουσμάτων/g/1/7/text/1,https://opentheso.huma-num.fr/?idc=105131&idt=th310,mouths,1,zoomathia_match
http://ns.inria.fr/zoomathia/PS-ARISTOTELES/περὶ_θαυμασίων_ἀκουσμάτων/g/1/7/text/1,https://opentheso.huma-num.fr/?idc=pcrtYSaMriYJvU&idt=th310,crocodiles,1,zoomathia_match
http://ns.inria.fr/zoomathia/PS-ARISTOTELES/περὶ_θαυμασίων_ἀκουσμάτων/g/1/7/text/1,https://opentheso.huma-num.fr/?idc=105134&idt=th310,teeth,1,zoomathia_match
http://ns.inria.fr/zoomathia/PS-ARISTOTELES/περὶ_θαυμασίων_ἀκουσμάτων/g/1/7/text/1,https://opentheso.huma-num.fr/?idc=105975&idt=th310,flesh,1,zoomathia_match
http://ns.inria.fr/zoomathia/PS-ARISTOTELES/περὶ_θαυμασίων_ἀκουσμάτων/g/1/7/text/1,https://opentheso.huma-num.fr/?idc=105137&idt=th310,beaks,1,zoomathia_match
http://ns.inria.fr/zoomathia/PS-ARISTOTELES/περὶ_θαυμασίων_ἀκουσμάτων/g/1/7/text/1,https://opentheso.huma-num.fr/?idc=pcrtYSaMriYJvU&idt=th310,crocodiles,1,zoomathia_match
http://ns.inria.fr/zoomathia/PS-ARISTOTELES/περὶ_θαυμασίων_ἀκουσμάτων/g/1/7/text/1,https://www.wikidata.org/wiki/Q79,Egypt,0.4625,wikidata
http://ns.inria.fr/zoomathia/PS-ARISTOTELES/περὶ_θαυμασίων_ἀκουσμάτων/g/1/7/text/1,http://dbpedia.org/resource/Egypt,Egypt,0.9584292893590579,DBpedia
http://ns.inria.fr/zoomathia/PS-ARISTOTELES/περὶ_θαυμασίων_ἀκουσμάτων/g/1/7/text/1,http://dbpedia.org/resource/Sandpiper,sandpipers,0.9999999999876366,DBpedia
http://ns.inria.fr/zoomathia/PS-ARISTOTELES/περὶ_θαυμασίων_ἀκουσμάτων/g/1/7/text/1,http://dbpedia.org/resource/Fly,fly,0.9995382416779016,DBpedia
http://ns.inria.fr/zoomathia/PS-ARISTOTELES/περὶ_θαυμασίων_ἀκουσμάτων/g/1/7/text/1,http://dbpedia.org/resource/River_mouth,mouths,0.6302911067992848,DBpedia
http://ns.inria.fr/zoomathia/PS-ARISTOTELES/περὶ_θαυμασίων_ἀκουσμάτων/g/1/7/text/1,http://dbpedia.org/resource/Crocodile,crocodiles,0.9502912975934649,DBpedia
http://ns.inria.fr/zoomathia/PS-ARISTOTELES/περὶ_θαυμασίων_ἀκουσμάτων/g/1/7/text/1,http://dbpedia.org/resource/Plectrum,pick,0.6813084942270817,DBpedia
http://ns.inria.fr/zoomathia/PS-ARISTOTELES/περὶ_θαυμασίων_ἀκουσμάτων/g/1/7/text/1,http://dbpedia.org/resource/Tooth,teeth,0.9999642592493904,DBpedia
http://ns.inria.fr/zoomathia/PS-ARISTOTELES/περὶ_θαυμασίων_ἀκουσμάτων/g/1/7/text/1,http://dbpedia.org/resource/Guitar_picking,picking,0.46574914634278264,DBpedia
http://ns.inria.fr/zoomathia/PS-ARISTOTELES/περὶ_θαυμασίων_ἀκουσμάτων/g/1/7/text/1,http://dbpedia.org/resource/Flesh,flesh,0.9999318409571442,DBpedia
http://ns.inria.fr/zoomathia/PS-ARISTOTELES/περὶ_θαυμασίων_ἀκουσμάτων/g/1/7/text/1,http://dbpedia.org/resource/Adhesion,adhere,0.9912330724267737,DBpedia
http://ns.inria.fr/zoomathia/PS-ARISTOTELES/περὶ_θαυμασίων_ἀκουσμάτων/g/1/7/text/1,http://dbpedia.org/resource/Cephalopod_beak,beaks,0.9667825263740064,DBpedia
http://ns.inria.fr/zoomathia/PS-ARISTOTELES/περὶ_θαυμασίων_ἀκουσμάτων/g/1/7/text/1,http://dbpedia.org/resource/Crocodile,crocodiles,0.9502912975934649,DBpedia
http://ns.inria.fr/zoomathia/PS-ARISTOTELES/περὶ_θαυμασίων_ἀκουσμάτων/g/1/7/text/1,http://dbpedia.org/resource/Harm,harm,0.6189280967852413,DBpedia
http://ns.inria.fr/zoomathia/PS-ARISTOTELES/περὶ_θαυμασίων_ἀκουσμάτων/g/1/8/text/1,https://opentheso.huma-num.fr/?idc=5070&idt=th310,hedgehogs,1,zoomathia_match
http://ns.inria.fr/zoomathia/PS-ARISTOTELES/περὶ_θαυμασίων_ἀκουσμάτων/g/1/8/text/1,https://opentheso.huma-num.fr/?idc=105642&idt=th310,wind,1,zoomathia_match
http://ns.inria.fr/zoomathia/PS-ARISTOTELES/περὶ_θαυμασίων_ἀκουσμάτων/g/1/8/text/1,https://opentheso.huma-num.fr/?idc=107812&idt=th310,north,1,zoomathia_match
http://ns.inria.fr/zoomathia/PS-ARISTOTELES/περὶ_θαυμασίων_ἀκουσμάτων/g/1/8/text/1,https://opentheso.huma-num.fr/?idc=105642&idt=th310,wind,1,zoomathia_match
http://ns.inria.fr/zoomathia/PS-ARISTOTELES/περὶ_θαυμασίων_ἀκουσμάτων/g/1/8/text/1,https://opentheso.huma-num.fr/?idc=107812&idt=th310,north,1,zoomathia_match
http://ns.inria.fr/zoomathia/PS-ARISTOTELES/περὶ_θαυμασίων_ἀκουσμάτων/g/1/8/text/1,https://opentheso.huma-num.fr/?idc=107033&idt=th310,north wind,1,zoomathia_match
http://ns.inria.fr/zoomathia/PS-ARISTOTELES/περὶ_θαυμασίων_ἀκουσμάτων/g/1/8/text/1,https://opentheso.huma-num.fr/?idc=105642&idt=th310,wind,1,zoomathia_match
http://ns.inria.fr/zoomathia/PS-ARISTOTELES/περὶ_θαυμασίων_ἀκουσμάτων/g/1/8/text/1,https://www.wikidata.org/wiki/Q23725,Byzantium,0.4624,wikidata
http://ns.inria.fr/zoomathia/PS-ARISTOTELES/περὶ_θαυμασίων_ἀκουσμάτων/g/1/8/text/1,http://dbpedia.org/resource/Byzantium,Byzantium,0.9469091540620803,DBpedia
http://ns.inria.fr/zoomathia/PS-ARISTOTELES/περὶ_θαυμασίων_ἀκουσμάτων/g/1/8/text/1,http://dbpedia.org/resource/Hedgehog,hedgehogs,0.9746332864750523,DBpedia
http://ns.inria.fr/zoomathia/PS-ARISTOTELES/περὶ_θαυμασίων_ἀκουσμάτων/g/1/8/text/1,http://dbpedia.org/resource/Distinguishing,distinguish,0.5003069840134046,DBpedia
http://ns.inria.fr/zoomathia/PS-ARISTOTELES/περὶ_θαυμασίων_ἀκουσμάτων/g/1/8/text/1,http://dbpedia.org/resource/Wind,wind,0.9941147893122939,DBpedia
http://ns.inria.fr/zoomathia/PS-ARISTOTELES/περὶ_θαυμασίων_ἀκουσμάτων/g/1/8/text/1,http://dbpedia.org/resource/Professional_wrestling_strikes,blows,0.9932987931938341,DBpedia
http://ns.inria.fr/zoomathia/PS-ARISTOTELES/περὶ_θαυμασίων_ἀκουσμάτων/g/1/8/text/1,http://dbpedia.org/resource/North,north,0.9827163159214569,DBpedia
http://ns.inria.fr/zoomathia/PS-ARISTOTELES/περὶ_θαυμασίων_ἀκουσμάτων/g/1/8/text/1,http://dbpedia.org/resource/South,south,0.987983341635557,DBpedia
http://ns.inria.fr/zoomathia/PS-ARISTOTELES/περὶ_θαυμασίων_ἀκουσμάτων/g/1/8/text/1,http://dbpedia.org/resource/Coin,change,0.3670536835683851,DBpedia
http://ns.inria.fr/zoomathia/PS-ARISTOTELES/περὶ_θαυμασίων_ἀκουσμάτων/g/1/8/text/1,http://dbpedia.org/resource/Electron_hole,holes,0.7853779210226318,DBpedia
http://ns.inria.fr/zoomathia/PS-ARISTOTELES/περὶ_θαυμασίων_ἀκουσμάτων/g/1/8/text/1,http://dbpedia.org/resource/South_wind,south wind,0.9999999997436078,DBpedia
http://ns.inria.fr/zoomathia/PS-ARISTOTELES/περὶ_θαυμασίων_ἀκουσμάτων/g/1/8/text/1,http://dbpedia.org/resource/Professional_wrestling_strikes,blows,0.9932987931938341,DBpedia
http://ns.inria.fr/zoomathia/PS-ARISTOTELES/περὶ_θαυμασίων_ἀκουσμάτων/g/1/8/text/1,http://dbpedia.org/resource/Chess_opening,openings,0.7078668541901465,DBpedia
http://ns.inria.fr/zoomathia/PS-ARISTOTELES/περὶ_θαυμασίων_ἀκουσμάτων/g/1/8/text/1,http://dbpedia.org/resource/North_wind,north wind,0.7253765550358876,DBpedia
http://ns.inria.fr/zoomathia/PS-ARISTOTELES/περὶ_θαυμασίων_ἀκουσμάτων/g/1/8/text/1,http://dbpedia.org/resource/A-side_and_B-side,sides,0.47120114727041523,DBpedia
http://ns.inria.fr/zoomathia/PS-ARISTOTELES/περὶ_θαυμασίων_ἀκουσμάτων/g/1/9/text/1,https://opentheso.huma-num.fr/?idc=pcrt3jcrAaRENB&idt=th310,goats,1,zoomathia_match
http://ns.inria.fr/zoomathia/PS-ARISTOTELES/περὶ_θαυμασίων_ἀκουσμάτων/g/1/9/text/1,https://opentheso.huma-num.fr/?idc=pcrt6z097U6IUf&idt=th310,drink,1,zoomathia_match
http://ns.inria.fr/zoomathia/PS-ARISTOTELES/περὶ_θαυμασίων_ἀκουσμάτων/g/1/9/text/1,https://opentheso.huma-num.fr/?idc=pcrtGSslMASdGf&idt=th310,day,1,zoomathia_match
http://ns.inria.fr/zoomathia/PS-ARISTOTELES/περὶ_θαυμασίων_ἀκουσμάτων/g/1/9/text/1,https://opentheso.huma-num.fr/?idc=pcrthTAMawVNg8&idt=th310,faces,1,zoomathia_match
http://ns.inria.fr/zoomathia/PS-ARISTOTELES/περὶ_θαυμασίων_ἀκουσμάτων/g/1/9/text/1,https://opentheso.huma-num.fr/?idc=106018&idt=th310,faces,1,zoomathia_match
http://ns.inria.fr/zoomathia/PS-ARISTOTELES/περὶ_θαυμασίων_ἀκουσμάτων/g/1/9/text/1,https://opentheso.huma-num.fr/?idc=105692&idt=th310,sea,1,zoomathia_match
http://ns.inria.fr/zoomathia/PS-ARISTOTELES/περὶ_θαυμασίων_ἀκουσμάτων/g/1/9/text/1,https://opentheso.huma-num.fr/?idc=pcrtx72BOMXZ2d&idt=th310,open,1,zoomathia_match
http://ns.inria.fr/zoomathia/PS-ARISTOTELES/περὶ_θαυμασίων_ἀκουσμάτων/g/1/9/text/1,https://opentheso.huma-num.fr/?idc=105131&idt=th310,mouths,1,zoomathia_match
http://ns.inria.fr/zoomathia/PS-ARISTOTELES/περὶ_θαυμασίων_ἀκουσμάτων/g/1/9/text/1,https://opentheso.huma-num.fr/?idc=107586&idt=th310,air,1,zoomathia_match
http://ns.inria.fr/zoomathia/PS-ARISTOTELES/περὶ_θαυμασίων_ἀκουσμάτων/g/1/9/text/1,https://www.wikidata.org/wiki/Q178488,Cephallenia,0.442,wikidata
http://ns.inria.fr/zoomathia/PS-ARISTOTELES/περὶ_θαυμασίων_ἀκουσμάτων/g/1/9/text/1,http://dbpedia.org/resource/The_Goats,The goats,0.9999999972000069,DBpedia
http://ns.inria.fr/zoomathia/PS-ARISTOTELES/περὶ_θαυμασίων_ἀκουσμάτων/g/1/9/text/1,http://dbpedia.org/resource/Cephalonia,Cephallenia,0.9999993562081014,DBpedia
http://ns.inria.fr/zoomathia/PS-ARISTOTELES/περὶ_θαυμασίων_ἀκουσμάτων/g/1/9/text/1,http://dbpedia.org/resource/Quadrupedalism,quadrupeds,0.9999999841022033,DBpedia
http://ns.inria.fr/zoomathia/PS-ARISTOTELES/περὶ_θαυμασίων_ἀκουσμάτων/g/1/9/text/1,http://dbpedia.org/resource/Day,day,0.8754933518495566,DBpedia
http://ns.inria.fr/zoomathia/PS-ARISTOTELES/περὶ_θαυμασίων_ἀκουσμάτων/g/1/9/text/1,http://dbpedia.org/resource/Glossary_of_professional_wrestling_terms,turn,0.9899764307067981,DBpedia
http://ns.inria.fr/zoomathia/PS-ARISTOTELES/περὶ_θαυμασίων_ἀκουσμάτων/g/1/9/text/1,http://dbpedia.org/resource/Face,faces,0.5654821862712341,DBpedia
http://ns.inria.fr/zoomathia/PS-ARISTOTELES/περὶ_θαυμασίων_ἀκουσμάτων/g/1/9/text/1,http://dbpedia.org/resource/Open_set,open,0.6935055707379713,DBpedia
http://ns.inria.fr/zoomathia/PS-ARISTOTELES/περὶ_θαυμασίων_ἀκουσμάτων/g/1/9/text/1,http://dbpedia.org/resource/River_mouth,mouths,0.9779573055884211,DBpedia
http://ns.inria.fr/zoomathia/PS-ARISTOTELES/περὶ_θαυμασίων_ἀκουσμάτων/g/1/9/text/1,http://dbpedia.org/resource/Inhalation,inhale,0.999999992855237,DBpedia
http://ns.inria.fr/zoomathia/PS-ARISTOTELES/περὶ_θαυμασίων_ἀκουσμάτων/g/1/10/text/1,https://opentheso.huma-num.fr/?idc=107826&idt=th310,Syria,1,zoomathia_match
http://ns.inria.fr/zoomathia/PS-ARISTOTELES/περὶ_θαυμασίων_ἀκουσμάτων/g/1/10/text/1,https://opentheso.huma-num.fr/?idc=106004&idt=th310,wild,1,zoomathia_match
http://ns.inria.fr/zoomathia/PS-ARISTOTELES/περὶ_θαυμασίων_ἀκουσμάτων/g/1/10/text/1,https://opentheso.huma-num.fr/?idc=105880&idt=th310,wild asses,1,zoomathia_match
http://ns.inria.fr/zoomathia/PS-ARISTOTELES/περὶ_θαυμασίων_ἀκουσμάτων/g/1/10/text/1,https://opentheso.huma-num.fr/?idc=pcrt1eSDN7pc4r&idt=th310,asses,1,zoomathia_match
http://ns.inria.fr/zoomathia/PS-ARISTOTELES/περὶ_θαυμασίων_ἀκουσμάτων/g/1/10/text/1,https://opentheso.huma-num.fr/?idc=105290&idt=th310,female,1,zoomathia_match
http://ns.inria.fr/zoomathia/PS-ARISTOTELES/περὶ_θαυμασίων_ἀκουσμάτων/g/1/10/text/1,https://opentheso.huma-num.fr/?idc=105153&idt=th310,hind legs,1,zoomathia_match
http://ns.inria.fr/zoomathia/PS-ARISTOTELES/περὶ_θαυμασίων_ἀκουσμάτων/g/1/10/text/1,https://opentheso.huma-num.fr/?idc=105149&idt=th310,legs,1,zoomathia_match
http://ns.inria.fr/zoomathia/PS-ARISTOTELES/περὶ_θαυμασίων_ἀκουσμάτων/g/1/10/text/1,https://opentheso.huma-num.fr/?idc=105785&idt=th310,tears,1,zoomathia_match
http://ns.inria.fr/zoomathia/PS-ARISTOTELES/περὶ_θαυμασίων_ἀκουσμάτων/g/1/10/text/1,https://opentheso.huma-num.fr/?idc=pcrtVogUK1mSX3&idt=th310,organs,1,zoomathia_match
http://ns.inria.fr/zoomathia/PS-ARISTOTELES/περὶ_θαυμασίων_ἀκουσμάτων/g/1/10/text/1,https://www.wikidata.org/wiki/Q858,Syria,0.4505,wikidata
http://ns.inria.fr/zoomathia/PS-ARISTOTELES/περὶ_θαυμασίων_ἀκουσμάτων/g/1/10/text/1,http://dbpedia.org/resource/Syria,Syria,0.9970764669118297,DBpedia
http://ns.inria.fr/zoomathia/PS-ARISTOTELES/περὶ_θαυμασίων_ἀκουσμάτων/g/1/10/text/1,http://dbpedia.org/resource/Leadership,leader,0.9810051403627655,DBpedia
http://ns.inria.fr/zoomathia/PS-ARISTOTELES/περὶ_θαυμασίων_ἀκουσμάτων/g/1/10/text/1,http://dbpedia.org/resource/Herd,herd,0.9786948740881806,DBpedia
http://ns.inria.fr/zoomathia/PS-ARISTOTELES/περὶ_θαυμασίων_ἀκουσμάτων/g/1/10/text/1,http://dbpedia.org/resource/Wild_horse,wild,0.9866666964364613,DBpedia
http://ns.inria.fr/zoomathia/PS-ARISTOTELES/περὶ_θαυμασίων_ἀκουσμάτων/g/1/10/text/1,http://dbpedia.org/resource/Donkey,asses,0.9818201350763273,DBpedia
http://ns.inria.fr/zoomathia/PS-ARISTOTELES/περὶ_θαυμασίων_ἀκουσμάτων/g/1/10/text/1,http://dbpedia.org/resource/Youngest_son,younger,0.9999089503424665,DBpedia
http://ns.inria.fr/zoomathia/PS-ARISTOTELES/περὶ_θαυμασίων_ἀκουσμάτων/g/1/10/text/1,http://dbpedia.org/resource/Animal,animals,0.9913096163007109,DBpedia
http://ns.inria.fr/zoomathia/PS-ARISTOTELES/περὶ_θαυμασίων_ἀκουσμάτων/g/1/10/text/1,http://dbpedia.org/resource/Wish,wishes,0.99996573618608,DBpedia
http://ns.inria.fr/zoomathia/PS-ARISTOTELES/περὶ_θαυμασίων_ἀκουσμάτων/g/1/10/text/1,http://dbpedia.org/resource/Mating,mate,0.9999988795477204,DBpedia
http://ns.inria.fr/zoomathia/PS-ARISTOTELES/περὶ_θαυμασίων_ἀκουσμάτων/g/1/10/text/1,http://dbpedia.org/resource/Female,female,0.9998559142693791,DBpedia
http://ns.inria.fr/zoomathia/PS-ARISTOTELES/περὶ_θαυμασίων_ἀκουσμάτων/g/1/10/text/1,http://dbpedia.org/resource/Leadership,leader,0.9810051403627655,DBpedia
http://ns.inria.fr/zoomathia/PS-ARISTOTELES/περὶ_θαυμασίων_ἀκουσμάτων/g/1/10/text/1,http://dbpedia.org/resource/Offspring,young,0.9450821671518919,DBpedia
http://ns.inria.fr/zoomathia/PS-ARISTOTELES/περὶ_θαυμασίων_ἀκουσμάτων/g/1/10/text/1,http://dbpedia.org/resource/Caught,catches,0.9999848281777157,DBpedia
http://ns.inria.fr/zoomathia/PS-ARISTOTELES/περὶ_θαυμασίων_ἀκουσμάτων/g/1/10/text/1,http://dbpedia.org/resource/Deer,hind,0.9685466636131148,DBpedia
http://ns.inria.fr/zoomathia/PS-ARISTOTELES/περὶ_θαυμασίων_ἀκουσμάτων/g/1/10/text/1,http://dbpedia.org/resource/Arthropod_leg,legs,0.9988693932647197,DBpedia
http://ns.inria.fr/zoomathia/PS-ARISTOTELES/περὶ_θαυμασίων_ἀκουσμάτων/g/1/10/text/1,http://dbpedia.org/resource/Tears,tears,0.9913982978410096,DBpedia
http://ns.inria.fr/zoomathia/PS-ARISTOTELES/περὶ_θαυμασίων_ἀκουσμάτων/g/1/10/text/1,http://dbpedia.org/resource/Sex_organ,organs,0.998885880001658,DBpedia
http://ns.inria.fr/zoomathia/PS-ARISTOTELES/περὶ_θαυμασίων_ἀκουσμάτων/g/1/11/text/1,https://opentheso.huma-num.fr/?idc=pcrtaO1Rsn1iPp&idt=th310,tortoises,1,zoomathia_match
http://ns.inria.fr/zoomathia/PS-ARISTOTELES/περὶ_θαυμασίων_ἀκουσμάτων/g/1/11/text/1,https://opentheso.huma-num.fr/?idc=106259&idt=th310,snake,1,zoomathia_match
http://ns.inria.fr/zoomathia/PS-ARISTOTELES/περὶ_θαυμασίων_ἀκουσμάτων/g/1/11/text/1,https://opentheso.huma-num.fr/?idc=105309&idt=th310,shepherds,1,zoomathia_match
http://ns.inria.fr/zoomathia/PS-ARISTOTELES/περὶ_θαυμασίων_ἀκουσμάτων/g/1/11/text/1,https://opentheso.huma-num.fr/?idc=pcrtaO1Rsn1iPp&idt=th310,tortoise,1,zoomathia_match
http://ns.inria.fr/zoomathia/PS-ARISTOTELES/περὶ_θαυμασίων_ἀκουσμάτων/g/1/11/text/1,https://opentheso.huma-num.fr/?idc=106259&idt=th310,snake,1,zoomathia_match
http://ns.inria.fr/zoomathia/PS-ARISTOTELES/περὶ_θαυμασίων_ἀκουσμάτων/g/1/11/text/1,https://opentheso.huma-num.fr/?idc=pcrtaO1Rsn1iPp&idt=th310,tortoise,1,zoomathia_match
http://ns.inria.fr/zoomathia/PS-ARISTOTELES/περὶ_θαυμασίων_ἀκουσμάτων/g/1/11/text/1,https://opentheso.huma-num.fr/?idc=105649&idt=th310,time,1,zoomathia_match
http://ns.inria.fr/zoomathia/PS-ARISTOTELES/περὶ_θαυμασίων_ἀκουσμάτων/g/1/11/text/1,http://dbpedia.org/resource/Tortoise,tortoises,0.9974884260683929,DBpedia
http://ns.inria.fr/zoomathia/PS-ARISTOTELES/περὶ_θαυμασίων_ἀκουσμάτων/g/1/11/text/1,http://dbpedia.org/resource/Snake,snake,0.9999185334396024,DBpedia
http://ns.inria.fr/zoomathia/PS-ARISTOTELES/περὶ_θαυμασίων_ἀκουσμάτων/g/1/11/text/1,http://dbpedia.org/resource/Eating,eat,0.582925344367861,DBpedia
http://ns.inria.fr/zoomathia/PS-ARISTOTELES/περὶ_θαυμασίων_ἀκουσμάτων/g/1/11/text/1,http://dbpedia.org/resource/Marjoram,marjoram,0.9999999967720612,DBpedia
http://ns.inria.fr/zoomathia/PS-ARISTOTELES/περὶ_θαυμασίων_ἀκουσμάτων/g/1/11/text/1,http://dbpedia.org/resource/Dice,die,0.9803560843206006,DBpedia
http://ns.inria.fr/zoomathia/PS-ARISTOTELES/περὶ_θαυμασίων_ἀκουσμάτων/g/1/11/text/1,http://dbpedia.org/resource/Experiment,experimented,0.9999998058737749,DBpedia
http://ns.inria.fr/zoomathia/PS-ARISTOTELES/περὶ_θαυμασίων_ἀκουσμάτων/g/1/11/text/1,http://dbpedia.org/resource/Tortoise,tortoise,0.9960387177630889,DBpedia
http://ns.inria.fr/zoomathia/PS-ARISTOTELES/περὶ_θαυμασίων_ἀκουσμάτων/g/1/11/text/1,http://dbpedia.org/resource/Eating,eating,0.9399881211532729,DBpedia
http://ns.inria.fr/zoomathia/PS-ARISTOTELES/περὶ_θαυμασίων_ἀκουσμάτων/g/1/11/text/1,http://dbpedia.org/resource/Snake,snake,0.9999185334396024,DBpedia
http://ns.inria.fr/zoomathia/PS-ARISTOTELES/περὶ_θαυμασίων_ἀκουσμάτων/g/1/11/text/1,http://dbpedia.org/resource/Pull_technology,pull,0.4093438352638279,DBpedia
http://ns.inria.fr/zoomathia/PS-ARISTOTELES/περὶ_θαυμασίων_ἀκουσμάτων/g/1/11/text/1,http://dbpedia.org/resource/Marjoram,marjoram,0.9999999967720612,DBpedia
http://ns.inria.fr/zoomathia/PS-ARISTOTELES/περὶ_θαυμασίων_ἀκουσμάτων/g/1/11/text/1,http://dbpedia.org/resource/Tortoise,tortoise,0.9960387177630889,DBpedia
http://ns.inria.fr/zoomathia/PS-ARISTOTELES/περὶ_θαυμασίων_ἀκουσμάτων/g/1/11/text/1,http://dbpedia.org/resource/Dice,die,0.9803560843206006,DBpedia
http://ns.inria.fr/zoomathia/PS-ARISTOTELES/περὶ_θαυμασίων_ἀκουσμάτων/g/1/11/text/1,http://dbpedia.org/resource/Short_film,short,0.9892738747589447,DBpedia
http://ns.inria.fr/zoomathia/PS-ARISTOTELES/περὶ_θαυμασίων_ἀκουσμάτων/g/1/11/text/1,http://dbpedia.org/resource/Outer_space,space,0.7336671333303771,DBpedia
http://ns.inria.fr/zoomathia/PS-ARISTOTELES/περὶ_θαυμασίων_ἀκουσμάτων/g/1/11/text/1,http://dbpedia.org/resource/Time,time,0.9974820114642915,DBpedia
http://ns.inria.fr/zoomathia/PS-ARISTOTELES/περὶ_θαυμασίων_ἀκουσμάτων/g/1/12/text/1,https://opentheso.huma-num.fr/?idc=pcrtVogUK1mSX3&idt=th310,organ,1,zoomathia_match
http://ns.inria.fr/zoomathia/PS-ARISTOTELES/περὶ_θαυμασίων_ἀκουσμάτων/g/1/12/text/1,https://opentheso.huma-num.fr/?idc=pcrt448yYmVDuT&idt=th310,bone,1,zoomathia_match
http://ns.inria.fr/zoomathia/PS-ARISTOTELES/περὶ_θαυμασίων_ἀκουσμάτων/g/1/12/text/1,https://opentheso.huma-num.fr/?idc=pcrtmwjz8S1ZgH&idt=th310,cure,1,zoomathia_match
http://ns.inria.fr/zoomathia/PS-ARISTOTELES/περὶ_θαυμασίων_ἀκουσμάτων/g/1/12/text/1,http://dbpedia.org/resource/Place_de_la_Musique,The organ,0.9999999869671684,DBpedia
http://ns.inria.fr/zoomathia/PS-ARISTOTELES/περὶ_θαυμασίων_ἀκουσμάτων/g/1/12/text/1,http://dbpedia.org/resource/Animal,animals,0.9845645804681918,DBpedia
http://ns.inria.fr/zoomathia/PS-ARISTOTELES/περὶ_θαυμασίων_ἀκουσμάτων/g/1/12/text/1,http://dbpedia.org/resource/Hardness,hard,0.930239433810345,DBpedia
http://ns.inria.fr/zoomathia/PS-ARISTOTELES/περὶ_θαυμασίων_ἀκουσμάτων/g/1/12/text/1,http://dbpedia.org/resource/Bone,bone,0.9999393971432239,DBpedia
http://ns.inria.fr/zoomathia/PS-ARISTOTELES/περὶ_θαυμασίων_ἀκουσμάτων/g/1/12/text/1,http://dbpedia.org/resource/Disease,condition,0.8815877376752936,DBpedia
http://ns.inria.fr/zoomathia/PS-ARISTOTELES/περὶ_θαυμασίων_ἀκουσμάτων/g/1/12/text/1,http://dbpedia.org/resource/Wikipedia,excellent,0.9068693054881826,DBpedia
http://ns.inria.fr/zoomathia/PS-ARISTOTELES/περὶ_θαυμασίων_ἀκουσμάτων/g/1/12/text/1,http://dbpedia.org/resource/Cure,cure,0.9635748362706085,DBpedia
http://ns.inria.fr/zoomathia/PS-ARISTOTELES/περὶ_θαυμασίων_ἀκουσμάτων/g/1/12/text/1,http://dbpedia.org/resource/Strangury,strangury,0.9999999941086344,DBpedia
http://ns.inria.fr/zoomathia/PS-ARISTOTELES/περὶ_θαυμασίων_ἀκουσμάτων/g/1/12/text/1,http://dbpedia.org/resource/Powder,powdered,0.9821548023718844,DBpedia
http://ns.inria.fr/zoomathia/PS-ARISTOTELES/περὶ_θαυμασίων_ἀκουσμάτων/g/1/12/text/1,http://dbpedia.org/resource/Substantial_form,form,0.4024081455543224,DBpedia
http://ns.inria.fr/zoomathia/PS-ARISTOTELES/περὶ_θαυμασίων_ἀκουσμάτων/g/1/13/text/1,https://opentheso.huma-num.fr/?idc=108213&idt=th310,woodpecker,1,zoomathia_match
http://ns.inria.fr/zoomathia/PS-ARISTOTELES/περὶ_θαυμασίων_ἀκουσμάτων/g/1/13/text/1,https://opentheso.huma-num.fr/?idc=107538&idt=th310,trees,1,zoomathia_match
http://ns.inria.fr/zoomathia/PS-ARISTOTELES/περὶ_θαυμασίων_ἀκουσμάτων/g/1/13/text/1,https://opentheso.huma-num.fr/?idc=5045&idt=th310,lizard,1,zoomathia_match
http://ns.inria.fr/zoomathia/PS-ARISTOTELES/περὶ_θαυμασίων_ἀκουσμάτων/g/1/13/text/1,https://opentheso.huma-num.fr/?idc=105148&idt=th310,belly,1,zoomathia_match
http://ns.inria.fr/zoomathia/PS-ARISTOTELES/περὶ_θαυμασίων_ἀκουσμάτων/g/1/13/text/1,https://opentheso.huma-num.fr/?idc=107538&idt=th310,trees,1,zoomathia_match
http://ns.inria.fr/zoomathia/PS-ARISTOTELES/περὶ_θαυμασίων_ἀκουσμάτων/g/1/13/text/1,https://opentheso.huma-num.fr/?idc=107538&idt=th310,trees,1,zoomathia_match
http://ns.inria.fr/zoomathia/PS-ARISTOTELES/περὶ_θαυμασίων_ἀκουσμάτων/g/1/13/text/1,http://dbpedia.org/resource/Climbing,climbs,0.9999998627312531,DBpedia
http://ns.inria.fr/zoomathia/PS-ARISTOTELES/περὶ_θαυμασίων_ἀκουσμάτων/g/1/13/text/1,http://dbpedia.org/resource/Tree,trees,0.9998997951547078,DBpedia
http://ns.inria.fr/zoomathia/PS-ARISTOTELES/περὶ_θαυμασίων_ἀκουσμάτων/g/1/13/text/1,http://dbpedia.org/resource/Lizard,lizard,0.9999990303420969,DBpedia
http://ns.inria.fr/zoomathia/PS-ARISTOTELES/περὶ_θαυμασίων_ἀκουσμάτων/g/1/13/text/1,http://dbpedia.org/resource/Upside_(magazine),upside,0.8686841258360394,DBpedia
http://ns.inria.fr/zoomathia/PS-ARISTOTELES/περὶ_θαυμασίων_ἀκουσμάτων/g/1/13/text/1,http://dbpedia.org/resource/Abdomen,belly,0.9996126124733696,DBpedia
http://ns.inria.fr/zoomathia/PS-ARISTOTELES/περὶ_θαυμασίων_ἀκουσμάτων/g/1/13/text/1,http://dbpedia.org/resource/Insect,insects,0.9545458165925961,DBpedia
http://ns.inria.fr/zoomathia/PS-ARISTOTELES/περὶ_θαυμασίων_ἀκουσμάτων/g/1/13/text/1,http://dbpedia.org/resource/Tree,trees,0.9998997951547078,DBpedia
http://ns.inria.fr/zoomathia/PS-ARISTOTELES/περὶ_θαυμασίων_ἀκουσμάτων/g/1/13/text/1,http://dbpedia.org/resource/Archaeological_excavation,dig,0.7699161044773514,DBpedia
http://ns.inria.fr/zoomathia/PS-ARISTOTELES/περὶ_θαυμασίων_ἀκουσμάτων/g/1/13/text/1,http://dbpedia.org/resource/Anatomical_terms_of_location,deep,0.9261182204074684,DBpedia
http://ns.inria.fr/zoomathia/PS-ARISTOTELES/περὶ_θαυμασίων_ἀκουσμάτων/g/1/13/text/1,http://dbpedia.org/resource/Tree,trees,0.9998997951547078,DBpedia
http://ns.inria.fr/zoomathia/PS-ARISTOTELES/περὶ_θαυμασίων_ἀκουσμάτων/g/1/13/text/1,http://dbpedia.org/resource/Worm,worms,0.8545465711840018,DBpedia
http://ns.inria.fr/zoomathia/PS-ARISTOTELES/περὶ_θαυμασίων_ἀκουσμάτων/g/1/14/text/1,https://opentheso.huma-num.fr/?idc=108639&idt=th310,pelicans,1,zoomathia_match
http://ns.inria.fr/zoomathia/PS-ARISTOTELES/περὶ_θαυμασίων_ἀκουσμάτων/g/1/14/text/1,https://opentheso.huma-num.fr/?idc=107356&idt=th310,mussels,1,zoomathia_match
http://ns.inria.fr/zoomathia/PS-ARISTOTELES/περὶ_θαυμασίων_ἀκουσμάτων/g/1/14/text/1,https://opentheso.huma-num.fr/?idc=105955&idt=th310,vomit,1,zoomathia_match
http://ns.inria.fr/zoomathia/PS-ARISTOTELES/περὶ_θαυμασίων_ἀκουσμάτων/g/1/14/text/1,https://opentheso.huma-num.fr/?idc=105975&idt=th310,flesh,1,zoomathia_match
http://ns.inria.fr/zoomathia/PS-ARISTOTELES/περὶ_θαυμασίων_ἀκουσμάτων/g/1/14/text/1,https://opentheso.huma-num.fr/?idc=107356&idt=th310,mussels,1,zoomathia_match
http://ns.inria.fr/zoomathia/PS-ARISTOTELES/περὶ_θαυμασίων_ἀκουσμάτων/g/1/14/text/1,https://opentheso.huma-num.fr/?idc=105176&idt=th310,shells,1,zoomathia_match
http://ns.inria.fr/zoomathia/PS-ARISTOTELES/περὶ_θαυμασίων_ἀκουσμάτων/g/1/14/text/1,http://dbpedia.org/resource/Pelican,pelicans,0.9987716715141158,DBpedia
http://ns.inria.fr/zoomathia/PS-ARISTOTELES/περὶ_θαυμασίων_ἀκουσμάτων/g/1/14/text/1,http://dbpedia.org/resource/Archaeological_excavation,dig,0.9662822041212025,DBpedia
http://ns.inria.fr/zoomathia/PS-ARISTOTELES/περὶ_θαυμασίων_ἀκουσμάτων/g/1/14/text/1,http://dbpedia.org/resource/Mussel,mussels,0.9999399074156092,DBpedia
http://ns.inria.fr/zoomathia/PS-ARISTOTELES/περὶ_θαυμασίων_ἀκουσμάτων/g/1/14/text/1,http://dbpedia.org/resource/Album,live,0.8403398679793819,DBpedia
http://ns.inria.fr/zoomathia/PS-ARISTOTELES/περὶ_θαυμασίων_ἀκουσμάτων/g/1/14/text/1,http://dbpedia.org/resource/Quantity,quantity,0.9765098381068223,DBpedia
http://ns.inria.fr/zoomathia/PS-ARISTOTELES/περὶ_θαυμασίων_ἀκουσμάτων/g/1/14/text/1,http://dbpedia.org/resource/Vomiting,vomit,0.9999999996234976,DBpedia
http://ns.inria.fr/zoomathia/PS-ARISTOTELES/περὶ_θαυμασίων_ἀκουσμάτων/g/1/14/text/1,http://dbpedia.org/resource/Cannibalism,eat,0.8229207559779298,DBpedia
http://ns.inria.fr/zoomathia/PS-ARISTOTELES/περὶ_θαυμασίων_ἀκουσμάτων/g/1/14/text/1,http://dbpedia.org/resource/Flesh,flesh,0.7306606832474928,DBpedia
http://ns.inria.fr/zoomathia/PS-ARISTOTELES/περὶ_θαυμασίων_ἀκουσμάτων/g/1/14/text/1,http://dbpedia.org/resource/Mussel,mussels,0.9999399074156092,DBpedia
http://ns.inria.fr/zoomathia/PS-ARISTOTELES/περὶ_θαυμασίων_ἀκουσμάτων/g/1/14/text/1,http://dbpedia.org/resource/Illegal_drug_trade,dealing,0.9074853090377696,DBpedia
http://ns.inria.fr/zoomathia/PS-ARISTOTELES/περὶ_θαυμασίων_ἀκουσμάτων/g/1/14/text/1,http://dbpedia.org/resource/Exoskeleton,shells,0.8284664975034729,DBpedia
http://ns.inria.fr/zoomathia/PS-ARISTOTELES/περὶ_θαυμασίων_ἀκουσμάτων/g/1/15/text/1,https://opentheso.huma-num.fr/?idc=105934&idt=th310,blackbirds,1,zoomathia_match
http://ns.inria.fr/zoomathia/PS-ARISTOTELES/περὶ_θαυμασίων_ἀκουσμάτων/g/1/15/text/1,https://opentheso.huma-num.fr/?idc=108030&idt=th310,white,1,zoomathia_match
http://ns.inria.fr/zoomathia/PS-ARISTOTELES/περὶ_θαυμασίων_ἀκουσμάτων/g/1/15/text/1,https://opentheso.huma-num.fr/?idc=105391&idt=th310,voices,1,zoomathia_match
http://ns.inria.fr/zoomathia/PS-ARISTOTELES/περὶ_θαυμασίων_ἀκουσμάτων/g/1/15/text/1,https://opentheso.huma-num.fr/?idc=pcrtGSslMASdGf&idt=th310,day,1,zoomathia_match
http://ns.inria.fr/zoomathia/PS-ARISTOTELES/περὶ_θαυμασίων_ἀκουσμάτων/g/1/15/text/1,https://www.wikidata.org/wiki/Q106867167,Cyllene,0.4412,wikidata
http://ns.inria.fr/zoomathia/PS-ARISTOTELES/περὶ_θαυμασίων_ἀκουσμάτων/g/1/15/text/1,https://www.wikidata.org/wiki/Q12898802,Arcadia,0.4542,wikidata
http://ns.inria.fr/zoomathia/PS-ARISTOTELES/περὶ_θαυμασίων_ἀκουσμάτων/g/1/15/text/1,http://dbpedia.org/resource/Mount_Kyllini,Cyllene,0.9999155839260614,DBpedia
http://ns.inria.fr/zoomathia/PS-ARISTOTELES/περὶ_θαυμασίων_ἀκουσμάτων/g/1/15/text/1,http://dbpedia.org/resource/Outer_Plane,Arcadia,0.9877438977670274,DBpedia
http://ns.inria.fr/zoomathia/PS-ARISTOTELES/περὶ_θαυμασίων_ἀκουσμάτων/g/1/15/text/1,http://dbpedia.org/resource/Common_blackbird,blackbirds,0.8317755776128795,DBpedia
http://ns.inria.fr/zoomathia/PS-ARISTOTELES/περὶ_θαυμασίων_ἀκουσμάτων/g/1/15/text/1,http://dbpedia.org/resource/White_people,white,0.4405131824019127,DBpedia
http://ns.inria.fr/zoomathia/PS-ARISTOTELES/περὶ_θαυμασίων_ἀκουσμάτων/g/1/15/text/1,http://dbpedia.org/resource/Harmony,harmonious,0.9999998056381021,DBpedia
http://ns.inria.fr/zoomathia/PS-ARISTOTELES/περὶ_θαυμασίων_ἀκουσμάτων/g/1/15/text/1,http://dbpedia.org/resource/Melody,voices,0.3465654232892183,DBpedia
http://ns.inria.fr/zoomathia/PS-ARISTOTELES/περὶ_θαυμασίων_ἀκουσμάτων/g/1/15/text/1,http://dbpedia.org/resource/Moonshine,moonshine,0.9997853844116497,DBpedia
http://ns.inria.fr/zoomathia/PS-ARISTOTELES/περὶ_θαυμασίων_ἀκουσμάτων/g/1/15/text/1,http://dbpedia.org/resource/Day,day,0.627522069360948,DBpedia
http://ns.inria.fr/zoomathia/PS-ARISTOTELES/περὶ_θαυμασίων_ἀκουσμάτων/g/1/15/text/1,http://dbpedia.org/resource/Hard_rock,hard,0.7994970722585151,DBpedia
http://ns.inria.fr/zoomathia/PS-ARISTOTELES/περὶ_θαυμασίων_ἀκουσμάτων/g/1/15/text/1,http://dbpedia.org/resource/Caught,catch,0.9646499224394767,DBpedia
http://ns.inria.fr/zoomathia/PS-ARISTOTELES/περὶ_θαυμασίων_ἀκουσμάτων/g/1/21/text/1,https://opentheso.huma-num.fr/?idc=5071&idt=th310,mouse,1,zoomathia_match
http://ns.inria.fr/zoomathia/PS-ARISTOTELES/περὶ_θαυμασίων_ἀκουσμάτων/g/1/21/text/1,https://opentheso.huma-num.fr/?idc=105124&idt=th310,heads,1,zoomathia_match
http://ns.inria.fr/zoomathia/PS-ARISTOTELES/περὶ_θαυμασίων_ἀκουσμάτων/g/1/21/text/1,https://opentheso.huma-num.fr/?idc=5070&idt=th310,hedgehogs,1,zoomathia_match
http://ns.inria.fr/zoomathia/PS-ARISTOTELES/περὶ_θαυμασίων_ἀκουσμάτων/g/1/21/text/1,https://www.wikidata.org/wiki/Q44112,Cyrene,0.4614,wikidata
http://ns.inria.fr/zoomathia/PS-ARISTOTELES/περὶ_θαυμασίων_ἀκουσμάτων/g/1/21/text/1,http://dbpedia.org/resource/Cyrenaica,Cyrene,0.9556883789176187,DBpedia
http://ns.inria.fr/zoomathia/PS-ARISTOTELES/περὶ_θαυμασίων_ἀκουσμάτων/g/1/21/text/1,http://dbpedia.org/resource/Kindness,kind,0.6334722617353455,DBpedia
http://ns.inria.fr/zoomathia/PS-ARISTOTELES/περὶ_θαυμασίων_ἀκουσμάτων/g/1/21/text/1,http://dbpedia.org/resource/Mouse,mouse,0.8781670744381187,DBpedia
http://ns.inria.fr/zoomathia/PS-ARISTOTELES/περὶ_θαυμασίων_ἀκουσμάτων/g/1/21/text/1,http://dbpedia.org/resource/Shape,shape,0.8682131539829429,DBpedia
http://ns.inria.fr/zoomathia/PS-ARISTOTELES/περὶ_θαυμασίων_ἀκουσμάτων/g/1/21/text/1,http://dbpedia.org/resource/Color,colour,0.9049511898040704,DBpedia
http://ns.inria.fr/zoomathia/PS-ARISTOTELES/περὶ_θαυμασίων_ἀκουσμάτων/g/1/21/text/1,http://dbpedia.org/resource/Horse_racing,flat,0.9403615160805825,DBpedia
http://ns.inria.fr/zoomathia/PS-ARISTOTELES/περὶ_θαυμασίων_ἀκουσμάτων/g/1/21/text/1,http://dbpedia.org/resource/Pseudanthium,heads,0.9823657846619338,DBpedia
http://ns.inria.fr/zoomathia/PS-ARISTOTELES/περὶ_θαυμασίων_ἀκουσμάτων/g/1/21/text/1,http://dbpedia.org/resource/European_polecat,polecats,0.996402746752378,DBpedia
http://ns.inria.fr/zoomathia/PS-ARISTOTELES/περὶ_θαυμασίων_ἀκουσμάτων/g/1/21/text/1,http://dbpedia.org/resource/Window_function,shaped,0.9070750855879114,DBpedia
http://ns.inria.fr/zoomathia/PS-ARISTOTELES/περὶ_θαυμασίων_ἀκουσμάτων/g/1/21/text/1,http://dbpedia.org/resource/European_hedgehog,hedgehogs,0.7404095411667215,DBpedia
http://ns.inria.fr/zoomathia/PS-ARISTOTELES/περὶ_θαυμασίων_ἀκουσμάτων/g/1/23/text/1,https://opentheso.huma-num.fr/?idc=pcrttto0QeS1er&idt=th310,eagles,1,zoomathia_match
http://ns.inria.fr/zoomathia/PS-ARISTOTELES/περὶ_θαυμασίων_ἀκουσμάτων/g/1/23/text/1,https://opentheso.huma-num.fr/?idc=107233&idt=th310,mated,1,zoomathia_match
http://ns.inria.fr/zoomathia/PS-ARISTOTELES/περὶ_θαυμασίων_ἀκουσμάτων/g/1/23/text/1,https://opentheso.huma-num.fr/?idc=pcrtjH3S5xjpLz&idt=th310,mated,1,zoomathia_match
http://ns.inria.fr/zoomathia/PS-ARISTOTELES/περὶ_θαυμασίων_ἀκουσμάτων/g/1/23/text/1,https://opentheso.huma-num.fr/?idc=pcrtGm7ZMfoQrc&idt=th310,born,1,zoomathia_match
http://ns.inria.fr/zoomathia/PS-ARISTOTELES/περὶ_θαυμασίων_ἀκουσμάτων/g/1/23/text/1,https://opentheso.huma-num.fr/?idc=108046&idt=th310,osprey,1,zoomathia_match
http://ns.inria.fr/zoomathia/PS-ARISTOTELES/περὶ_θαυμασίων_ἀκουσμάτων/g/1/23/text/1,https://opentheso.huma-num.fr/?idc=108042&idt=th310,vultures,1,zoomathia_match
http://ns.inria.fr/zoomathia/PS-ARISTOTELES/περὶ_θαυμασίων_ἀκουσμάτων/g/1/23/text/1,https://opentheso.huma-num.fr/?idc=108042&idt=th310,vultures,1,zoomathia_match
http://ns.inria.fr/zoomathia/PS-ARISTOTELES/περὶ_θαυμασίων_ἀκουσμάτων/g/1/23/text/1,https://opentheso.huma-num.fr/?idc=108042&idt=th310,vultures,1,zoomathia_match
http://ns.inria.fr/zoomathia/PS-ARISTOTELES/περὶ_θαυμασίων_ἀκουσμάτων/g/1/23/text/1,https://opentheso.huma-num.fr/?idc=pcrtLnUS9cADfI&idt=th310,seen,1,zoomathia_match
http://ns.inria.fr/zoomathia/PS-ARISTOTELES/περὶ_θαυμασίων_ἀκουσμάτων/g/1/23/text/1,https://opentheso.huma-num.fr/?idc=105468&idt=th310,nest,1,zoomathia_match
http://ns.inria.fr/zoomathia/PS-ARISTOTELES/περὶ_θαυμασίων_ἀκουσμάτων/g/1/23/text/1,https://opentheso.huma-num.fr/?idc=108042&idt=th310,vultures,1,zoomathia_match
http://ns.inria.fr/zoomathia/PS-ARISTOTELES/περὶ_θαυμασίων_ἀκουσμάτων/g/1/23/text/1,http://dbpedia.org/resource/Ordered_pair,pair,0.6114061466109753,DBpedia
http://ns.inria.fr/zoomathia/PS-ARISTOTELES/περὶ_θαυμασίων_ἀκουσμάτων/g/1/23/text/1,http://dbpedia.org/resource/Eagle,eagles,0.9047465483659114,DBpedia
http://ns.inria.fr/zoomathia/PS-ARISTOTELES/περὶ_θαυμασίων_ἀκουσμάτων/g/1/23/text/1,http://dbpedia.org/resource/Typography,typography,0.9999999996375664,DBpedia
http://ns.inria.fr/zoomathia/PS-ARISTOTELES/περὶ_θαυμασίων_ἀκουσμάτων/g/1/23/text/1,http://dbpedia.org/resource/Leaf,alternately,0.628912654738444,DBpedia
http://ns.inria.fr/zoomathia/PS-ARISTOTELES/περὶ_θαυμασίων_ἀκουσμάτων/g/1/23/text/1,http://dbpedia.org/resource/Vowel_length,long,0.9440307975372637,DBpedia
http://ns.inria.fr/zoomathia/PS-ARISTOTELES/περὶ_θαυμασίων_ἀκουσμάτων/g/1/23/text/1,http://dbpedia.org/resource/Mating,mated,0.9990879828909316,DBpedia
http://ns.inria.fr/zoomathia/PS-ARISTOTELES/περὶ_θαυμασίων_ἀκουσμάτων/g/1/23/text/1,http://dbpedia.org/resource/Given_name,born,0.6048756561502157,DBpedia
http://ns.inria.fr/zoomathia/PS-ARISTOTELES/περὶ_θαυμασίων_ἀκουσμάτων/g/1/23/text/1,http://dbpedia.org/resource/Osprey,osprey,1.0,DBpedia
http://ns.inria.fr/zoomathia/PS-ARISTOTELES/περὶ_θαυμασίων_ἀκουσμάτων/g/1/23/text/1,http://dbpedia.org/resource/Hawk,hawks,0.8858840324811653,DBpedia
http://ns.inria.fr/zoomathia/PS-ARISTOTELES/περὶ_θαυμασίων_ἀκουσμάτων/g/1/23/text/1,http://dbpedia.org/resource/New_World_vulture,vultures,0.6414654673083036,DBpedia
http://ns.inria.fr/zoomathia/PS-ARISTOTELES/περὶ_θαυμασίων_ἀκουσμάτων/g/1/23/text/1,http://dbpedia.org/resource/New_World_vulture,vultures,0.6414654673083036,DBpedia
http://ns.inria.fr/zoomathia/PS-ARISTOTELES/περὶ_θαυμασίων_ἀκουσμάτων/g/1/23/text/1,http://dbpedia.org/resource/Record_producer,produce,0.9439566039854465,DBpedia
http://ns.inria.fr/zoomathia/PS-ARISTOTELES/περὶ_θαυμασίων_ἀκουσμάτων/g/1/23/text/1,http://dbpedia.org/resource/New_World_vulture,vultures,0.6414654673083036,DBpedia
http://ns.inria.fr/zoomathia/PS-ARISTOTELES/περὶ_θαυμασίων_ἀκουσμάτων/g/1/23/text/1,http://dbpedia.org/resource/Juvenile_fish,young,0.6183032042218188,DBpedia
http://ns.inria.fr/zoomathia/PS-ARISTOTELES/περὶ_θαυμασίων_ἀκουσμάτων/g/1/23/text/1,http://dbpedia.org/resource/Fact,fact,0.9960197535994968,DBpedia
http://ns.inria.fr/zoomathia/PS-ARISTOTELES/περὶ_θαυμασίων_ἀκουσμάτων/g/1/23/text/1,http://dbpedia.org/resource/Bird_nest,nest,0.8515432196260928,DBpedia
http://ns.inria.fr/zoomathia/PS-ARISTOTELES/περὶ_θαυμασίων_ἀκουσμάτων/g/1/23/text/1,http://dbpedia.org/resource/New_World_vulture,vultures,0.6414654673083036,DBpedia
http://ns.inria.fr/zoomathia/PS-ARISTOTELES/περὶ_θαυμασίων_ἀκουσμάτων/g/1/25/text/1,https://opentheso.huma-num.fr/?idc=pcrtnpPag9iONJ&idt=th310,bee,1,zoomathia_match
http://ns.inria.fr/zoomathia/PS-ARISTOTELES/περὶ_θαυμασίων_ἀκουσμάτων/g/1/25/text/1,https://opentheso.huma-num.fr/?idc=105657&idt=th310,winter,1,zoomathia_match
http://ns.inria.fr/zoomathia/PS-ARISTOTELES/περὶ_θαυμασίων_ἀκουσμάτων/g/1/25/text/1,https://opentheso.huma-num.fr/?idc=pcrtwcBE2KhIIb&idt=th310,winter solstice,1,zoomathia_match
http://ns.inria.fr/zoomathia/PS-ARISTOTELES/περὶ_θαυμασίων_ἀκουσμάτων/g/1/25/text/1,https://opentheso.huma-num.fr/?idc=107437&idt=th310,solstice,1,zoomathia_match
http://ns.inria.fr/zoomathia/PS-ARISTOTELES/περὶ_θαυμασίων_ἀκουσμάτων/g/1/25/text/1,https://opentheso.huma-num.fr/?idc=105380&idt=th310,walking,1,zoomathia_match
http://ns.inria.fr/zoomathia/PS-ARISTOTELES/περὶ_θαυμασίων_ἀκουσμάτων/g/1/25/text/1,https://opentheso.huma-num.fr/?idc=107519&idt=th310,work,1,zoomathia_match
http://ns.inria.fr/zoomathia/PS-ARISTOTELES/περὶ_θαυμασίων_ἀκουσμάτων/g/1/25/text/1,https://opentheso.huma-num.fr/?idc=pcrtlTDKyU4FYd&idt=th310,sign,1,zoomathia_match
http://ns.inria.fr/zoomathia/PS-ARISTOTELES/περὶ_θαυμασίων_ἀκουσμάτων/g/1/25/text/1,https://opentheso.huma-num.fr/?idc=105649&idt=th310,time,1,zoomathia_match
http://ns.inria.fr/zoomathia/PS-ARISTOTELES/περὶ_θαυμασίων_ἀκουσμάτων/g/1/25/text/1,https://opentheso.huma-num.fr/?idc=107517&idt=th310,cicada,1,zoomathia_match
http://ns.inria.fr/zoomathia/PS-ARISTOTELES/περὶ_θαυμασίων_ἀκουσμάτων/g/1/25/text/1,https://opentheso.huma-num.fr/?idc=pcrtHfc0ScaO1k&idt=th310,sing,1,zoomathia_match
http://ns.inria.fr/zoomathia/PS-ARISTOTELES/περὶ_θαυμασίων_ἀκουσμάτων/g/1/25/text/1,https://opentheso.huma-num.fr/?idc=107437&idt=th310,solstice,1,zoomathia_match
http://ns.inria.fr/zoomathia/PS-ARISTOTELES/περὶ_θαυμασίων_ἀκουσμάτων/g/1/25/text/1,https://www.wikidata.org/wiki/Q3247049,herald,0.5231,wikidata
http://ns.inria.fr/zoomathia/PS-ARISTOTELES/περὶ_θαυμασίων_ἀκουσμάτων/g/1/25/text/1,https://www.wikidata.org/wiki/Q176353,bee‑keepers,0.6555,wikidata
http://ns.inria.fr/zoomathia/PS-ARISTOTELES/περὶ_θαυμασίων_ἀκουσμάτων/g/1/25/text/1,https://www.wikidata.org/wiki/Q1947892,cicada,0.8782,wikidata
http://ns.inria.fr/zoomathia/PS-ARISTOTELES/περὶ_θαυμασίων_ἀκουσμάτων/g/1/25/text/1,http://dbpedia.org/resource/Herald,herald,0.9905698049693263,DBpedia
http://ns.inria.fr/zoomathia/PS-ARISTOTELES/περὶ_θαυμασίων_ἀκουσμάτων/g/1/25/text/1,http://dbpedia.org/resource/Solstice,solstice,0.9935192676433261,DBpedia
http://ns.inria.fr/zoomathia/PS-ARISTOTELES/περὶ_θαυμασίων_ἀκουσμάτων/g/1/25/text/1,http://dbpedia.org/resource/Walking,walking,0.8508333824354025,DBpedia
http://ns.inria.fr/zoomathia/PS-ARISTOTELES/περὶ_θαυμασίων_ἀκουσμάτων/g/1/25/text/1,http://dbpedia.org/resource/Sign_language,sign,0.7083821222734692,DBpedia
http://ns.inria.fr/zoomathia/PS-ARISTOTELES/περὶ_θαυμασίων_ἀκουσμάτων/g/1/25/text/1,http://dbpedia.org/resource/Quiet_Time,quiet time,0.9039479537087373,DBpedia
http://ns.inria.fr/zoomathia/PS-ARISTOTELES/περὶ_θαυμασίων_ἀκουσμάτων/g/1/25/text/1,http://dbpedia.org/resource/Cicada,cicada,0.9971702054801052,DBpedia
http://ns.inria.fr/zoomathia/PS-ARISTOTELES/περὶ_θαυμασίων_ἀκουσμάτων/g/1/25/text/1,http://dbpedia.org/resource/Singing,sing,0.999550513449302,DBpedia
http://ns.inria.fr/zoomathia/PS-ARISTOTELES/περὶ_θαυμασίων_ἀκουσμάτων/g/1/25/text/1,http://dbpedia.org/resource/Solstice,solstice,0.9935192676433261,DBpedia
http://ns.inria.fr/zoomathia/PS-ARISTOTELES/περὶ_θαυμασίων_ἀκουσμάτων/g/1/26/text/1,https://opentheso.huma-num.fr/?idc=5070&idt=th310,hedgehog,1,zoomathia_match
http://ns.inria.fr/zoomathia/PS-ARISTOTELES/περὶ_θαυμασίων_ἀκουσμάτων/g/1/26/text/1,https://opentheso.huma-num.fr/?idc=pcrtpWT5t7kRx6&idt=th310,year,1,zoomathia_match
http://ns.inria.fr/zoomathia/PS-ARISTOTELES/περὶ_θαυμασίων_ἀκουσμάτων/g/1/26/text/1,http://dbpedia.org/resource/Food,food,0.9963398555262285,DBpedia
http://ns.inria.fr/zoomathia/PS-ARISTOTELES/περὶ_θαυμασίων_ἀκουσμάτων/g/1/27/text/1,https://opentheso.huma-num.fr/?idc=5045&idt=th310,lizard,1,zoomathia_match
http://ns.inria.fr/zoomathia/PS-ARISTOTELES/περὶ_θαυμασίων_ἀκουσμάτων/g/1/27/text/1,https://opentheso.huma-num.fr/?idc=105170&idt=th310,skin,1,zoomathia_match
http://ns.inria.fr/zoomathia/PS-ARISTOTELES/περὶ_θαυμασίων_ἀκουσμάτων/g/1/27/text/1,https://opentheso.huma-num.fr/?idc=106259&idt=th310,snake,1,zoomathia_match
http://ns.inria.fr/zoomathia/PS-ARISTOTELES/περὶ_θαυμασίων_ἀκουσμάτων/g/1/27/text/1,https://opentheso.huma-num.fr/?idc=pcrtIABa5iOrAk&idt=th310,physicians,1,zoomathia_match
http://ns.inria.fr/zoomathia/PS-ARISTOTELES/περὶ_θαυμασίων_ἀκουσμάτων/g/1/27/text/1,https://opentheso.huma-num.fr/?idc=105303&idt=th310,physicians,1,zoomathia_match
http://ns.inria.fr/zoomathia/PS-ARISTOTELES/περὶ_θαυμασίων_ἀκουσμάτων/g/1/27/text/1,http://dbpedia.org/resource/Spotted_skunk,spotted,0.9258097636606667,DBpedia
http://ns.inria.fr/zoomathia/PS-ARISTOTELES/περὶ_θαυμασίων_ἀκουσμάτων/g/1/27/text/1,http://dbpedia.org/resource/Lizard,lizard,0.9999933907674422,DBpedia
http://ns.inria.fr/zoomathia/PS-ARISTOTELES/περὶ_θαυμασίων_ἀκουσμάτων/g/1/27/text/1,http://dbpedia.org/resource/Moulting,sloughed,0.9999999663608042,DBpedia
http://ns.inria.fr/zoomathia/PS-ARISTOTELES/περὶ_θαυμασίων_ἀκουσμάτων/g/1/27/text/1,http://dbpedia.org/resource/Skin,skin,0.9996698893394051,DBpedia
http://ns.inria.fr/zoomathia/PS-ARISTOTELES/περὶ_θαυμασίων_ἀκουσμάτων/g/1/27/text/1,http://dbpedia.org/resource/Snake,snake,0.9999999972117735,DBpedia
http://ns.inria.fr/zoomathia/PS-ARISTOTELES/περὶ_θαυμασίων_ἀκουσμάτων/g/1/27/text/1,http://dbpedia.org/resource/Glossary_of_professional_wrestling_terms,turn,0.9868592575371501,DBpedia
http://ns.inria.fr/zoomathia/PS-ARISTOTELES/περὶ_θαυμασίων_ἀκουσμάτων/g/1/27/text/1,http://dbpedia.org/resource/Cannibalism,devour,0.9999998807719876,DBpedia
http://ns.inria.fr/zoomathia/PS-ARISTOTELES/περὶ_θαυμασίων_ἀκουσμάτων/g/1/27/text/1,http://dbpedia.org/resource/Physician,physicians,0.9998226714953861,DBpedia
http://ns.inria.fr/zoomathia/PS-ARISTOTELES/περὶ_θαυμασίων_ἀκουσμάτων/g/1/27/text/1,http://dbpedia.org/resource/Epilepsy,epileptics,0.9999999620473268,DBpedia
http://ns.inria.fr/zoomathia/PS-ARISTOTELES/περὶ_θαυμασίων_ἀκουσμάτων/g/1/28/text/1,https://opentheso.huma-num.fr/?idc=105983&idt=th310,fat,1,zoomathia_match
http://ns.inria.fr/zoomathia/PS-ARISTOTELES/περὶ_θαυμασίων_ἀκουσμάτων/g/1/28/text/1,https://opentheso.huma-num.fr/?idc=pcrtWUyge94a85&idt=th310,set,1,zoomathia_match
http://ns.inria.fr/zoomathia/PS-ARISTOTELES/περὶ_θαυμασίων_ἀκουσμάτων/g/1/28/text/1,https://opentheso.huma-num.fr/?idc=105657&idt=th310,winter,1,zoomathia_match
http://ns.inria.fr/zoomathia/PS-ARISTOTELES/περὶ_θαυμασίων_ἀκουσμάτων/g/1/28/text/1,https://opentheso.huma-num.fr/?idc=105649&idt=th310,time,1,zoomathia_match
http://ns.inria.fr/zoomathia/PS-ARISTOTELES/περὶ_θαυμασίων_ἀκουσμάτων/g/1/28/text/1,https://opentheso.huma-num.fr/?idc=pcrtGm7ZMfoQrc&idt=th310,bear,1,zoomathia_match
http://ns.inria.fr/zoomathia/PS-ARISTOTELES/περὶ_θαυμασίων_ἀκουσμάτων/g/1/28/text/1,https://opentheso.huma-num.fr/?idc=pcrtfv4IrNiWE8&idt=th310,vessels,1,zoomathia_match
http://ns.inria.fr/zoomathia/PS-ARISTOTELES/περὶ_θαυμασίων_ἀκουσμάτων/g/1/28/text/1,http://dbpedia.org/resource/Fat,fat,0.9603463990387046,DBpedia
http://ns.inria.fr/zoomathia/PS-ARISTOTELES/περὶ_θαυμασίων_ἀκουσμάτων/g/1/28/text/1,http://dbpedia.org/resource/Set_construction,set,0.5828004256018396,DBpedia
http://ns.inria.fr/zoomathia/PS-ARISTOTELES/περὶ_θαυμασίων_ἀκουσμάτων/g/1/28/text/1,http://dbpedia.org/resource/Winter,winter,0.5737024288266425,DBpedia
http://ns.inria.fr/zoomathia/PS-ARISTOTELES/περὶ_θαυμασίων_ἀκουσμάτων/g/1/28/text/1,http://dbpedia.org/resource/Personal_life,lives,0.33795598183279013,DBpedia
http://ns.inria.fr/zoomathia/PS-ARISTOTELES/περὶ_θαυμασίων_ἀκουσμάτων/g/1/28/text/1,http://dbpedia.org/resource/Cave,cave,0.9991710433916071,DBpedia
http://ns.inria.fr/zoomathia/PS-ARISTOTELES/περὶ_θαυμασίων_ἀκουσμάτων/g/1/28/text/1,http://dbpedia.org/resource/Population_growth,grows,0.9052924605031559,DBpedia
http://ns.inria.fr/zoomathia/PS-ARISTOTELES/περὶ_θαυμασίων_ἀκουσμάτων/g/1/28/text/1,http://dbpedia.org/resource/Integer_overflow,overflows,0.9677410323397978,DBpedia
http://ns.inria.fr/zoomathia/PS-ARISTOTELES/περὶ_θαυμασίων_ἀκουσμάτων/g/1/30/text/1,https://opentheso.huma-num.fr/?idc=pcrt8S70LdUsaP&idt=th310,Cappadocia,1,zoomathia_match
http://ns.inria.fr/zoomathia/PS-ARISTOTELES/περὶ_θαυμασίων_ἀκουσμάτων/g/1/30/text/1,https://opentheso.huma-num.fr/?idc=106492&idt=th310,mules,1,zoomathia_match
http://ns.inria.fr/zoomathia/PS-ARISTOTELES/περὶ_θαυμασίων_ἀκουσμάτων/g/1/30/text/1,https://opentheso.huma-num.fr/?idc=pcrtGm7ZMfoQrc&idt=th310,bear,1,zoomathia_match
http://ns.inria.fr/zoomathia/PS-ARISTOTELES/περὶ_θαυμασίων_ἀκουσμάτων/g/1/30/text/1,https://opentheso.huma-num.fr/?idc=pcrtDFvOrje3j0&idt=th310,fruit,1,zoomathia_match
http://ns.inria.fr/zoomathia/PS-ARISTOTELES/περὶ_θαυμασίων_ἀκουσμάτων/g/1/30/text/1,https://www.wikidata.org/wiki/Q217265,Cappadocia,0.4533,wikidata
http://ns.inria.fr/zoomathia/PS-ARISTOTELES/περὶ_θαυμασίων_ἀκουσμάτων/g/1/30/text/1,https://www.wikidata.org/wiki/Q34374,Crete,0.4531,wikidata
http://ns.inria.fr/zoomathia/PS-ARISTOTELES/περὶ_θαυμασίων_ἀκουσμάτων/g/1/30/text/1,http://dbpedia.org/resource/Cappadocia,Cappadocia,0.9997457682934195,DBpedia
http://ns.inria.fr/zoomathia/PS-ARISTOTELES/περὶ_θαυμασίων_ἀκουσμάτων/g/1/30/text/1,http://dbpedia.org/resource/Mule,mules,0.9945487027490153,DBpedia
http://ns.inria.fr/zoomathia/PS-ARISTOTELES/περὶ_θαυμασίων_ἀκουσμάτων/g/1/30/text/1,http://dbpedia.org/resource/Breed,breed,0.7184323847701953,DBpedia
http://ns.inria.fr/zoomathia/PS-ARISTOTELES/περὶ_θαυμασίων_ἀκουσμάτων/g/1/30/text/1,http://dbpedia.org/resource/Crete,Crete,0.9993229592805224,DBpedia
http://ns.inria.fr/zoomathia/PS-ARISTOTELES/περὶ_θαυμασίων_ἀκουσμάτων/g/1/30/text/1,http://dbpedia.org/resource/Populus,poplars,0.9997607299943558,DBpedia
http://ns.inria.fr/zoomathia/PS-ARISTOTELES/περὶ_θαυμασίων_ἀκουσμάτων/g/1/30/text/1,http://dbpedia.org/resource/Fruit,fruit,0.9991859988229325,DBpedia
http://ns.inria.fr/zoomathia/PS-ARISTOTELES/περὶ_θαυμασίων_ἀκουσμάτων/g/1/60/text/1,https://opentheso.huma-num.fr/?idc=107800&idt=th310,Arabia,1,zoomathia_match
http://ns.inria.fr/zoomathia/PS-ARISTOTELES/περὶ_θαυμασίων_ἀκουσμάτων/g/1/60/text/1,https://opentheso.huma-num.fr/?idc=pcrtLnUS9cADfI&idt=th310,sees,1,zoomathia_match
http://ns.inria.fr/zoomathia/PS-ARISTOTELES/περὶ_θαυμασίων_ἀκουσμάτων/g/1/60/text/1,https://opentheso.huma-num.fr/?idc=pcrt0WrjgPTs33&idt=th310,man,1,zoomathia_match
http://ns.inria.fr/zoomathia/PS-ARISTOTELES/περὶ_θαυμασίων_ἀκουσμάτων/g/1/60/text/1,https://opentheso.huma-num.fr/?idc=pcrt4v7jKE3TVw&idt=th310,dogs,1,zoomathia_match
http://ns.inria.fr/zoomathia/PS-ARISTOTELES/περὶ_θαυμασίων_ἀκουσμάτων/g/1/60/text/1,https://www.wikidata.org/wiki/Q31945,Arabia,0.4107,wikidata
http://ns.inria.fr/zoomathia/PS-ARISTOTELES/περὶ_θαυμασίων_ἀκουσμάτων/g/1/60/text/1,http://dbpedia.org/resource/Arabian_Peninsula,Arabia,0.9696830890995495,DBpedia
http://ns.inria.fr/zoomathia/PS-ARISTOTELES/περὶ_θαυμασίων_ἀκουσμάτων/g/1/60/text/1,http://dbpedia.org/resource/Species,species,0.9999997741888336,DBpedia
http://ns.inria.fr/zoomathia/PS-ARISTOTELES/περὶ_θαυμασίων_ἀκουσμάτων/g/1/60/text/1,http://dbpedia.org/resource/Hyaena,hyaena,0.9999999999928377,DBpedia
http://ns.inria.fr/zoomathia/PS-ARISTOTELES/περὶ_θαυμασίων_ἀκουσμάτων/g/1/60/text/1,http://dbpedia.org/resource/Animal,beast,0.5972305755733304,DBpedia
http://ns.inria.fr/zoomathia/PS-ARISTOTELES/περὶ_θαυμασίων_ἀκουσμάτων/g/1/60/text/1,http://dbpedia.org/resource/Shadow,shadow,0.9955143871658498,DBpedia
http://ns.inria.fr/zoomathia/PS-ARISTOTELES/περὶ_θαυμασίων_ἀκουσμάτων/g/1/60/text/1,http://dbpedia.org/resource/Human,man,0.9026025066902741,DBpedia
http://ns.inria.fr/zoomathia/PS-ARISTOTELES/περὶ_θαυμασίων_ἀκουσμάτων/g/1/60/text/1,http://dbpedia.org/resource/Record_producer,produces,0.8269853068509965,DBpedia
http://ns.inria.fr/zoomathia/PS-ARISTOTELES/περὶ_θαυμασίων_ἀκουσμάτων/g/1/60/text/1,http://dbpedia.org/resource/Paralysis,paralysis,0.8954766115871009,DBpedia
http://ns.inria.fr/zoomathia/PS-ARISTOTELES/περὶ_θαυμασίων_ἀκουσμάτων/g/1/60/text/1,http://dbpedia.org/resource/Lost_film,impossible,0.8277349378778618,DBpedia
http://ns.inria.fr/zoomathia/PS-ARISTOTELES/περὶ_θαυμασίων_ἀκουσμάτων/g/1/60/text/1,http://dbpedia.org/resource/Human_body,body,0.971578972274917,DBpedia
http://ns.inria.fr/zoomathia/PS-ARISTOTELES/περὶ_θαυμασίων_ἀκουσμάτων/g/1/60/text/1,http://dbpedia.org/resource/Dog,dogs,0.9999663652333038,DBpedia
http://ns.inria.fr/zoomathia/PS-ARISTOTELES/περὶ_θαυμασίων_ἀκουσμάτων/g/1/63/text/1,https://opentheso.huma-num.fr/?idc=107792&idt=th310,Sicily,1,zoomathia_match
http://ns.inria.fr/zoomathia/PS-ARISTOTELES/περὶ_θαυμασίων_ἀκουσμάτων/g/1/63/text/1,https://opentheso.huma-num.fr/?idc=105718&idt=th310,Italy,1,zoomathia_match
http://ns.inria.fr/zoomathia/PS-ARISTOTELES/περὶ_θαυμασίων_ἀκουσμάτων/g/1/63/text/1,https://opentheso.huma-num.fr/?idc=105616&idt=th310,bite,1,zoomathia_match
http://ns.inria.fr/zoomathia/PS-ARISTOTELES/περὶ_θαυμασίων_ἀκουσμάτων/g/1/63/text/1,https://opentheso.huma-num.fr/?idc=5045&idt=th310,lizard,1,zoomathia_match
http://ns.inria.fr/zoomathia/PS-ARISTOTELES/περὶ_θαυμασίων_ἀκουσμάτων/g/1/63/text/1,https://opentheso.huma-num.fr/?idc=5071&idt=th310,mouse,1,zoomathia_match
http://ns.inria.fr/zoomathia/PS-ARISTOTELES/περὶ_θαυμασίων_ἀκουσμάτων/g/1/63/text/1,https://opentheso.huma-num.fr/?idc=105616&idt=th310,bites,1,zoomathia_match
http://ns.inria.fr/zoomathia/PS-ARISTOTELES/περὶ_θαυμασίων_ἀκουσμάτων/g/1/63/text/1,https://opentheso.huma-num.fr/?idc=106471&idt=th310,death,1,zoomathia_match
http://ns.inria.fr/zoomathia/PS-ARISTOTELES/περὶ_θαυμασίων_ἀκουσμάτων/g/1/63/text/1,https://www.wikidata.org/wiki/Q1460,Sicily,0.4505,wikidata
http://ns.inria.fr/zoomathia/PS-ARISTOTELES/περὶ_θαυμασίων_ἀκουσμάτων/g/1/63/text/1,https://www.wikidata.org/wiki/Q38,Italy,0.4622,wikidata
http://ns.inria.fr/zoomathia/PS-ARISTOTELES/περὶ_θαυμασίων_ἀκουσμάτων/g/1/63/text/1,http://dbpedia.org/resource/Sicily,Sicily,0.9966963697147039,DBpedia
http://ns.inria.fr/zoomathia/PS-ARISTOTELES/περὶ_θαυμασίων_ἀκουσμάτων/g/1/63/text/1,http://dbpedia.org/resource/Italy,Italy,0.9970355202274466,DBpedia
http://ns.inria.fr/zoomathia/PS-ARISTOTELES/περὶ_θαυμασίων_ἀκουσμάτων/g/1/63/text/1,http://dbpedia.org/resource/Snakebite,bite,0.9144384913597472,DBpedia
http://ns.inria.fr/zoomathia/PS-ARISTOTELES/περὶ_θαυμασίων_ἀκουσμάτων/g/1/63/text/1,http://dbpedia.org/resource/Spotted_hyena,spotted,0.7812182107612463,DBpedia
http://ns.inria.fr/zoomathia/PS-ARISTOTELES/περὶ_θαυμασίων_ἀκουσμάτων/g/1/63/text/1,http://dbpedia.org/resource/Lizard,lizard,0.9999823885098504,DBpedia
http://ns.inria.fr/zoomathia/PS-ARISTOTELES/περὶ_θαυμασίων_ἀκουσμάτων/g/1/63/text/1,http://dbpedia.org/resource/Mostly_Harmless,harmless,0.9734235236032082,DBpedia
http://ns.inria.fr/zoomathia/PS-ARISTOTELES/περὶ_θαυμασίων_ἀκουσμάτων/g/1/63/text/1,http://dbpedia.org/resource/Slighting,slight,0.999994558991455,DBpedia
http://ns.inria.fr/zoomathia/PS-ARISTOTELES/περὶ_θαυμασίων_ἀκουσμάτων/g/1/63/text/1,http://dbpedia.org/resource/Kindness,kind,0.7510179777757051,DBpedia
http://ns.inria.fr/zoomathia/PS-ARISTOTELES/περὶ_θαυμασίων_ἀκουσμάτων/g/1/63/text/1,http://dbpedia.org/resource/Mouse,mouse,0.9990168110601292,DBpedia
http://ns.inria.fr/zoomathia/PS-ARISTOTELES/περὶ_θαυμασίων_ἀκουσμάτων/g/1/63/text/1,http://dbpedia.org/resource/Snakebite,bites,0.9822237316395911,DBpedia
http://ns.inria.fr/zoomathia/PS-ARISTOTELES/περὶ_θαυμασίων_ἀκουσμάτων/g/1/64/text/1,https://opentheso.huma-num.fr/?idc=pcrtH1FhRBDPzP&idt=th310,Mesopotamia,1,zoomathia_match
http://ns.inria.fr/zoomathia/PS-ARISTOTELES/περὶ_θαυμασίων_ἀκουσμάτων/g/1/64/text/1,https://opentheso.huma-num.fr/?idc=107826&idt=th310,Syria,1,zoomathia_match
http://ns.inria.fr/zoomathia/PS-ARISTOTELES/περὶ_θαυμασίων_ἀκουσμάτων/g/1/64/text/1,https://opentheso.huma-num.fr/?idc=106259&idt=th310,snake,1,zoomathia_match
http://ns.inria.fr/zoomathia/PS-ARISTOTELES/περὶ_θαυμασίων_ἀκουσμάτων/g/1/64/text/1,https://opentheso.huma-num.fr/?idc=105616&idt=th310,bite,1,zoomathia_match
http://ns.inria.fr/zoomathia/PS-ARISTOTELES/περὶ_θαυμασίων_ἀκουσμάτων/g/1/64/text/1,https://www.wikidata.org/wiki/Q11767,Mesopotamia,0.4531,wikidata
http://ns.inria.fr/zoomathia/PS-ARISTOTELES/περὶ_θαυμασίων_ἀκουσμάτων/g/1/64/text/1,https://www.wikidata.org/wiki/Q858,Syria,0.4505,wikidata
http://ns.inria.fr/zoomathia/PS-ARISTOTELES/περὶ_θαυμασίων_ἀκουσμάτων/g/1/64/text/1,http://dbpedia.org/resource/Mesopotamia,Mesopotamia,0.9996490672239362,DBpedia
http://ns.inria.fr/zoomathia/PS-ARISTOTELES/περὶ_θαυμασίων_ἀκουσμάτων/g/1/64/text/1,http://dbpedia.org/resource/Syria,Syria,0.9975978874587071,DBpedia
http://ns.inria.fr/zoomathia/PS-ARISTOTELES/περὶ_θαυμασίων_ἀκουσμάτων/g/1/64/text/1,http://dbpedia.org/resource/Istrus_(mythology),Istrus,0.901122194566721,DBpedia
http://ns.inria.fr/zoomathia/PS-ARISTOTELES/περὶ_θαυμασίων_ἀκουσμάτων/g/1/64/text/1,http://dbpedia.org/resource/Snake,snake,0.9999977746310583,DBpedia
http://ns.inria.fr/zoomathia/PS-ARISTOTELES/περὶ_θαυμασίων_ἀκουσμάτων/g/1/64/text/1,http://dbpedia.org/resource/Snakebite,bite,0.8695824818230984,DBpedia
http://ns.inria.fr/zoomathia/PS-ARISTOTELES/περὶ_θαυμασίων_ἀκουσμάτων/g/1/64/text/1,http://dbpedia.org/resource/Native_Americans_in_the_United_States,natives,0.4833781538356392,DBpedia
http://ns.inria.fr/zoomathia/PS-ARISTOTELES/περὶ_θαυμασίων_ἀκουσμάτων/g/1/64/text/1,http://dbpedia.org/resource/Harm,harm,0.8547878793414311,DBpedia
http://ns.inria.fr/zoomathia/PS-ARISTOTELES/περὶ_θαυμασίων_ἀκουσμάτων/g/1/64/text/1,http://dbpedia.org/resource/Stranger,strangers,0.999855549163092,DBpedia
http://ns.inria.fr/zoomathia/PS-ARISTOTELES/περὶ_θαυμασίων_ἀκουσμάτων/g/1/65/text/1,https://opentheso.huma-num.fr/?idc=105382&idt=th310,swim,1,zoomathia_match
http://ns.inria.fr/zoomathia/PS-ARISTOTELES/περὶ_θαυμασίων_ἀκουσμάτων/g/1/65/text/1,https://opentheso.huma-num.fr/?idc=105131&idt=th310,mouths,1,zoomathia_match
http://ns.inria.fr/zoomathia/PS-ARISTOTELES/περὶ_θαυμασίων_ἀκουσμάτων/g/1/65/text/1,https://opentheso.huma-num.fr/?idc=pcrtSaNDeLvKzS&idt=th310,banks,1,zoomathia_match
http://ns.inria.fr/zoomathia/PS-ARISTOTELES/περὶ_θαυμασίων_ἀκουσμάτων/g/1/65/text/1,https://opentheso.huma-num.fr/?idc=pcrtLnUS9cADfI&idt=th310,seen,1,zoomathia_match
http://ns.inria.fr/zoomathia/PS-ARISTOTELES/περὶ_θαυμασίων_ἀκουσμάτων/g/1/65/text/1,https://opentheso.huma-num.fr/?idc=105616&idt=th310,bite,1,zoomathia_match
http://ns.inria.fr/zoomathia/PS-ARISTOTELES/περὶ_θαυμασίων_ἀκουσμάτων/g/1/65/text/1,https://opentheso.huma-num.fr/?idc=pcrttqg6h4M4o5&idt=th310,Greeks,1,zoomathia_match
http://ns.inria.fr/zoomathia/PS-ARISTOTELES/περὶ_θαυμασίων_ἀκουσμάτων/g/1/65/text/1,https://www.wikidata.org/wiki/Q34589,Euphrates,0.9025,wikidata
http://ns.inria.fr/zoomathia/PS-ARISTOTELES/περὶ_θαυμασίων_ἀκουσμάτων/g/1/65/text/1,https://www.wikidata.org/wiki/Q18393189,Syrians,0.625,wikidata
http://ns.inria.fr/zoomathia/PS-ARISTOTELES/περὶ_θαυμασίων_ἀκουσμάτων/g/1/65/text/1,https://www.wikidata.org/wiki/Q11772,Greeks,0.7903,wikidata
http://ns.inria.fr/zoomathia/PS-ARISTOTELES/περὶ_θαυμασίων_ἀκουσμάτων/g/1/65/text/1,http://dbpedia.org/resource/Euphrates,Euphrates,0.9999938461905403,DBpedia
http://ns.inria.fr/zoomathia/PS-ARISTOTELES/περὶ_θαυμασίων_ἀκουσμάτων/g/1/65/text/1,http://dbpedia.org/resource/Swimming,swim,0.908293406340976,DBpedia
http://ns.inria.fr/zoomathia/PS-ARISTOTELES/περὶ_θαυμασίων_ἀκουσμάτων/g/1/65/text/1,http://dbpedia.org/resource/River_mouth,mouths,0.8875472190329714,DBpedia
http://ns.inria.fr/zoomathia/PS-ARISTOTELES/περὶ_θαυμασίων_ἀκουσμάτων/g/1/65/text/1,http://dbpedia.org/resource/Bank,banks,0.9983984525619369,DBpedia
http://ns.inria.fr/zoomathia/PS-ARISTOTELES/περὶ_θαυμασίων_ἀκουσμάτων/g/1/65/text/1,http://dbpedia.org/resource/Evening,evening,0.9943295285060065,DBpedia
http://ns.inria.fr/zoomathia/PS-ARISTOTELES/περὶ_θαυμασίων_ἀκουσμάτων/g/1/65/text/1,http://dbpedia.org/resource/Dawn,dawn,0.9999999409400875,DBpedia
http://ns.inria.fr/zoomathia/PS-ARISTOTELES/περὶ_θαυμασίων_ἀκουσμάτων/g/1/65/text/1,http://dbpedia.org/resource/Biting,bite,0.942173505752609,DBpedia
http://ns.inria.fr/zoomathia/PS-ARISTOTELES/περὶ_θαυμασίων_ἀκουσμάτων/g/1/65/text/1,http://dbpedia.org/resource/Syrians,Syrians,0.7747499362182577,DBpedia
http://ns.inria.fr/zoomathia/PS-ARISTOTELES/περὶ_θαυμασίων_ἀκουσμάτων/g/1/65/text/1,http://dbpedia.org/resource/Leisure,rest,0.9106785209807206,DBpedia
http://ns.inria.fr/zoomathia/PS-ARISTOTELES/περὶ_θαυμασίων_ἀκουσμάτων/g/1/65/text/1,http://dbpedia.org/resource/Refrain,refrain,0.9999995274403071,DBpedia
http://ns.inria.fr/zoomathia/PS-ARISTOTELES/περὶ_θαυμασίων_ἀκουσμάτων/g/1/65/text/1,http://dbpedia.org/resource/Greeks,Greeks,0.8728346165421498,DBpedia
http://ns.inria.fr/zoomathia/PS-ARISTOTELES/περὶ_θαυμασίων_ἀκουσμάτων/g/1/66/text/1,https://opentheso.huma-num.fr/?idc=106259&idt=th310,snake,1,zoomathia_match
http://ns.inria.fr/zoomathia/PS-ARISTOTELES/περὶ_θαυμασίων_ἀκουσμάτων/g/1/66/text/1,https://opentheso.huma-num.fr/?idc=105616&idt=th310,bites,1,zoomathia_match
http://ns.inria.fr/zoomathia/PS-ARISTOTELES/περὶ_θαυμασίων_ἀκουσμάτων/g/1/66/text/1,https://opentheso.huma-num.fr/?idc=105406&idt=th310,touches,1,zoomathia_match
http://ns.inria.fr/zoomathia/PS-ARISTOTELES/περὶ_θαυμασίων_ἀκουσμάτων/g/1/66/text/1,https://opentheso.huma-num.fr/?idc=105405&idt=th310,hear,1,zoomathia_match
http://ns.inria.fr/zoomathia/PS-ARISTOTELES/περὶ_θαυμασίων_ἀκουσμάτων/g/1/66/text/1,https://opentheso.huma-num.fr/?idc=105250&idt=th310,sound,1,zoomathia_match
http://ns.inria.fr/zoomathia/PS-ARISTOTELES/περὶ_θαυμασίων_ἀκουσμάτων/g/1/66/text/1,https://opentheso.huma-num.fr/?idc=106259&idt=th310,snakes,1,zoomathia_match
http://ns.inria.fr/zoomathia/PS-ARISTOTELES/περὶ_θαυμασίων_ἀκουσμάτων/g/1/66/text/1,https://opentheso.huma-num.fr/?idc=105974&idt=th310,vipers,1,zoomathia_match
http://ns.inria.fr/zoomathia/PS-ARISTOTELES/περὶ_θαυμασίων_ἀκουσμάτων/g/1/66/text/1,https://opentheso.huma-num.fr/?idc=106004&idt=th310,wild,1,zoomathia_match
http://ns.inria.fr/zoomathia/PS-ARISTOTELES/περὶ_θαυμασίων_ἀκουσμάτων/g/1/66/text/1,https://opentheso.huma-num.fr/?idc=105270&idt=th310,size,1,zoomathia_match
http://ns.inria.fr/zoomathia/PS-ARISTOTELES/περὶ_θαυμασίων_ἀκουσμάτων/g/1/66/text/1,https://opentheso.huma-num.fr/?idc=106471&idt=th310,death,1,zoomathia_match
http://ns.inria.fr/zoomathia/PS-ARISTOTELES/περὶ_θαυμασίων_ἀκουσμάτων/g/1/66/text/1,https://opentheso.huma-num.fr/?idc=106259&idt=th310,snake,1,zoomathia_match
http://ns.inria.fr/zoomathia/PS-ARISTOTELES/περὶ_θαυμασίων_ἀκουσμάτων/g/1/66/text/1,https://opentheso.huma-num.fr/?idc=105255&idt=th310,sleep,1,zoomathia_match
http://ns.inria.fr/zoomathia/PS-ARISTOTELES/περὶ_θαυμασίων_ἀκουσμάτων/g/1/66/text/1,https://opentheso.huma-num.fr/?idc=106259&idt=th310,snake,1,zoomathia_match
http://ns.inria.fr/zoomathia/PS-ARISTOTELES/περὶ_θαυμασίων_ἀκουσμάτων/g/1/66/text/1,https://www.wikidata.org/wiki/Q22807284,Thessaly,0.4516,wikidata
http://ns.inria.fr/zoomathia/PS-ARISTOTELES/περὶ_θαυμασίων_ἀκουσμάτων/g/1/66/text/1,https://www.wikidata.org/wiki/Q211285,Tenos,0.4424,wikidata
http://ns.inria.fr/zoomathia/PS-ARISTOTELES/περὶ_θαυμασίων_ἀκουσμάτων/g/1/66/text/1,https://www.wikidata.org/wiki/Q22807284,Thessalian,0.4588,wikidata
http://ns.inria.fr/zoomathia/PS-ARISTOTELES/περὶ_θαυμασίων_ἀκουσμάτων/g/1/66/text/1,http://dbpedia.org/resource/Thessaly,Thessaly,0.9992056273301663,DBpedia
http://ns.inria.fr/zoomathia/PS-ARISTOTELES/περὶ_θαυμασίων_ἀκουσμάτων/g/1/66/text/1,http://dbpedia.org/resource/Sacred,sacred,0.997763171949079,DBpedia
http://ns.inria.fr/zoomathia/PS-ARISTOTELES/περὶ_θαυμασίων_ἀκουσμάτων/g/1/66/text/1,http://dbpedia.org/resource/Snake,snake,0.999717148117486,DBpedia
http://ns.inria.fr/zoomathia/PS-ARISTOTELES/περὶ_θαυμασίων_ἀκουσμάτων/g/1/66/text/1,http://dbpedia.org/resource/Snakebite,bites,0.9991761962700001,DBpedia
http://ns.inria.fr/zoomathia/PS-ARISTOTELES/περὶ_θαυμασίων_ἀκουσμάτων/g/1/66/text/1,http://dbpedia.org/resource/Sound,sound,0.987092670783906,DBpedia
http://ns.inria.fr/zoomathia/PS-ARISTOTELES/περὶ_θαυμασίων_ἀκουσμάτων/g/1/66/text/1,http://dbpedia.org/resource/Snake,snakes,0.9994494916538635,DBpedia
http://ns.inria.fr/zoomathia/PS-ARISTOTELES/περὶ_θαυμασίων_ἀκουσμάτων/g/1/66/text/1,http://dbpedia.org/resource/Viperidae,vipers,0.9999886557711756,DBpedia
http://ns.inria.fr/zoomathia/PS-ARISTOTELES/περὶ_θαυμασίων_ἀκουσμάτων/g/1/66/text/1,http://dbpedia.org/resource/Wild_Beasts,wild beasts,0.9999999999998863,DBpedia
http://ns.inria.fr/zoomathia/PS-ARISTOTELES/περὶ_θαυμασίων_ἀκουσμάτων/g/1/66/text/1,http://dbpedia.org/resource/Tax_avoidance,avoid,0.9976002637793911,DBpedia
http://ns.inria.fr/zoomathia/PS-ARISTOTELES/περὶ_θαυμασίων_ἀκουσμάτων/g/1/66/text/1,http://dbpedia.org/resource/Great_Britain,great,0.8476991585720366,DBpedia
http://ns.inria.fr/zoomathia/PS-ARISTOTELES/περὶ_θαυμασίων_ἀκουσμάτων/g/1/66/text/1,http://dbpedia.org/resource/Moderate,moderate,0.971976871816192,DBpedia
http://ns.inria.fr/zoomathia/PS-ARISTOTELES/περὶ_θαυμασίων_ἀκουσμάτων/g/1/66/text/1,http://dbpedia.org/resource/Effect_size,size,0.8680899021484281,DBpedia
http://ns.inria.fr/zoomathia/PS-ARISTOTELES/περὶ_θαυμασίων_ἀκουσμάτων/g/1/66/text/1,http://dbpedia.org/resource/Tinos,Tenos,0.9999999999855618,DBpedia
http://ns.inria.fr/zoomathia/PS-ARISTOTELES/περὶ_θαυμασίων_ἀκουσμάτων/g/1/66/text/1,http://dbpedia.org/resource/Thessaly,Thessalian,0.9990119017165368,DBpedia
http://ns.inria.fr/zoomathia/PS-ARISTOTELES/περὶ_θαυμασίων_ἀκουσμάτων/g/1/66/text/1,http://dbpedia.org/resource/City,city,0.9983347745702768,DBpedia
http://ns.inria.fr/zoomathia/PS-ARISTOTELES/περὶ_θαυμασίων_ἀκουσμάτων/g/1/66/text/1,http://dbpedia.org/resource/Death,killed,0.9998959861806286,DBpedia
http://ns.inria.fr/zoomathia/PS-ARISTOTELES/περὶ_θαυμασίων_ἀκουσμάτων/g/1/66/text/1,http://dbpedia.org/resource/Woman,woman,0.9965060425591494,DBpedia
http://ns.inria.fr/zoomathia/PS-ARISTOTELES/περὶ_θαυμασίων_ἀκουσμάτων/g/1/66/text/1,http://dbpedia.org/resource/Manner_of_articulation,manner,0.9998735825393796,DBpedia
http://ns.inria.fr/zoomathia/PS-ARISTOTELES/περὶ_θαυμασίων_ἀκουσμάτων/g/1/66/text/1,http://dbpedia.org/resource/Woman,woman,0.9965060425591494,DBpedia
http://ns.inria.fr/zoomathia/PS-ARISTOTELES/περὶ_θαυμασίων_ἀκουσμάτων/g/1/66/text/1,http://dbpedia.org/resource/Circle,circle,0.9997503191275692,DBpedia
http://ns.inria.fr/zoomathia/PS-ARISTOTELES/περὶ_θαυμασίων_ἀκουσμάτων/g/1/66/text/1,http://dbpedia.org/resource/Earth,ground,0.9999813391565952,DBpedia
http://ns.inria.fr/zoomathia/PS-ARISTOTELES/περὶ_θαυμασίων_ἀκουσμάτων/g/1/66/text/1,http://dbpedia.org/resource/Golf_swing,putting,0.8976222334324345,DBpedia
http://ns.inria.fr/zoomathia/PS-ARISTOTELES/περὶ_θαυμασίων_ἀκουσμάτων/g/1/66/text/1,http://dbpedia.org/resource/Drug,drugs,0.5366078856454691,DBpedia
http://ns.inria.fr/zoomathia/PS-ARISTOTELES/περὶ_θαυμασίων_ἀκουσμάτων/g/1/66/text/1,http://dbpedia.org/resource/Circle,circle,0.9997503191275692,DBpedia
http://ns.inria.fr/zoomathia/PS-ARISTOTELES/περὶ_θαυμασίων_ἀκουσμάτων/g/1/66/text/1,http://dbpedia.org/resource/American_entry_into_World_War_I,entered,0.9393859663228884,DBpedia
http://ns.inria.fr/zoomathia/PS-ARISTOTELES/περὶ_θαυμασίων_ἀκουσμάτων/g/1/66/text/1,http://dbpedia.org/resource/Children_of_General_Hospital,son,0.7033479419167311,DBpedia
http://ns.inria.fr/zoomathia/PS-ARISTOTELES/περὶ_θαυμασίων_ἀκουσμάτων/g/1/66/text/1,http://dbpedia.org/resource/Pastiche,imitated,0.9998468911984302,DBpedia
http://ns.inria.fr/zoomathia/PS-ARISTOTELES/περὶ_θαυμασίων_ἀκουσμάτων/g/1/66/text/1,http://dbpedia.org/resource/Crying,cry,0.9843607846698569,DBpedia
http://ns.inria.fr/zoomathia/PS-ARISTOTELES/περὶ_θαυμασίων_ἀκουσμάτων/g/1/66/text/1,http://dbpedia.org/resource/Lion,creature,0.9842047100169167,DBpedia
http://ns.inria.fr/zoomathia/PS-ARISTOTELES/περὶ_θαυμασίων_ἀκουσμάτων/g/1/66/text/1,http://dbpedia.org/resource/Snake,snake,0.999717148117486,DBpedia
http://ns.inria.fr/zoomathia/PS-ARISTOTELES/περὶ_θαυμασίων_ἀκουσμάτων/g/1/66/text/1,http://dbpedia.org/resource/Woman,woman,0.9965060425591494,DBpedia
http://ns.inria.fr/zoomathia/PS-ARISTOTELES/περὶ_θαυμασίων_ἀκουσμάτων/g/1/66/text/1,http://dbpedia.org/resource/Sleepy_(novel),sleepy,0.8586704687943509,DBpedia
http://ns.inria.fr/zoomathia/PS-ARISTOTELES/περὶ_θαυμασίων_ἀκουσμάτων/g/1/66/text/1,http://dbpedia.org/resource/Scientific_control,control,0.7277694291481164,DBpedia
http://ns.inria.fr/zoomathia/PS-ARISTOTELES/περὶ_θαυμασίων_ἀκουσμάτων/g/1/66/text/1,http://dbpedia.org/resource/Children_of_General_Hospital,son,0.7033479419167311,DBpedia
http://ns.inria.fr/zoomathia/PS-ARISTOTELES/περὶ_θαυμασίων_ἀκουσμάτων/g/1/66/text/1,http://dbpedia.org/resource/Satya,sat,0.9909495064519831,DBpedia
http://ns.inria.fr/zoomathia/PS-ARISTOTELES/περὶ_θαυμασίων_ἀκουσμάτων/g/1/66/text/1,http://dbpedia.org/resource/Sexual_arousal,aroused,0.8493079763297139,DBpedia
http://ns.inria.fr/zoomathia/PS-ARISTOTELES/περὶ_θαυμασίων_ἀκουσμάτων/g/1/66/text/1,http://dbpedia.org/resource/Strike_action,striking,0.9783364306293374,DBpedia
http://ns.inria.fr/zoomathia/PS-ARISTOTELES/περὶ_θαυμασίων_ἀκουσμάτων/g/1/66/text/1,http://dbpedia.org/resource/Command_and_control,command,0.8536917001193639,DBpedia
http://ns.inria.fr/zoomathia/PS-ARISTOTELES/περὶ_θαυμασίων_ἀκουσμάτων/g/1/66/text/1,http://dbpedia.org/resource/Sleep,sleep,0.9994026926022017,DBpedia
http://ns.inria.fr/zoomathia/PS-ARISTOTELES/περὶ_θαυμασίων_ἀκουσμάτων/g/1/66/text/1,http://dbpedia.org/resource/Death,die,0.9982773591353359,DBpedia
http://ns.inria.fr/zoomathia/PS-ARISTOTELES/περὶ_θαυμασίων_ἀκουσμάτων/g/1/66/text/1,http://dbpedia.org/resource/Sexual_attraction,attracted,0.9982801570285852,DBpedia
http://ns.inria.fr/zoomathia/PS-ARISTOTELES/περὶ_θαυμασίων_ἀκουσμάτων/g/1/66/text/1,http://dbpedia.org/resource/Lion,creature,0.9842047100169167,DBpedia
http://ns.inria.fr/zoomathia/PS-ARISTOTELES/περὶ_θαυμασίων_ἀκουσμάτων/g/1/66/text/1,http://dbpedia.org/resource/Salvation,saved,0.8129133507819141,DBpedia
http://ns.inria.fr/zoomathia/PS-ARISTOTELES/περὶ_θαυμασίων_ἀκουσμάτων/g/1/66/text/1,http://dbpedia.org/resource/Snake,snake,0.999717148117486,DBpedia
http://ns.inria.fr/zoomathia/PS-ARISTOTELES/περὶ_θαυμασίων_ἀκουσμάτων/g/1/66/text/1,http://dbpedia.org/resource/Circle,circle,0.9997503191275692,DBpedia
http://ns.inria.fr/zoomathia/PS-ARISTOTELES/περὶ_θαυμασίων_ἀκουσμάτων/g/1/66/text/1,http://dbpedia.org/resource/Withered,withered,0.9999997557135046,DBpedia
http://ns.inria.fr/zoomathia/PS-ARISTOTELES/περὶ_θαυμασίων_ἀκουσμάτων/g/1/67/text/1,https://opentheso.huma-num.fr/?idc=pcrt4v7jKE3TVw&idt=th310,dogs,1,zoomathia_match
http://ns.inria.fr/zoomathia/PS-ARISTOTELES/περὶ_θαυμασίων_ἀκουσμάτων/g/1/67/text/1,https://opentheso.huma-num.fr/?idc=106004&idt=th310,wild,1,zoomathia_match
http://ns.inria.fr/zoomathia/PS-ARISTOTELES/περὶ_θαυμασίων_ἀκουσμάτων/g/1/67/text/1,https://www.wikidata.org/wiki/Q880441,Black Mountains,0.4491,wikidata
http://ns.inria.fr/zoomathia/PS-ARISTOTELES/περὶ_θαυμασίων_ἀκουσμάτων/g/1/67/text/1,http://dbpedia.org/resource/Dog,dogs,0.9945787878962736,DBpedia
http://ns.inria.fr/zoomathia/PS-ARISTOTELES/περὶ_θαυμασίων_ἀκουσμάτων/g/1/67/text/1,http://dbpedia.org/resource/Wild_Beasts,wild beasts,0.9999999999797069,DBpedia
http://ns.inria.fr/zoomathia/PS-ARISTOTELES/περὶ_θαυμασίων_ἀκουσμάτων/g/1/67/text/1,"http://dbpedia.org/resource/Black_Mountains,_Wales",Black Mountains,0.7535753904127743,DBpedia
http://ns.inria.fr/zoomathia/PS-ARISTOTELES/περὶ_θαυμασίων_ἀκουσμάτων/g/1/67/text/1,http://dbpedia.org/resource/Glossary_of_professional_wrestling_terms,turn,0.9913933506300785,DBpedia
http://ns.inria.fr/zoomathia/PS-ARISTOTELES/περὶ_θαυμασίων_ἀκουσμάτων/g/1/68/text/1,https://opentheso.huma-num.fr/?idc=106259&idt=th310,snakes,1,zoomathia_match
http://ns.inria.fr/zoomathia/PS-ARISTOTELES/περὶ_θαυμασίων_ἀκουσμάτων/g/1/68/text/1,https://opentheso.huma-num.fr/?idc=105691&idt=th310,land,1,zoomathia_match
http://ns.inria.fr/zoomathia/PS-ARISTOTELES/περὶ_θαυμασίων_ἀκουσμάτων/g/1/68/text/1,https://opentheso.huma-num.fr/?idc=106001&idt=th310,snails,1,zoomathia_match
http://ns.inria.fr/zoomathia/PS-ARISTOTELES/περὶ_θαυμασίων_ἀκουσμάτων/g/1/68/text/1,https://opentheso.huma-num.fr/?idc=pcrtbME0PA8KDn&idt=th310,scales,1,zoomathia_match
http://ns.inria.fr/zoomathia/PS-ARISTOTELES/περὶ_θαυμασίων_ἀκουσμάτων/g/1/68/text/1,https://opentheso.huma-num.fr/?idc=105175&idt=th310,scales,1,zoomathia_match
http://ns.inria.fr/zoomathia/PS-ARISTOTELES/περὶ_θαυμασίων_ἀκουσμάτων/g/1/68/text/1,https://opentheso.huma-num.fr/?idc=pcrt4VqmylO8mS&idt=th310,green,1,zoomathia_match
http://ns.inria.fr/zoomathia/PS-ARISTOTELES/περὶ_θαυμασίων_ἀκουσμάτων/g/1/68/text/1,https://opentheso.huma-num.fr/?idc=pcrt0HFzFNNK1N&idt=th310,sand,1,zoomathia_match
http://ns.inria.fr/zoomathia/PS-ARISTOTELES/περὶ_θαυμασίων_ἀκουσμάτων/g/1/68/text/1,https://opentheso.huma-num.fr/?idc=105616&idt=th310,bite,1,zoomathia_match
http://ns.inria.fr/zoomathia/PS-ARISTOTELES/περὶ_θαυμασίων_ἀκουσμάτων/g/1/68/text/1,https://opentheso.huma-num.fr/?idc=105345&idt=th310,thirst,1,zoomathia_match
http://ns.inria.fr/zoomathia/PS-ARISTOTELES/περὶ_θαυμασίων_ἀκουσμάτων/g/1/68/text/1,https://opentheso.huma-num.fr/?idc=105616&idt=th310,bite,1,zoomathia_match
http://ns.inria.fr/zoomathia/PS-ARISTOTELES/περὶ_θαυμασίων_ἀκουσμάτων/g/1/68/text/1,https://www.wikidata.org/wiki/Q22807284,Thessaly,0.4516,wikidata
http://ns.inria.fr/zoomathia/PS-ARISTOTELES/περὶ_θαυμασίων_ἀκουσμάτων/g/1/68/text/1,http://dbpedia.org/resource/Mount_Othrys,Othrys,0.9999999999988063,DBpedia
http://ns.inria.fr/zoomathia/PS-ARISTOTELES/περὶ_θαυμασίων_ἀκουσμάτων/g/1/68/text/1,http://dbpedia.org/resource/Thessaly,Thessaly,0.8915465816063369,DBpedia
http://ns.inria.fr/zoomathia/PS-ARISTOTELES/περὶ_θαυμασίων_ἀκουσμάτων/g/1/68/text/1,http://dbpedia.org/resource/Sheep,breeds,0.9694731362963124,DBpedia
http://ns.inria.fr/zoomathia/PS-ARISTOTELES/περὶ_θαυμασίων_ἀκουσμάτων/g/1/68/text/1,http://dbpedia.org/resource/Snake,snakes,0.999574070925209,DBpedia
http://ns.inria.fr/zoomathia/PS-ARISTOTELES/περὶ_θαυμασίων_ἀκουσμάτων/g/1/68/text/1,http://dbpedia.org/resource/Call_to_the_bar,called,0.6954498349735823,DBpedia
http://ns.inria.fr/zoomathia/PS-ARISTOTELES/περὶ_θαυμασίων_ἀκουσμάτων/g/1/68/text/1,http://dbpedia.org/resource/Color,colour,0.9963423858686195,DBpedia
http://ns.inria.fr/zoomathia/PS-ARISTOTELES/περὶ_θαυμασίων_ἀκουσμάτων/g/1/68/text/1,http://dbpedia.org/resource/Soil,ground,0.9464626814365357,DBpedia
http://ns.inria.fr/zoomathia/PS-ARISTOTELES/περὶ_θαυμασίων_ἀκουσμάτων/g/1/68/text/1,http://dbpedia.org/resource/Album,live,0.9353929996624466,DBpedia
http://ns.inria.fr/zoomathia/PS-ARISTOTELES/περὶ_θαυμασίων_ἀκουσμάτων/g/1/68/text/1,http://dbpedia.org/resource/Color,colour,0.9963423858686195,DBpedia
http://ns.inria.fr/zoomathia/PS-ARISTOTELES/περὶ_θαυμασίων_ἀκουσμάτων/g/1/68/text/1,http://dbpedia.org/resource/Snail,land snails,0.9082444447501555,DBpedia
http://ns.inria.fr/zoomathia/PS-ARISTOTELES/περὶ_θαυμασίων_ἀκουσμάτων/g/1/68/text/1,http://dbpedia.org/resource/Reptile_scale,scales,0.9012016874094488,DBpedia
http://ns.inria.fr/zoomathia/PS-ARISTOTELES/περὶ_θαυμασίων_ἀκουσμάτων/g/1/68/text/1,http://dbpedia.org/resource/Green,green,0.747982649959204,DBpedia
http://ns.inria.fr/zoomathia/PS-ARISTOTELES/περὶ_θαυμασίων_ἀκουσμάτων/g/1/68/text/1,http://dbpedia.org/resource/Album,live,0.9353929996624466,DBpedia
http://ns.inria.fr/zoomathia/PS-ARISTOTELES/περὶ_θαυμασίων_ἀκουσμάτων/g/1/68/text/1,http://dbpedia.org/resource/Sand,sandy,0.8001514093700067,DBpedia
http://ns.inria.fr/zoomathia/PS-ARISTOTELES/περὶ_θαυμασίων_ἀκουσμάτων/g/1/68/text/1,http://dbpedia.org/resource/Sand,sand,0.9999067060422742,DBpedia
http://ns.inria.fr/zoomathia/PS-ARISTOTELES/περὶ_θαυμασίων_ἀκουσμάτων/g/1/68/text/1,http://dbpedia.org/resource/Color,colour,0.9963423858686195,DBpedia
http://ns.inria.fr/zoomathia/PS-ARISTOTELES/περὶ_θαυμασίων_ἀκουσμάτων/g/1/68/text/1,http://dbpedia.org/resource/Biting,bite,0.8547456185046421,DBpedia
http://ns.inria.fr/zoomathia/PS-ARISTOTELES/περὶ_θαυμασίων_ἀκουσμάτων/g/1/68/text/1,http://dbpedia.org/resource/Produce,produce,0.69842889539024,DBpedia
http://ns.inria.fr/zoomathia/PS-ARISTOTELES/περὶ_θαυμασίων_ἀκουσμάτων/g/1/68/text/1,http://dbpedia.org/resource/Thirst,thirst,0.7668935613608046,DBpedia
http://ns.inria.fr/zoomathia/PS-ARISTOTELES/περὶ_θαυμασίων_ἀκουσμάτων/g/1/68/text/1,http://dbpedia.org/resource/Biting,bite,0.8547456185046421,DBpedia
http://ns.inria.fr/zoomathia/PS-ARISTOTELES/περὶ_θαυμασίων_ἀκουσμάτων/g/1/69/text/1,https://opentheso.huma-num.fr/?idc=105289&idt=th310,male,1,zoomathia_match
http://ns.inria.fr/zoomathia/PS-ARISTOTELES/περὶ_θαυμασίων_ἀκουσμάτων/g/1/69/text/1,https://opentheso.huma-num.fr/?idc=105290&idt=th310,female,1,zoomathia_match
http://ns.inria.fr/zoomathia/PS-ARISTOTELES/περὶ_θαυμασίων_ἀκουσμάτων/g/1/69/text/1,https://opentheso.huma-num.fr/?idc=105290&idt=th310,female,1,zoomathia_match
http://ns.inria.fr/zoomathia/PS-ARISTOTELES/περὶ_θαυμασίων_ἀκουσμάτων/g/1/69/text/1,https://opentheso.huma-num.fr/?idc=105616&idt=th310,bites,1,zoomathia_match
http://ns.inria.fr/zoomathia/PS-ARISTOTELES/περὶ_θαυμασίων_ἀκουσμάτων/g/1/69/text/1,https://opentheso.huma-num.fr/?idc=105124&idt=th310,head,1,zoomathia_match
http://ns.inria.fr/zoomathia/PS-ARISTOTELES/περὶ_θαυμασίων_ἀκουσμάτων/g/1/69/text/1,https://opentheso.huma-num.fr/?idc=106471&idt=th310,death,1,zoomathia_match
http://ns.inria.fr/zoomathia/PS-ARISTOTELES/περὶ_θαυμασίων_ἀκουσμάτων/g/1/69/text/1,https://opentheso.huma-num.fr/?idc=105616&idt=th310,bite,1,zoomathia_match
http://ns.inria.fr/zoomathia/PS-ARISTOTELES/περὶ_θαυμασίων_ἀκουσμάτων/g/1/69/text/1,https://opentheso.huma-num.fr/?idc=105148&idt=th310,belly,1,zoomathia_match
http://ns.inria.fr/zoomathia/PS-ARISTOTELES/περὶ_θαυμασίων_ἀκουσμάτων/g/1/69/text/1,http://dbpedia.org/resource/Male,male,0.9987873701638932,DBpedia
http://ns.inria.fr/zoomathia/PS-ARISTOTELES/περὶ_θαυμασίων_ἀκουσμάτων/g/1/69/text/1,http://dbpedia.org/resource/Vipera_berus,adder,0.5873699302113008,DBpedia
http://ns.inria.fr/zoomathia/PS-ARISTOTELES/περὶ_θαυμασίων_ἀκουσμάτων/g/1/69/text/1,http://dbpedia.org/resource/Associate_attorney,associates,0.3631738533013112,DBpedia
http://ns.inria.fr/zoomathia/PS-ARISTOTELES/περὶ_θαυμασίων_ἀκουσμάτων/g/1/69/text/1,http://dbpedia.org/resource/Female,female,0.9988439533276918,DBpedia
http://ns.inria.fr/zoomathia/PS-ARISTOTELES/περὶ_θαυμασίων_ἀκουσμάτων/g/1/69/text/1,http://dbpedia.org/resource/Female,female,0.9988439533276918,DBpedia
http://ns.inria.fr/zoomathia/PS-ARISTOTELES/περὶ_θαυμασίων_ἀκουσμάτων/g/1/69/text/1,http://dbpedia.org/resource/Snakebite,bites,0.9430201563421354,DBpedia
http://ns.inria.fr/zoomathia/PS-ARISTOTELES/περὶ_θαυμασίων_ἀκουσμάτων/g/1/69/text/1,http://dbpedia.org/resource/Head,head,0.9996821838863912,DBpedia
http://ns.inria.fr/zoomathia/PS-ARISTOTELES/περὶ_θαυμασίων_ἀκουσμάτων/g/1/69/text/1,http://dbpedia.org/resource/Offspring,young,0.8672937687035616,DBpedia
http://ns.inria.fr/zoomathia/PS-ARISTOTELES/περὶ_θαυμασίων_ἀκουσμάτων/g/1/69/text/1,http://dbpedia.org/resource/Father,father,0.9999207576280011,DBpedia
http://ns.inria.fr/zoomathia/PS-ARISTOTELES/περὶ_θαυμασίων_ἀκουσμάτων/g/1/69/text/1,http://dbpedia.org/resource/Snakebite,bite,0.899087361073626,DBpedia
http://ns.inria.fr/zoomathia/PS-ARISTOTELES/περὶ_θαυμασίων_ἀκουσμάτων/g/1/69/text/1,http://dbpedia.org/resource/Mother,mother,0.9941598074199153,DBpedia
http://ns.inria.fr/zoomathia/PS-ARISTOTELES/περὶ_θαυμασίων_ἀκουσμάτων/g/1/69/text/1,http://dbpedia.org/resource/Abdomen,belly,0.9958038317787432,DBpedia
http://ns.inria.fr/zoomathia/PS-ARISTOTELES/περὶ_θαυμασίων_ἀκουσμάτων/g/1/70/text/1,https://opentheso.huma-num.fr/?idc=pcrt6z097U6IUf&idt=th310,drink,1,zoomathia_match
http://ns.inria.fr/zoomathia/PS-ARISTOTELES/περὶ_θαυμασίων_ἀκουσμάτων/g/1/70/text/1,https://opentheso.huma-num.fr/?idc=108030&idt=th310,white,1,zoomathia_match
http://ns.inria.fr/zoomathia/PS-ARISTOTELES/περὶ_θαυμασίων_ἀκουσμάτων/g/1/70/text/1,https://opentheso.huma-num.fr/?idc=pcrtd6p9oHq1Tf&idt=th310,black,1,zoomathia_match
http://ns.inria.fr/zoomathia/PS-ARISTOTELES/περὶ_θαυμασίων_ἀκουσμάτων/g/1/70/text/1,https://opentheso.huma-num.fr/?idc=pcrt3kpULwWUS2&idt=th310,black,1,zoomathia_match
http://ns.inria.fr/zoomathia/PS-ARISTOTELES/περὶ_θαυμασίων_ἀκουσμάτων/g/1/70/text/1,https://www.wikidata.org/wiki/Q637955,Neleus,0.4346,wikidata
http://ns.inria.fr/zoomathia/PS-ARISTOTELES/περὶ_θαυμασίων_ἀκουσμάτων/g/1/70/text/1,http://dbpedia.org/resource/Euboea,Euboea,0.9999995448125004,DBpedia
http://ns.inria.fr/zoomathia/PS-ARISTOTELES/περὶ_θαυμασίων_ἀκουσμάτων/g/1/70/text/1,http://dbpedia.org/resource/Cattle,cattle,0.9998746488944151,DBpedia
http://ns.inria.fr/zoomathia/PS-ARISTOTELES/περὶ_θαυμασίων_ἀκουσμάτων/g/1/70/text/1,http://dbpedia.org/resource/White_people,white,0.6279556530089578,DBpedia
http://ns.inria.fr/zoomathia/PS-ARISTOTELES/περὶ_θαυμασίων_ἀκουσμάτων/g/1/70/text/1,http://dbpedia.org/resource/Religious_calling,called,0.45347263831099477,DBpedia
http://ns.inria.fr/zoomathia/PS-ARISTOTELES/περὶ_θαυμασίων_ἀκουσμάτων/g/1/70/text/1,http://dbpedia.org/resource/Religious_calling,called,0.45347263831099477,DBpedia
http://ns.inria.fr/zoomathia/PS-ARISTOTELES/περὶ_θαυμασίων_ἀκουσμάτων/g/1/70/text/1,http://dbpedia.org/resource/Neleus,Neleus,0.9997498449328834,DBpedia
http://ns.inria.fr/zoomathia/PS-ARISTOTELES/περὶ_θαυμασίων_ἀκουσμάτων/g/1/70/text/1,http://dbpedia.org/resource/Black_people,black,0.4461821899414006,DBpedia
http://ns.inria.fr/zoomathia/PS-ARISTOTELES/περὶ_θαυμασίων_ἀκουσμάτων/g/1/71/text/1,https://opentheso.huma-num.fr/?idc=5073&idt=th310,moles,1,zoomathia_match
http://ns.inria.fr/zoomathia/PS-ARISTOTELES/περὶ_θαυμασίων_ἀκουσμάτων/g/1/71/text/1,https://opentheso.huma-num.fr/?idc=105944&idt=th310,locusts,1,zoomathia_match
http://ns.inria.fr/zoomathia/PS-ARISTOTELES/περὶ_θαυμασίων_ἀκουσμάτων/g/1/71/text/1,https://www.wikidata.org/wiki/Q26857,Aetolians,0.4614,wikidata
http://ns.inria.fr/zoomathia/PS-ARISTOTELES/περὶ_θαυμασίων_ἀκουσμάτων/g/1/71/text/1,http://dbpedia.org/resource/Aetolia,Aetolians,0.7976597328940526,DBpedia
http://ns.inria.fr/zoomathia/PS-ARISTOTELES/περὶ_θαυμασίων_ἀκουσμάτων/g/1/71/text/1,http://dbpedia.org/resource/Nevus,moles,0.9738269585775517,DBpedia
http://ns.inria.fr/zoomathia/PS-ARISTOTELES/περὶ_θαυμασίων_ἀκουσμάτων/g/1/71/text/1,http://dbpedia.org/resource/Eating,eat,0.9246453320132116,DBpedia
http://ns.inria.fr/zoomathia/PS-ARISTOTELES/περὶ_θαυμασίων_ἀκουσμάτων/g/1/71/text/1,http://dbpedia.org/resource/Earth,earth,0.9881806338343997,DBpedia
http://ns.inria.fr/zoomathia/PS-ARISTOTELES/περὶ_θαυμασίων_ἀκουσμάτων/g/1/71/text/1,http://dbpedia.org/resource/Locust,locusts,0.999999996551395,DBpedia
http://ns.inria.fr/zoomathia/PS-ARISTOTELES/περὶ_θαυμασίων_ἀκουσμάτων/g/1/72/text/1,https://opentheso.huma-num.fr/?idc=pcrth4ik1YqDS1&idt=th310,elephants,1,zoomathia_match
http://ns.inria.fr/zoomathia/PS-ARISTOTELES/περὶ_θαυμασίων_ἀκουσμάτων/g/1/72/text/1,https://opentheso.huma-num.fr/?idc=pcrtpWT5t7kRx6&idt=th310,years,1,zoomathia_match
http://ns.inria.fr/zoomathia/PS-ARISTOTELES/περὶ_θαυμασίων_ἀκουσμάτων/g/1/72/text/1,https://opentheso.huma-num.fr/?idc=pcrtoASMcUbb46&idt=th310,months,1,zoomathia_match
http://ns.inria.fr/zoomathia/PS-ARISTOTELES/περὶ_θαυμασίων_ἀκουσμάτων/g/1/72/text/1,http://dbpedia.org/resource/Elephant,elephants,0.9120514047462995,DBpedia
http://ns.inria.fr/zoomathia/PS-ARISTOTELES/περὶ_θαυμασίων_ἀκουσμάτων/g/1/72/text/1,http://dbpedia.org/resource/Youth,young,0.88214290791964,DBpedia
http://ns.inria.fr/zoomathia/PS-ARISTOTELES/περὶ_θαυμασίων_ἀκουσμάτων/g/1/72/text/1,http://dbpedia.org/resource/Record_producer,producing,0.9425788111485864,DBpedia
http://ns.inria.fr/zoomathia/PS-ARISTOTELES/περὶ_θαυμασίων_ἀκουσμάτων/g/1/72/text/1,http://dbpedia.org/resource/Youth,young,0.88214290791964,DBpedia
http://ns.inria.fr/zoomathia/PS-ARISTOTELES/περὶ_θαυμασίων_ἀκουσμάτων/g/1/73/text/1,https://opentheso.huma-num.fr/?idc=pcrty2mcsksa6s&idt=th310,mineral,1,zoomathia_match
http://ns.inria.fr/zoomathia/PS-ARISTOTELES/περὶ_θαυμασίων_ἀκουσμάτων/g/1/73/text/1,https://opentheso.huma-num.fr/?idc=pcrtmFiiOHIboO&idt=th310,dried,1,zoomathia_match
http://ns.inria.fr/zoomathia/PS-ARISTOTELES/περὶ_θαυμασίων_ἀκουσμάτων/g/1/73/text/1,https://opentheso.huma-num.fr/?idc=105649&idt=th310,times,1,zoomathia_match
http://ns.inria.fr/zoomathia/PS-ARISTOTELES/περὶ_θαυμασίων_ἀκουσμάτων/g/1/73/text/1,https://opentheso.huma-num.fr/?idc=pcrtmFiiOHIboO&idt=th310,dry,1,zoomathia_match
http://ns.inria.fr/zoomathia/PS-ARISTOTELES/περὶ_θαυμασίων_ἀκουσμάτων/g/1/73/text/1,https://opentheso.huma-num.fr/?idc=pcrtmFiiOHIboO&idt=th310,dried,1,zoomathia_match
http://ns.inria.fr/zoomathia/PS-ARISTOTELES/περὶ_θαυμασίων_ἀκουσμάτων/g/1/73/text/1,https://opentheso.huma-num.fr/?idc=105468&idt=th310,nests,1,zoomathia_match
http://ns.inria.fr/zoomathia/PS-ARISTOTELES/περὶ_θαυμασίων_ἀκουσμάτων/g/1/73/text/1,https://opentheso.huma-num.fr/?idc=107576&idt=th310,waters,1,zoomathia_match
http://ns.inria.fr/zoomathia/PS-ARISTOTELES/περὶ_θαυμασίων_ἀκουσμάτων/g/1/73/text/1,https://www.wikidata.org/wiki/Q1568583,Herakleia,0.8235,wikidata
http://ns.inria.fr/zoomathia/PS-ARISTOTELES/περὶ_θαυμασίων_ἀκουσμάτων/g/1/73/text/1,https://www.wikidata.org/wiki/Q7380487,Pontus,0.824,wikidata
http://ns.inria.fr/zoomathia/PS-ARISTOTELES/περὶ_θαυμασίων_ἀκουσμάτων/g/1/73/text/1,https://www.wikidata.org/wiki/Q8471,Rhegium,0.9026,wikidata
http://ns.inria.fr/zoomathia/PS-ARISTOTELES/περὶ_θαυμασίων_ἀκουσμάτων/g/1/73/text/1,http://dbpedia.org/resource/Heraclea_Lucania,Herakleia,0.9994381161456944,DBpedia
http://ns.inria.fr/zoomathia/PS-ARISTOTELES/περὶ_θαυμασίων_ἀκουσμάτων/g/1/73/text/1,http://dbpedia.org/resource/Kingdom_of_Pontus,Pontus,0.6508247092142452,DBpedia
http://ns.inria.fr/zoomathia/PS-ARISTOTELES/περὶ_θαυμασίων_ἀκουσμάτων/g/1/73/text/1,http://dbpedia.org/resource/Reggio_Calabria,Rhegium,0.9999999999116085,DBpedia
http://ns.inria.fr/zoomathia/PS-ARISTOTELES/περὶ_θαυμασίων_ἀκουσμάτων/g/1/73/text/1,http://dbpedia.org/resource/Mineral,mineral,0.9971016675917092,DBpedia
http://ns.inria.fr/zoomathia/PS-ARISTOTELES/περὶ_θαυμασίων_ἀκουσμάτων/g/1/73/text/1,http://dbpedia.org/resource/Fish,fish,0.9994031654305089,DBpedia
http://ns.inria.fr/zoomathia/PS-ARISTOTELES/περὶ_θαυμασίων_ἀκουσμάτων/g/1/73/text/1,http://dbpedia.org/resource/Fact,fact,0.9995353063219371,DBpedia
http://ns.inria.fr/zoomathia/PS-ARISTOTELES/περὶ_θαυμασίων_ἀκουσμάτων/g/1/73/text/1,http://dbpedia.org/resource/Village,villages,0.9711288025985534,DBpedia
http://ns.inria.fr/zoomathia/PS-ARISTOTELES/περὶ_θαυμασίων_ἀκουσμάτων/g/1/73/text/1,http://dbpedia.org/resource/House_of_Wettin,happen,0.999890802065233,DBpedia
http://ns.inria.fr/zoomathia/PS-ARISTOTELES/περὶ_θαυμασίων_ἀκουσμάτων/g/1/73/text/1,http://dbpedia.org/resource/Village,villages,0.9711288025985534,DBpedia
http://ns.inria.fr/zoomathia/PS-ARISTOTELES/περὶ_θαυμασίων_ἀκουσμάτων/g/1/73/text/1,http://dbpedia.org/resource/Food_drying,dried,0.9915556136511198,DBpedia
http://ns.inria.fr/zoomathia/PS-ARISTOTELES/περὶ_θαυμασίων_ἀκουσμάτων/g/1/73/text/1,http://dbpedia.org/resource/Multiplication,times,0.6479714275406196,DBpedia
http://ns.inria.fr/zoomathia/PS-ARISTOTELES/περὶ_θαυμασίων_ἀκουσμάτων/g/1/73/text/1,http://dbpedia.org/resource/Size_change_in_fiction,shrink,0.5087496114016253,DBpedia
http://ns.inria.fr/zoomathia/PS-ARISTOTELES/περὶ_θαυμασίων_ἀκουσμάτων/g/1/73/text/1,http://dbpedia.org/resource/Soil,ground,0.9840527284567654,DBpedia
http://ns.inria.fr/zoomathia/PS-ARISTOTELES/περὶ_θαυμασίων_ἀκουσμάτων/g/1/73/text/1,http://dbpedia.org/resource/Dry_season,dry,0.9994262039120444,DBpedia
http://ns.inria.fr/zoomathia/PS-ARISTOTELES/περὶ_θαυμασίων_ἀκουσμάτων/g/1/73/text/1,http://dbpedia.org/resource/Glossary_of_poker_terms,chasing,0.9447700468383723,DBpedia
http://ns.inria.fr/zoomathia/PS-ARISTOTELES/περὶ_θαυμασίων_ἀκουσμάτων/g/1/73/text/1,http://dbpedia.org/resource/Moisture,moisture,0.8259069717379355,DBpedia
http://ns.inria.fr/zoomathia/PS-ARISTOTELES/περὶ_θαυμασίων_ἀκουσμάτων/g/1/73/text/1,http://dbpedia.org/resource/Retreat_of_glaciers_since_1850,disappear,0.8356410617717415,DBpedia
http://ns.inria.fr/zoomathia/PS-ARISTOTELES/περὶ_θαυμασίων_ἀκουσμάτων/g/1/73/text/1,http://dbpedia.org/resource/Mud,mud,0.9999894319161281,DBpedia
http://ns.inria.fr/zoomathia/PS-ARISTOTELES/περὶ_θαυμασίων_ἀκουσμάτων/g/1/73/text/1,http://dbpedia.org/resource/Food_drying,dried,0.9915556136511198,DBpedia
http://ns.inria.fr/zoomathia/PS-ARISTOTELES/περὶ_θαυμασίων_ἀκουσμάτων/g/1/73/text/1,http://dbpedia.org/resource/Stay_of_proceedings,stay,0.47320198395086915,DBpedia
http://ns.inria.fr/zoomathia/PS-ARISTOTELES/περὶ_θαυμασίων_ἀκουσμάτων/g/1/73/text/1,http://dbpedia.org/resource/Deep_foundation,pile,0.9705006439135933,DBpedia
http://ns.inria.fr/zoomathia/PS-ARISTOTELES/περὶ_θαυμασίων_ἀκουσμάτων/g/1/73/text/1,http://dbpedia.org/resource/Bird_nest,nests,0.9892752627076208,DBpedia
http://ns.inria.fr/zoomathia/PS-ARISTOTELES/περὶ_θαυμασίων_ἀκουσμάτων/g/1/73/text/1,http://dbpedia.org/resource/Archaeological_excavation,excavated,0.9834037229329413,DBpedia
http://ns.inria.fr/zoomathia/PS-ARISTOTELES/περὶ_θαυμασίων_ἀκουσμάτων/g/1/73/text/1,http://dbpedia.org/resource/Body_of_water,waters,0.9793011296829,DBpedia
http://ns.inria.fr/zoomathia/PS-ARISTOTELES/περὶ_θαυμασίων_ἀκουσμάτων/g/1/73/text/1,http://dbpedia.org/resource/Sea_level_rise,rise,0.5594386536189376,DBpedia
http://ns.inria.fr/zoomathia/PS-ARISTOTELES/περὶ_θαυμασίων_ἀκουσμάτων/g/1/73/text/1,http://dbpedia.org/resource/Motion,moves,0.475046429978083,DBpedia
http://ns.inria.fr/zoomathia/PS-ARISTOTELES/περὶ_θαυμασίων_ἀκουσμάτων/g/1/74/text/1,https://opentheso.huma-num.fr/?idc=pcrtlnWjI8HV2D&idt=th310,Paphlagonia,1,zoomathia_match
http://ns.inria.fr/zoomathia/PS-ARISTOTELES/περὶ_θαυμασίων_ἀκουσμάτων/g/1/74/text/1,https://opentheso.huma-num.fr/?idc=pcrt5bIL1UtwcT&idt=th310,ores,1,zoomathia_match
http://ns.inria.fr/zoomathia/PS-ARISTOTELES/περὶ_θαυμασίων_ἀκουσμάτων/g/1/74/text/1,https://opentheso.huma-num.fr/?idc=107576&idt=th310,waters,1,zoomathia_match
http://ns.inria.fr/zoomathia/PS-ARISTOTELES/περὶ_θαυμασίων_ἀκουσμάτων/g/1/74/text/1,http://dbpedia.org/resource/Paphlagonia,Paphlagonia,0.9999999382578172,DBpedia
http://ns.inria.fr/zoomathia/PS-ARISTOTELES/περὶ_θαυμασίων_ἀκουσμάτων/g/1/74/text/1,http://dbpedia.org/resource/Ore,ores,0.9999999810740123,DBpedia
http://ns.inria.fr/zoomathia/PS-ARISTOTELES/περὶ_θαυμασίων_ἀκουσμάτων/g/1/74/text/1,http://dbpedia.org/resource/Fish,fishes,0.9991188132777981,DBpedia
http://ns.inria.fr/zoomathia/PS-ARISTOTELES/περὶ_θαυμασίων_ἀκουσμάτων/g/1/74/text/1,http://dbpedia.org/resource/Deep_sea,deep,0.5627842269177203,DBpedia
http://ns.inria.fr/zoomathia/PS-ARISTOTELES/περὶ_θαυμασίων_ἀκουσμάτων/g/1/74/text/1,http://dbpedia.org/resource/Goods,good,0.8848638215089721,DBpedia
http://ns.inria.fr/zoomathia/PS-ARISTOTELES/περὶ_θαυμασίων_ἀκουσμάτων/g/1/74/text/1,http://dbpedia.org/resource/Virtue,virtue,0.9999282472448374,DBpedia
http://ns.inria.fr/zoomathia/PS-ARISTOTELES/περὶ_θαυμασίων_ἀκουσμάτων/g/1/74/text/1,http://dbpedia.org/resource/Body_of_water,waters,0.7844663929889204,DBpedia
http://ns.inria.fr/zoomathia/PS-ARISTOTELES/περὶ_θαυμασίων_ἀκουσμάτων/g/1/74/text/1,http://dbpedia.org/resource/Lava,flowing,0.7970351922099073,DBpedia
http://ns.inria.fr/zoomathia/PS-ARISTOTELES/περὶ_θαυμασίων_ἀκουσμάτων/g/1/74/text/1,http://dbpedia.org/resource/Earth,earth,0.998135840210515,DBpedia
http://ns.inria.fr/zoomathia/PS-ARISTOTELES/περὶ_θαυμασίων_ἀκουσμάτων/g/1/75/text/1,https://opentheso.huma-num.fr/?idc=pcrtBWawwFyKfi&idt=th310,deer,1,zoomathia_match
http://ns.inria.fr/zoomathia/PS-ARISTOTELES/περὶ_θαυμασίων_ἀκουσμάτων/g/1/75/text/1,https://opentheso.huma-num.fr/?idc=105127&idt=th310,horn,1,zoomathia_match
http://ns.inria.fr/zoomathia/PS-ARISTOTELES/περὶ_θαυμασίων_ἀκουσμάτων/g/1/75/text/1,https://www.wikidata.org/wiki/Q565751,Epirus,0.454,wikidata
http://ns.inria.fr/zoomathia/PS-ARISTOTELES/περὶ_θαυμασίων_ἀκουσμάτων/g/1/75/text/1,http://dbpedia.org/resource/Deer,deer,0.9967825533971557,DBpedia
http://ns.inria.fr/zoomathia/PS-ARISTOTELES/περὶ_θαυμασίων_ἀκουσμάτων/g/1/75/text/1,http://dbpedia.org/resource/Epirus,Epirus,0.9663677716995204,DBpedia
http://ns.inria.fr/zoomathia/PS-ARISTOTELES/περὶ_θαυμασίων_ἀκουσμάτων/g/1/75/text/1,http://dbpedia.org/resource/Cutting,cut,0.7168243995076099,DBpedia
http://ns.inria.fr/zoomathia/PS-ARISTOTELES/περὶ_θαυμασίων_ἀκουσμάτων/g/1/75/text/1,http://dbpedia.org/resource/Abortion,abort,0.9996689888605542,DBpedia
http://ns.inria.fr/zoomathia/PS-ARISTOTELES/περὶ_θαυμασίων_ἀκουσμάτων/g/1/76/text/1,https://opentheso.huma-num.fr/?idc=pcrtIsegzIycr5&idt=th310,lynx,1,zoomathia_match
http://ns.inria.fr/zoomathia/PS-ARISTOTELES/περὶ_θαυμασίων_ἀκουσμάτων/g/1/76/text/1,https://opentheso.huma-num.fr/?idc=105403&idt=th310,sight,1,zoomathia_match
http://ns.inria.fr/zoomathia/PS-ARISTOTELES/περὶ_θαυμασίων_ἀκουσμάτων/g/1/76/text/1,https://opentheso.huma-num.fr/?idc=pcrtdtX7cfYccQ&idt=th310,seals,1,zoomathia_match
http://ns.inria.fr/zoomathia/PS-ARISTOTELES/περὶ_θαυμασίων_ἀκουσμάτων/g/1/76/text/1,http://dbpedia.org/resource/Lynx,lynx,0.9397091990500884,DBpedia
http://ns.inria.fr/zoomathia/PS-ARISTOTELES/περὶ_θαυμασίων_ἀκουσμάτων/g/1/76/text/1,http://dbpedia.org/resource/Cover_version,cover,0.9862518161111287,DBpedia
http://ns.inria.fr/zoomathia/PS-ARISTOTELES/περὶ_θαυμασίων_ἀκουσμάτων/g/1/76/text/1,http://dbpedia.org/resource/Iron_sights,sight,0.641770726123397,DBpedia
http://ns.inria.fr/zoomathia/PS-ARISTOTELES/περὶ_θαυμασίων_ἀκουσμάτων/g/1/76/text/1,http://dbpedia.org/resource/Pinniped,seals,0.9952251838216891,DBpedia
http://ns.inria.fr/zoomathia/PS-ARISTOTELES/περὶ_θαυμασίων_ἀκουσμάτων/g/1/77/text/1,https://opentheso.huma-num.fr/?idc=pcrtdtX7cfYccQ&idt=th310,seal,1,zoomathia_match
http://ns.inria.fr/zoomathia/PS-ARISTOTELES/περὶ_θαυμασίων_ἀκουσμάτων/g/1/77/text/1,https://opentheso.huma-num.fr/?idc=105385&idt=th310,crawling,1,zoomathia_match
http://ns.inria.fr/zoomathia/PS-ARISTOTELES/περὶ_θαυμασίων_ἀκουσμάτων/g/1/77/text/1,http://dbpedia.org/resource/Pinniped,seal,0.9845913997258687,DBpedia
http://ns.inria.fr/zoomathia/PS-ARISTOTELES/περὶ_θαυμασίων_ἀκουσμάτων/g/1/77/text/1,http://dbpedia.org/resource/Web_crawler,crawling,0.9839632322944362,DBpedia
http://ns.inria.fr/zoomathia/PS-ARISTOTELES/περὶ_θαυμασίων_ἀκουσμάτων/g/1/77/text/1,http://dbpedia.org/resource/Medicine,medicinal,0.9205801164741282,DBpedia
http://ns.inria.fr/zoomathia/PS-ARISTOTELES/περὶ_θαυμασίων_ἀκουσμάτων/g/1/77/text/1,http://dbpedia.org/resource/Epilepsy,epileptics,0.999999869555333,DBpedia
http://ns.inria.fr/zoomathia/PS-ARISTOTELES/περὶ_θαυμασίων_ἀκουσμάτων/g/1/79/text/1,https://opentheso.huma-num.fr/?idc=108703&idt=th310,Hadria,1,zoomathia_match
http://ns.inria.fr/zoomathia/PS-ARISTOTELES/περὶ_θαυμασίων_ἀκουσμάτων/g/1/79/text/1,https://opentheso.huma-num.fr/?idc=5078&idt=th310,hens,1,zoomathia_match
http://ns.inria.fr/zoomathia/PS-ARISTOTELES/περὶ_θαυμασίων_ἀκουσμάτων/g/1/79/text/1,https://opentheso.huma-num.fr/?idc=105270&idt=th310,size,1,zoomathia_match
http://ns.inria.fr/zoomathia/PS-ARISTOTELES/περὶ_θαυμασίων_ἀκουσμάτων/g/1/79/text/1,https://opentheso.huma-num.fr/?idc=105137&idt=th310,beaks,1,zoomathia_match
http://ns.inria.fr/zoomathia/PS-ARISTOTELES/περὶ_θαυμασίων_ἀκουσμάτων/g/1/79/text/1,https://opentheso.huma-num.fr/?idc=pcrttqg6h4M4o5&idt=th310,Greeks,1,zoomathia_match
http://ns.inria.fr/zoomathia/PS-ARISTOTELES/περὶ_θαυμασίων_ἀκουσμάτων/g/1/79/text/1,https://opentheso.huma-num.fr/?idc=105381&idt=th310,jump,1,zoomathia_match
http://ns.inria.fr/zoomathia/PS-ARISTOTELES/περὶ_θαυμασίων_ἀκουσμάτων/g/1/79/text/1,https://opentheso.huma-num.fr/?idc=105614&idt=th310,attack,1,zoomathia_match
http://ns.inria.fr/zoomathia/PS-ARISTOTELES/περὶ_θαυμασίων_ἀκουσμάτων/g/1/79/text/1,https://opentheso.huma-num.fr/?idc=105124&idt=th310,heads,1,zoomathia_match
http://ns.inria.fr/zoomathia/PS-ARISTOTELES/περὶ_θαυμασίων_ἀκουσμάτων/g/1/79/text/1,https://opentheso.huma-num.fr/?idc=pcrtGm7ZMfoQrc&idt=th310,born,1,zoomathia_match
http://ns.inria.fr/zoomathia/PS-ARISTOTELES/περὶ_θαυμασίων_ἀκουσμάτων/g/1/79/text/1,https://opentheso.huma-num.fr/?idc=pcrtgR1ocYEN8V&idt=th310,shipwrecked,1,zoomathia_match
http://ns.inria.fr/zoomathia/PS-ARISTOTELES/περὶ_θαυμασίων_ἀκουσμάτων/g/1/79/text/1,https://opentheso.huma-num.fr/?idc=pcrtHIjtOg1P75&idt=th310,shipwrecked,1,zoomathia_match
http://ns.inria.fr/zoomathia/PS-ARISTOTELES/περὶ_θαυμασίων_ἀκουσμάτων/g/1/79/text/1,https://www.wikidata.org/wiki/Q34615,Hadria,0.4192,wikidata
http://ns.inria.fr/zoomathia/PS-ARISTOTELES/περὶ_θαυμασίων_ἀκουσμάτων/g/1/79/text/1,https://www.wikidata.org/wiki/Q1226908,Diomedes,0.4598,wikidata
http://ns.inria.fr/zoomathia/PS-ARISTOTELES/περὶ_θαυμασίων_ἀκουσμάτων/g/1/79/text/1,https://www.wikidata.org/wiki/Q539051,Greeks,0.4561,wikidata
http://ns.inria.fr/zoomathia/PS-ARISTOTELES/περὶ_θαυμασίων_ἀκουσμάτων/g/1/79/text/1,https://www.wikidata.org/wiki/Q1226908,Diomedes,0.4598,wikidata
http://ns.inria.fr/zoomathia/PS-ARISTOTELES/περὶ_θαυμασίων_ἀκουσμάτων/g/1/79/text/1,https://www.wikidata.org/wiki/Q1226908,Diomedes,0.4598,wikidata
http://ns.inria.fr/zoomathia/PS-ARISTOTELES/περὶ_θαυμασίων_ἀκουσμάτων/g/1/79/text/1,http://dbpedia.org/resource/Diomedeia,Diomedeia,0.6694456024659259,DBpedia
http://ns.inria.fr/zoomathia/PS-ARISTOTELES/περὶ_θαυμασίων_ἀκουσμάτων/g/1/79/text/1,http://dbpedia.org/resource/Christianity,lies,0.8490950115055828,DBpedia
http://ns.inria.fr/zoomathia/PS-ARISTOTELES/περὶ_θαυμασίων_ἀκουσμάτων/g/1/79/text/1,http://dbpedia.org/resource/Adria,Hadria,0.9999999999997158,DBpedia
http://ns.inria.fr/zoomathia/PS-ARISTOTELES/περὶ_θαυμασίων_ἀκουσμάτων/g/1/79/text/1,http://dbpedia.org/resource/Element_(mathematics),belongs,0.999010461901503,DBpedia
http://ns.inria.fr/zoomathia/PS-ARISTOTELES/περὶ_θαυμασίων_ἀκουσμάτων/g/1/79/text/1,http://dbpedia.org/resource/Diomedes,Diomedes,0.965974525753559,DBpedia
http://ns.inria.fr/zoomathia/PS-ARISTOTELES/περὶ_θαυμασίων_ἀκουσμάτων/g/1/79/text/1,http://dbpedia.org/resource/Sacred,sacred,0.9132132621556662,DBpedia
http://ns.inria.fr/zoomathia/PS-ARISTOTELES/περὶ_θαυμασίων_ἀκουσμάτων/g/1/79/text/1,http://dbpedia.org/resource/French_ship_Admirable_(1691),admirable,0.5818137906602219,DBpedia
http://ns.inria.fr/zoomathia/PS-ARISTOTELES/περὶ_θαυμασίων_ἀκουσμάτων/g/1/79/text/1,http://dbpedia.org/resource/Sacred,holy,0.9571928172492093,DBpedia
http://ns.inria.fr/zoomathia/PS-ARISTOTELES/περὶ_θαυμασίων_ἀκουσμάτων/g/1/79/text/1,http://dbpedia.org/resource/Magic_circle,sacred circle,1.0,DBpedia
http://ns.inria.fr/zoomathia/PS-ARISTOTELES/περὶ_θαυμασίων_ἀκουσμάτων/g/1/79/text/1,http://dbpedia.org/resource/Chicken,hens,0.9999999999999432,DBpedia
http://ns.inria.fr/zoomathia/PS-ARISTOTELES/περὶ_θαυμασίων_ἀκουσμάτων/g/1/79/text/1,http://dbpedia.org/resource/Great_cormorant,great,0.9142468056171318,DBpedia
http://ns.inria.fr/zoomathia/PS-ARISTOTELES/περὶ_θαυμασίων_ἀκουσμάτων/g/1/79/text/1,http://dbpedia.org/resource/Dimension,size,0.45378928199859875,DBpedia
http://ns.inria.fr/zoomathia/PS-ARISTOTELES/περὶ_θαυμασίων_ἀκουσμάτων/g/1/79/text/1,http://dbpedia.org/resource/Hard_water,hard,0.5358815461533728,DBpedia
http://ns.inria.fr/zoomathia/PS-ARISTOTELES/περὶ_θαυμασίων_ἀκουσμάτων/g/1/79/text/1,http://dbpedia.org/resource/Cephalopod_beak,beaks,0.7782684801113042,DBpedia
http://ns.inria.fr/zoomathia/PS-ARISTOTELES/περὶ_θαυμασίων_ἀκουσμάτων/g/1/79/text/1,http://dbpedia.org/resource/Greeks,Greeks,0.573738061838828,DBpedia
http://ns.inria.fr/zoomathia/PS-ARISTOTELES/περὶ_θαυμασίων_ἀκουσμάτων/g/1/79/text/1,http://dbpedia.org/resource/Peace,peace,0.9741870163710381,DBpedia
http://ns.inria.fr/zoomathia/PS-ARISTOTELES/περὶ_θαυμασίων_ἀκουσμάτων/g/1/79/text/1,http://dbpedia.org/resource/Barbarian,barbarians,0.981231212719941,DBpedia
http://ns.inria.fr/zoomathia/PS-ARISTOTELES/περὶ_θαυμασίων_ἀκουσμάτων/g/1/79/text/1,http://dbpedia.org/resource/Regions_of_France,region,0.31908601496997024,DBpedia
http://ns.inria.fr/zoomathia/PS-ARISTOTELES/περὶ_θαυμασίων_ἀκουσμάτων/g/1/79/text/1,http://dbpedia.org/resource/Jumping,jump,0.925046735043877,DBpedia
http://ns.inria.fr/zoomathia/PS-ARISTOTELES/περὶ_θαυμασίων_ἀκουσμάτων/g/1/79/text/1,http://dbpedia.org/resource/Swing_music,swinging,0.9387020890733321,DBpedia
http://ns.inria.fr/zoomathia/PS-ARISTOTELES/περὶ_θαυμασίων_ἀκουσμάτων/g/1/79/text/1,http://dbpedia.org/resource/Attack_on_Pearl_Harbor,attack,0.992429036711495,DBpedia
http://ns.inria.fr/zoomathia/PS-ARISTOTELES/περὶ_θαυμασίων_ἀκουσμάτων/g/1/79/text/1,http://dbpedia.org/resource/Disk_read-and-write_head,heads,0.8175148791246871,DBpedia
http://ns.inria.fr/zoomathia/PS-ARISTOTELES/περὶ_θαυμασίων_ἀκουσμάτων/g/1/79/text/1,http://dbpedia.org/resource/Murder,kill,0.8029494696071251,DBpedia
http://ns.inria.fr/zoomathia/PS-ARISTOTELES/περὶ_θαυμασίων_ἀκουσμάτων/g/1/79/text/1,http://dbpedia.org/resource/Populus_tremuloides,trembling,0.5999101806111544,DBpedia
http://ns.inria.fr/zoomathia/PS-ARISTOTELES/περὶ_θαυμασίων_ἀκουσμάτων/g/1/79/text/1,http://dbpedia.org/resource/Given_name,born,0.8415868932153194,DBpedia
http://ns.inria.fr/zoomathia/PS-ARISTOTELES/περὶ_θαυμασίων_ἀκουσμάτων/g/1/79/text/1,http://dbpedia.org/resource/Companion_cavalry,companions,0.9793536324527684,DBpedia
http://ns.inria.fr/zoomathia/PS-ARISTOTELES/περὶ_θαυμασίων_ἀκουσμάτων/g/1/79/text/1,http://dbpedia.org/resource/Diomedes,Diomedes,0.965974525753559,DBpedia
http://ns.inria.fr/zoomathia/PS-ARISTOTELES/περὶ_θαυμασίων_ἀκουσμάτων/g/1/79/text/1,http://dbpedia.org/resource/Shipwreck,shipwrecked,0.7803308197505825,DBpedia
http://ns.inria.fr/zoomathia/PS-ARISTOTELES/περὶ_θαυμασίων_ἀκουσμάτων/g/1/79/text/1,http://dbpedia.org/resource/Diomedes,Diomedes,0.965974525753559,DBpedia
http://ns.inria.fr/zoomathia/PS-ARISTOTELES/περὶ_θαυμασίων_ἀκουσμάτων/g/1/79/text/1,http://dbpedia.org/resource/Murder,murdered,0.8055315752113482,DBpedia
http://ns.inria.fr/zoomathia/PS-ARISTOTELES/περὶ_θαυμασίων_ἀκουσμάτων/g/1/79/text/1,http://dbpedia.org/resource/King,king,0.7581296784715504,DBpedia
http://ns.inria.fr/zoomathia/PS-ARISTOTELES/περὶ_θαυμασίων_ἀκουσμάτων/g/1/80/text/1,https://opentheso.huma-num.fr/?idc=107976&idt=th310,ticks,1,zoomathia_match
http://ns.inria.fr/zoomathia/PS-ARISTOTELES/περὶ_θαυμασίων_ἀκουσμάτων/g/1/80/text/1,https://opentheso.huma-num.fr/?idc=105649&idt=th310,time,1,zoomathia_match
http://ns.inria.fr/zoomathia/PS-ARISTOTELES/περὶ_θαυμασίων_ἀκουσμάτων/g/1/80/text/1,https://opentheso.huma-num.fr/?idc=pcrtDFvOrje3j0&idt=th310,fruits,1,zoomathia_match
http://ns.inria.fr/zoomathia/PS-ARISTOTELES/περὶ_θαυμασίων_ἀκουσμάτων/g/1/80/text/1,https://opentheso.huma-num.fr/?idc=105691&idt=th310,land,1,zoomathia_match
http://ns.inria.fr/zoomathia/PS-ARISTOTELES/περὶ_θαυμασίων_ἀκουσμάτων/g/1/80/text/1,https://opentheso.huma-num.fr/?idc=107976&idt=th310,tick,1,zoomathia_match
http://ns.inria.fr/zoomathia/PS-ARISTOTELES/περὶ_θαυμασίων_ἀκουσμάτων/g/1/80/text/1,https://www.wikidata.org/wiki/Q389236,Umbrians,0.9022,wikidata
http://ns.inria.fr/zoomathia/PS-ARISTOTELES/περὶ_θαυμασίων_ἀκουσμάτων/g/1/80/text/1,http://dbpedia.org/resource/Radiocontrast_agent,contrast,0.5364767457546976,DBpedia
http://ns.inria.fr/zoomathia/PS-ARISTOTELES/περὶ_θαυμασίων_ἀκουσμάτων/g/1/80/text/1,http://dbpedia.org/resource/Umbri,Umbrians,0.999999988326863,DBpedia
http://ns.inria.fr/zoomathia/PS-ARISTOTELES/περὶ_θαυμασίων_ἀκουσμάτων/g/1/80/text/1,http://dbpedia.org/resource/Pasture,pastures,0.9999324334766323,DBpedia
http://ns.inria.fr/zoomathia/PS-ARISTOTELES/περὶ_θαυμασίων_ἀκουσμάτων/g/1/80/text/1,http://dbpedia.org/resource/Tick,ticks,0.9999953152077723,DBpedia
http://ns.inria.fr/zoomathia/PS-ARISTOTELES/περὶ_θαυμασίων_ἀκουσμάτων/g/1/80/text/1,http://dbpedia.org/resource/Time,time,0.9960914927541052,DBpedia
http://ns.inria.fr/zoomathia/PS-ARISTOTELES/περὶ_θαυμασίων_ἀκουσμάτων/g/1/80/text/1,http://dbpedia.org/resource/Fruit,fruits,0.9987342118542097,DBpedia
http://ns.inria.fr/zoomathia/PS-ARISTOTELES/περὶ_θαυμασίων_ἀκουσμάτων/g/1/80/text/1,http://dbpedia.org/resource/Land,land,0.46672408814010125,DBpedia
http://ns.inria.fr/zoomathia/PS-ARISTOTELES/περὶ_θαυμασίων_ἀκουσμάτων/g/1/80/text/1,http://dbpedia.org/resource/Multiplication,multiplied,0.8680778797718284,DBpedia
http://ns.inria.fr/zoomathia/PS-ARISTOTELES/περὶ_θαυμασίων_ἀκουσμάτων/g/1/80/text/1,http://dbpedia.org/resource/Polygamy,polygamous,0.9994586567379119,DBpedia
http://ns.inria.fr/zoomathia/PS-ARISTOTELES/περὶ_θαυμασίων_ἀκουσμάτων/g/1/80/text/1,http://dbpedia.org/resource/Tick,tick,0.9999006196929877,DBpedia
http://ns.inria.fr/zoomathia/PS-ARISTOTELES/περὶ_θαυμασίων_ἀκουσμάτων/g/1/83/text/1,https://opentheso.huma-num.fr/?idc=pcrtnvLSUa7dJG&idt=th310,wolves,1,zoomathia_match
http://ns.inria.fr/zoomathia/PS-ARISTOTELES/περὶ_θαυμασίων_ἀκουσμάτων/g/1/83/text/1,https://opentheso.huma-num.fr/?idc=pcrtGm7ZMfoQrc&idt=th310,bears,1,zoomathia_match
http://ns.inria.fr/zoomathia/PS-ARISTOTELES/περὶ_θαυμασίων_ἀκουσμάτων/g/1/83/text/1,https://opentheso.huma-num.fr/?idc=pcrtSgaLklRNDT&idt=th310,Zeus,1,zoomathia_match
http://ns.inria.fr/zoomathia/PS-ARISTOTELES/περὶ_θαυμασίων_ἀκουσμάτων/g/1/83/text/1,https://opentheso.huma-num.fr/?idc=pcrtGm7ZMfoQrc&idt=th310,born,1,zoomathia_match
http://ns.inria.fr/zoomathia/PS-ARISTOTELES/περὶ_θαυμασίων_ἀκουσμάτων/g/1/83/text/1,https://www.wikidata.org/wiki/Q34374,Crete,0.4531,wikidata
http://ns.inria.fr/zoomathia/PS-ARISTOTELES/περὶ_θαυμασίων_ἀκουσμάτων/g/1/83/text/1,https://www.wikidata.org/wiki/Q34201,Zeus,0.4526,wikidata
http://ns.inria.fr/zoomathia/PS-ARISTOTELES/περὶ_θαυμασίων_ἀκουσμάτων/g/1/83/text/1,http://dbpedia.org/resource/Crete,Crete,0.9989994357809067,DBpedia
http://ns.inria.fr/zoomathia/PS-ARISTOTELES/περὶ_θαυμασίων_ἀκουσμάτων/g/1/83/text/1,http://dbpedia.org/resource/Bear,bears,0.9869824593486255,DBpedia
http://ns.inria.fr/zoomathia/PS-ARISTOTELES/περὶ_θαυμασίων_ἀκουσμάτων/g/1/83/text/1,http://dbpedia.org/resource/Neighbourhood,neighboring,0.9999759247508537,DBpedia
http://ns.inria.fr/zoomathia/PS-ARISTOTELES/περὶ_θαυμασίων_ἀκουσμάτων/g/1/83/text/1,http://dbpedia.org/resource/Megafauna,beasts,0.5880612489132852,DBpedia
http://ns.inria.fr/zoomathia/PS-ARISTOTELES/περὶ_θαυμασίων_ἀκουσμάτων/g/1/83/text/1,http://dbpedia.org/resource/Megafauna,beasts,0.5880612489132852,DBpedia
http://ns.inria.fr/zoomathia/PS-ARISTOTELES/περὶ_θαυμασίων_ἀκουσμάτων/g/1/83/text/1,http://dbpedia.org/resource/Zeus,Zeus,0.9999990852332906,DBpedia
http://ns.inria.fr/zoomathia/PS-ARISTOTELES/περὶ_θαυμασίων_ἀκουσμάτων/g/1/83/text/1,http://dbpedia.org/resource/Childbirth,born,0.5028984336479725,DBpedia
http://ns.inria.fr/zoomathia/PS-ARISTOTELES/περὶ_θαυμασίων_ἀκουσμάτων/g/1/86/text/1,https://opentheso.huma-num.fr/?idc=105405&idt=th310,heard,1,zoomathia_match
http://ns.inria.fr/zoomathia/PS-ARISTOTELES/περὶ_θαυμασίων_ἀκουσμάτων/g/1/86/text/1,https://opentheso.huma-num.fr/?idc=105975&idt=th310,flesh,1,zoomathia_match
http://ns.inria.fr/zoomathia/PS-ARISTOTELES/περὶ_θαυμασίων_ἀκουσμάτων/g/1/86/text/1,https://opentheso.huma-num.fr/?idc=107598&idt=th310,oak,1,zoomathia_match
http://ns.inria.fr/zoomathia/PS-ARISTOTELES/περὶ_θαυμασίων_ἀκουσμάτων/g/1/86/text/1,https://opentheso.huma-num.fr/?idc=107596&idt=th310,leaf,1,zoomathia_match
http://ns.inria.fr/zoomathia/PS-ARISTOTELES/περὶ_θαυμασίων_ἀκουσμάτων/g/1/86/text/1,https://opentheso.huma-num.fr/?idc=pcrtva7NUywIgB&idt=th310,raven,1,zoomathia_match
http://ns.inria.fr/zoomathia/PS-ARISTOTELES/περὶ_θαυμασίων_ἀκουσμάτων/g/1/86/text/1,https://opentheso.huma-num.fr/?idc=108181&idt=th310,crow,1,zoomathia_match
http://ns.inria.fr/zoomathia/PS-ARISTOTELES/περὶ_θαυμασίων_ἀκουσμάτων/g/1/86/text/1,https://opentheso.huma-num.fr/?idc=105404&idt=th310,tasted,1,zoomathia_match
http://ns.inria.fr/zoomathia/PS-ARISTOTELES/περὶ_θαυμασίων_ἀκουσμάτων/g/1/86/text/1,https://opentheso.huma-num.fr/?idc=107596&idt=th310,leaf,1,zoomathia_match
http://ns.inria.fr/zoomathia/PS-ARISTOTELES/περὶ_θαυμασίων_ἀκουσμάτων/g/1/86/text/1,https://www.wikidata.org/wiki/Q35966,Celts,0.4584,wikidata
http://ns.inria.fr/zoomathia/PS-ARISTOTELES/περὶ_θαυμασίων_ἀκουσμάτων/g/1/86/text/1,https://www.wikidata.org/wiki/Q35966,Celts,0.4584,wikidata
http://ns.inria.fr/zoomathia/PS-ARISTOTELES/περὶ_θαυμασίων_ἀκουσμάτων/g/1/86/text/1,http://dbpedia.org/resource/Traditional_Chinese_medicine,medicine,0.9161337844865286,DBpedia
http://ns.inria.fr/zoomathia/PS-ARISTOTELES/περὶ_θαυμασίων_ἀκουσμάτων/g/1/86/text/1,http://dbpedia.org/resource/Celts,Celts,0.9999997101386235,DBpedia
http://ns.inria.fr/zoomathia/PS-ARISTOTELES/περὶ_θαυμασίων_ἀκουσμάτων/g/1/86/text/1,http://dbpedia.org/resource/Adhan,called,0.526360399186588,DBpedia
http://ns.inria.fr/zoomathia/PS-ARISTOTELES/περὶ_θαυμασίων_ἀκουσμάτων/g/1/86/text/1,http://dbpedia.org/resource/Poison,toxic,0.9765730145474469,DBpedia
http://ns.inria.fr/zoomathia/PS-ARISTOTELES/περὶ_θαυμασίων_ἀκουσμάτων/g/1/86/text/1,http://dbpedia.org/resource/Celts,Celts,0.9999997101386235,DBpedia
http://ns.inria.fr/zoomathia/PS-ARISTOTELES/περὶ_θαυμασίων_ἀκουσμάτων/g/1/86/text/1,http://dbpedia.org/resource/Hunting,hunted,0.9649115036259575,DBpedia
http://ns.inria.fr/zoomathia/PS-ARISTOTELES/περὶ_θαυμασίων_ἀκουσμάτων/g/1/86/text/1,http://dbpedia.org/resource/Lord_Byron,heard,0.7610069862227508,DBpedia
http://ns.inria.fr/zoomathia/PS-ARISTOTELES/περὶ_θαυμασίων_ἀκουσμάτων/g/1/86/text/1,http://dbpedia.org/resource/Life,alive,0.9999999997069153,DBpedia
http://ns.inria.fr/zoomathia/PS-ARISTOTELES/περὶ_θαυμασίων_ἀκουσμάτων/g/1/86/text/1,http://dbpedia.org/resource/Shoot,shoot,0.995061731571286,DBpedia
http://ns.inria.fr/zoomathia/PS-ARISTOTELES/περὶ_θαυμασίων_ἀκουσμάτων/g/1/86/text/1,http://dbpedia.org/resource/Arrow,arrows,0.9999275460147614,DBpedia
http://ns.inria.fr/zoomathia/PS-ARISTOTELES/περὶ_θαυμασίων_ἀκουσμάτων/g/1/86/text/1,http://dbpedia.org/resource/Running,running,0.9987075481796073,DBpedia
http://ns.inria.fr/zoomathia/PS-ARISTOTELES/περὶ_θαυμασίων_ἀκουσμάτων/g/1/86/text/1,http://dbpedia.org/resource/Science,study,0.4627605253561072,DBpedia
http://ns.inria.fr/zoomathia/PS-ARISTOTELES/περὶ_θαυμασίων_ἀκουσμάτων/g/1/86/text/1,http://dbpedia.org/resource/Cutting,cut,0.9553817853182774,DBpedia
http://ns.inria.fr/zoomathia/PS-ARISTOTELES/περὶ_θαυμασίων_ἀκουσμάτων/g/1/86/text/1,http://dbpedia.org/resource/Flesh,flesh,0.5403807577619903,DBpedia
http://ns.inria.fr/zoomathia/PS-ARISTOTELES/περὶ_θαυμασίων_ἀκουσμάτων/g/1/86/text/1,http://dbpedia.org/resource/Cutting,cut,0.9553817853182774,DBpedia
http://ns.inria.fr/zoomathia/PS-ARISTOTELES/περὶ_θαυμασίων_ἀκουσμάτων/g/1/86/text/1,http://dbpedia.org/resource/Traditional_Chinese_medicine,medicine,0.9161337844865286,DBpedia
http://ns.inria.fr/zoomathia/PS-ARISTOTELES/περὶ_θαυμασίων_ἀκουσμάτων/g/1/86/text/1,http://dbpedia.org/resource/Life,life,0.9957844186613528,DBpedia
http://ns.inria.fr/zoomathia/PS-ARISTOTELES/περὶ_θαυμασίων_ἀκουσμάτων/g/1/86/text/1,http://dbpedia.org/resource/Decomposition,rot,0.9976200673321993,DBpedia
http://ns.inria.fr/zoomathia/PS-ARISTOTELES/περὶ_θαυμασίων_ἀκουσμάτων/g/1/86/text/1,http://dbpedia.org/resource/Antidote,antidote,1.0,DBpedia
http://ns.inria.fr/zoomathia/PS-ARISTOTELES/περὶ_θαυμασίων_ἀκουσμάτων/g/1/86/text/1,http://dbpedia.org/resource/Leaf,leaf,0.999998016155622,DBpedia
http://ns.inria.fr/zoomathia/PS-ARISTOTELES/περὶ_θαυμασίων_ἀκουσμάτων/g/1/86/text/1,http://dbpedia.org/resource/Raven,raven,0.9999800507729698,DBpedia
http://ns.inria.fr/zoomathia/PS-ARISTOTELES/περὶ_θαυμασίων_ἀκουσμάτων/g/1/86/text/1,http://dbpedia.org/resource/Crow,crow,0.9999693701088049,DBpedia
http://ns.inria.fr/zoomathia/PS-ARISTOTELES/περὶ_θαυμασίων_ἀκουσμάτων/g/1/86/text/1,http://dbpedia.org/resource/Traditional_Chinese_medicine,medicine,0.9161337844865286,DBpedia
http://ns.inria.fr/zoomathia/PS-ARISTOTELES/περὶ_θαυμασίων_ἀκουσμάτων/g/1/86/text/1,http://dbpedia.org/resource/Death,bad,0.9997094166639815,DBpedia
http://ns.inria.fr/zoomathia/PS-ARISTOTELES/περὶ_θαυμασίων_ἀκουσμάτων/g/1/86/text/1,http://dbpedia.org/resource/Disposition,disposition,0.980717995926316,DBpedia
http://ns.inria.fr/zoomathia/PS-ARISTOTELES/περὶ_θαυμασίων_ἀκουσμάτων/g/1/86/text/1,http://dbpedia.org/resource/Rush_(gridiron_football),rushing,0.9979690560210699,DBpedia
http://ns.inria.fr/zoomathia/PS-ARISTOTELES/περὶ_θαυμασίων_ἀκουσμάτων/g/1/86/text/1,http://dbpedia.org/resource/Leaf,leaf,0.999998016155622,DBpedia
http://ns.inria.fr/zoomathia/PS-ARISTOTELES/περὶ_θαυμασίων_ἀκουσμάτων/g/1/86/text/1,http://dbpedia.org/resource/Swallowing,swallowing,0.9717565063633362,DBpedia
http://ns.inria.fr/zoomathia/PS-ARISTOTELES/περὶ_θαυμασίων_ἀκουσμάτων/g/1/86/text/1,http://dbpedia.org/resource/Pausa,pause,0.799715807361017,DBpedia
http://ns.inria.fr/zoomathia/PS-ARISTOTELES/περὶ_θαυμασίων_ἀκουσμάτων/g/1/99/text/1,https://opentheso.huma-num.fr/?idc=pcrtSGYXpNbhwF&idt=th310,foxes,1,zoomathia_match
http://ns.inria.fr/zoomathia/PS-ARISTOTELES/περὶ_θαυμασίων_ἀκουσμάτων/g/1/99/text/1,https://opentheso.huma-num.fr/?idc=pcrtLnUS9cADfI&idt=th310,seen,1,zoomathia_match
http://ns.inria.fr/zoomathia/PS-ARISTOTELES/περὶ_θαυμασίων_ἀκουσμάτων/g/1/99/text/1,https://opentheso.huma-num.fr/?idc=pcrtLnUS9cADfI&idt=th310,seeing,1,zoomathia_match
http://ns.inria.fr/zoomathia/PS-ARISTOTELES/περὶ_θαυμασίων_ἀκουσμάτων/g/1/99/text/1,https://opentheso.huma-num.fr/?idc=pcrt3SWbm6EV00&idt=th310,light,1,zoomathia_match
http://ns.inria.fr/zoomathia/PS-ARISTOTELES/περὶ_θαυμασίων_ἀκουσμάτων/g/1/99/text/1,https://opentheso.huma-num.fr/?idc=pcrtLnUS9cADfI&idt=th310,seen,1,zoomathia_match
http://ns.inria.fr/zoomathia/PS-ARISTOTELES/περὶ_θαυμασίων_ἀκουσμάτων/g/1/99/text/1,https://www.wikidata.org/wiki/Q1855083,Orchomenians,0.4582,wikidata
http://ns.inria.fr/zoomathia/PS-ARISTOTELES/περὶ_θαυμασίων_ἀκουσμάτων/g/1/99/text/1,https://www.wikidata.org/wiki/Q8257871,Boeotians,0.4588,wikidata
http://ns.inria.fr/zoomathia/PS-ARISTOTELES/περὶ_θαυμασίων_ἀκουσμάτων/g/1/99/text/1,http://dbpedia.org/resource/City,cities,0.9897508240547963,DBpedia
http://ns.inria.fr/zoomathia/PS-ARISTOTELES/περὶ_θαυμασίων_ἀκουσμάτων/g/1/99/text/1,http://dbpedia.org/resource/Orchomenus_(Boeotia),Orchomenians,0.7678036238026846,DBpedia
http://ns.inria.fr/zoomathia/PS-ARISTOTELES/περὶ_θαυμασίων_ἀκουσμάτων/g/1/99/text/1,http://dbpedia.org/resource/Boeotia,Boeotians,0.9999999986153512,DBpedia
http://ns.inria.fr/zoomathia/PS-ARISTOTELES/περὶ_θαυμασίων_ἀκουσμάτων/g/1/99/text/1,http://dbpedia.org/resource/Fox,foxes,0.9448531455581586,DBpedia
http://ns.inria.fr/zoomathia/PS-ARISTOTELES/περὶ_θαυμασίων_ἀκουσμάτων/g/1/99/text/1,http://dbpedia.org/resource/Plaintiff,pursuer,0.9999998800143503,DBpedia
http://ns.inria.fr/zoomathia/PS-ARISTOTELES/περὶ_θαυμασίων_ἀκουσμάτων/g/1/99/text/1,http://dbpedia.org/resource/Glossary_of_poker_terms,chasing,0.9694048891372766,DBpedia
http://ns.inria.fr/zoomathia/PS-ARISTOTELES/περὶ_θαυμασίων_ἀκουσμάτων/g/1/99/text/1,http://dbpedia.org/resource/Glossary_of_poker_terms,chasing,0.9694048891372766,DBpedia
http://ns.inria.fr/zoomathia/PS-ARISTOTELES/περὶ_θαυμασίων_ἀκουσμάτων/g/1/99/text/1,http://dbpedia.org/resource/Great_Britain,great,0.9159555386581912,DBpedia
http://ns.inria.fr/zoomathia/PS-ARISTOTELES/περὶ_θαυμασίων_ἀκουσμάτων/g/1/99/text/1,http://dbpedia.org/resource/Demonic_possession,possessed,0.8860203474773609,DBpedia
http://ns.inria.fr/zoomathia/PS-ARISTOTELES/περὶ_θαυμασίων_ἀκουσμάτων/g/1/99/text/1,http://dbpedia.org/resource/Hunting,chase,0.7451328538665488,DBpedia
http://ns.inria.fr/zoomathia/PS-ARISTOTELES/περὶ_θαυμασίων_ἀκουσμάτων/g/1/99/text/1,http://dbpedia.org/resource/Semantics,meaning,0.9502112036981882,DBpedia
http://ns.inria.fr/zoomathia/PS-ARISTOTELES/περὶ_θαυμασίων_ἀκουσμάτων/g/1/99/text/1,http://dbpedia.org/resource/Radio_receiver,receiving,0.5769943705073048,DBpedia
http://ns.inria.fr/zoomathia/PS-ARISTOTELES/περὶ_θαυμασίων_ἀκουσμάτων/g/1/99/text/1,http://dbpedia.org/resource/Demon,demon,0.9994453022167067,DBpedia
http://ns.inria.fr/zoomathia/PS-ARISTOTELES/περὶ_θαυμασίων_ἀκουσμάτων/g/1/99/text/1,http://dbpedia.org/resource/Enlightenment_in_Buddhism,awakening,0.995257148144681,DBpedia
http://ns.inria.fr/zoomathia/PS-ARISTOTELES/περὶ_θαυμασίων_ἀκουσμάτων/g/1/99/text/1,http://dbpedia.org/resource/Ghost,spirit,0.9888786218635581,DBpedia
http://ns.inria.fr/zoomathia/PS-ARISTOTELES/περὶ_θαυμασίων_ἀκουσμάτων/g/1/99/text/1,http://dbpedia.org/resource/Electron_hole,holes,0.9495626761118963,DBpedia
http://ns.inria.fr/zoomathia/PS-ARISTOTELES/περὶ_θαυμασίων_ἀκουσμάτων/g/1/99/text/1,http://dbpedia.org/resource/Light,light,0.9952220061291549,DBpedia
http://ns.inria.fr/zoomathia/PS-ARISTOTELES/περὶ_θαυμασίων_ἀκουσμάτων/g/1/99/text/1,http://dbpedia.org/resource/Checked_tone,entering,0.999516085948674,DBpedia
http://ns.inria.fr/zoomathia/PS-ARISTOTELES/περὶ_θαυμασίων_ἀκουσμάτων/g/1/99/text/1,http://dbpedia.org/resource/Leisure,rest,0.5185755550355956,DBpedia
http://ns.inria.fr/zoomathia/PS-ARISTOTELES/περὶ_θαυμασίων_ἀκουσμάτων/g/1/116/text/1,https://opentheso.huma-num.fr/?idc=pcrtGm7ZMfoQrc&idt=th310,bears,1,zoomathia_match
http://ns.inria.fr/zoomathia/PS-ARISTOTELES/περὶ_θαυμασίων_ἀκουσμάτων/g/1/116/text/1,https://opentheso.huma-num.fr/?idc=pcrt4vKMQQ6elk&idt=th310,barley,1,zoomathia_match
http://ns.inria.fr/zoomathia/PS-ARISTOTELES/περὶ_θαυμασίων_ἀκουσμάτων/g/1/116/text/1,https://opentheso.huma-num.fr/?idc=pcrt6i8AcPBoY2&idt=th310,horses,1,zoomathia_match
http://ns.inria.fr/zoomathia/PS-ARISTOTELES/περὶ_θαυμασίων_ἀκουσμάτων/g/1/116/text/1,https://opentheso.huma-num.fr/?idc=pcrtRpEmyMyoAU&idt=th310,oxen,1,zoomathia_match
http://ns.inria.fr/zoomathia/PS-ARISTOTELES/περὶ_θαυμασίων_ἀκουσμάτων/g/1/116/text/1,https://opentheso.huma-num.fr/?idc=pcrt4v7jKE3TVw&idt=th310,dogs,1,zoomathia_match
http://ns.inria.fr/zoomathia/PS-ARISTOTELES/περὶ_θαυμασίων_ἀκουσμάτων/g/1/116/text/1,https://opentheso.huma-num.fr/?idc=105404&idt=th310,taste,1,zoomathia_match
http://ns.inria.fr/zoomathia/PS-ARISTOTELES/περὶ_θαυμασίων_ἀκουσμάτων/g/1/116/text/1,https://opentheso.huma-num.fr/?idc=pcrteddANclva4&idt=th310,gathered,1,zoomathia_match
http://ns.inria.fr/zoomathia/PS-ARISTOTELES/περὶ_θαυμασίων_ἀκουσμάτων/g/1/116/text/1,https://opentheso.huma-num.fr/?idc=pcrt4vKMQQ6elk&idt=th310,barley,1,zoomathia_match
http://ns.inria.fr/zoomathia/PS-ARISTOTELES/περὶ_θαυμασίων_ἀκουσμάτων/g/1/116/text/1,https://opentheso.huma-num.fr/?idc=pcrtDr6Oi6lHM6&idt=th310,bread,1,zoomathia_match
http://ns.inria.fr/zoomathia/PS-ARISTOTELES/περὶ_θαυμασίων_ἀκουσμάτων/g/1/116/text/1,http://dbpedia.org/resource/Field_(mathematics),field,0.6386751777649963,DBpedia
http://ns.inria.fr/zoomathia/PS-ARISTOTELES/περὶ_θαυμασίων_ἀκουσμάτων/g/1/116/text/1,http://dbpedia.org/resource/Furlong,furlongs,0.9999999994409166,DBpedia
http://ns.inria.fr/zoomathia/PS-ARISTOTELES/περὶ_θαυμασίων_ἀκουσμάτων/g/1/116/text/1,http://dbpedia.org/resource/Bear,bears,0.9984006032301111,DBpedia
http://ns.inria.fr/zoomathia/PS-ARISTOTELES/περὶ_θαυμασίων_ἀκουσμάτων/g/1/116/text/1,http://dbpedia.org/resource/Barley,barley,0.9999999949803282,DBpedia
http://ns.inria.fr/zoomathia/PS-ARISTOTELES/περὶ_θαυμασίων_ἀκουσμάτων/g/1/116/text/1,http://dbpedia.org/resource/Horse,horses,0.9992520911170255,DBpedia
http://ns.inria.fr/zoomathia/PS-ARISTOTELES/περὶ_θαυμασίων_ἀκουσμάτων/g/1/116/text/1,http://dbpedia.org/resource/Ox,oxen,0.989964572685599,DBpedia
http://ns.inria.fr/zoomathia/PS-ARISTOTELES/περὶ_θαυμασίων_ἀκουσμάτων/g/1/116/text/1,http://dbpedia.org/resource/Eating,eat,0.6284392506527569,DBpedia
http://ns.inria.fr/zoomathia/PS-ARISTOTELES/περὶ_θαυμασίων_ἀκουσμάτων/g/1/116/text/1,http://dbpedia.org/resource/Dog,dogs,0.9994150463389979,DBpedia
http://ns.inria.fr/zoomathia/PS-ARISTOTELES/περὶ_θαυμασίων_ἀκουσμάτων/g/1/116/text/1,http://dbpedia.org/resource/Taste,taste,0.9980578195641804,DBpedia
http://ns.inria.fr/zoomathia/PS-ARISTOTELES/περὶ_θαυμασίων_ἀκουσμάτων/g/1/116/text/1,http://dbpedia.org/resource/Feces,dung,0.7479326248067785,DBpedia
http://ns.inria.fr/zoomathia/PS-ARISTOTELES/περὶ_θαυμασίων_ἀκουσμάτων/g/1/116/text/1,http://dbpedia.org/resource/Food,food,0.99884104120866,DBpedia
http://ns.inria.fr/zoomathia/PS-ARISTOTELES/περὶ_θαυμασίων_ἀκουσμάτων/g/1/116/text/1,http://dbpedia.org/resource/Barley,barley,0.9999999949803282,DBpedia
http://ns.inria.fr/zoomathia/PS-ARISTOTELES/περὶ_θαυμασίων_ἀκουσμάτων/g/1/116/text/1,http://dbpedia.org/resource/Defecation,defecated,0.9992018742437057,DBpedia
http://ns.inria.fr/zoomathia/PS-ARISTOTELES/περὶ_θαυμασίων_ἀκουσμάτων/g/1/116/text/1,http://dbpedia.org/resource/Bread,bread,0.9999984214366531,DBpedia
http://ns.inria.fr/zoomathia/PS-ARISTOTELES/περὶ_θαυμασίων_ἀκουσμάτων/g/1/116/text/1,http://dbpedia.org/resource/Death,died,0.9943651400317585,DBpedia
http://ns.inria.fr/zoomathia/PS-ARISTOTELES/περὶ_θαυμασίων_ἀκουσμάτων/g/1/118/text/1,https://opentheso.huma-num.fr/?idc=pcrtY20DKUZ2AS&idt=th310,place of worship,1,zoomathia_match
http://ns.inria.fr/zoomathia/PS-ARISTOTELES/περὶ_θαυμασίων_ἀκουσμάτων/g/1/118/text/1,https://opentheso.huma-num.fr/?idc=105405&idt=th310,hear,1,zoomathia_match
http://ns.inria.fr/zoomathia/PS-ARISTOTELES/περὶ_θαυμασίων_ἀκουσμάτων/g/1/118/text/1,https://opentheso.huma-num.fr/?idc=105391&idt=th310,voice,1,zoomathia_match
http://ns.inria.fr/zoomathia/PS-ARISTOTELES/περὶ_θαυμασίων_ἀκουσμάτων/g/1/118/text/1,https://opentheso.huma-num.fr/?idc=5078&idt=th310,hens,1,zoomathia_match
http://ns.inria.fr/zoomathia/PS-ARISTOTELES/περὶ_θαυμασίων_ἀκουσμάτων/g/1/118/text/1,https://www.wikidata.org/wiki/Q41741,Thrace,0.4521,wikidata
http://ns.inria.fr/zoomathia/PS-ARISTOTELES/περὶ_θαυμασίων_ἀκουσμάτων/g/1/118/text/1,https://www.wikidata.org/wiki/Q217414,Amphipolis,0.4385,wikidata
http://ns.inria.fr/zoomathia/PS-ARISTOTELES/περὶ_θαυμασίων_ἀκουσμάτων/g/1/118/text/1,http://dbpedia.org/resource/Thrace,Thrace,0.9748513427135959,DBpedia
http://ns.inria.fr/zoomathia/PS-ARISTOTELES/περὶ_θαυμασίων_ἀκουσμάτων/g/1/118/text/1,http://dbpedia.org/resource/Amphipolis,Amphipolis,0.9999999997151008,DBpedia
http://ns.inria.fr/zoomathia/PS-ARISTOTELES/περὶ_θαυμασίων_ἀκουσμάτων/g/1/118/text/1,http://dbpedia.org/resource/Infidelity,unfaithful,0.7083761485844148,DBpedia
http://ns.inria.fr/zoomathia/PS-ARISTOTELES/περὶ_θαυμασίων_ἀκουσμάτων/g/1/118/text/1,http://dbpedia.org/resource/Villages_of_China,villages,0.5580499385451225,DBpedia
http://ns.inria.fr/zoomathia/PS-ARISTOTELES/περὶ_θαυμασίων_ἀκουσμάτων/g/1/118/text/1,http://dbpedia.org/resource/Villages_of_China,villages,0.5580499385451225,DBpedia
http://ns.inria.fr/zoomathia/PS-ARISTOTELES/περὶ_θαυμασίων_ἀκουσμάτων/g/1/118/text/1,http://dbpedia.org/resource/Hunting,hunt,0.9891445474293646,DBpedia
http://ns.inria.fr/zoomathia/PS-ARISTOTELES/περὶ_θαυμασίων_ἀκουσμάτων/g/1/118/text/1,http://dbpedia.org/resource/Fowl,fowls,1.0,DBpedia
http://ns.inria.fr/zoomathia/PS-ARISTOTELES/περὶ_θαυμασίων_ἀκουσμάτων/g/1/118/text/1,http://dbpedia.org/resource/Hunting,hunt,0.9891445474293646,DBpedia
http://ns.inria.fr/zoomathia/PS-ARISTOTELES/περὶ_θαυμασίων_ἀκουσμάτων/g/1/118/text/1,http://dbpedia.org/resource/Priesthood_in_the_Catholic_Church,priests,0.674074150799555,DBpedia
http://ns.inria.fr/zoomathia/PS-ARISTOTELES/περὶ_θαυμασίων_ἀκουσμάτων/g/1/118/text/1,http://dbpedia.org/resource/Priesthood_in_the_Catholic_Church,priests,0.674074150799555,DBpedia
http://ns.inria.fr/zoomathia/PS-ARISTOTELES/περὶ_θαυμασίων_ἀκουσμάτων/g/1/118/text/1,http://dbpedia.org/resource/System_call,called,0.7516494575388081,DBpedia
http://ns.inria.fr/zoomathia/PS-ARISTOTELES/περὶ_θαυμασίων_ἀκουσμάτων/g/1/118/text/1,http://dbpedia.org/resource/Human_voice,voice,0.6443037656423358,DBpedia
http://ns.inria.fr/zoomathia/PS-ARISTOTELES/περὶ_θαυμασίων_ἀκουσμάτων/g/1/118/text/1,http://dbpedia.org/resource/Silence,silence,0.9969050491395718,DBpedia
http://ns.inria.fr/zoomathia/PS-ARISTOTELES/περὶ_θαυμασίων_ἀκουσμάτων/g/1/118/text/1,http://dbpedia.org/resource/Chicken,hens,1.0,DBpedia
http://ns.inria.fr/zoomathia/PS-ARISTOTELES/περὶ_θαυμασίων_ἀκουσμάτων/g/1/118/text/1,http://dbpedia.org/resource/Shrub,bushes,0.7312126522004377,DBpedia
http://ns.inria.fr/zoomathia/PS-ARISTOTELES/περὶ_θαυμασίων_ἀκουσμάτων/g/1/118/text/1,http://dbpedia.org/resource/Trampling,trampling,0.9999826503822496,DBpedia
http://ns.inria.fr/zoomathia/PS-ARISTOTELES/περὶ_θαυμασίων_ἀκουσμάτων/g/1/118/text/1,http://dbpedia.org/resource/Confirmation,receive,0.9111415117312672,DBpedia
http://ns.inria.fr/zoomathia/PS-ARISTOTELES/περὶ_θαυμασίων_ἀκουσμάτων/g/1/118/text/1,"http://dbpedia.org/resource/Admire,_Kansas",admire,0.9505919003394789,DBpedia
http://ns.inria.fr/zoomathia/PS-ARISTOTELES/περὶ_θαυμασίων_ἀκουσμάτων/g/1/118/text/1,http://dbpedia.org/resource/Priesthood_in_the_Catholic_Church,priests,0.674074150799555,DBpedia
http://ns.inria.fr/zoomathia/PS-ARISTOTELES/περὶ_θαυμασίων_ἀκουσμάτων/g/1/118/text/1,http://dbpedia.org/resource/Confirmation,receive,0.9111415117312672,DBpedia
http://ns.inria.fr/zoomathia/PS-ARISTOTELES/περὶ_θαυμασίων_ἀκουσμάτων/g/1/118/text/1,http://dbpedia.org/resource/Chicken,chickens,0.9834178116483221,DBpedia
http://ns.inria.fr/zoomathia/PS-ARISTOTELES/περὶ_θαυμασίων_ἀκουσμάτων/g/1/118/text/1,http://dbpedia.org/resource/Equal_pay_for_equal_work,pay,0.5499210651134538,DBpedia
http://ns.inria.fr/zoomathia/PS-ARISTOTELES/περὶ_θαυμασίων_ἀκουσμάτων/g/1/118/text/1,http://dbpedia.org/resource/Professional_hunter,gamekeepers,0.9999999990251354,DBpedia
http://ns.inria.fr/zoomathia/PS-ARISTOTELES/περὶ_θαυμασίων_ἀκουσμάτων/g/1/118/text/1,http://dbpedia.org/resource/Hawk,hawks,0.9987449960305705,DBpedia
http://ns.inria.fr/zoomathia/PS-ARISTOTELES/περὶ_θαυμασίων_ἀκουσμάτων/g/1/118/text/1,http://dbpedia.org/resource/Priesthood_in_the_Catholic_Church,priests,0.674074150799555,DBpedia
http://ns.inria.fr/zoomathia/PS-ARISTOTELES/περὶ_θαυμασίων_ἀκουσμάτων/g/1/119/text/1,https://opentheso.huma-num.fr/?idc=pcrtLieaANMAud&idt=th310,wheat,1,zoomathia_match
http://ns.inria.fr/zoomathia/PS-ARISTOTELES/περὶ_θαυμασίων_ἀκουσμάτων/g/1/119/text/1,https://opentheso.huma-num.fr/?idc=105691&idt=th310,land,1,zoomathia_match
http://ns.inria.fr/zoomathia/PS-ARISTOTELES/περὶ_θαυμασίων_ἀκουσμάτων/g/1/119/text/1,https://opentheso.huma-num.fr/?idc=pcrtDFvOrje3j0&idt=th310,fruits,1,zoomathia_match
http://ns.inria.fr/zoomathia/PS-ARISTOTELES/περὶ_θαυμασίων_ἀκουσμάτων/g/1/119/text/1,https://opentheso.huma-num.fr/?idc=pcrtLnUS9cADfI&idt=th310,saw,1,zoomathia_match
http://ns.inria.fr/zoomathia/PS-ARISTOTELES/περὶ_θαυμασίων_ἀκουσμάτων/g/1/119/text/1,https://opentheso.huma-num.fr/?idc=105404&idt=th310,taste,1,zoomathia_match
http://ns.inria.fr/zoomathia/PS-ARISTOTELES/περὶ_θαυμασίων_ἀκουσμάτων/g/1/119/text/1,https://opentheso.huma-num.fr/?idc=105832&idt=th310,war,1,zoomathia_match
http://ns.inria.fr/zoomathia/PS-ARISTOTELES/περὶ_θαυμασίων_ἀκουσμάτων/g/1/119/text/1,https://www.wikidata.org/wiki/Q4948,Venetians,0.6865,wikidata
http://ns.inria.fr/zoomathia/PS-ARISTOTELES/περὶ_θαυμασίων_ἀκουσμάτων/g/1/119/text/1,https://www.wikidata.org/wiki/Q6948186,myriads,0.5601,wikidata
http://ns.inria.fr/zoomathia/PS-ARISTOTELES/περὶ_θαυμασίων_ἀκουσμάτων/g/1/119/text/1,https://www.wikidata.org/wiki/Q4948,Venetians,0.6865,wikidata
http://ns.inria.fr/zoomathia/PS-ARISTOTELES/περὶ_θαυμασίων_ἀκουσμάτων/g/1/119/text/1,https://www.wikidata.org/wiki/Q4948,Venetians,0.6865,wikidata
http://ns.inria.fr/zoomathia/PS-ARISTOTELES/περὶ_θαυμασίων_ἀκουσμάτων/g/1/119/text/1,http://dbpedia.org/resource/Spider-Man,amazing,0.9794346267621515,DBpedia
http://ns.inria.fr/zoomathia/PS-ARISTOTELES/περὶ_θαυμασίων_ἀκουσμάτων/g/1/119/text/1,http://dbpedia.org/resource/Republic_of_Venice,Venetians,0.958322513788933,DBpedia
http://ns.inria.fr/zoomathia/PS-ARISTOTELES/περὶ_θαυμασίων_ἀκουσμάτων/g/1/119/text/1,http://dbpedia.org/resource/Swarm_behaviour,swarms,0.9999903086136419,DBpedia
http://ns.inria.fr/zoomathia/PS-ARISTOTELES/περὶ_θαυμασίων_ἀκουσμάτων/g/1/119/text/1,http://dbpedia.org/resource/Uncountable_set,uncountable,0.997664618987549,DBpedia
http://ns.inria.fr/zoomathia/PS-ARISTOTELES/περὶ_θαυμασίων_ἀκουσμάτων/g/1/119/text/1,http://dbpedia.org/resource/Myriads,myriads,0.9999956070054595,DBpedia
http://ns.inria.fr/zoomathia/PS-ARISTOTELES/περὶ_θαυμασίων_ἀκουσμάτων/g/1/119/text/1,http://dbpedia.org/resource/Cannibalism,devour,0.9999999998466365,DBpedia
http://ns.inria.fr/zoomathia/PS-ARISTOTELES/περὶ_θαυμασίων_ἀκουσμάτων/g/1/119/text/1,http://dbpedia.org/resource/Wheat,wheat,0.9996986030942885,DBpedia
http://ns.inria.fr/zoomathia/PS-ARISTOTELES/περὶ_θαυμασίων_ἀκουσμάτων/g/1/119/text/1,http://dbpedia.org/resource/Republic_of_Venice,Venetians,0.958322513788933,DBpedia
http://ns.inria.fr/zoomathia/PS-ARISTOTELES/περὶ_θαυμασίων_ἀκουσμάτων/g/1/119/text/1,http://dbpedia.org/resource/Border,borders,0.9797903646231778,DBpedia
http://ns.inria.fr/zoomathia/PS-ARISTOTELES/περὶ_θαυμασίων_ἀκουσμάτων/g/1/119/text/1,http://dbpedia.org/resource/Land_of_Israel,land,0.9983486042819323,DBpedia
http://ns.inria.fr/zoomathia/PS-ARISTOTELES/περὶ_θαυμασίων_ἀκουσμάτων/g/1/119/text/1,http://dbpedia.org/resource/Landing,landing,0.8458589885229179,DBpedia
http://ns.inria.fr/zoomathia/PS-ARISTOTELES/περὶ_θαυμασίων_ἀκουσμάτων/g/1/119/text/1,http://dbpedia.org/resource/Gift,gifts,0.9633809835187589,DBpedia
http://ns.inria.fr/zoomathia/PS-ARISTOTELES/περὶ_θαυμασίων_ἀκουσμάτων/g/1/119/text/1,http://dbpedia.org/resource/Mutant,kinds,0.9856512841247559,DBpedia
http://ns.inria.fr/zoomathia/PS-ARISTOTELES/περὶ_θαυμασίων_ἀκουσμάτων/g/1/119/text/1,http://dbpedia.org/resource/Fruit,fruits,0.9999284192919363,DBpedia
http://ns.inria.fr/zoomathia/PS-ARISTOTELES/περὶ_θαυμασίων_ἀκουσμάτων/g/1/119/text/1,http://dbpedia.org/resource/Seed,seeds,0.9679207856316522,DBpedia
http://ns.inria.fr/zoomathia/PS-ARISTOTELES/περὶ_θαυμασίων_ἀκουσμάτων/g/1/119/text/1,http://dbpedia.org/resource/Swarm_behaviour,swarms,0.9999903086136419,DBpedia
http://ns.inria.fr/zoomathia/PS-ARISTOTELES/περὶ_θαυμασίων_ἀκουσμάτων/g/1/119/text/1,http://dbpedia.org/resource/Invasive_species,invade,0.993728073841125,DBpedia
http://ns.inria.fr/zoomathia/PS-ARISTOTELES/περὶ_θαυμασίων_ἀκουσμάτων/g/1/119/text/1,http://dbpedia.org/resource/Republic_of_Venice,Venetians,0.958322513788933,DBpedia
http://ns.inria.fr/zoomathia/PS-ARISTOTELES/περὶ_θαυμασίων_ἀκουσμάτων/g/1/119/text/1,http://dbpedia.org/resource/Peace,peace,0.995648109118906,DBpedia
http://ns.inria.fr/zoomathia/PS-ARISTOTELES/περὶ_θαυμασίων_ἀκουσμάτων/g/1/119/text/1,http://dbpedia.org/resource/Taste,taste,0.8715897554142401,DBpedia
http://ns.inria.fr/zoomathia/PS-ARISTOTELES/περὶ_θαυμασίων_ἀκουσμάτων/g/1/119/text/1,http://dbpedia.org/resource/Food,food,0.9983056564457432,DBpedia
http://ns.inria.fr/zoomathia/PS-ARISTOTELES/περὶ_θαυμασίων_ἀκουσμάτων/g/1/119/text/1,http://dbpedia.org/resource/Expected_value,expected,0.973240259508887,DBpedia
http://ns.inria.fr/zoomathia/PS-ARISTOTELES/περὶ_θαυμασίων_ἀκουσμάτων/g/1/120/text/1,https://opentheso.huma-num.fr/?idc=105270&idt=th310,size,1,zoomathia_match
http://ns.inria.fr/zoomathia/PS-ARISTOTELES/περὶ_θαυμασίων_ἀκουσμάτων/g/1/120/text/1,https://www.wikidata.org/wiki/Q204728,Chalkidiki,0.9161,wikidata
http://ns.inria.fr/zoomathia/PS-ARISTOTELES/περὶ_θαυμασίων_ἀκουσμάτων/g/1/120/text/1,https://www.wikidata.org/wiki/Q2069546,Olynthos,0.8919,wikidata
http://ns.inria.fr/zoomathia/PS-ARISTOTELES/περὶ_θαυμασίων_ἀκουσμάτων/g/1/120/text/1,https://www.wikidata.org/wiki/Q41741,Thrace,0.8773,wikidata
http://ns.inria.fr/zoomathia/PS-ARISTOTELES/περὶ_θαυμασίων_ἀκουσμάτων/g/1/120/text/1,http://dbpedia.org/resource/Chalkidiki,Chalkidiki,1.0,DBpedia
http://ns.inria.fr/zoomathia/PS-ARISTOTELES/περὶ_θαυμασίων_ἀκουσμάτων/g/1/120/text/1,http://dbpedia.org/resource/Olynthus,Olynthos,1.0,DBpedia
http://ns.inria.fr/zoomathia/PS-ARISTOTELES/περὶ_θαυμασίων_ἀκουσμάτων/g/1/120/text/1,http://dbpedia.org/resource/Thrace,Thrace,0.9950965001883944,DBpedia
http://ns.inria.fr/zoomathia/PS-ARISTOTELES/περὶ_θαυμασίων_ἀκουσμάτων/g/1/120/text/1,http://dbpedia.org/resource/Call_to_the_bar,called,0.4242200588537531,DBpedia
http://ns.inria.fr/zoomathia/PS-ARISTOTELES/περὶ_θαυμασίων_ἀκουσμάτων/g/1/120/text/1,http://dbpedia.org/resource/Sizing,size,0.6600342991937092,DBpedia
http://ns.inria.fr/zoomathia/PS-ARISTOTELES/περὶ_θαυμασίων_ἀκουσμάτων/g/1/120/text/1,http://dbpedia.org/resource/Animal,animals,0.8378497490766975,DBpedia
http://ns.inria.fr/zoomathia/PS-ARISTOTELES/περὶ_θαυμασίων_ἀκουσμάτων/g/1/120/text/1,http://dbpedia.org/resource/Village,village,0.9848015266262696,DBpedia
http://ns.inria.fr/zoomathia/PS-ARISTOTELES/περὶ_θαυμασίων_ἀκουσμάτων/g/1/120/text/1,http://dbpedia.org/resource/Famine,famine,0.9965860012144556,DBpedia
http://ns.inria.fr/zoomathia/PS-ARISTOTELES/περὶ_θαυμασίων_ἀκουσμάτων/g/1/122/text/1,https://opentheso.huma-num.fr/?idc=pcrtOl4a3UUtiu&idt=th310,hares,1,zoomathia_match
http://ns.inria.fr/zoomathia/PS-ARISTOTELES/περὶ_θαυμασίων_ἀκουσμάτων/g/1/122/text/1,https://opentheso.huma-num.fr/?idc=105163&idt=th310,hooves,1,zoomathia_match
http://ns.inria.fr/zoomathia/PS-ARISTOTELES/περὶ_θαυμασίων_ἀκουσμάτων/g/1/122/text/1,https://opentheso.huma-num.fr/?idc=pcrtFghztlzGFv&idt=th310,feast,1,zoomathia_match
http://ns.inria.fr/zoomathia/PS-ARISTOTELES/περὶ_θαυμασίων_ἀκουσμάτων/g/1/122/text/1,https://opentheso.huma-num.fr/?idc=pcrtmhUStm5T6Y&idt=th310,fire,1,zoomathia_match
http://ns.inria.fr/zoomathia/PS-ARISTOTELES/περὶ_θαυμασίων_ἀκουσμάτων/g/1/122/text/1,https://opentheso.huma-num.fr/?idc=pcrtLnUS9cADfI&idt=th310,seen,1,zoomathia_match
http://ns.inria.fr/zoomathia/PS-ARISTOTELES/περὶ_θαυμασίων_ἀκουσμάτων/g/1/122/text/1,https://opentheso.huma-num.fr/?idc=pcrtYhYMiLwDUr&idt=th310,temple,1,zoomathia_match
http://ns.inria.fr/zoomathia/PS-ARISTOTELES/περὶ_θαυμασίων_ἀκουσμάτων/g/1/122/text/1,https://opentheso.huma-num.fr/?idc=pcrt3SWbm6EV00&idt=th310,light,1,zoomathia_match
http://ns.inria.fr/zoomathia/PS-ARISTOTELES/περὶ_θαυμασίων_ἀκουσμάτων/g/1/122/text/1,http://dbpedia.org/resource/Trailing_wheel,trailing,0.6870922513764723,DBpedia
http://ns.inria.fr/zoomathia/PS-ARISTOTELES/περὶ_θαυμασίων_ἀκουσμάτων/g/1/122/text/1,http://dbpedia.org/resource/Hare,hares,0.9995283551482076,DBpedia
http://ns.inria.fr/zoomathia/PS-ARISTOTELES/περὶ_θαυμασίων_ἀκουσμάτων/g/1/122/text/1,http://dbpedia.org/resource/Hoof,hooves,0.8817556222830594,DBpedia
http://ns.inria.fr/zoomathia/PS-ARISTOTELES/περὶ_θαυμασίων_ἀκουσμάτων/g/1/122/text/1,http://dbpedia.org/resource/Animal_sacrifice,animal,0.9999857984072411,DBpedia
http://ns.inria.fr/zoomathia/PS-ARISTOTELES/περὶ_θαυμασίων_ἀκουσμάτων/g/1/122/text/1,http://dbpedia.org/resource/Russo-Georgian_War,enters,0.9999999989450998,DBpedia
http://ns.inria.fr/zoomathia/PS-ARISTOTELES/περὶ_θαυμασίων_ἀκουσμάτων/g/1/122/text/1,http://dbpedia.org/resource/Death,dies,0.9870379275305705,DBpedia
http://ns.inria.fr/zoomathia/PS-ARISTOTELES/περὶ_θαυμασίων_ἀκουσμάτων/g/1/122/text/1,http://dbpedia.org/resource/Great_egret,great,0.8015959503932899,DBpedia
http://ns.inria.fr/zoomathia/PS-ARISTOTELES/περὶ_θαυμασίων_ἀκουσμάτων/g/1/122/text/1,http://dbpedia.org/resource/Good_and_evil,good,0.9961129265695898,DBpedia
http://ns.inria.fr/zoomathia/PS-ARISTOTELES/περὶ_θαυμασίων_ἀκουσμάτων/g/1/122/text/1,http://dbpedia.org/resource/Saint,saint,0.9992428333641009,DBpedia
http://ns.inria.fr/zoomathia/PS-ARISTOTELES/περὶ_θαυμασίων_ἀκουσμάτων/g/1/122/text/1,http://dbpedia.org/resource/Dionysius_of_Halicarnassus,Dionysus,0.9999995561181397,DBpedia
http://ns.inria.fr/zoomathia/PS-ARISTOTELES/περὶ_θαυμασίων_ἀκουσμάτων/g/1/122/text/1,http://dbpedia.org/resource/Festival,feast,0.44462157116435286,DBpedia
http://ns.inria.fr/zoomathia/PS-ARISTOTELES/περὶ_θαυμασίων_ἀκουσμάτων/g/1/122/text/1,http://dbpedia.org/resource/Animal_sacrifice,sacrifice,0.8073684642399704,DBpedia
http://ns.inria.fr/zoomathia/PS-ARISTOTELES/περὶ_θαυμασίων_ἀκουσμάτων/g/1/122/text/1,http://dbpedia.org/resource/Deity,god,0.9040703312405726,DBpedia
http://ns.inria.fr/zoomathia/PS-ARISTOTELES/περὶ_θαυμασίων_ἀκουσμάτων/g/1/122/text/1,http://dbpedia.org/resource/Great_egret,great,0.8015959503932899,DBpedia
http://ns.inria.fr/zoomathia/PS-ARISTOTELES/περὶ_θαυμασίων_ἀκουσμάτων/g/1/122/text/1,http://dbpedia.org/resource/Aura_(symptom),aura,0.5390940414013491,DBpedia
http://ns.inria.fr/zoomathia/PS-ARISTOTELES/περὶ_θαυμασίων_ἀκουσμάτων/g/1/122/text/1,http://dbpedia.org/resource/Fire,fire,0.7239767626814657,DBpedia
http://ns.inria.fr/zoomathia/PS-ARISTOTELES/περὶ_θαυμασίων_ἀκουσμάτων/g/1/122/text/1,http://dbpedia.org/resource/Temple,temple,0.7705555518828601,DBpedia
http://ns.inria.fr/zoomathia/PS-ARISTOTELES/περὶ_θαυμασίων_ἀκουσμάτων/g/1/122/text/1,http://dbpedia.org/resource/Driving,driving,0.7867542720546066,DBpedia
http://ns.inria.fr/zoomathia/PS-ARISTOTELES/περὶ_θαυμασίων_ἀκουσμάτων/g/1/122/text/1,http://dbpedia.org/resource/Light,light,0.9913847139828851,DBpedia
http://ns.inria.fr/zoomathia/PS-ARISTOTELES/περὶ_θαυμασίων_ἀκουσμάτων/g/1/122/text/1,http://dbpedia.org/resource/Visible_spectrum,visible,0.5227715710815031,DBpedia
http://ns.inria.fr/zoomathia/PS-ARISTOTELES/περὶ_θαυμασίων_ἀκουσμάτων/g/1/122/text/1,http://dbpedia.org/resource/Darkness,darkness,0.9997859034365917,DBpedia
http://ns.inria.fr/zoomathia/PS-ARISTOTELES/περὶ_θαυμασίων_ἀκουσμάτων/g/1/122/text/1,http://dbpedia.org/resource/Cover_version,covers,0.5083020245366155,DBpedia
http://ns.inria.fr/zoomathia/PS-ARISTOTELES/περὶ_θαυμασίων_ἀκουσμάτων/g/1/124/text/1,https://www.wikidata.org/wiki/Q8257871,Boeotia,0.9159,wikidata
http://ns.inria.fr/zoomathia/PS-ARISTOTELES/περὶ_θαυμασίων_ἀκουσμάτων/g/1/124/text/1,http://dbpedia.org/resource/Coroneia_(Boeotia),Coroneia,0.8236797814737071,DBpedia
http://ns.inria.fr/zoomathia/PS-ARISTOTELES/περὶ_θαυμασίων_ἀκουσμάτων/g/1/124/text/1,http://dbpedia.org/resource/Boeotia,Boeotia,1.0,DBpedia
http://ns.inria.fr/zoomathia/PS-ARISTOTELES/περὶ_θαυμασίων_ἀκουσμάτων/g/1/124/text/1,http://dbpedia.org/resource/Animal,animals,0.9639074688042861,DBpedia
http://ns.inria.fr/zoomathia/PS-ARISTOTELES/περὶ_θαυμασίων_ἀκουσμάτων/g/1/124/text/1,http://dbpedia.org/resource/Live_television,live,0.5853888161005442,DBpedia
http://ns.inria.fr/zoomathia/PS-ARISTOTELES/περὶ_θαυμασίων_ἀκουσμάτων/g/1/124/text/1,http://dbpedia.org/resource/Archaeological_excavation,dig,0.7721726643867374,DBpedia
http://ns.inria.fr/zoomathia/PS-ARISTOTELES/περὶ_θαυμασίων_ἀκουσμάτων/g/1/124/text/1,http://dbpedia.org/resource/Earth,earth,0.9603066411177943,DBpedia
http://ns.inria.fr/zoomathia/PS-ARISTOTELES/περὶ_θαυμασίων_ἀκουσμάτων/g/1/124/text/1,http://dbpedia.org/resource/Leisure,rest,0.5955488080539826,DBpedia
http://ns.inria.fr/zoomathia/PS-ARISTOTELES/περὶ_θαυμασίων_ἀκουσμάτων/g/1/124/text/1,http://dbpedia.org/resource/Boeotia,Boeotia,1.0,DBpedia
http://ns.inria.fr/zoomathia/PS-ARISTOTELES/περὶ_θαυμασίων_ἀκουσμάτων/g/1/124/text/1,http://dbpedia.org/resource/University_of_Oxford,great,0.7736147986046038,DBpedia
http://ns.inria.fr/zoomathia/PS-ARISTOTELES/περὶ_θαυμασίων_ἀκουσμάτων/g/1/124/text/1,http://dbpedia.org/resource/Counting,multitude,0.9997790307685729,DBpedia
http://ns.inria.fr/zoomathia/PS-ARISTOTELES/περὶ_θαυμασίων_ἀκουσμάτων/g/1/125/text/1,https://opentheso.huma-num.fr/?idc=pcrtYmIa7MvtLc&idt=th310,fountain,1,zoomathia_match
http://ns.inria.fr/zoomathia/PS-ARISTOTELES/περὶ_θαυμασίων_ἀκουσμάτων/g/1/125/text/1,https://opentheso.huma-num.fr/?idc=105691&idt=th310,land,1,zoomathia_match
http://ns.inria.fr/zoomathia/PS-ARISTOTELES/περὶ_θαυμασίων_ἀκουσμάτων/g/1/125/text/1,http://dbpedia.org/resource/Outer_Plane,Arcadia,0.9999984129466187,DBpedia
http://ns.inria.fr/zoomathia/PS-ARISTOTELES/περὶ_θαυμασίων_ἀκουσμάτων/g/1/125/text/1,http://dbpedia.org/resource/Fountain,fountain,0.9881717016380448,DBpedia
http://ns.inria.fr/zoomathia/PS-ARISTOTELES/περὶ_θαυμασίων_ἀκουσμάτων/g/1/125/text/1,http://dbpedia.org/resource/Real_estate,land,0.5897305984536109,DBpedia
http://ns.inria.fr/zoomathia/PS-ARISTOTELES/περὶ_θαυμασίων_ἀκουσμάτων/g/1/125/text/1,http://dbpedia.org/resource/Skeletal_muscle,muscles,0.9547536305144609,DBpedia
http://ns.inria.fr/zoomathia/PS-ARISTOTELES/περὶ_θαυμασίων_ἀκουσμάτων/g/1/125/text/1,http://dbpedia.org/resource/Swimming,swimming,0.6923260609137992,DBpedia
http://ns.inria.fr/zoomathia/PS-ARISTOTELES/περὶ_θαυμασίων_ἀκουσμάτων/g/1/125/text/1,http://dbpedia.org/resource/Dieting,diet,0.882768945675669,DBpedia
http://ns.inria.fr/zoomathia/PS-ARISTOTELES/περὶ_θαυμασίων_ἀκουσμάτων/g/1/125/text/1,http://dbpedia.org/resource/Call_to_the_bar,called,0.5334990740389649,DBpedia
http://ns.inria.fr/zoomathia/PS-ARISTOTELES/περὶ_θαυμασίων_ἀκουσμάτων/g/1/126/text/1,https://opentheso.huma-num.fr/?idc=pcrtva7NUywIgB&idt=th310,ravens,1,zoomathia_match
http://ns.inria.fr/zoomathia/PS-ARISTOTELES/περὶ_θαυμασίων_ἀκουσμάτων/g/1/126/text/1,https://opentheso.huma-num.fr/?idc=pcrtGm7ZMfoQrc&idt=th310,born,1,zoomathia_match
http://ns.inria.fr/zoomathia/PS-ARISTOTELES/περὶ_θαυμασίων_ἀκουσμάτων/g/1/126/text/1,http://dbpedia.org/resource/Common_raven,ravens,0.6796394899524039,DBpedia
http://ns.inria.fr/zoomathia/PS-ARISTOTELES/περὶ_θαυμασίων_ἀκουσμάτων/g/1/126/text/1,http://dbpedia.org/resource/Administrative_divisions_of_South_Korea,city,0.6788485658206144,DBpedia
http://ns.inria.fr/zoomathia/PS-ARISTOTELES/περὶ_θαυμασίων_ἀκουσμάτων/g/1/126/text/1,http://dbpedia.org/resource/Battle_of_Saguntum,defeated,0.9998841774497291,DBpedia
http://ns.inria.fr/zoomathia/PS-ARISTOTELES/περὶ_θαυμασίων_ἀκουσμάτων/g/1/126/text/1,http://dbpedia.org/resource/Deportation,deport,0.7233371872189714,DBpedia
http://ns.inria.fr/zoomathia/PS-ARISTOTELES/περὶ_θαυμασίων_ἀκουσμάτων/g/1/126/text/1,http://dbpedia.org/resource/Professional_wrestling_match_types,leave,0.9607361887131209,DBpedia
http://ns.inria.fr/zoomathia/PS-ARISTOTELES/περὶ_θαυμασίων_ἀκουσμάτων/g/1/126/text/1,http://dbpedia.org/resource/Given_name,born,0.7721816790133963,DBpedia
http://ns.inria.fr/zoomathia/PS-ARISTOTELES/περὶ_θαυμασίων_ἀκουσμάτων/g/1/128/text/1,https://opentheso.huma-num.fr/?idc=pcrt5d9Jszp0TO&idt=th310,Illyrians,1,zoomathia_match
http://ns.inria.fr/zoomathia/PS-ARISTOTELES/περὶ_θαυμασίων_ἀκουσμάτων/g/1/128/text/1,https://opentheso.huma-num.fr/?idc=107976&idt=th310,ticked,1,zoomathia_match
http://ns.inria.fr/zoomathia/PS-ARISTOTELES/περὶ_θαυμασίων_ἀκουσμάτων/g/1/128/text/1,https://opentheso.huma-num.fr/?idc=105367&idt=th310,birth,1,zoomathia_match
http://ns.inria.fr/zoomathia/PS-ARISTOTELES/περὶ_θαυμασίων_ἀκουσμάτων/g/1/128/text/1,https://opentheso.huma-num.fr/?idc=108705&idt=th310,twins,1,zoomathia_match
http://ns.inria.fr/zoomathia/PS-ARISTOTELES/περὶ_θαυμασίων_ἀκουσμάτων/g/1/128/text/1,https://opentheso.huma-num.fr/?idc=107976&idt=th310,ticked,1,zoomathia_match
http://ns.inria.fr/zoomathia/PS-ARISTOTELES/περὶ_θαυμασίων_ἀκουσμάτων/g/1/128/text/1,https://opentheso.huma-num.fr/?idc=pcrtAWl3eAUQlA&idt=th310,milk,1,zoomathia_match
http://ns.inria.fr/zoomathia/PS-ARISTOTELES/περὶ_θαυμασίων_ἀκουσμάτων/g/1/128/text/1,https://opentheso.huma-num.fr/?idc=pcrtpWT5t7kRx6&idt=th310,year,1,zoomathia_match
http://ns.inria.fr/zoomathia/PS-ARISTOTELES/περὶ_θαυμασίων_ἀκουσμάτων/g/1/128/text/1,https://opentheso.huma-num.fr/?idc=107976&idt=th310,tick,1,zoomathia_match
http://ns.inria.fr/zoomathia/PS-ARISTOTELES/περὶ_θαυμασίων_ἀκουσμάτων/g/1/128/text/1,https://opentheso.huma-num.fr/?idc=105649&idt=th310,times,1,zoomathia_match
http://ns.inria.fr/zoomathia/PS-ARISTOTELES/περὶ_θαυμασίων_ἀκουσμάτων/g/1/128/text/1,https://opentheso.huma-num.fr/?idc=pcrtGSslMASdGf&idt=th310,day,1,zoomathia_match
http://ns.inria.fr/zoomathia/PS-ARISTOTELES/περὶ_θαυμασίων_ἀκουσμάτων/g/1/128/text/1,https://www.wikidata.org/wiki/Q146715,Illyrians,0.9029,wikidata
http://ns.inria.fr/zoomathia/PS-ARISTOTELES/περὶ_θαυμασίων_ἀκουσμάτων/g/1/128/text/1,http://dbpedia.org/resource/Illyrians,Illyrians,0.9999999999914735,DBpedia
http://ns.inria.fr/zoomathia/PS-ARISTOTELES/περὶ_θαυμασίων_ἀκουσμάτων/g/1/128/text/1,http://dbpedia.org/resource/Pasture,pastures,0.9999999896771783,DBpedia
http://ns.inria.fr/zoomathia/PS-ARISTOTELES/περὶ_θαυμασίων_ἀκουσμάτων/g/1/128/text/1,http://dbpedia.org/resource/Eunuch,eunuch,0.9991748655623128,DBpedia
http://ns.inria.fr/zoomathia/PS-ARISTOTELES/περὶ_θαυμασίων_ἀκουσμάτων/g/1/128/text/1,http://dbpedia.org/resource/Tabby_cat,ticked,0.9999999999724309,DBpedia
http://ns.inria.fr/zoomathia/PS-ARISTOTELES/περὶ_θαυμασίων_ἀκουσμάτων/g/1/128/text/1,http://dbpedia.org/resource/Multiple_birth,twins,0.5229828902773619,DBpedia
http://ns.inria.fr/zoomathia/PS-ARISTOTELES/περὶ_θαυμασίων_ἀκουσμάτων/g/1/128/text/1,http://dbpedia.org/resource/Sheep,ewes,0.9999999999999432,DBpedia
http://ns.inria.fr/zoomathia/PS-ARISTOTELES/περὶ_θαυμασίων_ἀκουσμάτων/g/1/128/text/1,http://dbpedia.org/resource/Tabby_cat,ticked,0.9999999999724309,DBpedia
http://ns.inria.fr/zoomathia/PS-ARISTOTELES/περὶ_θαυμασίων_ἀκουσμάτων/g/1/128/text/1,http://dbpedia.org/resource/Milk,milk,0.8602958637736993,DBpedia
http://ns.inria.fr/zoomathia/PS-ARISTOTELES/περὶ_θαυμασίων_ἀκουσμάτων/g/1/128/text/1,http://dbpedia.org/resource/Tick,tick,0.9837662809292276,DBpedia
http://ns.inria.fr/zoomathia/PS-ARISTOTELES/περὶ_θαυμασίων_ἀκουσμάτων/g/1/128/text/1,http://dbpedia.org/resource/Multiplication,times,0.649738009270772,DBpedia
http://ns.inria.fr/zoomathia/PS-ARISTOTELES/περὶ_θαυμασίων_ἀκουσμάτων/g/1/128/text/1,http://dbpedia.org/resource/Day,day,0.9960064701411865,DBpedia
http://ns.inria.fr/zoomathia/PS-ARISTOTELES/περὶ_θαυμασίων_ἀκουσμάτων/g/1/129/text/1,https://opentheso.huma-num.fr/?idc=106004&idt=th310,wild,1,zoomathia_match
http://ns.inria.fr/zoomathia/PS-ARISTOTELES/περὶ_θαυμασίων_ἀκουσμάτων/g/1/129/text/1,https://opentheso.huma-num.fr/?idc=pcrtRmvjGjzyOO&idt=th310,boars,1,zoomathia_match
http://ns.inria.fr/zoomathia/PS-ARISTOTELES/περὶ_θαυμασίων_ἀκουσμάτων/g/1/129/text/1,https://opentheso.huma-num.fr/?idc=105127&idt=th310,horns,1,zoomathia_match
http://ns.inria.fr/zoomathia/PS-ARISTOTELES/περὶ_θαυμασίων_ἀκουσμάτων/g/1/129/text/1,https://www.wikidata.org/wiki/Q249561,Paionia,0.4467,wikidata
http://ns.inria.fr/zoomathia/PS-ARISTOTELES/περὶ_θαυμασίων_ἀκουσμάτων/g/1/129/text/1,http://dbpedia.org/resource/Paeonia_(kingdom),Paionia,0.9343091521091194,DBpedia
http://ns.inria.fr/zoomathia/PS-ARISTOTELES/περὶ_θαυμασίων_ἀκουσμάτων/g/1/129/text/1,http://dbpedia.org/resource/Wild_boar,wild boars,0.9998671201951338,DBpedia
http://ns.inria.fr/zoomathia/PS-ARISTOTELES/περὶ_θαυμασίων_ἀκουσμάτων/g/1/129/text/1,http://dbpedia.org/resource/Nation,nations,0.7628852785282452,DBpedia
http://ns.inria.fr/zoomathia/PS-ARISTOTELES/περὶ_θαυμασίων_ἀκουσμάτων/g/1/129/text/1,http://dbpedia.org/resource/French_horn,horns,0.9689776209114058,DBpedia
http://ns.inria.fr/zoomathia/PS-ARISTOTELES/περὶ_θαυμασίων_ἀκουσμάτων/g/1/129/text/1,http://dbpedia.org/resource/Professional_wrestling_holds,hold,0.46086541819550836,DBpedia
http://ns.inria.fr/zoomathia/PS-ARISTOTELES/περὶ_θαυμασίων_ἀκουσμάτων/g/1/129/text/1,http://dbpedia.org/resource/Foundation_for_Student_Housing_in_the_Helsinki_Region,hoas,0.9999310033881279,DBpedia
http://ns.inria.fr/zoomathia/PS-ARISTOTELES/περὶ_θαυμασίων_ἀκουσμάτων/g/1/136/text/1,https://opentheso.huma-num.fr/?idc=pcrtbhNbSIzWXG&idt=th310,columns,1,zoomathia_match
http://ns.inria.fr/zoomathia/PS-ARISTOTELES/περὶ_θαυμασίων_ἀκουσμάτων/g/1/136/text/1,https://opentheso.huma-num.fr/?idc=105642&idt=th310,wind,1,zoomathia_match
http://ns.inria.fr/zoomathia/PS-ARISTOTELES/περὶ_θαυμασίων_ἀκουσμάτων/g/1/136/text/1,https://opentheso.huma-num.fr/?idc=pcrtGSslMASdGf&idt=th310,days,1,zoomathia_match
http://ns.inria.fr/zoomathia/PS-ARISTOTELES/περὶ_θαυμασίων_ἀκουσμάτων/g/1/136/text/1,https://opentheso.huma-num.fr/?idc=105627&idt=th310,desert,1,zoomathia_match
http://ns.inria.fr/zoomathia/PS-ARISTOTELES/περὶ_θαυμασίων_ἀκουσμάτων/g/1/136/text/1,https://opentheso.huma-num.fr/?idc=pcrtP3aHTZILi9&idt=th310,algae,1,zoomathia_match
http://ns.inria.fr/zoomathia/PS-ARISTOTELES/περὶ_θαυμασίων_ἀκουσμάτων/g/1/136/text/1,https://opentheso.huma-num.fr/?idc=107576&idt=th310,water,1,zoomathia_match
http://ns.inria.fr/zoomathia/PS-ARISTOTELES/περὶ_θαυμασίων_ἀκουσμάτων/g/1/136/text/1,https://opentheso.huma-num.fr/?idc=107749&idt=th310,flood,1,zoomathia_match
http://ns.inria.fr/zoomathia/PS-ARISTOTELES/περὶ_θαυμασίων_ἀκουσμάτων/g/1/136/text/1,https://opentheso.huma-num.fr/?idc=105983&idt=th310,fat,1,zoomathia_match
http://ns.inria.fr/zoomathia/PS-ARISTOTELES/περὶ_θαυμασίων_ἀκουσμάτων/g/1/136/text/1,https://opentheso.huma-num.fr/?idc=pcrtfv4IrNiWE8&idt=th310,vessels,1,zoomathia_match
http://ns.inria.fr/zoomathia/PS-ARISTOTELES/περὶ_θαυμασίων_ἀκουσμάτων/g/1/136/text/1,https://opentheso.huma-num.fr/?idc=pcrt45NtAFS36q&idt=th310,transported,1,zoomathia_match
http://ns.inria.fr/zoomathia/PS-ARISTOTELES/περὶ_θαυμασίων_ἀκουσμάτων/g/1/136/text/1,https://opentheso.huma-num.fr/?idc=pcrtRtSpElzcxv&idt=th310,Carthaginians,1,zoomathia_match
http://ns.inria.fr/zoomathia/PS-ARISTOTELES/περὶ_θαυμασίων_ἀκουσμάτων/g/1/136/text/1,https://www.wikidata.org/wiki/Q41642,Phoenicians,0.738,wikidata
http://ns.inria.fr/zoomathia/PS-ARISTOTELES/περὶ_θαυμασίων_ἀκουσμάτων/g/1/136/text/1,https://www.wikidata.org/wiki/Q15682,Gadira,0.6951,wikidata
http://ns.inria.fr/zoomathia/PS-ARISTOTELES/περὶ_θαυμασίων_ἀκουσμάτων/g/1/136/text/1,https://www.wikidata.org/wiki/Q1568583,Herakleia,0.6756,wikidata
http://ns.inria.fr/zoomathia/PS-ARISTOTELES/περὶ_θαυμασίων_ἀκουσμάτων/g/1/136/text/1,https://www.wikidata.org/wiki/Q1127742,four days,0.5646,wikidata
http://ns.inria.fr/zoomathia/PS-ARISTOTELES/περὶ_θαυμασίων_ἀκουσμάτων/g/1/136/text/1,https://www.wikidata.org/wiki/Q6343,Carthage,0.7282,wikidata
http://ns.inria.fr/zoomathia/PS-ARISTOTELES/περὶ_θαυμασίων_ἀκουσμάτων/g/1/136/text/1,https://www.wikidata.org/wiki/Q4383747,Carthaginians,0.7322,wikidata
http://ns.inria.fr/zoomathia/PS-ARISTOTELES/περὶ_θαυμασίων_ἀκουσμάτων/g/1/136/text/1,http://dbpedia.org/resource/Phoenicia,Phoenicians,0.9999996073434179,DBpedia
http://ns.inria.fr/zoomathia/PS-ARISTOTELES/περὶ_θαυμασίων_ἀκουσμάτων/g/1/136/text/1,http://dbpedia.org/resource/Population,inhabitants,0.9388027449831857,DBpedia
http://ns.inria.fr/zoomathia/PS-ARISTOTELES/περὶ_θαυμασίων_ἀκουσμάτων/g/1/136/text/1,http://dbpedia.org/resource/Cádiz,Gadira,0.9997926623386031,DBpedia
http://ns.inria.fr/zoomathia/PS-ARISTOTELES/περὶ_θαυμασίων_ἀκουσμάτων/g/1/136/text/1,http://dbpedia.org/resource/Port,called,0.9659071652171848,DBpedia
http://ns.inria.fr/zoomathia/PS-ARISTOTELES/περὶ_θαυμασίων_ἀκουσμάτων/g/1/136/text/1,http://dbpedia.org/resource/Sailing,sailing,0.9912007932074762,DBpedia
http://ns.inria.fr/zoomathia/PS-ARISTOTELES/περὶ_θαυμασίων_ἀκουσμάτων/g/1/136/text/1,http://dbpedia.org/resource/Column,columns,0.9985075764460882,DBpedia
http://ns.inria.fr/zoomathia/PS-ARISTOTELES/περὶ_θαυμασίων_ἀκουσμάτων/g/1/136/text/1,http://dbpedia.org/resource/Heraclea_Cybistra,Herakleia,0.9477010043659363,DBpedia
http://ns.inria.fr/zoomathia/PS-ARISTOTELES/περὶ_θαυμασίων_ἀκουσμάτων/g/1/136/text/1,http://dbpedia.org/resource/Wind,wind,0.9988521497226559,DBpedia
http://ns.inria.fr/zoomathia/PS-ARISTOTELES/περὶ_θαυμασίων_ἀκουσμάτων/g/1/136/text/1,http://dbpedia.org/resource/Day,days,0.9910148731068407,DBpedia
http://ns.inria.fr/zoomathia/PS-ARISTOTELES/περὶ_θαυμασίων_ἀκουσμάτων/g/1/136/text/1,http://dbpedia.org/resource/Impurity,scum,0.9999999998692601,DBpedia
http://ns.inria.fr/zoomathia/PS-ARISTOTELES/περὶ_θαυμασίων_ἀκουσμάτων/g/1/136/text/1,http://dbpedia.org/resource/Algae,algae,0.9999999863124459,DBpedia
http://ns.inria.fr/zoomathia/PS-ARISTOTELES/περὶ_θαυμασίων_ἀκουσμάτων/g/1/136/text/1,http://dbpedia.org/resource/Water,water,0.9999285145790755,DBpedia
http://ns.inria.fr/zoomathia/PS-ARISTOTELES/περὶ_θαυμασίων_ἀκουσμάτων/g/1/136/text/1,http://dbpedia.org/resource/Baptism,baptized,0.9994607792509165,DBpedia
http://ns.inria.fr/zoomathia/PS-ARISTOTELES/περὶ_θαυμασίων_ἀκουσμάτων/g/1/136/text/1,http://dbpedia.org/resource/Flood,flood,0.9955898393525121,DBpedia
http://ns.inria.fr/zoomathia/PS-ARISTOTELES/περὶ_θαυμασίων_ἀκουσμάτων/g/1/136/text/1,http://dbpedia.org/resource/Great_Britain,great,0.9758043609155995,DBpedia
http://ns.inria.fr/zoomathia/PS-ARISTOTELES/περὶ_θαυμασίων_ἀκουσμάτων/g/1/136/text/1,http://dbpedia.org/resource/Adultery,unfaithful,0.7394726417141848,DBpedia
http://ns.inria.fr/zoomathia/PS-ARISTOTELES/περὶ_θαυμασίων_ἀκουσμάτων/g/1/136/text/1,http://dbpedia.org/resource/Fat,fat,0.99998649753881,DBpedia
http://ns.inria.fr/zoomathia/PS-ARISTOTELES/περὶ_θαυμασίων_ἀκουσμάτων/g/1/136/text/1,http://dbpedia.org/resource/Embalming,embalmed,0.999999999983288,DBpedia
http://ns.inria.fr/zoomathia/PS-ARISTOTELES/περὶ_θαυμασίων_ἀκουσμάτων/g/1/136/text/1,http://dbpedia.org/resource/Penal_transportation,transported,0.9371694870348257,DBpedia
http://ns.inria.fr/zoomathia/PS-ARISTOTELES/περὶ_θαυμασίων_ἀκουσμάτων/g/1/136/text/1,http://dbpedia.org/resource/Carthage,Carthage,0.9999960637187137,DBpedia
http://ns.inria.fr/zoomathia/PS-ARISTOTELES/περὶ_θαυμασίων_ἀκουσμάτων/g/1/136/text/1,http://dbpedia.org/resource/Carthage,Carthaginians,0.9520828617296836,DBpedia
http://ns.inria.fr/zoomathia/PS-ARISTOTELES/περὶ_θαυμασίων_ἀκουσμάτων/g/1/136/text/1,http://dbpedia.org/resource/Carry_flag,carry,0.3768547346221586,DBpedia
http://ns.inria.fr/zoomathia/PS-ARISTOTELES/περὶ_θαυμασίων_ἀκουσμάτων/g/1/136/text/1,http://dbpedia.org/resource/Natural_resource,extraction,0.5185070151983153,DBpedia
http://ns.inria.fr/zoomathia/PS-ARISTOTELES/περὶ_θαυμασίων_ἀκουσμάτων/g/1/136/text/1,http://dbpedia.org/resource/Virtue,virtue,0.9994264001481075,DBpedia
http://ns.inria.fr/zoomathia/PS-ARISTOTELES/περὶ_θαυμασίων_ἀκουσμάτων/g/1/136/text/1,http://dbpedia.org/resource/Eating,eating,0.6332893386700431,DBpedia
http://ns.inria.fr/zoomathia/PS-ARISTOTELES/περὶ_θαυμασίων_ἀκουσμάτων/g/1/136/text/1,http://dbpedia.org/resource/Eating,consume,0.9983591457162064,DBpedia
http://ns.inria.fr/zoomathia/PS-ARISTOTELES/περὶ_θαυμασίων_ἀκουσμάτων/g/1/137/text/1,https://opentheso.huma-num.fr/?idc=pcrtvrjSD13Uee&idt=th310,Caria,1,zoomathia_match
http://ns.inria.fr/zoomathia/PS-ARISTOTELES/περὶ_θαυμασίων_ἀκουσμάτων/g/1/137/text/1,https://opentheso.huma-num.fr/?idc=pcrtSgaLklRNDT&idt=th310,Zeus,1,zoomathia_match
http://ns.inria.fr/zoomathia/PS-ARISTOTELES/περὶ_θαυμασίων_ἀκουσμάτων/g/1/137/text/1,https://opentheso.huma-num.fr/?idc=pcrt3jcrAaRENB&idt=th310,goats,1,zoomathia_match
http://ns.inria.fr/zoomathia/PS-ARISTOTELES/περὶ_θαυμασίων_ἀκουσμάτων/g/1/137/text/1,https://opentheso.huma-num.fr/?idc=pcrtoTsrSWBiRm&idt=th310,rope,1,zoomathia_match
http://ns.inria.fr/zoomathia/PS-ARISTOTELES/περὶ_θαυμασίων_ἀκουσμάτων/g/1/137/text/1,https://opentheso.huma-num.fr/?idc=pcrtva7NUywIgB&idt=th310,ravens,1,zoomathia_match
http://ns.inria.fr/zoomathia/PS-ARISTOTELES/περὶ_θαυμασίων_ἀκουσμάτων/g/1/137/text/1,https://opentheso.huma-num.fr/?idc=pcrtSgaLklRNDT&idt=th310,Zeus,1,zoomathia_match
http://ns.inria.fr/zoomathia/PS-ARISTOTELES/περὶ_θαυμασίων_ἀκουσμάτων/g/1/137/text/1,https://opentheso.huma-num.fr/?idc=105140&idt=th310,neck,1,zoomathia_match
http://ns.inria.fr/zoomathia/PS-ARISTOTELES/περὶ_θαυμασίων_ἀκουσμάτων/g/1/137/text/1,https://opentheso.huma-num.fr/?idc=108030&idt=th310,white,1,zoomathia_match
http://ns.inria.fr/zoomathia/PS-ARISTOTELES/περὶ_θαυμασίων_ἀκουσμάτων/g/1/137/text/1,https://www.wikidata.org/wiki/Q34201,Zeus,0.4526,wikidata
http://ns.inria.fr/zoomathia/PS-ARISTOTELES/περὶ_θαυμασίων_ἀκουσμάτων/g/1/137/text/1,https://www.wikidata.org/wiki/Q34201,Zeus,0.4526,wikidata
http://ns.inria.fr/zoomathia/PS-ARISTOTELES/περὶ_θαυμασίων_ἀκουσμάτων/g/1/137/text/1,http://dbpedia.org/resource/Caria,Caria,0.9999994281270049,DBpedia
http://ns.inria.fr/zoomathia/PS-ARISTOTELES/περὶ_θαυμασίων_ἀκουσμάτων/g/1/137/text/1,http://dbpedia.org/resource/Zeus,Zeus,0.9999999999906208,DBpedia
http://ns.inria.fr/zoomathia/PS-ARISTOTELES/περὶ_θαυμασίων_ἀκουσμάτων/g/1/137/text/1,http://dbpedia.org/resource/Performance,performed,0.5983646956751617,DBpedia
http://ns.inria.fr/zoomathia/PS-ARISTOTELES/περὶ_θαυμασίων_ἀκουσμάτων/g/1/137/text/1,http://dbpedia.org/resource/Goat,goats,0.9999069867490566,DBpedia
http://ns.inria.fr/zoomathia/PS-ARISTOTELES/περὶ_θαυμασίων_ἀκουσμάτων/g/1/137/text/1,http://dbpedia.org/resource/Cattle_feeding,fed,0.9831004215702794,DBpedia
http://ns.inria.fr/zoomathia/PS-ARISTOTELES/περὶ_θαυμασίων_ἀκουσμάτων/g/1/137/text/1,http://dbpedia.org/resource/Marching_band,marching,0.8454536622101222,DBpedia
http://ns.inria.fr/zoomathia/PS-ARISTOTELES/περὶ_θαυμασίων_ἀκουσμάτων/g/1/137/text/1,http://dbpedia.org/resource/Pedasus,Pedasus,0.9999999999894271,DBpedia
http://ns.inria.fr/zoomathia/PS-ARISTOTELES/περὶ_θαυμασίων_ἀκουσμάτων/g/1/137/text/1,http://dbpedia.org/resource/Seventy_(LDS_Church),seventy,0.9009493802243242,DBpedia
http://ns.inria.fr/zoomathia/PS-ARISTOTELES/περὶ_θαυμασίων_ἀκουσμάτων/g/1/137/text/1,http://dbpedia.org/resource/Ancient_Greek_units_of_measurement,stadia,0.9994127973621817,DBpedia
http://ns.inria.fr/zoomathia/PS-ARISTOTELES/περὶ_θαυμασίων_ἀκουσμάτων/g/1/137/text/1,http://dbpedia.org/resource/University_of_Oxford,great,0.5377391335785533,DBpedia
http://ns.inria.fr/zoomathia/PS-ARISTOTELES/περὶ_θαυμασίων_ἀκουσμάτων/g/1/137/text/1,http://dbpedia.org/resource/Diversion_airport,diverted,0.7241720112333968,DBpedia
http://ns.inria.fr/zoomathia/PS-ARISTOTELES/περὶ_θαυμασίων_ἀκουσμάτων/g/1/137/text/1,http://dbpedia.org/resource/Road,road,0.9241006750433963,DBpedia
http://ns.inria.fr/zoomathia/PS-ARISTOTELES/περὶ_θαυμασίων_ἀκουσμάτων/g/1/137/text/1,http://dbpedia.org/resource/Physical_restraint,bound,0.9083477654494386,DBpedia
http://ns.inria.fr/zoomathia/PS-ARISTOTELES/περὶ_θαυμασίων_ἀκουσμάτων/g/1/137/text/1,http://dbpedia.org/resource/Rope,rope,0.9926058435437782,DBpedia
http://ns.inria.fr/zoomathia/PS-ARISTOTELES/περὶ_θαυμασίων_ἀκουσμάτων/g/1/137/text/1,http://dbpedia.org/resource/Priesthood_in_the_Catholic_Church,priesthood,0.9585114131269697,DBpedia
http://ns.inria.fr/zoomathia/PS-ARISTOTELES/περὶ_θαυμασίων_ἀκουσμάτων/g/1/137/text/1,http://dbpedia.org/resource/Wonderful_(Beach_Boys_song),wonderful,0.43576286389631586,DBpedia
http://ns.inria.fr/zoomathia/PS-ARISTOTELES/περὶ_θαυμασίων_ἀκουσμάτων/g/1/137/text/1,http://dbpedia.org/resource/Raven,ravens,0.7212955463288503,DBpedia
http://ns.inria.fr/zoomathia/PS-ARISTOTELES/περὶ_θαυμασίων_ἀκουσμάτων/g/1/137/text/1,http://dbpedia.org/resource/Sacred,holy,0.667040371031893,DBpedia
http://ns.inria.fr/zoomathia/PS-ARISTOTELES/περὶ_θαυμασίων_ἀκουσμάτων/g/1/137/text/1,http://dbpedia.org/resource/Zeus,Zeus,0.9999999999906208,DBpedia
http://ns.inria.fr/zoomathia/PS-ARISTOTELES/περὶ_θαυμασίων_ἀκουσμάτων/g/1/137/text/1,http://dbpedia.org/resource/Neck,neck,0.979091303949311,DBpedia
http://ns.inria.fr/zoomathia/PS-ARISTOTELES/περὶ_θαυμασίων_ἀκουσμάτων/g/1/137/text/1,http://dbpedia.org/resource/White_people,white,0.9890463593546712,DBpedia
http://ns.inria.fr/zoomathia/PS-ARISTOTELES/περὶ_θαυμασίων_ἀκουσμάτων/g/1/139/text/1,https://opentheso.huma-num.fr/?idc=pcrt2t2EtFSnPv&idt=th310,scorpion,1,zoomathia_match
http://ns.inria.fr/zoomathia/PS-ARISTOTELES/περὶ_θαυμασίων_ἀκουσμάτων/g/1/139/text/1,https://opentheso.huma-num.fr/?idc=pcrtLnUS9cADfI&idt=th310,sees,1,zoomathia_match
http://ns.inria.fr/zoomathia/PS-ARISTOTELES/περὶ_θαυμασίων_ἀκουσμάτων/g/1/139/text/1,https://opentheso.huma-num.fr/?idc=pcrt2t2EtFSnPv&idt=th310,scorpion,1,zoomathia_match
http://ns.inria.fr/zoomathia/PS-ARISTOTELES/περὶ_θαυμασίων_ἀκουσμάτων/g/1/139/text/1,https://opentheso.huma-num.fr/?idc=pcrt2t2EtFSnPv&idt=th310,scorpion,1,zoomathia_match
http://ns.inria.fr/zoomathia/PS-ARISTOTELES/περὶ_θαυμασίων_ἀκουσμάτων/g/1/139/text/1,https://opentheso.huma-num.fr/?idc=105944&idt=th310,locust,1,zoomathia_match
http://ns.inria.fr/zoomathia/PS-ARISTOTELES/περὶ_θαυμασίων_ἀκουσμάτων/g/1/139/text/1,https://opentheso.huma-num.fr/?idc=pcrt2t2EtFSnPv&idt=th310,scorpion,1,zoomathia_match
http://ns.inria.fr/zoomathia/PS-ARISTOTELES/περὶ_θαυμασίων_ἀκουσμάτων/g/1/139/text/1,https://opentheso.huma-num.fr/?idc=105615&idt=th310,wounds,1,zoomathia_match
http://ns.inria.fr/zoomathia/PS-ARISTOTELES/περὶ_θαυμασίων_ἀκουσμάτων/g/1/139/text/1,https://www.wikidata.org/wiki/Q2140433,acris,0.5842,wikidata
http://ns.inria.fr/zoomathia/PS-ARISTOTELES/περὶ_θαυμασίων_ἀκουσμάτων/g/1/139/text/1,http://dbpedia.org/resource/Genus,genus,0.9999997417396336,DBpedia
http://ns.inria.fr/zoomathia/PS-ARISTOTELES/περὶ_θαυμασίων_ἀκουσμάτων/g/1/139/text/1,http://dbpedia.org/resource/Call_to_the_bar,called,0.3451888727804348,DBpedia
http://ns.inria.fr/zoomathia/PS-ARISTOTELES/περὶ_θαυμασίων_ἀκουσμάτων/g/1/139/text/1,http://dbpedia.org/resource/Scorpion,scorpion,0.9999999599149313,DBpedia
http://ns.inria.fr/zoomathia/PS-ARISTOTELES/περὶ_θαυμασίων_ἀκουσμάτων/g/1/139/text/1,http://dbpedia.org/resource/Scorpion,scorpion,0.9999999599149313,DBpedia
http://ns.inria.fr/zoomathia/PS-ARISTOTELES/περὶ_θαυμασίων_ἀκουσμάτων/g/1/139/text/1,http://dbpedia.org/resource/Scorpion,scorpion,0.9999999599149313,DBpedia
http://ns.inria.fr/zoomathia/PS-ARISTOTELES/περὶ_θαυμασίων_ἀκουσμάτων/g/1/139/text/1,http://dbpedia.org/resource/Circle,circle,0.9990233393328123,DBpedia
http://ns.inria.fr/zoomathia/PS-ARISTOTELES/περὶ_θαυμασίων_ἀκουσμάτων/g/1/139/text/1,http://dbpedia.org/resource/Exception_handling_syntax,finally,0.9674606078975632,DBpedia
http://ns.inria.fr/zoomathia/PS-ARISTOTELES/περὶ_θαυμασίων_ἀκουσμάτων/g/1/139/text/1,http://dbpedia.org/resource/Measurement_of_sea_ice,extent,0.9038982263749494,DBpedia
http://ns.inria.fr/zoomathia/PS-ARISTOTELES/περὶ_θαυμασίων_ἀκουσμάτων/g/1/139/text/1,http://dbpedia.org/resource/Running,running,0.9939868366521106,DBpedia
http://ns.inria.fr/zoomathia/PS-ARISTOTELES/περὶ_θαυμασίων_ἀκουσμάτων/g/1/139/text/1,http://dbpedia.org/resource/Circle,circle,0.9990233393328123,DBpedia
http://ns.inria.fr/zoomathia/PS-ARISTOTELES/περὶ_θαυμασίων_ἀκουσμάτων/g/1/139/text/1,http://dbpedia.org/resource/Second_Coming,coming,0.9406560378216585,DBpedia
http://ns.inria.fr/zoomathia/PS-ARISTOTELES/περὶ_θαυμασίων_ἀκουσμάτων/g/1/139/text/1,http://dbpedia.org/resource/Cricket_frog,acris,0.9999987563304902,DBpedia
http://ns.inria.fr/zoomathia/PS-ARISTOTELES/περὶ_θαυμασίων_ἀκουσμάτων/g/1/139/text/1,http://dbpedia.org/resource/Good,good,0.83110020178682,DBpedia
http://ns.inria.fr/zoomathia/PS-ARISTOTELES/περὶ_θαυμασίων_ἀκουσμάτων/g/1/139/text/1,http://dbpedia.org/resource/Death,bad,0.6700077245859553,DBpedia
http://ns.inria.fr/zoomathia/PS-ARISTOTELES/περὶ_θαυμασίων_ἀκουσμάτων/g/1/139/text/1,http://dbpedia.org/resource/Scorpion,scorpion,0.9999999599149313,DBpedia
http://ns.inria.fr/zoomathia/PS-ARISTOTELES/περὶ_θαυμασίων_ἀκουσμάτων/g/1/139/text/1,http://dbpedia.org/resource/Wound,wounds,0.9839011291549429,DBpedia
http://ns.inria.fr/zoomathia/PS-ARISTOTELES/περὶ_θαυμασίων_ἀκουσμάτων/g/1/139/text/1,http://dbpedia.org/resource/Cannibalism,eat,0.9984424382473427,DBpedia
http://ns.inria.fr/zoomathia/PS-ARISTOTELES/περὶ_θαυμασίων_ἀκουσμάτων/g/1/140/text/1,https://opentheso.huma-num.fr/?idc=107660&idt=th310,wasps,1,zoomathia_match
http://ns.inria.fr/zoomathia/PS-ARISTOTELES/περὶ_θαυμασίων_ἀκουσμάτων/g/1/140/text/1,https://opentheso.huma-num.fr/?idc=105975&idt=th310,flesh,1,zoomathia_match
http://ns.inria.fr/zoomathia/PS-ARISTOTELES/περὶ_θαυμασίων_ἀκουσμάτων/g/1/140/text/1,https://opentheso.huma-num.fr/?idc=105615&idt=th310,wound,1,zoomathia_match
http://ns.inria.fr/zoomathia/PS-ARISTOTELES/περὶ_θαυμασίων_ἀκουσμάτων/g/1/140/text/1,https://www.wikidata.org/wiki/Q1579196,Naxos,0.4644,wikidata
http://ns.inria.fr/zoomathia/PS-ARISTOTELES/περὶ_θαυμασίων_ἀκουσμάτων/g/1/140/text/1,http://dbpedia.org/resource/Wasp,wasps,0.913720117143595,DBpedia
http://ns.inria.fr/zoomathia/PS-ARISTOTELES/περὶ_θαυμασίων_ἀκουσμάτων/g/1/140/text/1,http://dbpedia.org/resource/Naxos,Naxos,0.9888968764922331,DBpedia
http://ns.inria.fr/zoomathia/PS-ARISTOTELES/περὶ_θαυμασίων_ἀκουσμάτων/g/1/140/text/1,http://dbpedia.org/resource/Cannibalism,ate,0.9999999999993463,DBpedia
http://ns.inria.fr/zoomathia/PS-ARISTOTELES/περὶ_θαυμασίων_ἀκουσμάτων/g/1/140/text/1,http://dbpedia.org/resource/Cannibalism,ate,0.9999999999993463,DBpedia
http://ns.inria.fr/zoomathia/PS-ARISTOTELES/περὶ_θαυμασίων_ἀκουσμάτων/g/1/140/text/1,http://dbpedia.org/resource/Flesh,flesh,0.9966032081112313,DBpedia
http://ns.inria.fr/zoomathia/PS-ARISTOTELES/περὶ_θαυμασίων_ἀκουσμάτων/g/1/140/text/1,http://dbpedia.org/resource/Ned_Flanders,dear,0.9999999846023969,DBpedia
http://ns.inria.fr/zoomathia/PS-ARISTOTELES/περὶ_θαυμασίων_ἀκουσμάτων/g/1/140/text/1,http://dbpedia.org/resource/Embroidery,embroidering,0.9999999999980105,DBpedia
http://ns.inria.fr/zoomathia/PS-ARISTOTELES/περὶ_θαυμασίων_ἀκουσμάτων/g/1/140/text/1,http://dbpedia.org/resource/Wound,wound,0.9990805328055083,DBpedia
http://ns.inria.fr/zoomathia/PS-ARISTOTELES/περὶ_θαυμασίων_ἀκουσμάτων/g/1/142/text/1,https://opentheso.huma-num.fr/?idc=107842&idt=th310,Cyprus,1,zoomathia_match
http://ns.inria.fr/zoomathia/PS-ARISTOTELES/περὶ_θαυμασίων_ἀκουσμάτων/g/1/142/text/1,https://opentheso.huma-num.fr/?idc=105657&idt=th310,winter,1,zoomathia_match
http://ns.inria.fr/zoomathia/PS-ARISTOTELES/περὶ_θαυμασίων_ἀκουσμάτων/g/1/142/text/1,https://opentheso.huma-num.fr/?idc=107519&idt=th310,work,1,zoomathia_match
http://ns.inria.fr/zoomathia/PS-ARISTOTELES/περὶ_θαυμασίων_ἀκουσμάτων/g/1/142/text/1,https://opentheso.huma-num.fr/?idc=105428&idt=th310,reason,1,zoomathia_match
http://ns.inria.fr/zoomathia/PS-ARISTOTELES/περὶ_θαυμασίων_ἀκουσμάτων/g/1/142/text/1,https://opentheso.huma-num.fr/?idc=105645&idt=th310,cold,1,zoomathia_match
http://ns.inria.fr/zoomathia/PS-ARISTOTELES/περὶ_θαυμασίων_ἀκουσμάτων/g/1/142/text/1,https://opentheso.huma-num.fr/?idc=pcrtVLnKfPwHqV&idt=th310,heated,1,zoomathia_match
http://ns.inria.fr/zoomathia/PS-ARISTOTELES/περὶ_θαυμασίων_ἀκουσμάτων/g/1/142/text/1,https://opentheso.huma-num.fr/?idc=105961&idt=th310,heated,1,zoomathia_match
http://ns.inria.fr/zoomathia/PS-ARISTOTELES/περὶ_θαυμασίων_ἀκουσμάτων/g/1/142/text/1,https://www.wikidata.org/wiki/Q79,Egypt,0.4625,wikidata
http://ns.inria.fr/zoomathia/PS-ARISTOTELES/περὶ_θαυμασίων_ἀκουσμάτων/g/1/142/text/1,https://www.wikidata.org/wiki/Q18701652,the winter,0.3263,wikidata
http://ns.inria.fr/zoomathia/PS-ARISTOTELES/περὶ_θαυμασίων_ἀκουσμάτων/g/1/142/text/1,http://dbpedia.org/resource/Kuria_people,Kuria,0.6282777227937673,DBpedia
http://ns.inria.fr/zoomathia/PS-ARISTOTELES/περὶ_θαυμασίων_ἀκουσμάτων/g/1/142/text/1,http://dbpedia.org/resource/Cyprus,Cyprus,0.9995535549628396,DBpedia
http://ns.inria.fr/zoomathia/PS-ARISTOTELES/περὶ_θαυμασίων_ἀκουσμάτων/g/1/142/text/1,http://dbpedia.org/resource/Kindness,kind,0.8892605672415459,DBpedia
http://ns.inria.fr/zoomathia/PS-ARISTOTELES/περὶ_θαυμασίων_ἀκουσμάτων/g/1/142/text/1,http://dbpedia.org/resource/Fascin,fascin,0.9999641862188398,DBpedia
http://ns.inria.fr/zoomathia/PS-ARISTOTELES/περὶ_θαυμασίων_ἀκουσμάτων/g/1/142/text/1,http://dbpedia.org/resource/Electric_power,power,0.8498497974965284,DBpedia
http://ns.inria.fr/zoomathia/PS-ARISTOTELES/περὶ_θαυμασίων_ἀκουσμάτων/g/1/142/text/1,http://dbpedia.org/resource/Egypt,Egypt,0.9822669966537793,DBpedia
http://ns.inria.fr/zoomathia/PS-ARISTOTELES/περὶ_θαυμασίων_ἀκουσμάτων/g/1/142/text/1,http://dbpedia.org/resource/Winter,winter,0.9957587544551292,DBpedia
http://ns.inria.fr/zoomathia/PS-ARISTOTELES/περὶ_θαυμασίων_ἀκουσμάτων/g/1/142/text/1,http://dbpedia.org/resource/Johnny_Shines,shines,0.9999873574735103,DBpedia
http://ns.inria.fr/zoomathia/PS-ARISTOTELES/περὶ_θαυμασίων_ἀκουσμάτων/g/1/142/text/1,http://dbpedia.org/resource/Reason,reason,0.9958907563637557,DBpedia
http://ns.inria.fr/zoomathia/PS-ARISTOTELES/περὶ_θαυμασίων_ἀκουσμάτων/g/1/142/text/1,http://dbpedia.org/resource/Life,life,0.9741182810122889,DBpedia
http://ns.inria.fr/zoomathia/PS-ARISTOTELES/περὶ_θαυμασίων_ἀκουσμάτων/g/1/142/text/1,http://dbpedia.org/resource/Cold,cold,0.9403217437276487,DBpedia
http://ns.inria.fr/zoomathia/PS-ARISTOTELES/περὶ_θαυμασίων_ἀκουσμάτων/g/1/142/text/1,http://dbpedia.org/resource/William_Withering,withering,0.9999974473276334,DBpedia
http://ns.inria.fr/zoomathia/PS-ARISTOTELES/περὶ_θαυμασίων_ἀκουσμάτων/g/1/142/text/1,http://dbpedia.org/resource/Uncertainty_principle,impossible,0.8436151079035074,DBpedia
http://ns.inria.fr/zoomathia/PS-ARISTOTELES/περὶ_θαυμασίων_ἀκουσμάτων/g/1/142/text/1,http://dbpedia.org/resource/Heat,heated,0.9569596722536565,DBpedia
http://ns.inria.fr/zoomathia/PS-ARISTOTELES/περὶ_θαυμασίων_ἀκουσμάτων/g/1/144/text/1,https://opentheso.huma-num.fr/?idc=pcrthfL6xAv1h6&idt=th310,Mysia,1,zoomathia_match
http://ns.inria.fr/zoomathia/PS-ARISTOTELES/περὶ_θαυμασίων_ἀκουσμάτων/g/1/144/text/1,https://opentheso.huma-num.fr/?idc=pcrtGm7ZMfoQrc&idt=th310,bear,1,zoomathia_match
http://ns.inria.fr/zoomathia/PS-ARISTOTELES/περὶ_θαυμασίων_ἀκουσμάτων/g/1/144/text/1,https://opentheso.huma-num.fr/?idc=pcrtGm7ZMfoQrc&idt=th310,bears,1,zoomathia_match
http://ns.inria.fr/zoomathia/PS-ARISTOTELES/περὶ_θαυμασίων_ἀκουσμάτων/g/1/144/text/1,https://opentheso.huma-num.fr/?idc=108030&idt=th310,white,1,zoomathia_match
http://ns.inria.fr/zoomathia/PS-ARISTOTELES/περὶ_θαυμασίων_ἀκουσμάτων/g/1/144/text/1,https://opentheso.huma-num.fr/?idc=105260&idt=th310,breath,1,zoomathia_match
http://ns.inria.fr/zoomathia/PS-ARISTOTELES/περὶ_θαυμασίων_ἀκουσμάτων/g/1/144/text/1,https://opentheso.huma-num.fr/?idc=105975&idt=th310,flesh,1,zoomathia_match
http://ns.inria.fr/zoomathia/PS-ARISTOTELES/περὶ_θαυμασίων_ἀκουσμάτων/g/1/144/text/1,https://opentheso.huma-num.fr/?idc=pcrt4v7jKE3TVw&idt=th310,dogs,1,zoomathia_match
http://ns.inria.fr/zoomathia/PS-ARISTOTELES/περὶ_θαυμασίων_ἀκουσμάτων/g/1/144/text/1,https://opentheso.huma-num.fr/?idc=105131&idt=th310,mouths,1,zoomathia_match
http://ns.inria.fr/zoomathia/PS-ARISTOTELES/περὶ_θαυμασίων_ἀκουσμάτων/g/1/144/text/1,https://opentheso.huma-num.fr/?idc=105193&idt=th310,phlegm,1,zoomathia_match
http://ns.inria.fr/zoomathia/PS-ARISTOTELES/περὶ_θαυμασίων_ἀκουσμάτων/g/1/144/text/1,https://opentheso.huma-num.fr/?idc=pcrthTAMawVNg8&idt=th310,faces,1,zoomathia_match
http://ns.inria.fr/zoomathia/PS-ARISTOTELES/περὶ_θαυμασίων_ἀκουσμάτων/g/1/144/text/1,https://opentheso.huma-num.fr/?idc=106018&idt=th310,faces,1,zoomathia_match
http://ns.inria.fr/zoomathia/PS-ARISTOTELES/περὶ_θαυμασίων_ἀκουσμάτων/g/1/144/text/1,https://opentheso.huma-num.fr/?idc=pcrt4v7jKE3TVw&idt=th310,dogs,1,zoomathia_match
http://ns.inria.fr/zoomathia/PS-ARISTOTELES/περὶ_θαυμασίων_ἀκουσμάτων/g/1/144/text/1,https://opentheso.huma-num.fr/?idc=pcrt0WrjgPTs33&idt=th310,men,1,zoomathia_match
http://ns.inria.fr/zoomathia/PS-ARISTOTELES/περὶ_θαυμασίων_ἀκουσμάτων/g/1/144/text/1,https://www.wikidata.org/wiki/Q622319,Mysia,0.4516,wikidata
http://ns.inria.fr/zoomathia/PS-ARISTOTELES/περὶ_θαυμασίων_ἀκουσμάτων/g/1/144/text/1,http://dbpedia.org/resource/Mysia,Mysia,0.9994099610423449,DBpedia
http://ns.inria.fr/zoomathia/PS-ARISTOTELES/περὶ_θαυμασίων_ἀκουσμάτων/g/1/144/text/1,http://dbpedia.org/resource/Bear,bears,0.9999143837589076,DBpedia
http://ns.inria.fr/zoomathia/PS-ARISTOTELES/περὶ_θαυμασίων_ἀκουσμάτων/g/1/144/text/1,http://dbpedia.org/resource/Kindness,kind,0.9105141767387137,DBpedia
http://ns.inria.fr/zoomathia/PS-ARISTOTELES/περὶ_θαυμασίων_ἀκουσμάτων/g/1/144/text/1,http://dbpedia.org/resource/White_people,white,0.7528847090640266,DBpedia
http://ns.inria.fr/zoomathia/PS-ARISTOTELES/περὶ_θαυμασίων_ἀκουσμάτων/g/1/144/text/1,http://dbpedia.org/resource/Hunting,hunted,0.9716344795974784,DBpedia
http://ns.inria.fr/zoomathia/PS-ARISTOTELES/περὶ_θαυμασίων_ἀκουσμάτων/g/1/144/text/1,http://dbpedia.org/resource/Breathing,breath,0.9999994578341549,DBpedia
http://ns.inria.fr/zoomathia/PS-ARISTOTELES/περὶ_θαυμασίων_ἀκουσμάτων/g/1/144/text/1,http://dbpedia.org/resource/Flesh,flesh,0.9996127288357306,DBpedia
http://ns.inria.fr/zoomathia/PS-ARISTOTELES/περὶ_θαυμασίων_ἀκουσμάτων/g/1/144/text/1,http://dbpedia.org/resource/Dog,dogs,0.9999907425527017,DBpedia
http://ns.inria.fr/zoomathia/PS-ARISTOTELES/περὶ_θαυμασίων_ἀκουσμάτων/g/1/144/text/1,http://dbpedia.org/resource/Decomposition,rots,0.9999999993561346,DBpedia
http://ns.inria.fr/zoomathia/PS-ARISTOTELES/περὶ_θαυμασίων_ἀκουσμάτων/g/1/144/text/1,http://dbpedia.org/resource/Animal,beasts,0.7876097013761666,DBpedia
http://ns.inria.fr/zoomathia/PS-ARISTOTELES/περὶ_θαυμασίων_ἀκουσμάτων/g/1/144/text/1,http://dbpedia.org/resource/Unclean_animal,unclean,0.9974830406673538,DBpedia
http://ns.inria.fr/zoomathia/PS-ARISTOTELES/περὶ_θαυμασίων_ἀκουσμάτων/g/1/144/text/1,http://dbpedia.org/resource/Juncaceae,rushes,0.8636487889549223,DBpedia
http://ns.inria.fr/zoomathia/PS-ARISTOTELES/περὶ_θαυμασίων_ἀκουσμάτων/g/1/144/text/1,http://dbpedia.org/resource/River_mouth,mouths,0.978832491904243,DBpedia
http://ns.inria.fr/zoomathia/PS-ARISTOTELES/περὶ_θαυμασίων_ἀκουσμάτων/g/1/144/text/1,http://dbpedia.org/resource/Land_lot,lot,0.9721786347156338,DBpedia
http://ns.inria.fr/zoomathia/PS-ARISTOTELES/περὶ_θαυμασίων_ἀκουσμάτων/g/1/144/text/1,http://dbpedia.org/resource/Phlegm,phlegm,0.9999999999570264,DBpedia
http://ns.inria.fr/zoomathia/PS-ARISTOTELES/περὶ_θαυμασίων_ἀκουσμάτων/g/1/144/text/1,http://dbpedia.org/resource/Professional_wrestling_strikes,blows,0.932020709495197,DBpedia
http://ns.inria.fr/zoomathia/PS-ARISTOTELES/περὶ_θαυμασίων_ἀκουσμάτων/g/1/144/text/1,http://dbpedia.org/resource/Face,faces,0.9924209655400483,DBpedia
http://ns.inria.fr/zoomathia/PS-ARISTOTELES/περὶ_θαυμασίων_ἀκουσμάτων/g/1/144/text/1,http://dbpedia.org/resource/Dog,dogs,0.9999907425527017,DBpedia
http://ns.inria.fr/zoomathia/PS-ARISTOTELES/περὶ_θαυμασίων_ἀκουσμάτων/g/1/144/text/1,http://dbpedia.org/resource/Man,men,0.8727095106414434,DBpedia
http://ns.inria.fr/zoomathia/PS-ARISTOTELES/περὶ_θαυμασίων_ἀκουσμάτων/g/1/144/text/1,http://dbpedia.org/resource/Asphyxia,suffocate,0.9999999999879492,DBpedia
http://ns.inria.fr/zoomathia/PS-ARISTOTELES/περὶ_θαυμασίων_ἀκουσμάτων/g/1/144/text/1,http://dbpedia.org/resource/Visual_impairment,blind,0.9999768797594006,DBpedia
http://ns.inria.fr/zoomathia/PS-ARISTOTELES/περὶ_θαυμασίων_ἀκουσμάτων/g/1/145/text/1,https://opentheso.huma-num.fr/?idc=107800&idt=th310,Arabia,1,zoomathia_match
http://ns.inria.fr/zoomathia/PS-ARISTOTELES/περὶ_θαυμασίων_ἀκουσμάτων/g/1/145/text/1,https://opentheso.huma-num.fr/?idc=pcrtEPI3LkW9Q2&idt=th310,hyenas,1,zoomathia_match
http://ns.inria.fr/zoomathia/PS-ARISTOTELES/περὶ_θαυμασίων_ἀκουσμάτων/g/1/145/text/1,https://opentheso.huma-num.fr/?idc=pcrt0WrjgPTs33&idt=th310,man,1,zoomathia_match
http://ns.inria.fr/zoomathia/PS-ARISTOTELES/περὶ_θαυμασίων_ἀκουσμάτων/g/1/145/text/1,https://opentheso.huma-num.fr/?idc=107519&idt=th310,works,1,zoomathia_match
http://ns.inria.fr/zoomathia/PS-ARISTOTELES/περὶ_θαυμασίων_ἀκουσμάτων/g/1/145/text/1,https://opentheso.huma-num.fr/?idc=pcrt4v7jKE3TVw&idt=th310,dogs,1,zoomathia_match
http://ns.inria.fr/zoomathia/PS-ARISTOTELES/περὶ_θαυμασίων_ἀκουσμάτων/g/1/145/text/1,https://www.wikidata.org/wiki/Q31945,Arabia,0.4107,wikidata
http://ns.inria.fr/zoomathia/PS-ARISTOTELES/περὶ_θαυμασίων_ἀκουσμάτων/g/1/145/text/1,http://dbpedia.org/resource/Arabian_Peninsula,Arabia,0.9885249197903877,DBpedia
http://ns.inria.fr/zoomathia/PS-ARISTOTELES/περὶ_θαυμασίων_ἀκουσμάτων/g/1/145/text/1,http://dbpedia.org/resource/Hyena,hyenas,0.9909750542341739,DBpedia
http://ns.inria.fr/zoomathia/PS-ARISTOTELES/περὶ_θαυμασίων_ἀκουσμάτων/g/1/145/text/1,http://dbpedia.org/resource/Matter,matter,0.9998709969353189,DBpedia
http://ns.inria.fr/zoomathia/PS-ARISTOTELES/περὶ_θαυμασίων_ἀκουσμάτων/g/1/145/text/1,http://dbpedia.org/resource/Kindness,kind,0.950728185329809,DBpedia
http://ns.inria.fr/zoomathia/PS-ARISTOTELES/περὶ_θαυμασίων_ἀκουσμάτων/g/1/145/text/1,http://dbpedia.org/resource/Animal,beast,0.7905348888761983,DBpedia
http://ns.inria.fr/zoomathia/PS-ARISTOTELES/περὶ_θαυμασίων_ἀκουσμάτων/g/1/145/text/1,http://dbpedia.org/resource/Animal,beast,0.7905348888761983,DBpedia
http://ns.inria.fr/zoomathia/PS-ARISTOTELES/περὶ_θαυμασίων_ἀκουσμάτων/g/1/145/text/1,http://dbpedia.org/resource/Human,man,0.9815631868181578,DBpedia
http://ns.inria.fr/zoomathia/PS-ARISTOTELES/περὶ_θαυμασίων_ἀκουσμάτων/g/1/145/text/1,http://dbpedia.org/resource/Session_of_Christ,sits,0.9999097975652679,DBpedia
http://ns.inria.fr/zoomathia/PS-ARISTOTELES/περὶ_θαυμασίων_ἀκουσμάτων/g/1/145/text/1,http://dbpedia.org/resource/Shadow,shadow,0.9923505589341682,DBpedia
http://ns.inria.fr/zoomathia/PS-ARISTOTELES/περὶ_θαυμασίων_ἀκουσμάτων/g/1/145/text/1,http://dbpedia.org/resource/Silence,silence,0.9948100916309123,DBpedia
http://ns.inria.fr/zoomathia/PS-ARISTOTELES/περὶ_θαυμασίων_ἀκουσμάτων/g/1/145/text/1,http://dbpedia.org/resource/Human_body,body,0.5905254429941744,DBpedia
http://ns.inria.fr/zoomathia/PS-ARISTOTELES/περὶ_θαυμασίων_ἀκουσμάτων/g/1/145/text/1,http://dbpedia.org/resource/Dog,dogs,0.999619673579451,DBpedia
http://ns.inria.fr/zoomathia/PS-ARISTOTELES/περὶ_θαυμασίων_ἀκουσμάτων/g/1/146/text/1,https://opentheso.huma-num.fr/?idc=pcrt5TAeZsO7W4&idt=th310,lion,1,zoomathia_match
http://ns.inria.fr/zoomathia/PS-ARISTOTELES/περὶ_θαυμασίων_ἀκουσμάτων/g/1/146/text/1,https://opentheso.huma-num.fr/?idc=pcrt5TAeZsO7W4&idt=th310,lion,1,zoomathia_match
http://ns.inria.fr/zoomathia/PS-ARISTOTELES/περὶ_θαυμασίων_ἀκουσμάτων/g/1/146/text/1,https://opentheso.huma-num.fr/?idc=107519&idt=th310,work,1,zoomathia_match
http://ns.inria.fr/zoomathia/PS-ARISTOTELES/περὶ_θαυμασίων_ἀκουσμάτων/g/1/146/text/1,https://opentheso.huma-num.fr/?idc=108030&idt=th310,white,1,zoomathia_match
http://ns.inria.fr/zoomathia/PS-ARISTOTELES/περὶ_θαυμασίων_ἀκουσμάτων/g/1/146/text/1,https://opentheso.huma-num.fr/?idc=pcrt5TAeZsO7W4&idt=th310,lion,1,zoomathia_match
http://ns.inria.fr/zoomathia/PS-ARISTOTELES/περὶ_θαυμασίων_ἀκουσμάτων/g/1/146/text/1,https://www.wikidata.org/wiki/Q878607,Syrians,0.4297,wikidata
http://ns.inria.fr/zoomathia/PS-ARISTOTELES/περὶ_θαυμασίων_ἀκουσμάτων/g/1/146/text/1,http://dbpedia.org/resource/Sinfonia_(Berio),According,0.9889849382174953,DBpedia
http://ns.inria.fr/zoomathia/PS-ARISTOTELES/περὶ_θαυμασίων_ἀκουσμάτων/g/1/146/text/1,http://dbpedia.org/resource/Syrians,Syrians,0.8250634023270612,DBpedia
http://ns.inria.fr/zoomathia/PS-ARISTOTELES/περὶ_θαυμασίων_ἀκουσμάτων/g/1/146/text/1,http://dbpedia.org/resource/Kindness,kind,0.9620310482709593,DBpedia
http://ns.inria.fr/zoomathia/PS-ARISTOTELES/περὶ_θαυμασίων_ἀκουσμάτων/g/1/146/text/1,http://dbpedia.org/resource/Animal,animal,0.5290089992477263,DBpedia
http://ns.inria.fr/zoomathia/PS-ARISTOTELES/περὶ_θαυμασίων_ἀκουσμάτων/g/1/146/text/1,http://dbpedia.org/resource/Death,dies,0.9717856892781342,DBpedia
http://ns.inria.fr/zoomathia/PS-ARISTOTELES/περὶ_θαυμασίων_ἀκουσμάτων/g/1/146/text/1,http://dbpedia.org/resource/Eating,eats,0.7347976738710894,DBpedia
http://ns.inria.fr/zoomathia/PS-ARISTOTELES/περὶ_θαυμασίων_ἀκουσμάτων/g/1/146/text/1,http://dbpedia.org/resource/Life,life,0.8940894480246994,DBpedia
http://ns.inria.fr/zoomathia/PS-ARISTOTELES/περὶ_θαυμασίων_ἀκουσμάτων/g/1/146/text/1,http://dbpedia.org/resource/Leaf_vegetable,leaves,0.7839012855256311,DBpedia
http://ns.inria.fr/zoomathia/PS-ARISTOTELES/περὶ_θαυμασίων_ἀκουσμάτων/g/1/146/text/1,http://dbpedia.org/resource/Incantation,spell,0.9958134119455514,DBpedia
http://ns.inria.fr/zoomathia/PS-ARISTOTELES/περὶ_θαυμασίων_ἀκουσμάτων/g/1/146/text/1,http://dbpedia.org/resource/Hunting,hunted,0.6497943532143571,DBpedia
http://ns.inria.fr/zoomathia/PS-ARISTOTELES/περὶ_θαυμασίων_ἀκουσμάτων/g/1/146/text/1,http://dbpedia.org/resource/Roasting,roasted,0.9996017242025695,DBpedia
http://ns.inria.fr/zoomathia/PS-ARISTOTELES/περὶ_θαυμασίων_ἀκουσμάτων/g/1/146/text/1,http://dbpedia.org/resource/White_people,white,0.9942841957468143,DBpedia
http://ns.inria.fr/zoomathia/PS-ARISTOTELES/περὶ_θαυμασίων_ἀκουσμάτων/g/1/146/text/1,http://dbpedia.org/resource/Life,life,0.8940894480246994,DBpedia
http://ns.inria.fr/zoomathia/PS-ARISTOTELES/περὶ_θαυμασίων_ἀκουσμάτων/g/1/146/text/1,http://dbpedia.org/resource/Indulgence,indulgence,0.9963050289712645,DBpedia
http://ns.inria.fr/zoomathia/PS-ARISTOTELES/περὶ_θαυμασίων_ἀκουσμάτων/g/1/146/text/1,http://dbpedia.org/resource/Adolf_Hitler,bad,0.5633597543454644,DBpedia
http://ns.inria.fr/zoomathia/PS-ARISTOTELES/περὶ_θαυμασίων_ἀκουσμάτων/g/1/146/text/1,http://dbpedia.org/resource/Immunization,provide,0.999999999247791,DBpedia
http://ns.inria.fr/zoomathia/PS-ARISTOTELES/περὶ_θαυμασίων_ἀκουσμάτων/g/1/146/text/1,http://dbpedia.org/resource/Life,life,0.8940894480246994,DBpedia
http://ns.inria.fr/zoomathia/PS-ARISTOTELES/περὶ_θαυμασίων_ἀκουσμάτων/g/1/147/text/1,https://opentheso.huma-num.fr/?idc=108042&idt=th310,vultures,1,zoomathia_match
http://ns.inria.fr/zoomathia/PS-ARISTOTELES/περὶ_θαυμασίων_ἀκουσμάτων/g/1/147/text/1,https://opentheso.huma-num.fr/?idc=105402&idt=th310,smell,1,zoomathia_match
http://ns.inria.fr/zoomathia/PS-ARISTOTELES/περὶ_θαυμασίων_ἀκουσμάτων/g/1/147/text/1,https://opentheso.huma-num.fr/?idc=105402&idt=th310,smell,1,zoomathia_match
http://ns.inria.fr/zoomathia/PS-ARISTOTELES/περὶ_θαυμασίων_ἀκουσμάτων/g/1/147/text/1,http://dbpedia.org/resource/Old_World_vulture,vultures,0.7673492639379985,DBpedia
http://ns.inria.fr/zoomathia/PS-ARISTOTELES/περὶ_θαυμασίων_ἀκουσμάτων/g/1/147/text/1,http://dbpedia.org/resource/Dice,die,0.7388338281440245,DBpedia
http://ns.inria.fr/zoomathia/PS-ARISTOTELES/περὶ_θαυμασίων_ἀκουσμάτων/g/1/147/text/1,http://dbpedia.org/resource/Sense_of_smell,smell,0.9940714126603205,DBpedia
http://ns.inria.fr/zoomathia/PS-ARISTOTELES/περὶ_θαυμασίων_ἀκουσμάτων/g/1/147/text/1,http://dbpedia.org/resource/Perfume,perfumes,0.9999999994856807,DBpedia
http://ns.inria.fr/zoomathia/PS-ARISTOTELES/περὶ_θαυμασίων_ἀκουσμάτων/g/1/147/text/1,http://dbpedia.org/resource/Anointing,anoint,0.9980555159565699,DBpedia
http://ns.inria.fr/zoomathia/PS-ARISTOTELES/περὶ_θαυμασίων_ἀκουσμάτων/g/1/147/text/1,http://dbpedia.org/resource/Eat_(restaurant),eat.,0.9999970395850875,DBpedia
http://ns.inria.fr/zoomathia/PS-ARISTOTELES/περὶ_θαυμασίων_ἀκουσμάτων/g/1/147/text/1,http://dbpedia.org/resource/Weevil,weevils,0.5985335102071173,DBpedia
http://ns.inria.fr/zoomathia/PS-ARISTOTELES/περὶ_θαυμασίων_ἀκουσμάτων/g/1/147/text/1,http://dbpedia.org/resource/Sense_of_smell,smell,0.9940714126603205,DBpedia
http://ns.inria.fr/zoomathia/PS-ARISTOTELES/περὶ_θαυμασίων_ἀκουσμάτων/g/1/147/text/1,http://dbpedia.org/resource/Rod_cell,rods,0.8951462386082226,DBpedia
http://ns.inria.fr/zoomathia/PS-ARISTOTELES/περὶ_θαυμασίων_ἀκουσμάτων/g/1/148/text/1,https://opentheso.huma-num.fr/?idc=107792&idt=th310,Sicily,1,zoomathia_match
http://ns.inria.fr/zoomathia/PS-ARISTOTELES/περὶ_θαυμασίων_ἀκουσμάτων/g/1/148/text/1,https://opentheso.huma-num.fr/?idc=105718&idt=th310,Italy,1,zoomathia_match
http://ns.inria.fr/zoomathia/PS-ARISTOTELES/περὶ_θαυμασίων_ἀκουσμάτων/g/1/148/text/1,https://opentheso.huma-num.fr/?idc=106471&idt=th310,death,1,zoomathia_match
http://ns.inria.fr/zoomathia/PS-ARISTOTELES/περὶ_θαυμασίων_ἀκουσμάτων/g/1/148/text/1,https://www.wikidata.org/wiki/Q1460,Sicily,0.4505,wikidata
http://ns.inria.fr/zoomathia/PS-ARISTOTELES/περὶ_θαυμασίων_ἀκουσμάτων/g/1/148/text/1,https://www.wikidata.org/wiki/Q38,Italy,0.4622,wikidata
http://ns.inria.fr/zoomathia/PS-ARISTOTELES/περὶ_θαυμασίων_ἀκουσμάτων/g/1/148/text/1,http://dbpedia.org/resource/Sicily,Sicily,0.994754678890453,DBpedia
http://ns.inria.fr/zoomathia/PS-ARISTOTELES/περὶ_θαυμασίων_ἀκουσμάτων/g/1/148/text/1,http://dbpedia.org/resource/Italy,Italy,0.9977456393396502,DBpedia
http://ns.inria.fr/zoomathia/PS-ARISTOTELES/περὶ_θαυμασίων_ἀκουσμάτων/g/1/148/text/1,http://dbpedia.org/resource/Dogma,dogma,0.9921691201408842,DBpedia
http://ns.inria.fr/zoomathia/PS-ARISTOTELES/περὶ_θαυμασίων_ἀκουσμάτων/g/1/148/text/1,http://dbpedia.org/resource/Golf_swing,putting,0.6042477275333699,DBpedia
http://ns.inria.fr/zoomathia/PS-ARISTOTELES/περὶ_θαυμασίων_ἀκουσμάτων/g/1/148/text/1,http://dbpedia.org/resource/Galleon,galleons,0.9898696440620515,DBpedia
http://ns.inria.fr/zoomathia/PS-ARISTOTELES/περὶ_θαυμασίων_ἀκουσμάτων/g/1/148/text/1,http://dbpedia.org/resource/Weak_interaction,weak,0.7827924535138595,DBpedia
http://ns.inria.fr/zoomathia/PS-ARISTOTELES/περὶ_θαυμασίων_ἀκουσμάτων/g/1/148/text/1,http://dbpedia.org/resource/Skeletal_muscle,muscular,0.9588136957717404,DBpedia
http://ns.inria.fr/zoomathia/PS-ARISTOTELES/περὶ_θαυμασίων_ἀκουσμάτων/g/1/148/text/1,http://dbpedia.org/resource/Dog_breed,breed,0.7250987271306885,DBpedia
http://ns.inria.fr/zoomathia/PS-ARISTOTELES/περὶ_θαυμασίων_ἀκουσμάτων/g/1/148/text/1,http://dbpedia.org/resource/Death,dies,0.9978086478194441,DBpedia
http://ns.inria.fr/zoomathia/PS-ARISTOTELES/περὶ_θαυμασίων_ἀκουσμάτων/g/1/148/text/1,http://dbpedia.org/resource/Death,dies,0.9978086478194441,DBpedia
http://ns.inria.fr/zoomathia/PS-ARISTOTELES/περὶ_θαυμασίων_ἀκουσμάτων/g/1/149/text/1,https://opentheso.huma-num.fr/?idc=pcrtH1FhRBDPzP&idt=th310,Mesopotamia,1,zoomathia_match
http://ns.inria.fr/zoomathia/PS-ARISTOTELES/περὶ_θαυμασίων_ἀκουσμάτων/g/1/149/text/1,https://opentheso.huma-num.fr/?idc=107826&idt=th310,Syria,1,zoomathia_match
http://ns.inria.fr/zoomathia/PS-ARISTOTELES/περὶ_θαυμασίων_ἀκουσμάτων/g/1/149/text/1,https://www.wikidata.org/wiki/Q11767,Mesopotamia,0.4531,wikidata
http://ns.inria.fr/zoomathia/PS-ARISTOTELES/περὶ_θαυμασίων_ἀκουσμάτων/g/1/149/text/1,https://www.wikidata.org/wiki/Q858,Syria,0.4505,wikidata
http://ns.inria.fr/zoomathia/PS-ARISTOTELES/περὶ_θαυμασίων_ἀκουσμάτων/g/1/149/text/1,http://dbpedia.org/resource/Mesopotamia,Mesopotamia,0.9876629717043589,DBpedia
http://ns.inria.fr/zoomathia/PS-ARISTOTELES/περὶ_θαυμασίων_ἀκουσμάτων/g/1/149/text/1,http://dbpedia.org/resource/Syria,Syria,0.9102718626938971,DBpedia
http://ns.inria.fr/zoomathia/PS-ARISTOTELES/περὶ_θαυμασίων_ἀκουσμάτων/g/1/149/text/1,http://dbpedia.org/resource/House_of_Wettin,happen,0.9999999816710103,DBpedia
http://ns.inria.fr/zoomathia/PS-ARISTOTELES/περὶ_θαυμασίων_ἀκουσμάτων/g/1/149/text/1,http://dbpedia.org/resource/Punishment,punish,0.9999999999600391,DBpedia
http://ns.inria.fr/zoomathia/PS-ARISTOTELES/περὶ_θαυμασίων_ἀκουσμάτων/g/1/149/text/1,http://dbpedia.org/resource/Native_Americans_in_the_United_States,natives,0.5152918014858433,DBpedia
http://ns.inria.fr/zoomathia/PS-ARISTOTELES/περὶ_θαυμασίων_ἀκουσμάτων/g/1/149/text/1,http://dbpedia.org/resource/Classification_of_obesity,severely,0.9955694634001662,DBpedia
http://ns.inria.fr/zoomathia/PS-ARISTOTELES/περὶ_θαυμασίων_ἀκουσμάτων/g/1/149/text/1,http://dbpedia.org/resource/English_tort_law,wrongs,0.99997014411072,DBpedia
http://ns.inria.fr/zoomathia/PS-ARISTOTELES/περὶ_θαυμασίων_ἀκουσμάτων/g/1/150/text/1,https://opentheso.huma-num.fr/?idc=pcrtLnUS9cADfI&idt=th310,seen,1,zoomathia_match
http://ns.inria.fr/zoomathia/PS-ARISTOTELES/περὶ_θαυμασίων_ἀκουσμάτων/g/1/150/text/1,https://opentheso.huma-num.fr/?idc=pcrtSaNDeLvKzS&idt=th310,banks,1,zoomathia_match
http://ns.inria.fr/zoomathia/PS-ARISTOTELES/περὶ_θαυμασίων_ἀκουσμάτων/g/1/150/text/1,https://opentheso.huma-num.fr/?idc=pcrtGSslMASdGf&idt=th310,day,1,zoomathia_match
http://ns.inria.fr/zoomathia/PS-ARISTOTELES/περὶ_θαυμασίων_ἀκουσμάτων/g/1/150/text/1,https://opentheso.huma-num.fr/?idc=105614&idt=th310,attack,1,zoomathia_match
http://ns.inria.fr/zoomathia/PS-ARISTOTELES/περὶ_θαυμασίων_ἀκουσμάτων/g/1/150/text/1,https://opentheso.huma-num.fr/?idc=pcrttqg6h4M4o5&idt=th310,Greeks,1,zoomathia_match
http://ns.inria.fr/zoomathia/PS-ARISTOTELES/περὶ_θαυμασίων_ἀκουσμάτων/g/1/150/text/1,https://www.wikidata.org/wiki/Q34589,Euphrates,0.9025,wikidata
http://ns.inria.fr/zoomathia/PS-ARISTOTELES/περὶ_θαυμασίων_ἀκουσμάτων/g/1/150/text/1,https://www.wikidata.org/wiki/Q1968642,the day,0.3524,wikidata
http://ns.inria.fr/zoomathia/PS-ARISTOTELES/περὶ_θαυμασίων_ἀκουσμάτων/g/1/150/text/1,https://www.wikidata.org/wiki/Q18393189,Syrians,0.625,wikidata
http://ns.inria.fr/zoomathia/PS-ARISTOTELES/περὶ_θαυμασίων_ἀκουσμάτων/g/1/150/text/1,https://www.wikidata.org/wiki/Q11772,Greeks,0.7903,wikidata
http://ns.inria.fr/zoomathia/PS-ARISTOTELES/περὶ_θαυμασίων_ἀκουσμάτων/g/1/150/text/1,http://dbpedia.org/resource/Euphrates,Euphrates,0.9999684643249162,DBpedia
http://ns.inria.fr/zoomathia/PS-ARISTOTELES/περὶ_θαυμασίων_ἀκουσμάτων/g/1/150/text/1,http://dbpedia.org/resource/House_of_Wettin,happen,0.9998492091820046,DBpedia
http://ns.inria.fr/zoomathia/PS-ARISTOTELES/περὶ_θαυμασίων_ἀκουσμάτων/g/1/150/text/1,http://dbpedia.org/resource/Integrable_system,completely,0.9991752219183391,DBpedia
http://ns.inria.fr/zoomathia/PS-ARISTOTELES/περὶ_θαυμασίων_ἀκουσμάτων/g/1/150/text/1,http://dbpedia.org/resource/Bank,banks,0.9978024083107929,DBpedia
http://ns.inria.fr/zoomathia/PS-ARISTOTELES/περὶ_θαυμασίων_ἀκουσμάτων/g/1/150/text/1,http://dbpedia.org/resource/Separatism,separately,0.9991435072379548,DBpedia
http://ns.inria.fr/zoomathia/PS-ARISTOTELES/περὶ_θαυμασίων_ἀκουσμάτων/g/1/150/text/1,http://dbpedia.org/resource/Cowardice,cowards,0.9999996816474317,DBpedia
http://ns.inria.fr/zoomathia/PS-ARISTOTELES/περὶ_θαυμασίων_ἀκουσμάτων/g/1/150/text/1,http://dbpedia.org/resource/Day,day,0.9651837546506573,DBpedia
http://ns.inria.fr/zoomathia/PS-ARISTOTELES/περὶ_θαυμασίων_ἀκουσμάτων/g/1/150/text/1,http://dbpedia.org/resource/Attack_on_Pearl_Harbor,attack,0.6040535841746625,DBpedia
http://ns.inria.fr/zoomathia/PS-ARISTOTELES/περὶ_θαυμασίων_ἀκουσμάτων/g/1/150/text/1,http://dbpedia.org/resource/Syrians,Syrians,0.7296847034341921,DBpedia
http://ns.inria.fr/zoomathia/PS-ARISTOTELES/περὶ_θαυμασίων_ἀκουσμάτων/g/1/150/text/1,http://dbpedia.org/resource/Greeks,Greeks,0.895690730815728,DBpedia
http://ns.inria.fr/zoomathia/PS-ARISTOTELES/περὶ_θαυμασίων_ἀκουσμάτων/g/1/151/text/1,https://opentheso.huma-num.fr/?idc=pcrtmhUStm5T6Y&idt=th310,fired,1,zoomathia_match
http://ns.inria.fr/zoomathia/PS-ARISTOTELES/περὶ_θαυμασίων_ἀκουσμάτων/g/1/151/text/1,https://opentheso.huma-num.fr/?idc=pcrtLnUS9cADfI&idt=th310,sees,1,zoomathia_match
http://ns.inria.fr/zoomathia/PS-ARISTOTELES/περὶ_θαυμασίων_ἀκουσμάτων/g/1/151/text/1,https://opentheso.huma-num.fr/?idc=pcrtLnUS9cADfI&idt=th310,seen,1,zoomathia_match
http://ns.inria.fr/zoomathia/PS-ARISTOTELES/περὶ_θαυμασίων_ἀκουσμάτων/g/1/151/text/1,https://opentheso.huma-num.fr/?idc=105391&idt=th310,voice,1,zoomathia_match
http://ns.inria.fr/zoomathia/PS-ARISTOTELES/περὶ_θαυμασίων_ἀκουσμάτων/g/1/151/text/1,https://opentheso.huma-num.fr/?idc=105405&idt=th310,heard,1,zoomathia_match
http://ns.inria.fr/zoomathia/PS-ARISTOTELES/περὶ_θαυμασίων_ἀκουσμάτων/g/1/151/text/1,https://opentheso.huma-num.fr/?idc=pcrtLnUS9cADfI&idt=th310,seen,1,zoomathia_match
http://ns.inria.fr/zoomathia/PS-ARISTOTELES/περὶ_θαυμασίων_ἀκουσμάτων/g/1/151/text/1,https://opentheso.huma-num.fr/?idc=106004&idt=th310,wild,1,zoomathia_match
http://ns.inria.fr/zoomathia/PS-ARISTOTELES/περὶ_θαυμασίων_ἀκουσμάτων/g/1/151/text/1,https://opentheso.huma-num.fr/?idc=106471&idt=th310,death,1,zoomathia_match
http://ns.inria.fr/zoomathia/PS-ARISTOTELES/περὶ_θαυμασίων_ἀκουσμάτων/g/1/151/text/1,https://opentheso.huma-num.fr/?idc=pcrtGm7ZMfoQrc&idt=th310,born,1,zoomathia_match
http://ns.inria.fr/zoomathia/PS-ARISTOTELES/περὶ_θαυμασίων_ἀκουσμάτων/g/1/151/text/1,https://opentheso.huma-num.fr/?idc=105391&idt=th310,voice,1,zoomathia_match
http://ns.inria.fr/zoomathia/PS-ARISTOTELES/περὶ_θαυμασίων_ἀκουσμάτων/g/1/151/text/1,https://opentheso.huma-num.fr/?idc=105255&idt=th310,sleep,1,zoomathia_match
http://ns.inria.fr/zoomathia/PS-ARISTOTELES/περὶ_θαυμασίων_ἀκουσμάτων/g/1/151/text/1,https://opentheso.huma-num.fr/?idc=pcrtGm7ZMfoQrc&idt=th310,born,1,zoomathia_match
http://ns.inria.fr/zoomathia/PS-ARISTOTELES/περὶ_θαυμασίων_ἀκουσμάτων/g/1/151/text/1,https://www.wikidata.org/wiki/Q22807284,Thessaly,0.4516,wikidata
http://ns.inria.fr/zoomathia/PS-ARISTOTELES/περὶ_θαυμασίων_ἀκουσμάτων/g/1/151/text/1,https://www.wikidata.org/wiki/Q211285,Tinos,0.4401,wikidata
http://ns.inria.fr/zoomathia/PS-ARISTOTELES/περὶ_θαυμασίων_ἀκουσμάτων/g/1/151/text/1,http://dbpedia.org/resource/Thessaly,Thessaly,0.9999616391695696,DBpedia
http://ns.inria.fr/zoomathia/PS-ARISTOTELES/περὶ_θαυμασίων_ἀκουσμάτων/g/1/151/text/1,http://dbpedia.org/resource/Sacred,holy,0.8642968016792556,DBpedia
http://ns.inria.fr/zoomathia/PS-ARISTOTELES/περὶ_θαυμασίων_ἀκουσμάτων/g/1/151/text/1,http://dbpedia.org/resource/Predestination,called,0.7401604341752623,DBpedia
http://ns.inria.fr/zoomathia/PS-ARISTOTELES/περὶ_θαυμασίων_ἀκουσμάτων/g/1/151/text/1,http://dbpedia.org/resource/Ofin_River,ofin,0.999999828680544,DBpedia
http://ns.inria.fr/zoomathia/PS-ARISTOTELES/περὶ_θαυμασίων_ἀκουσμάτων/g/1/151/text/1,http://dbpedia.org/resource/Kiln,fired,0.6665909916463361,DBpedia
http://ns.inria.fr/zoomathia/PS-ARISTOTELES/περὶ_θαυμασίων_ἀκουσμάτων/g/1/151/text/1,http://dbpedia.org/resource/Human_voice,voice,0.7078079661989363,DBpedia
http://ns.inria.fr/zoomathia/PS-ARISTOTELES/περὶ_θαυμασίων_ἀκουσμάτων/g/1/151/text/1,http://dbpedia.org/resource/Lord_Byron,heard,0.9894709020834191,DBpedia
http://ns.inria.fr/zoomathia/PS-ARISTOTELES/περὶ_θαυμασίων_ἀκουσμάτων/g/1/151/text/1,http://dbpedia.org/resource/Wild_Beasts,wild beasts,1.0,DBpedia
http://ns.inria.fr/zoomathia/PS-ARISTOTELES/περὶ_θαυμασίων_ἀκουσμάτων/g/1/151/text/1,http://dbpedia.org/resource/Leave_of_absence,leave,0.569792983567272,DBpedia
http://ns.inria.fr/zoomathia/PS-ARISTOTELES/περὶ_θαυμασίων_ἀκουσμάτων/g/1/151/text/1,http://dbpedia.org/resource/Great_Britain,great,0.9177290629197076,DBpedia
http://ns.inria.fr/zoomathia/PS-ARISTOTELES/περὶ_θαυμασίων_ἀκουσμάτων/g/1/151/text/1,http://dbpedia.org/resource/Weighted_arithmetic_mean,average,0.9998180348700024,DBpedia
http://ns.inria.fr/zoomathia/PS-ARISTOTELES/περὶ_θαυμασίων_ἀκουσμάτων/g/1/151/text/1,http://dbpedia.org/resource/Tinos,Tinos,0.9999973846937658,DBpedia
http://ns.inria.fr/zoomathia/PS-ARISTOTELES/περὶ_θαυμασίων_ἀκουσμάτων/g/1/151/text/1,http://dbpedia.org/resource/City,city,0.9745765260156288,DBpedia
http://ns.inria.fr/zoomathia/PS-ARISTOTELES/περὶ_θαυμασίων_ἀκουσμάτων/g/1/151/text/1,http://dbpedia.org/resource/The_Curse_of_Blondie,undone,0.9906439244291548,DBpedia
http://ns.inria.fr/zoomathia/PS-ARISTOTELES/περὶ_θαυμασίων_ἀκουσμάτων/g/1/151/text/1,http://dbpedia.org/resource/Woman,woman,0.964082787002668,DBpedia
http://ns.inria.fr/zoomathia/PS-ARISTOTELES/περὶ_θαυμασίων_ἀκουσμάτων/g/1/151/text/1,http://dbpedia.org/resource/Childbirth,born,0.8518176162667327,DBpedia
http://ns.inria.fr/zoomathia/PS-ARISTOTELES/περὶ_θαυμασίων_ἀκουσμάτων/g/1/151/text/1,http://dbpedia.org/resource/Circle,circle,0.9996399207018254,DBpedia
http://ns.inria.fr/zoomathia/PS-ARISTOTELES/περὶ_θαυμασίων_ἀκουσμάτων/g/1/151/text/1,http://dbpedia.org/resource/Medication,medicines,0.9508942671980734,DBpedia
http://ns.inria.fr/zoomathia/PS-ARISTOTELES/περὶ_θαυμασίων_ἀκουσμάτων/g/1/151/text/1,http://dbpedia.org/resource/Bird_migration,enter,0.693402994258496,DBpedia
http://ns.inria.fr/zoomathia/PS-ARISTOTELES/περὶ_θαυμασίων_ἀκουσμάτων/g/1/151/text/1,http://dbpedia.org/resource/Circle,circle,0.9996399207018254,DBpedia
http://ns.inria.fr/zoomathia/PS-ARISTOTELES/περὶ_θαυμασίων_ἀκουσμάτων/g/1/151/text/1,http://dbpedia.org/resource/Son,son,0.9530319547683541,DBpedia
http://ns.inria.fr/zoomathia/PS-ARISTOTELES/περὶ_θαυμασίων_ἀκουσμάτων/g/1/151/text/1,http://dbpedia.org/resource/Imitation,imitate,0.9999560424105836,DBpedia
http://ns.inria.fr/zoomathia/PS-ARISTOTELES/περὶ_θαυμασίων_ἀκουσμάτων/g/1/151/text/1,http://dbpedia.org/resource/Human_voice,voice,0.7078079661989363,DBpedia
http://ns.inria.fr/zoomathia/PS-ARISTOTELES/περὶ_θαυμασίων_ἀκουσμάτων/g/1/151/text/1,http://dbpedia.org/resource/Beauty_and_the_Beast,beast,0.962822474786886,DBpedia
http://ns.inria.fr/zoomathia/PS-ARISTOTELES/περὶ_θαυμασίων_ἀκουσμάτων/g/1/151/text/1,http://dbpedia.org/resource/Iconoclasm,destroy,0.8205956518495282,DBpedia
http://ns.inria.fr/zoomathia/PS-ARISTOTELES/περὶ_θαυμασίων_ἀκουσμάτων/g/1/151/text/1,http://dbpedia.org/resource/Woman,woman,0.964082787002668,DBpedia
http://ns.inria.fr/zoomathia/PS-ARISTOTELES/περὶ_θαυμασίων_ἀκουσμάτων/g/1/151/text/1,http://dbpedia.org/resource/Relief_pitcher,closer,0.7302807041713263,DBpedia
http://ns.inria.fr/zoomathia/PS-ARISTOTELES/περὶ_θαυμασίων_ἀκουσμάτων/g/1/151/text/1,http://dbpedia.org/resource/Christian_mortalism,sleep,0.8202961829611837,DBpedia
http://ns.inria.fr/zoomathia/PS-ARISTOTELES/περὶ_θαυμασίων_ἀκουσμάτων/g/1/151/text/1,http://dbpedia.org/resource/Son,son,0.9530319547683541,DBpedia
http://ns.inria.fr/zoomathia/PS-ARISTOTELES/περὶ_θαυμασίων_ἀκουσμάτων/g/1/151/text/1,http://dbpedia.org/resource/Sitting,sitting,0.9955910358095129,DBpedia
http://ns.inria.fr/zoomathia/PS-ARISTOTELES/περὶ_θαυμασίων_ἀκουσμάτων/g/1/151/text/1,http://dbpedia.org/resource/Wake,wake,0.9970416748150839,DBpedia
http://ns.inria.fr/zoomathia/PS-ARISTOTELES/περὶ_θαυμασίων_ἀκουσμάτων/g/1/151/text/1,http://dbpedia.org/resource/Perishing,perish,0.9999608153241419,DBpedia
http://ns.inria.fr/zoomathia/PS-ARISTOTELES/περὶ_θαυμασίων_ἀκουσμάτων/g/1/151/text/1,http://dbpedia.org/resource/Juncaceae,rushes,0.9283999256308529,DBpedia
http://ns.inria.fr/zoomathia/PS-ARISTOTELES/περὶ_θαυμασίων_ἀκουσμάτων/g/1/151/text/1,http://dbpedia.org/resource/Beauty_and_the_Beast,beast,0.962822474786886,DBpedia
http://ns.inria.fr/zoomathia/PS-ARISTOTELES/περὶ_θαυμασίων_ἀκουσμάτων/g/1/151/text/1,http://dbpedia.org/resource/Salvation_in_Christianity,saved,0.5263191510025713,DBpedia
http://ns.inria.fr/zoomathia/PS-ARISTOTELES/περὶ_θαυμασίων_ἀκουσμάτων/g/1/151/text/1,http://dbpedia.org/resource/Sin,sin,0.9997147896606132,DBpedia
http://ns.inria.fr/zoomathia/PS-ARISTOTELES/περὶ_θαυμασίων_ἀκουσμάτων/g/1/151/text/1,http://dbpedia.org/resource/Circle,circle,0.9996399207018254,DBpedia
http://ns.inria.fr/zoomathia/PS-ARISTOTELES/περὶ_θαυμασίων_ἀκουσμάτων/g/1/151/text/1,http://dbpedia.org/resource/Childbirth,born,0.8518176162667327,DBpedia
http://ns.inria.fr/zoomathia/PS-ARISTOTELES/περὶ_θαυμασίων_ἀκουσμάτων/g/1/157/text/1,https://opentheso.huma-num.fr/?idc=pcrtd6p9oHq1Tf&idt=th310,black,1,zoomathia_match
http://ns.inria.fr/zoomathia/PS-ARISTOTELES/περὶ_θαυμασίων_ἀκουσμάτων/g/1/157/text/1,https://opentheso.huma-num.fr/?idc=pcrt3kpULwWUS2&idt=th310,black,1,zoomathia_match
http://ns.inria.fr/zoomathia/PS-ARISTOTELES/περὶ_θαυμασίων_ἀκουσμάτων/g/1/157/text/1,http://dbpedia.org/resource/Animal,beasts,0.6556390490511655,DBpedia
http://ns.inria.fr/zoomathia/PS-ARISTOTELES/περὶ_θαυμασίων_ἀκουσμάτων/g/1/157/text/1,http://dbpedia.org/resource/Hunting,chase,0.7601612056572221,DBpedia
http://ns.inria.fr/zoomathia/PS-ARISTOTELES/περὶ_θαυμασίων_ἀκουσμάτων/g/1/157/text/1,http://dbpedia.org/resource/Actaeon,hounds,0.5989117953564767,DBpedia
http://ns.inria.fr/zoomathia/PS-ARISTOTELES/περὶ_θαυμασίων_ἀκουσμάτων/g/1/157/text/1,http://dbpedia.org/resource/Summit,summits,0.9998855113696765,DBpedia
http://ns.inria.fr/zoomathia/PS-ARISTOTELES/περὶ_θαυμασίων_ἀκουσμάτων/g/1/157/text/1,http://dbpedia.org/resource/Montagne_Noire,black mountains,0.6150115005137038,DBpedia
http://ns.inria.fr/zoomathia/PS-ARISTOTELES/περὶ_θαυμασίων_ἀκουσμάτων/g/1/157/text/1,http://dbpedia.org/resource/Glossary_of_professional_wrestling_terms,turn,0.9733288782040942,DBpedia
http://ns.inria.fr/zoomathia/PS-ARISTOTELES/περὶ_θαυμασίων_ἀκουσμάτων/g/1/157/text/1,http://dbpedia.org/resource/Hunting,chase,0.7601612056572221,DBpedia
http://ns.inria.fr/zoomathia/PS-ARISTOTELES/περὶ_θαυμασίων_ἀκουσμάτων/g/1/164/text/1,https://opentheso.huma-num.fr/?idc=pcrtGm7ZMfoQrc&idt=th310,bears,1,zoomathia_match
http://ns.inria.fr/zoomathia/PS-ARISTOTELES/περὶ_θαυμασίων_ἀκουσμάτων/g/1/164/text/1,https://opentheso.huma-num.fr/?idc=105170&idt=th310,skin,1,zoomathia_match
http://ns.inria.fr/zoomathia/PS-ARISTOTELES/περὶ_θαυμασίων_ἀκουσμάτων/g/1/164/text/1,https://opentheso.huma-num.fr/?idc=pcrtaGBUR5Ekx1&idt=th310,house,1,zoomathia_match
http://ns.inria.fr/zoomathia/PS-ARISTOTELES/περὶ_θαυμασίων_ἀκουσμάτων/g/1/164/text/1,https://opentheso.huma-num.fr/?idc=105273&idt=th310,color,1,zoomathia_match
http://ns.inria.fr/zoomathia/PS-ARISTOTELES/περὶ_θαυμασίων_ἀκουσμάτων/g/1/164/text/1,https://opentheso.huma-num.fr/?idc=106001&idt=th310,snails,1,zoomathia_match
http://ns.inria.fr/zoomathia/PS-ARISTOTELES/περὶ_θαυμασίων_ἀκουσμάτων/g/1/164/text/1,https://opentheso.huma-num.fr/?idc=pcrtnI9SsWzgPO&idt=th310,grind,1,zoomathia_match
http://ns.inria.fr/zoomathia/PS-ARISTOTELES/περὶ_θαυμασίων_ἀκουσμάτων/g/1/164/text/1,https://opentheso.huma-num.fr/?idc=pcrt0HFzFNNK1N&idt=th310,sand,1,zoomathia_match
http://ns.inria.fr/zoomathia/PS-ARISTOTELES/περὶ_θαυμασίων_ἀκουσμάτων/g/1/164/text/1,https://opentheso.huma-num.fr/?idc=105273&idt=th310,color,1,zoomathia_match
http://ns.inria.fr/zoomathia/PS-ARISTOTELES/περὶ_θαυμασίων_ἀκουσμάτων/g/1/164/text/1,https://opentheso.huma-num.fr/?idc=108229&idt=th310,evil,1,zoomathia_match
http://ns.inria.fr/zoomathia/PS-ARISTOTELES/περὶ_θαυμασίων_ἀκουσμάτων/g/1/164/text/1,http://dbpedia.org/resource/Bear,bears,0.9765938545101838,DBpedia
http://ns.inria.fr/zoomathia/PS-ARISTOTELES/περὶ_θαυμασίων_ἀκουσμάτων/g/1/164/text/1,http://dbpedia.org/resource/Sepias,sepias,0.9999961433846822,DBpedia
http://ns.inria.fr/zoomathia/PS-ARISTOTELES/περὶ_θαυμασίων_ἀκουσμάτων/g/1/164/text/1,http://dbpedia.org/resource/Skin,skin,0.9961665519530032,DBpedia
http://ns.inria.fr/zoomathia/PS-ARISTOTELES/περὶ_θαυμασίων_ἀκουσμάτων/g/1/164/text/1,http://dbpedia.org/resource/SoltyRei,resemble,0.9904110086030935,DBpedia
http://ns.inria.fr/zoomathia/PS-ARISTOTELES/περὶ_θαυμασίων_ἀκουσμάτων/g/1/164/text/1,http://dbpedia.org/resource/Outer_space,space,0.8202270244014832,DBpedia
http://ns.inria.fr/zoomathia/PS-ARISTOTELES/περὶ_θαυμασίων_ἀκουσμάτων/g/1/164/text/1,http://dbpedia.org/resource/House,house,0.9015288771621326,DBpedia
http://ns.inria.fr/zoomathia/PS-ARISTOTELES/περὶ_θαυμασίων_ἀκουσμάτων/g/1/164/text/1,http://dbpedia.org/resource/Color,color,0.9999652892704537,DBpedia
http://ns.inria.fr/zoomathia/PS-ARISTOTELES/περὶ_θαυμασίων_ἀκουσμάτων/g/1/164/text/1,http://dbpedia.org/resource/Snail,snails,0.9968021796664921,DBpedia
http://ns.inria.fr/zoomathia/PS-ARISTOTELES/περὶ_θαυμασίων_ἀκουσμάτων/g/1/164/text/1,http://dbpedia.org/resource/Earth,earth,0.987706008921956,DBpedia
http://ns.inria.fr/zoomathia/PS-ARISTOTELES/περὶ_θαυμασίων_ἀκουσμάτων/g/1/164/text/1,http://dbpedia.org/resource/Friction,grind,0.9989154852500863,DBpedia
http://ns.inria.fr/zoomathia/PS-ARISTOTELES/περὶ_θαυμασίων_ἀκουσμάτων/g/1/164/text/1,http://dbpedia.org/resource/Sand,sand,0.997580795513762,DBpedia
http://ns.inria.fr/zoomathia/PS-ARISTOTELES/περὶ_θαυμασίων_ἀκουσμάτων/g/1/164/text/1,http://dbpedia.org/resource/SoltyRei,resemble,0.9904110086030935,DBpedia
http://ns.inria.fr/zoomathia/PS-ARISTOTELES/περὶ_θαυμασίων_ἀκουσμάτων/g/1/164/text/1,http://dbpedia.org/resource/Color,color,0.9999652892704537,DBpedia
http://ns.inria.fr/zoomathia/PS-ARISTOTELES/περὶ_θαυμασίων_ἀκουσμάτων/g/1/164/text/1,http://dbpedia.org/resource/Burn,burn,0.6822484849297045,DBpedia
http://ns.inria.fr/zoomathia/PS-ARISTOTELES/περὶ_θαυμασίων_ἀκουσμάτων/g/1/164/text/1,http://dbpedia.org/resource/Thirsty_(song),thirsty,0.6438463781729354,DBpedia
http://ns.inria.fr/zoomathia/PS-ARISTOTELES/περὶ_θαυμασίων_ἀκουσμάτων/g/1/164/text/1,http://dbpedia.org/resource/Dogma,dogma,0.9998906676456342,DBpedia
http://ns.inria.fr/zoomathia/PS-ARISTOTELES/περὶ_θαυμασίων_ἀκουσμάτων/g/1/164/text/1,http://dbpedia.org/resource/Surface_roughness,rough,0.8902524566678627,DBpedia
http://ns.inria.fr/zoomathia/PS-ARISTOTELES/περὶ_θαυμασίων_ἀκουσμάτων/g/1/164/text/1,http://dbpedia.org/resource/Evil,evil,0.9986746103885181,DBpedia
http://ns.inria.fr/zoomathia/PS-ARISTOTELES/περὶ_θαυμασίων_ἀκουσμάτων/g/1/165/text/1,https://opentheso.huma-num.fr/?idc=105124&idt=th310,head,1,zoomathia_match
http://ns.inria.fr/zoomathia/PS-ARISTOTELES/περὶ_θαυμασίων_ἀκουσμάτων/g/1/165/text/1,https://opentheso.huma-num.fr/?idc=106471&idt=th310,death,1,zoomathia_match
http://ns.inria.fr/zoomathia/PS-ARISTOTELES/περὶ_θαυμασίων_ἀκουσμάτων/g/1/165/text/1,https://opentheso.huma-num.fr/?idc=105785&idt=th310,tear,1,zoomathia_match
http://ns.inria.fr/zoomathia/PS-ARISTOTELES/περὶ_θαυμασίων_ἀκουσμάτων/g/1/165/text/1,https://opentheso.huma-num.fr/?idc=105218&idt=th310,stomach,1,zoomathia_match
http://ns.inria.fr/zoomathia/PS-ARISTOTELES/περὶ_θαυμασίων_ἀκουσμάτων/g/1/165/text/1,http://dbpedia.org/resource/Sexual_intercourse,intercourse,0.999684403599861,DBpedia
http://ns.inria.fr/zoomathia/PS-ARISTOTELES/περὶ_θαυμασίων_ἀκουσμάτων/g/1/165/text/1,http://dbpedia.org/resource/Wound,cuts,0.7425106037188552,DBpedia
http://ns.inria.fr/zoomathia/PS-ARISTOTELES/περὶ_θαυμασίων_ἀκουσμάτων/g/1/165/text/1,http://dbpedia.org/resource/Head,head,0.9686619571976286,DBpedia
http://ns.inria.fr/zoomathia/PS-ARISTOTELES/περὶ_θαυμασίων_ἀκουσμάτων/g/1/165/text/1,http://dbpedia.org/resource/Sexual_intercourse,intercourse,0.999684403599861,DBpedia
http://ns.inria.fr/zoomathia/PS-ARISTOTELES/περὶ_θαυμασίων_ἀκουσμάτων/g/1/165/text/1,http://dbpedia.org/resource/Father,father,0.9999825301104052,DBpedia
http://ns.inria.fr/zoomathia/PS-ARISTOTELES/περὶ_θαυμασίων_ἀκουσμάτων/g/1/165/text/1,http://dbpedia.org/resource/Tears,tear,0.9939858120059969,DBpedia
http://ns.inria.fr/zoomathia/PS-ARISTOTELES/περὶ_θαυμασίων_ἀκουσμάτων/g/1/165/text/1,http://dbpedia.org/resource/Stomach,stomach,0.9845684752410847,DBpedia
http://ns.inria.fr/zoomathia/PS-ARISTOTELES/περὶ_θαυμασίων_ἀκουσμάτων/g/1/165/text/1,http://dbpedia.org/resource/Mother,mother,0.9879471938336276,DBpedia
http://ns.inria.fr/zoomathia/PS-ARISTOTELES/περὶ_θαυμασίων_ἀκουσμάτων/g/1/170/text/1,https://opentheso.huma-num.fr/?idc=pcrtDtJwUVaZ0I&idt=th310,sheep,1,zoomathia_match
http://ns.inria.fr/zoomathia/PS-ARISTOTELES/περὶ_θαυμασίων_ἀκουσμάτων/g/1/170/text/1,https://opentheso.huma-num.fr/?idc=pcrt6z097U6IUf&idt=th310,drink,1,zoomathia_match
http://ns.inria.fr/zoomathia/PS-ARISTOTELES/περὶ_θαυμασίων_ἀκουσμάτων/g/1/170/text/1,https://opentheso.huma-num.fr/?idc=108030&idt=th310,white,1,zoomathia_match
http://ns.inria.fr/zoomathia/PS-ARISTOTELES/περὶ_θαυμασίων_ἀκουσμάτων/g/1/170/text/1,https://opentheso.huma-num.fr/?idc=pcrtd6p9oHq1Tf&idt=th310,black,1,zoomathia_match
http://ns.inria.fr/zoomathia/PS-ARISTOTELES/περὶ_θαυμασίων_ἀκουσμάτων/g/1/170/text/1,https://opentheso.huma-num.fr/?idc=pcrt3kpULwWUS2&idt=th310,black,1,zoomathia_match
http://ns.inria.fr/zoomathia/PS-ARISTOTELES/περὶ_θαυμασίων_ἀκουσμάτων/g/1/170/text/1,https://www.wikidata.org/wiki/Q173096,Euboea,0.4376,wikidata
http://ns.inria.fr/zoomathia/PS-ARISTOTELES/περὶ_θαυμασίων_ἀκουσμάτων/g/1/170/text/1,http://dbpedia.org/resource/Euboea,Euboea,0.999999999980048,DBpedia
http://ns.inria.fr/zoomathia/PS-ARISTOTELES/περὶ_θαυμασίων_ἀκουσμάτων/g/1/170/text/1,http://dbpedia.org/resource/Sheep,sheep,0.9791284747965574,DBpedia
http://ns.inria.fr/zoomathia/PS-ARISTOTELES/περὶ_θαυμασίων_ἀκουσμάτων/g/1/170/text/1,http://dbpedia.org/resource/White_people,white,0.9855353191743541,DBpedia
http://ns.inria.fr/zoomathia/PS-ARISTOTELES/περὶ_θαυμασίων_ἀκουσμάτων/g/1/170/text/1,http://dbpedia.org/resource/Call_to_the_bar,called,0.4371316573764957,DBpedia
http://ns.inria.fr/zoomathia/PS-ARISTOTELES/περὶ_θαυμασίων_ἀκουσμάτων/g/1/170/text/1,http://dbpedia.org/resource/Black_people,black,0.8544450994972925,DBpedia
http://ns.inria.fr/zoomathia/PS-ARISTOTELES/περὶ_θαυμασίων_ἀκουσμάτων/g/1/176/text/1,https://opentheso.huma-num.fr/?idc=105691&idt=th310,land,1,zoomathia_match
http://ns.inria.fr/zoomathia/PS-ARISTOTELES/περὶ_θαυμασίων_ἀκουσμάτων/g/1/176/text/1,https://opentheso.huma-num.fr/?idc=105944&idt=th310,locusts,1,zoomathia_match
http://ns.inria.fr/zoomathia/PS-ARISTOTELES/περὶ_θαυμασίων_ἀκουσμάτων/g/1/176/text/1,https://www.wikidata.org/wiki/Q26857,Aetoli,0.9074,wikidata
http://ns.inria.fr/zoomathia/PS-ARISTOTELES/περὶ_θαυμασίων_ἀκουσμάτων/g/1/176/text/1,http://dbpedia.org/resource/Real_estate,land,0.5335850804222532,DBpedia
http://ns.inria.fr/zoomathia/PS-ARISTOTELES/περὶ_θαυμασίων_ἀκουσμάτων/g/1/176/text/1,http://dbpedia.org/resource/Food,food,0.9138888054497465,DBpedia
http://ns.inria.fr/zoomathia/PS-ARISTOTELES/περὶ_θαυμασίων_ἀκουσμάτων/g/1/176/text/1,http://dbpedia.org/resource/Locust,locusts,0.9999999999989342,DBpedia
http://ns.inria.fr/zoomathia/PS-ARISTOTELES/περὶ_θαυμασίων_ἀκουσμάτων/g/1/177/text/1,https://opentheso.huma-num.fr/?idc=pcrth4ik1YqDS1&idt=th310,Elephants,1,zoomathia_match
http://ns.inria.fr/zoomathia/PS-ARISTOTELES/περὶ_θαυμασίων_ἀκουσμάτων/g/1/177/text/1,https://opentheso.huma-num.fr/?idc=pcrtpWT5t7kRx6&idt=th310,years,1,zoomathia_match
http://ns.inria.fr/zoomathia/PS-ARISTOTELES/περὶ_θαυμασίων_ἀκουσμάτων/g/1/177/text/1,https://opentheso.huma-num.fr/?idc=pcrtoASMcUbb46&idt=th310,months,1,zoomathia_match
http://ns.inria.fr/zoomathia/PS-ARISTOTELES/περὶ_θαυμασίων_ἀκουσμάτων/g/1/177/text/1,https://opentheso.huma-num.fr/?idc=105367&idt=th310,birth,1,zoomathia_match
http://ns.inria.fr/zoomathia/PS-ARISTOTELES/περὶ_θαυμασίων_ἀκουσμάτων/g/1/177/text/1,http://dbpedia.org/resource/Elephant,Elephants,0.9717853489522886,DBpedia
http://ns.inria.fr/zoomathia/PS-ARISTOTELES/περὶ_θαυμασίων_ἀκουσμάτων/g/1/177/text/1,http://dbpedia.org/resource/Infanticide,exposed,0.6337400815042218,DBpedia
